PPO_25000_bzip2__instcount_plainmodel,1000,21065,0.6001,1.36,0.067713,[.00
PPO_25000_bzip2__instcount_plainmodel,1000,15592,1.0276,1.84,0.063643,[.00
PPO_25000_bzip2__instcount_plainmodel,1000,20853,0.6167,1.37,0.072918,[.00
PPO_25000_bzip2__instcount_plainmodel,1000,16839,0.9302,1.70,0.071239,[.00
PPO_25000_bzip2__instcount_plainmodel,1000,17083,0.9111,1.68,0.07622,[.00
PPO_25000_bzip2__instcount_plainmodel,1000,36333,-0.5924,0.79,0.051015,[.00
PPO_25000_bzip2__instcount_plainmodel,1000,15187,1.0592,1.89,0.079526,[.00
PPO_25000_bzip2__instcount_plainmodel,1000,23077,0.4429,1.24,0.070187,[.00
PPO_25000_bzip2__instcount_plainmodel,1000,19037,0.7585,1.51,0.083603,[.00
PPO_25000_bzip2__instcount_plainmodel,1000,15386,1.0437,1.86,0.080379,[.00
PPO_25000_bzip2__instcount_plainmodel,1000,18284,0.8173,1.57,0.084125,[.00
PPO_25000_bzip2__instcount_plainmodel,1000,23767,0.3890,1.20,0.068146,[.00
PPO_25000_bzip2__instcount_plainmodel,1000,15874,1.0056,1.81,0.069305,[.00
PPO_25000_bzip2__instcount_plainmodel,1000,19891,0.6918,1.44,0.071027,[.00
PPO_25000_bzip2__instcount_plainmodel,1000,16076,0.9898,1.78,0.068965,[.00
PPO_25000_bzip2__instcount_plainmodel,1000,19566,0.7172,1.46,0.067227,[.00
PPO_25000_bzip2__instcount_plainmodel,1000,15737,1.0163,1.82,0.067631,[.00
PPO_25000_bzip2__instcount_plainmodel,1000,22426,0.4938,1.28,0.055166,[.00
PPO_25000_bzip2__instcount_plainmodel,1000,16534,0.9540,1.73,0.071807,[.00
PPO_25000_bzip2__instcount_plainmodel,1000,16730,0.9387,1.71,0.069755,[.00
PPO_25000_bzip2__instcount_plainmodel,1000,15756,1.0148,1.82,0.085006,[.00
PPO_25000_bzip2__instcount_plainmodel,1000,13943,1.1564,2.06,0.087679,[.00
PPO_25000_bzip2__instcount_plainmodel,1000,19473,0.7244,1.47,0.074094,[.00
PPO_25000_bzip2__instcount_plainmodel,1000,16319,0.9708,1.76,0.067951,[.00
PPO_25000_bzip2__instcount_plainmodel,1000,25186,0.2782,1.14,0.051244,[.00
PPO_25000_bzip2__instcount_plainmodel,1000,18300,0.8161,1.57,0.072657,[.00
PPO_25000_bzip2__instcount_plainmodel,1000,21165,0.5923,1.35,0.048383,[.00
PPO_25000_bzip2__instcount_plainmodel,1000,19429,0.7279,1.47,0.089554,[.00
PPO_25000_bzip2__instcount_plainmodel,1000,26037,0.2117,1.10,0.068322,[.00
PPO_25000_bzip2__instcount_plainmodel,1000,16615,0.9477,1.73,0.072768,[.00
PPO_25000_bzip2__instcount_plainmodel,1000,16050,0.9918,1.79,0.071883,[.00
PPO_25000_bzip2__instcount_plainmodel,1000,17488,0.8795,1.64,0.086069,[.00
PPO_25000_bzip2__instcount_plainmodel,1000,21566,0.5610,1.33,0.070089,[.00
PPO_25000_bzip2__instcount_plainmodel,1000,30479,-0.1352,0.94,0.053014,[.00
PPO_25000_bzip2__instcount_plainmodel,1000,15905,1.0032,1.80,0.086873,[.00
PPO_25000_bzip2__instcount_plainmodel,1000,20891,0.6137,1.37,0.069918,[.00
PPO_25000_bzip2__instcount_plainmodel,1000,23455,0.4134,1.22,0.07227,[.00
PPO_25000_bzip2__instcount_plainmodel,1000,15910,1.0028,1.80,0.070858,[.00
PPO_25000_bzip2__instcount_plainmodel,1000,33576,-0.3771,0.85,0.050903,[.00
PPO_25000_bzip2__instcount_plainmodel,1000,22143,0.5159,1.29,0.046667,[.00
PPO_25000_bzip2__instcount_plainmodel,1000,17274,0.8962,1.66,0.079827,[.00
PPO_25000_bzip2__instcount_plainmodel,1000,39987,-0.8779,0.71,0.08568,[.00
PPO_25000_bzip2__instcount_plainmodel,1000,23357,0.4211,1.23,0.110978,[.00
PPO_25000_bzip2__instcount_plainmodel,1000,16788,0.9342,1.71,0.072804,[.00
PPO_25000_bzip2__instcount_plainmodel,1000,16760,0.9364,1.71,0.068311,[.00
PPO_25000_bzip2__instcount_plainmodel,1000,16627,0.9468,1.72,0.070642,[.00
PPO_25000_bzip2__instcount_plainmodel,1000,21292,0.5824,1.35,0.080102,[.00
PPO_25000_bzip2__instcount_plainmodel,1000,18633,0.7901,1.54,0.069616,[.00
PPO_25000_bzip2__instcount_plainmodel,1000,30672,-0.1502,0.93,0.047806,[.00
PPO_25000_bzip2__instcount_plainmodel,1000,17038,0.9147,1.68,0.069614,[.00
PPO_25000_bzip2__instcount_plainmodel,1000,34445,-0.4450,0.83,0.086901,[.00
PPO_25000_bzip2__instcount_plainmodel,1000,19759,0.7021,1.45,0.071309,[.00
PPO_25000_bzip2__instcount_plainmodel,1000,22469,0.4904,1.27,0.078547,[.00
PPO_25000_bzip2__instcount_plainmodel,1000,35300,-0.5117,0.81,0.052014,[.00
PPO_25000_bzip2__instcount_plainmodel,1000,21689,0.5513,1.32,0.072084,[.00
PPO_25000_bzip2__instcount_plainmodel,1000,36501,-0.6056,0.78,0.05113,[.00
PPO_25000_bzip2__instcount_plainmodel,1000,22314,0.5025,1.28,0.080384,[.00
PPO_25000_bzip2__instcount_plainmodel,1000,18722,0.7831,1.53,0.08203,[.00
PPO_25000_bzip2__instcount_plainmodel,1000,21384,0.5752,1.34,0.04695,[.00
PPO_25000_bzip2__instcount_plainmodel,1000,14438,1.1177,1.99,0.079772,[.00
PPO_25000_bzip2__instcount_plainmodel,1000,17258,0.8975,1.66,0.067584,[.00
PPO_25000_bzip2__instcount_plainmodel,1000,30426,-0.1310,0.94,0.048587,[.00
PPO_25000_bzip2__instcount_plainmodel,1000,27080,0.1302,1.06,0.049132,[.00
PPO_25000_bzip2__instcount_plainmodel,1000,17996,0.8398,1.59,0.068911,[.00
PPO_25000_bzip2__instcount_plainmodel,1000,21390,0.5747,1.34,0.087635,[.00
PPO_25000_bzip2__instcount_plainmodel,1000,23502,0.4097,1.22,0.046325,[.00
PPO_25000_bzip2__instcount_plainmodel,1000,29857,-0.0866,0.96,0.049952,[.00
PPO_25000_bzip2__instcount_plainmodel,1000,22551,0.4840,1.27,0.04602,[.00
PPO_25000_bzip2__instcount_plainmodel,1000,25416,0.2602,1.13,0.064407,[.00
PPO_25000_bzip2__instcount_plainmodel,1000,16269,0.9747,1.76,0.102442,[.00
PPO_25000_bzip2__instcount_plainmodel,1000,27014,0.1354,1.06,0.051424,[.00
PPO_25000_bzip2__instcount_plainmodel,1000,22336,0.5008,1.28,0.081702,[.00
PPO_25000_bzip2__instcount_plainmodel,1000,20919,0.6115,1.37,0.074539,[.00
PPO_25000_bzip2__instcount_plainmodel,1000,22303,0.5034,1.28,0.078364,[.00
PPO_25000_bzip2__instcount_plainmodel,1000,23574,0.4041,1.21,0.046852,[.00
PPO_25000_bzip2__instcount_plainmodel,1000,33702,-0.3869,0.85,0.083579,[.00
PPO_25000_bzip2__instcount_plainmodel,1000,44777,-1.2520,0.64,0.080494,[.00
PPO_25000_bzip2__instcount_plainmodel,1000,36500,-0.6055,0.78,0.049573,[.00
PPO_25000_bzip2__instcount_plainmodel,1000,21605,0.5579,1.33,0.070454,[.00
PPO_25000_bzip2__instcount_plainmodel,1000,16694,0.9415,1.72,0.076085,[.00
PPO_25000_bzip2__instcount_plainmodel,1000,15879,1.0052,1.81,0.077944,[.00
PPO_25000_bzip2__instcount_plainmodel,1000,25082,0.2863,1.14,0.050473,[.00
PPO_25000_bzip2__instcount_plainmodel,1000,25293,0.2698,1.13,0.080542,[.00
PPO_25000_bzip2__instcount_plainmodel,1000,16362,0.9675,1.75,0.068714,[.00
PPO_25000_bzip2__instcount_plainmodel,1000,28467,0.0219,1.00,0.050446,[.00
PPO_25000_bzip2__instcount_plainmodel,1000,22022,0.5253,1.30,0.085721,[.00
PPO_25000_bzip2__instcount_plainmodel,1000,18207,0.8233,1.57,0.046007,[.00
PPO_25000_bzip2__instcount_plainmodel,1000,16538,0.9537,1.73,0.072476,[.00
PPO_25000_bzip2__instcount_plainmodel,1000,18090,0.8325,1.58,0.069275,[.00
PPO_25000_bzip2__instcount_plainmodel,1000,24096,0.3633,1.19,0.07368,[.00
PPO_25000_bzip2__instcount_plainmodel,1000,18351,0.8121,1.56,0.082431,[.00
PPO_25000_bzip2__instcount_plainmodel,1000,23385,0.4189,1.22,0.083199,[.00
PPO_25000_bzip2__instcount_plainmodel,1000,16261,0.9753,1.76,0.070642,[.00
PPO_25000_bzip2__instcount_plainmodel,1000,14997,1.0741,1.91,0.067011,[.00
PPO_25000_bzip2__instcount_plainmodel,1000,48868,-1.5716,0.58,0.090426,[.00
PPO_25000_bzip2__instcount_plainmodel,1000,29014,-0.0207,0.99,0.048963,[.00
PPO_25000_bzip2__instcount_plainmodel,1000,30335,-0.1239,0.94,0.04858,[.00
PPO_25000_bzip2__instcount_plainmodel,1000,22789,0.4654,1.26,0.053966,[.00
PPO_25000_bzip2__instcount_plainmodel,1000,14862,1.0846,1.93,0.081858,[.00
PPO_25000_bzip2__instcount_plainmodel,1000,22109,0.5185,1.30,0.04801,[.00
PPO_25000_bzip2__instcount_plainmodel,2000,15511,1.0339,1.85,0.069767,[.00
PPO_25000_bzip2__instcount_plainmodel,2000,15590,1.0278,1.84,0.069326,[.00
PPO_25000_bzip2__instcount_plainmodel,2000,19174,0.7478,1.49,0.072812,[.00
PPO_25000_bzip2__instcount_plainmodel,2000,18003,0.8393,1.59,0.082524,[.00
PPO_25000_bzip2__instcount_plainmodel,2000,15460,1.0379,1.85,0.07106,[.00
PPO_25000_bzip2__instcount_plainmodel,2000,29685,-0.0731,0.96,0.099001,[.00
PPO_25000_bzip2__instcount_plainmodel,2000,16621,0.9472,1.72,0.081169,[.00
PPO_25000_bzip2__instcount_plainmodel,2000,15434,1.0399,1.86,0.068673,[.00
PPO_25000_bzip2__instcount_plainmodel,2000,17087,0.9108,1.68,0.067068,[.00
PPO_25000_bzip2__instcount_plainmodel,2000,16916,0.9242,1.69,0.096726,[.00
PPO_25000_bzip2__instcount_plainmodel,2000,17364,0.8892,1.65,0.069062,[.00
PPO_25000_bzip2__instcount_plainmodel,2000,14535,1.1102,1.97,0.080482,[.00
PPO_25000_bzip2__instcount_plainmodel,2000,14516,1.1117,1.98,0.080889,[.00
PPO_25000_bzip2__instcount_plainmodel,2000,17102,0.9097,1.68,0.080275,[.00
PPO_25000_bzip2__instcount_plainmodel,2000,32760,-0.3133,0.87,0.083766,[.00
PPO_25000_bzip2__instcount_plainmodel,2000,14695,1.0977,1.95,0.080115,[.00
PPO_25000_bzip2__instcount_plainmodel,2000,18588,0.7936,1.54,0.048232,[.00
PPO_25000_bzip2__instcount_plainmodel,2000,20878,0.6147,1.37,0.070713,[.00
PPO_25000_bzip2__instcount_plainmodel,2000,35181,-0.5024,0.81,0.053947,[.00
PPO_25000_bzip2__instcount_plainmodel,2000,47460,-1.4616,0.60,0.109457,[.00
PPO_25000_bzip2__instcount_plainmodel,2000,20035,0.6805,1.43,0.068063,[.00
PPO_25000_bzip2__instcount_plainmodel,2000,16517,0.9553,1.74,0.079228,[.00
PPO_25000_bzip2__instcount_plainmodel,2000,14748,1.0935,1.94,0.081095,[.00
PPO_25000_bzip2__instcount_plainmodel,2000,18405,0.8079,1.56,0.084567,[.00
PPO_25000_bzip2__instcount_plainmodel,2000,27417,0.1039,1.04,0.081964,[.00
PPO_25000_bzip2__instcount_plainmodel,2000,29782,-0.0807,0.96,0.086884,[.00
PPO_25000_bzip2__instcount_plainmodel,2000,19406,0.7297,1.48,0.089415,[.00
PPO_25000_bzip2__instcount_plainmodel,2000,19343,0.7346,1.48,0.067515,[.00
PPO_25000_bzip2__instcount_plainmodel,2000,15898,1.0037,1.80,0.071723,[.00
PPO_25000_bzip2__instcount_plainmodel,2000,20148,0.6717,1.42,0.088153,[.00
PPO_25000_bzip2__instcount_plainmodel,2000,18151,0.8277,1.58,0.068763,[.00
PPO_25000_bzip2__instcount_plainmodel,2000,16740,0.9379,1.71,0.080772,[.00
PPO_25000_bzip2__instcount_plainmodel,2000,17255,0.8977,1.66,0.067521,[.00
PPO_25000_bzip2__instcount_plainmodel,2000,21212,0.5886,1.35,0.083039,[.00
PPO_25000_bzip2__instcount_plainmodel,2000,19990,0.6841,1.43,0.045569,[.00
PPO_25000_bzip2__instcount_plainmodel,2000,29352,-0.0471,0.97,0.080145,[.00
PPO_25000_bzip2__instcount_plainmodel,2000,14659,1.1005,1.96,0.081571,[.00
PPO_25000_bzip2__instcount_plainmodel,2000,23784,0.3877,1.20,0.04697,[.00
PPO_25000_bzip2__instcount_plainmodel,2000,30754,-0.1566,0.93,0.050248,[.00
PPO_25000_bzip2__instcount_plainmodel,2000,17356,0.8898,1.65,0.082722,[.00
PPO_25000_bzip2__instcount_plainmodel,2000,15422,1.0409,1.86,0.071507,[.00
PPO_25000_bzip2__instcount_plainmodel,2000,17816,0.8539,1.61,0.072802,[.00
PPO_25000_bzip2__instcount_plainmodel,2000,23187,0.4343,1.23,0.083911,[.00
PPO_25000_bzip2__instcount_plainmodel,2000,15283,1.0517,1.88,0.082301,[.00
PPO_25000_bzip2__instcount_plainmodel,2000,20534,0.6416,1.40,0.0455,[.00
PPO_25000_bzip2__instcount_plainmodel,2000,30562,-0.1416,0.94,0.082935,[.00
PPO_25000_bzip2__instcount_plainmodel,2000,30417,-0.1303,0.94,0.047057,[.00
PPO_25000_bzip2__instcount_plainmodel,2000,21541,0.5629,1.33,0.075393,[.00
PPO_25000_bzip2__instcount_plainmodel,2000,15497,1.0350,1.85,0.071856,[.00
PPO_25000_bzip2__instcount_plainmodel,2000,16286,0.9734,1.76,0.071087,[.00
PPO_25000_bzip2__instcount_plainmodel,2000,22035,0.5243,1.30,0.087141,[.00
PPO_25000_bzip2__instcount_plainmodel,2000,17156,0.9054,1.67,0.081672,[.00
PPO_25000_bzip2__instcount_plainmodel,2000,14866,1.0843,1.93,0.080497,[.00
PPO_25000_bzip2__instcount_plainmodel,2000,26518,0.1741,1.08,0.102089,[.00
PPO_25000_bzip2__instcount_plainmodel,2000,21971,0.5293,1.30,0.047022,[.00
PPO_25000_bzip2__instcount_plainmodel,2000,18262,0.8190,1.57,0.083308,[.00
PPO_25000_bzip2__instcount_plainmodel,2000,20699,0.6287,1.38,0.071864,[.00
PPO_25000_bzip2__instcount_plainmodel,2000,22488,0.4889,1.27,0.073723,[.00
PPO_25000_bzip2__instcount_plainmodel,2000,15405,1.0422,1.86,0.07042,[.00
PPO_25000_bzip2__instcount_plainmodel,2000,27925,0.0642,1.02,0.089168,[.00
PPO_25000_bzip2__instcount_plainmodel,2000,14929,1.0794,1.92,0.076669,[.00
PPO_25000_bzip2__instcount_plainmodel,2000,20453,0.6479,1.40,0.049292,[.00
PPO_25000_bzip2__instcount_plainmodel,2000,20725,0.6266,1.38,0.091028,[.00
PPO_25000_bzip2__instcount_plainmodel,2000,21804,0.5424,1.31,0.046904,[.00
PPO_25000_bzip2__instcount_plainmodel,2000,14917,1.0803,1.92,0.077949,[.00
PPO_25000_bzip2__instcount_plainmodel,2000,34419,-0.4429,0.83,0.082422,[.00
PPO_25000_bzip2__instcount_plainmodel,2000,16222,0.9784,1.77,0.072105,[.00
PPO_25000_bzip2__instcount_plainmodel,2000,20996,0.6055,1.36,0.046885,[.00
PPO_25000_bzip2__instcount_plainmodel,2000,20899,0.6131,1.37,0.083435,[.00
PPO_25000_bzip2__instcount_plainmodel,2000,25130,0.2826,1.14,0.04888,[.00
PPO_25000_bzip2__instcount_plainmodel,2000,21540,0.5630,1.33,0.047882,[.00
PPO_25000_bzip2__instcount_plainmodel,2000,21837,0.5398,1.31,0.084082,[.00
PPO_25000_bzip2__instcount_plainmodel,2000,15238,1.0553,1.88,0.080741,[.00
PPO_25000_bzip2__instcount_plainmodel,2000,20045,0.6798,1.43,0.077165,[.00
PPO_25000_bzip2__instcount_plainmodel,2000,18324,0.8142,1.56,0.067785,[.00
PPO_25000_bzip2__instcount_plainmodel,2000,22291,0.5043,1.28,0.081215,[.00
PPO_25000_bzip2__instcount_plainmodel,2000,14392,1.1213,1.99,0.079573,[.00
PPO_25000_bzip2__instcount_plainmodel,2000,17784,0.8564,1.61,0.081539,[.00
PPO_25000_bzip2__instcount_plainmodel,2000,24018,0.3694,1.19,0.066145,[.00
PPO_25000_bzip2__instcount_plainmodel,2000,17150,0.9059,1.67,0.070771,[.00
PPO_25000_bzip2__instcount_plainmodel,2000,20651,0.6324,1.39,0.044697,[.00
PPO_25000_bzip2__instcount_plainmodel,2000,25971,0.2169,1.10,0.045737,[.00
PPO_25000_bzip2__instcount_plainmodel,2000,21766,0.5453,1.32,0.045932,[.00
PPO_25000_bzip2__instcount_plainmodel,2000,23955,0.3743,1.20,0.087127,[.00
PPO_25000_bzip2__instcount_plainmodel,2000,18358,0.8115,1.56,0.089578,[.00
PPO_25000_bzip2__instcount_plainmodel,2000,16115,0.9867,1.78,0.075354,[.00
PPO_25000_bzip2__instcount_plainmodel,2000,21024,0.6033,1.36,0.110105,[.00
PPO_25000_bzip2__instcount_plainmodel,2000,17501,0.8785,1.64,0.096024,[.00
PPO_25000_bzip2__instcount_plainmodel,2000,25091,0.2856,1.14,0.051951,[.00
PPO_25000_bzip2__instcount_plainmodel,2000,15745,1.0157,1.82,0.06699,[.00
PPO_25000_bzip2__instcount_plainmodel,2000,18727,0.7827,1.53,0.083261,[.00
PPO_25000_bzip2__instcount_plainmodel,2000,20141,0.6723,1.42,0.068577,[.00
PPO_25000_bzip2__instcount_plainmodel,2000,16339,0.9693,1.75,0.071657,[.00
PPO_25000_bzip2__instcount_plainmodel,2000,23208,0.4327,1.23,0.083688,[.00
PPO_25000_bzip2__instcount_plainmodel,2000,44183,-1.2056,0.65,0.081122,[.00
PPO_25000_bzip2__instcount_plainmodel,2000,18323,0.8143,1.56,0.070383,[.00
PPO_25000_bzip2__instcount_plainmodel,2000,16673,0.9432,1.72,0.072139,[.00
PPO_25000_bzip2__instcount_plainmodel,2000,19765,0.7016,1.45,0.070081,[.00
PPO_25000_bzip2__instcount_plainmodel,2000,16779,0.9349,1.71,0.078536,[.00
PPO_25000_bzip2__instcount_plainmodel,2000,18752,0.7808,1.53,0.082988,[.00
PPO_25000_bzip2__instcount_plainmodel,3000,19889,0.6920,1.44,0.046183,[.00
PPO_25000_bzip2__instcount_plainmodel,3000,16800,0.9332,1.71,0.094505,[.00
PPO_25000_bzip2__instcount_plainmodel,3000,21930,0.5325,1.31,0.045733,[.00
PPO_25000_bzip2__instcount_plainmodel,3000,15151,1.0620,1.89,0.075328,[.00
PPO_25000_bzip2__instcount_plainmodel,3000,15580,1.0285,1.84,0.069787,[.00
PPO_25000_bzip2__instcount_plainmodel,3000,16382,0.9659,1.75,0.069848,[.00
PPO_25000_bzip2__instcount_plainmodel,3000,15403,1.0424,1.86,0.069012,[.00
PPO_25000_bzip2__instcount_plainmodel,3000,31858,-0.2429,0.90,0.099715,[.00
PPO_25000_bzip2__instcount_plainmodel,3000,20230,0.6653,1.42,0.069034,[.00
PPO_25000_bzip2__instcount_plainmodel,3000,21148,0.5936,1.35,0.081663,[.00
PPO_25000_bzip2__instcount_plainmodel,3000,16047,0.9921,1.79,0.070163,[.00
PPO_25000_bzip2__instcount_plainmodel,3000,18617,0.7913,1.54,0.068838,[.00
PPO_25000_bzip2__instcount_plainmodel,3000,20992,0.6058,1.36,0.069826,[.00
PPO_25000_bzip2__instcount_plainmodel,3000,21030,0.6028,1.36,0.069814,[.00
PPO_25000_bzip2__instcount_plainmodel,3000,17352,0.8901,1.65,0.067154,[.00
PPO_25000_bzip2__instcount_plainmodel,3000,14932,1.0792,1.92,0.084189,[.00
PPO_25000_bzip2__instcount_plainmodel,3000,18408,0.8076,1.56,0.079866,[.00
PPO_25000_bzip2__instcount_plainmodel,3000,17361,0.8894,1.65,0.048447,[.00
PPO_25000_bzip2__instcount_plainmodel,3000,15680,1.0207,1.83,0.085471,[.00
PPO_25000_bzip2__instcount_plainmodel,3000,15258,1.0537,1.88,0.082026,[.00
PPO_25000_bzip2__instcount_plainmodel,3000,16159,0.9833,1.77,0.072514,[.00
PPO_25000_bzip2__instcount_plainmodel,3000,16894,0.9259,1.70,0.083274,[.00
PPO_25000_bzip2__instcount_plainmodel,3000,16500,0.9567,1.74,0.066749,[.00
PPO_25000_bzip2__instcount_plainmodel,3000,14721,1.0956,1.95,0.071535,[.00
PPO_25000_bzip2__instcount_plainmodel,3000,16738,0.9381,1.71,0.092811,[.00
PPO_25000_bzip2__instcount_plainmodel,3000,22517,0.4867,1.27,0.068819,[.00
PPO_25000_bzip2__instcount_plainmodel,3000,19792,0.6995,1.45,0.06924,[.00
PPO_25000_bzip2__instcount_plainmodel,3000,24812,0.3074,1.15,0.048723,[.00
PPO_25000_bzip2__instcount_plainmodel,3000,15509,1.0341,1.85,0.070124,[.00
PPO_25000_bzip2__instcount_plainmodel,3000,20583,0.6377,1.39,0.077695,[.00
PPO_25000_bzip2__instcount_plainmodel,3000,22680,0.4739,1.26,0.084308,[.00
PPO_25000_bzip2__instcount_plainmodel,3000,16419,0.9630,1.75,0.072507,[.00
PPO_25000_bzip2__instcount_plainmodel,3000,20091,0.6762,1.43,0.074702,[.00
PPO_25000_bzip2__instcount_plainmodel,3000,17565,0.8735,1.63,0.072133,[.00
PPO_25000_bzip2__instcount_plainmodel,3000,33667,-0.3842,0.85,0.101392,[.00
PPO_25000_bzip2__instcount_plainmodel,3000,16287,0.9733,1.76,0.070967,[.00
PPO_25000_bzip2__instcount_plainmodel,3000,21501,0.5660,1.33,0.045311,[.00
PPO_25000_bzip2__instcount_plainmodel,3000,20971,0.6074,1.37,0.089319,[.00
PPO_25000_bzip2__instcount_plainmodel,3000,15031,1.0714,1.91,0.079691,[.00
PPO_25000_bzip2__instcount_plainmodel,3000,19572,0.7167,1.46,0.086281,[.00
PPO_25000_bzip2__instcount_plainmodel,3000,17831,0.8527,1.61,0.046893,[.00
PPO_25000_bzip2__instcount_plainmodel,3000,29700,-0.0743,0.96,0.086711,[.00
PPO_25000_bzip2__instcount_plainmodel,3000,20736,0.6258,1.38,0.049505,[.00
PPO_25000_bzip2__instcount_plainmodel,3000,14657,1.1006,1.96,0.079578,[.00
PPO_25000_bzip2__instcount_plainmodel,3000,20198,0.6678,1.42,0.082806,[.00
PPO_25000_bzip2__instcount_plainmodel,3000,16856,0.9289,1.70,0.074113,[.00
PPO_25000_bzip2__instcount_plainmodel,3000,16695,0.9414,1.72,0.07006,[.00
PPO_25000_bzip2__instcount_plainmodel,3000,20403,0.6518,1.40,0.072217,[.00
PPO_25000_bzip2__instcount_plainmodel,3000,16942,0.9221,1.69,0.085275,[.00
PPO_25000_bzip2__instcount_plainmodel,3000,15926,1.0015,1.80,0.07115,[.00
PPO_25000_bzip2__instcount_plainmodel,3000,21820,0.5411,1.31,0.075669,[.00
PPO_25000_bzip2__instcount_plainmodel,3000,16462,0.9596,1.74,0.069177,[.00
PPO_25000_bzip2__instcount_plainmodel,3000,18389,0.8091,1.56,0.064913,[.00
PPO_25000_bzip2__instcount_plainmodel,3000,19633,0.7119,1.46,0.081924,[.00
PPO_25000_bzip2__instcount_plainmodel,3000,18005,0.8391,1.59,0.049661,[.00
PPO_25000_bzip2__instcount_plainmodel,3000,19229,0.7435,1.49,0.087601,[.00
PPO_25000_bzip2__instcount_plainmodel,3000,42706,-1.0902,0.67,0.110085,[.00
PPO_25000_bzip2__instcount_plainmodel,3000,14970,1.0762,1.92,0.083112,[.00
PPO_25000_bzip2__instcount_plainmodel,3000,15345,1.0469,1.87,0.072715,[.00
PPO_25000_bzip2__instcount_plainmodel,3000,20665,0.6313,1.39,0.069181,[.00
PPO_25000_bzip2__instcount_plainmodel,3000,17398,0.8865,1.65,0.07091,[.00
PPO_25000_bzip2__instcount_plainmodel,3000,15363,1.0455,1.87,0.082596,[.00
PPO_25000_bzip2__instcount_plainmodel,3000,17860,0.8504,1.60,0.088276,[.00
PPO_25000_bzip2__instcount_plainmodel,3000,20413,0.6510,1.40,0.073568,[.00
PPO_25000_bzip2__instcount_plainmodel,3000,34971,-0.4860,0.82,0.087173,[.00
PPO_25000_bzip2__instcount_plainmodel,3000,30791,-0.1595,0.93,0.045982,[.00
PPO_25000_bzip2__instcount_plainmodel,3000,16716,0.9398,1.71,0.10875,[.00
PPO_25000_bzip2__instcount_plainmodel,3000,17765,0.8579,1.61,0.09173,[.00
PPO_25000_bzip2__instcount_plainmodel,3000,14966,1.0765,1.92,0.070939,[.00
PPO_25000_bzip2__instcount_plainmodel,3000,15570,1.0293,1.84,0.087081,[.00
PPO_25000_bzip2__instcount_plainmodel,3000,14513,1.1119,1.98,0.078274,[.00
PPO_25000_bzip2__instcount_plainmodel,3000,21077,0.5992,1.36,0.046332,[.00
PPO_25000_bzip2__instcount_plainmodel,3000,17623,0.8690,1.63,0.071606,[.00
PPO_25000_bzip2__instcount_plainmodel,3000,30598,-0.1445,0.93,0.051882,[.00
PPO_25000_bzip2__instcount_plainmodel,3000,17585,0.8719,1.63,0.08311,[.00
PPO_25000_bzip2__instcount_plainmodel,3000,31664,-0.2277,0.90,0.080883,[.00
PPO_25000_bzip2__instcount_plainmodel,3000,14597,1.1053,1.96,0.083413,[.00
PPO_25000_bzip2__instcount_plainmodel,3000,16082,0.9893,1.78,0.070244,[.00
PPO_25000_bzip2__instcount_plainmodel,3000,30116,-0.1068,0.95,0.076431,[.00
PPO_25000_bzip2__instcount_plainmodel,3000,16605,0.9485,1.73,0.07179,[.00
PPO_25000_bzip2__instcount_plainmodel,3000,17359,0.8896,1.65,0.068613,[.00
PPO_25000_bzip2__instcount_plainmodel,3000,16473,0.9588,1.74,0.069865,[.00
PPO_25000_bzip2__instcount_plainmodel,3000,25734,0.2354,1.11,0.05453,[.00
PPO_25000_bzip2__instcount_plainmodel,3000,25731,0.2356,1.11,0.084443,[.00
PPO_25000_bzip2__instcount_plainmodel,3000,18224,0.8220,1.57,0.082688,[.00
PPO_25000_bzip2__instcount_plainmodel,3000,17687,0.8640,1.62,0.081368,[.00
PPO_25000_bzip2__instcount_plainmodel,3000,21711,0.5496,1.32,0.047194,[.00
PPO_25000_bzip2__instcount_plainmodel,3000,37722,-0.7009,0.76,0.085857,[.00
PPO_25000_bzip2__instcount_plainmodel,3000,30177,-0.1116,0.95,0.078023,[.00
PPO_25000_bzip2__instcount_plainmodel,3000,15206,1.0578,1.89,0.080989,[.00
PPO_25000_bzip2__instcount_plainmodel,3000,15285,1.0516,1.88,0.075271,[.00
PPO_25000_bzip2__instcount_plainmodel,3000,17823,0.8533,1.61,0.044224,[.00
PPO_25000_bzip2__instcount_plainmodel,3000,14751,1.0933,1.94,0.080163,[.00
PPO_25000_bzip2__instcount_plainmodel,3000,18337,0.8132,1.56,0.047146,[.00
PPO_25000_bzip2__instcount_plainmodel,3000,16414,0.9634,1.75,0.073556,[.00
PPO_25000_bzip2__instcount_plainmodel,3000,19147,0.7499,1.50,0.075395,[.00
PPO_25000_bzip2__instcount_plainmodel,3000,23031,0.4465,1.24,0.082714,[.00
PPO_25000_bzip2__instcount_plainmodel,3000,16781,0.9347,1.71,0.078401,[.00
PPO_25000_bzip2__instcount_plainmodel,3000,20534,0.6416,1.40,0.072526,[.00
PPO_25000_bzip2__instcount_plainmodel,3000,20703,0.6284,1.38,0.070545,[.00
PPO_25000_bzip2__instcount_plainmodel,4000,18443,0.8049,1.55,0.047176,[.00
PPO_25000_bzip2__instcount_plainmodel,4000,14195,1.1367,2.02,0.080313,[.00
PPO_25000_bzip2__instcount_plainmodel,4000,17167,0.9046,1.67,0.083781,[.00
PPO_25000_bzip2__instcount_plainmodel,4000,22589,0.4810,1.27,0.046846,[.00
PPO_25000_bzip2__instcount_plainmodel,4000,13771,1.1698,2.08,0.085877,[.00
PPO_25000_bzip2__instcount_plainmodel,4000,28543,0.0160,1.00,0.046682,[.00
PPO_25000_bzip2__instcount_plainmodel,4000,15533,1.0322,1.85,0.067671,[.00
PPO_25000_bzip2__instcount_plainmodel,4000,17506,0.8781,1.64,0.070772,[.00
PPO_25000_bzip2__instcount_plainmodel,4000,25572,0.2480,1.12,0.048141,[.00
PPO_25000_bzip2__instcount_plainmodel,4000,14565,1.1078,1.97,0.079277,[.00
PPO_25000_bzip2__instcount_plainmodel,4000,15370,1.0449,1.87,0.072932,[.00
PPO_25000_bzip2__instcount_plainmodel,4000,14848,1.0857,1.93,0.071132,[.00
PPO_25000_bzip2__instcount_plainmodel,4000,15899,1.0036,1.80,0.070399,[.00
PPO_25000_bzip2__instcount_plainmodel,4000,14795,1.0899,1.94,0.077354,[.00
PPO_25000_bzip2__instcount_plainmodel,4000,16642,0.9456,1.72,0.077352,[.00
PPO_25000_bzip2__instcount_plainmodel,4000,14975,1.0758,1.91,0.084088,[.00
PPO_25000_bzip2__instcount_plainmodel,4000,15623,1.0252,1.84,0.068373,[.00
PPO_25000_bzip2__instcount_plainmodel,4000,14893,1.0822,1.93,0.082912,[.00
PPO_25000_bzip2__instcount_plainmodel,4000,14870,1.0840,1.93,0.085282,[.00
PPO_25000_bzip2__instcount_plainmodel,4000,14970,1.0762,1.92,0.067127,[.00
PPO_25000_bzip2__instcount_plainmodel,4000,21528,0.5639,1.33,0.076062,[.00
PPO_25000_bzip2__instcount_plainmodel,4000,18922,0.7675,1.51,0.048247,[.00
PPO_25000_bzip2__instcount_plainmodel,4000,15728,1.0170,1.82,0.073191,[.00
PPO_25000_bzip2__instcount_plainmodel,4000,17542,0.8753,1.63,0.081904,[.00
PPO_25000_bzip2__instcount_plainmodel,4000,15351,1.0464,1.87,0.089792,[.00
PPO_25000_bzip2__instcount_plainmodel,4000,17516,0.8773,1.64,0.073211,[.00
PPO_25000_bzip2__instcount_plainmodel,4000,16241,0.9769,1.77,0.07151,[.00
PPO_25000_bzip2__instcount_plainmodel,4000,20607,0.6359,1.39,0.085092,[.00
PPO_25000_bzip2__instcount_plainmodel,4000,29584,-0.0653,0.97,0.056571,[.00
PPO_25000_bzip2__instcount_plainmodel,4000,15101,1.0660,1.90,0.083338,[.00
PPO_25000_bzip2__instcount_plainmodel,4000,18909,0.7685,1.52,0.079581,[.00
PPO_25000_bzip2__instcount_plainmodel,4000,16887,0.9264,1.70,0.081886,[.00
PPO_25000_bzip2__instcount_plainmodel,4000,16052,0.9917,1.79,0.073507,[.00
PPO_25000_bzip2__instcount_plainmodel,4000,15989,0.9966,1.79,0.073998,[.00
PPO_25000_bzip2__instcount_plainmodel,4000,20831,0.6184,1.38,0.089738,[.00
PPO_25000_bzip2__instcount_plainmodel,4000,20334,0.6572,1.41,0.097689,[.00
PPO_25000_bzip2__instcount_plainmodel,4000,15382,1.0440,1.86,0.07637,[.00
PPO_25000_bzip2__instcount_plainmodel,4000,16422,0.9628,1.75,0.07353,[.00
PPO_25000_bzip2__instcount_plainmodel,4000,16597,0.9491,1.73,0.066278,[.00
PPO_25000_bzip2__instcount_plainmodel,4000,17783,0.8565,1.61,0.076915,[.00
PPO_25000_bzip2__instcount_plainmodel,4000,14312,1.1276,2.00,0.085808,[.00
PPO_25000_bzip2__instcount_plainmodel,4000,17382,0.8878,1.65,0.048731,[.00
PPO_25000_bzip2__instcount_plainmodel,4000,16481,0.9582,1.74,0.078731,[.00
PPO_25000_bzip2__instcount_plainmodel,4000,20750,0.6247,1.38,0.079588,[.00
PPO_25000_bzip2__instcount_plainmodel,4000,22377,0.4976,1.28,0.075913,[.00
PPO_25000_bzip2__instcount_plainmodel,4000,14054,1.1477,2.04,0.08037,[.00
PPO_25000_bzip2__instcount_plainmodel,4000,16655,0.9446,1.72,0.072007,[.00
PPO_25000_bzip2__instcount_plainmodel,4000,14842,1.0862,1.93,0.091376,[.00
PPO_25000_bzip2__instcount_plainmodel,4000,15490,1.0356,1.85,0.069575,[.00
PPO_25000_bzip2__instcount_plainmodel,4000,14343,1.1252,2.00,0.078978,[.00
PPO_25000_bzip2__instcount_plainmodel,4000,15452,1.0385,1.86,0.069152,[.00
PPO_25000_bzip2__instcount_plainmodel,4000,20260,0.6630,1.41,0.071246,[.00
PPO_25000_bzip2__instcount_plainmodel,4000,15076,1.0679,1.90,0.08619,[.00
PPO_25000_bzip2__instcount_plainmodel,4000,18992,0.7620,1.51,0.08563,[.00
PPO_25000_bzip2__instcount_plainmodel,4000,16675,0.9430,1.72,0.067043,[.00
PPO_25000_bzip2__instcount_plainmodel,4000,18275,0.8180,1.57,0.079018,[.00
PPO_25000_bzip2__instcount_plainmodel,4000,34138,-0.4210,0.84,0.093569,[.00
PPO_25000_bzip2__instcount_plainmodel,4000,14779,1.0911,1.94,0.071947,[.00
PPO_25000_bzip2__instcount_plainmodel,4000,15967,0.9983,1.80,0.075092,[.00
PPO_25000_bzip2__instcount_plainmodel,4000,16959,0.9208,1.69,0.088836,[.00
PPO_25000_bzip2__instcount_plainmodel,4000,15087,1.0670,1.90,0.067885,[.00
PPO_25000_bzip2__instcount_plainmodel,4000,15819,1.0099,1.81,0.079005,[.00
PPO_25000_bzip2__instcount_plainmodel,4000,19583,0.7159,1.46,0.082612,[.00
PPO_25000_bzip2__instcount_plainmodel,4000,22508,0.4874,1.27,0.091113,[.00
PPO_25000_bzip2__instcount_plainmodel,4000,19000,0.7614,1.51,0.08408,[.00
PPO_25000_bzip2__instcount_plainmodel,4000,18181,0.8254,1.58,0.045735,[.00
PPO_25000_bzip2__instcount_plainmodel,4000,15304,1.0501,1.87,0.063265,[.00
PPO_25000_bzip2__instcount_plainmodel,4000,29498,-0.0585,0.97,0.087604,[.00
PPO_25000_bzip2__instcount_plainmodel,4000,16518,0.9553,1.74,0.068633,[.00
PPO_25000_bzip2__instcount_plainmodel,4000,15050,1.0699,1.91,0.080286,[.00
PPO_25000_bzip2__instcount_plainmodel,4000,17261,0.8972,1.66,0.076618,[.00
PPO_25000_bzip2__instcount_plainmodel,4000,22397,0.4960,1.28,0.093051,[.00
PPO_25000_bzip2__instcount_plainmodel,4000,15673,1.0213,1.83,0.077513,[.00
PPO_25000_bzip2__instcount_plainmodel,4000,17237,0.8991,1.66,0.069373,[.00
PPO_25000_bzip2__instcount_plainmodel,4000,29248,-0.0390,0.98,0.048988,[.00
PPO_25000_bzip2__instcount_plainmodel,4000,16952,0.9214,1.69,0.069487,[.00
PPO_25000_bzip2__instcount_plainmodel,4000,18576,0.7945,1.54,0.099368,[.00
PPO_25000_bzip2__instcount_plainmodel,4000,17730,0.8606,1.62,0.080552,[.00
PPO_25000_bzip2__instcount_plainmodel,4000,18300,0.8161,1.57,0.070589,[.00
PPO_25000_bzip2__instcount_plainmodel,4000,16109,0.9872,1.78,0.073075,[.00
PPO_25000_bzip2__instcount_plainmodel,4000,15764,1.0142,1.82,0.071434,[.00
PPO_25000_bzip2__instcount_plainmodel,4000,18199,0.8240,1.57,0.082942,[.00
PPO_25000_bzip2__instcount_plainmodel,4000,16028,0.9935,1.79,0.07894,[.00
PPO_25000_bzip2__instcount_plainmodel,4000,14067,1.1467,2.04,0.077978,[.00
PPO_25000_bzip2__instcount_plainmodel,4000,15466,1.0374,1.85,0.089449,[.00
PPO_25000_bzip2__instcount_plainmodel,4000,15013,1.0728,1.91,0.073187,[.00
PPO_25000_bzip2__instcount_plainmodel,4000,15039,1.0708,1.91,0.06992,[.00
PPO_25000_bzip2__instcount_plainmodel,4000,15905,1.0032,1.80,0.074349,[.00
PPO_25000_bzip2__instcount_plainmodel,4000,15516,1.0335,1.85,0.072936,[.00
PPO_25000_bzip2__instcount_plainmodel,4000,17096,0.9101,1.68,0.080498,[.00
PPO_25000_bzip2__instcount_plainmodel,4000,16181,0.9816,1.77,0.074817,[.00
PPO_25000_bzip2__instcount_plainmodel,4000,17876,0.8492,1.60,0.089197,[.00
PPO_25000_bzip2__instcount_plainmodel,4000,17831,0.8527,1.61,0.081016,[.00
PPO_25000_bzip2__instcount_plainmodel,4000,16964,0.9204,1.69,0.06794,[.00
PPO_25000_bzip2__instcount_plainmodel,4000,16499,0.9568,1.74,0.077092,[.00
PPO_25000_bzip2__instcount_plainmodel,4000,15636,1.0242,1.83,0.072344,[.00
PPO_25000_bzip2__instcount_plainmodel,4000,16868,0.9279,1.70,0.08703,[.00
PPO_25000_bzip2__instcount_plainmodel,4000,19919,0.6896,1.44,0.068587,[.00
PPO_25000_bzip2__instcount_plainmodel,4000,20603,0.6362,1.39,0.046811,[.00
PPO_25000_bzip2__instcount_plainmodel,4000,22115,0.5181,1.29,0.078395,[.00
PPO_25000_bzip2__instcount_plainmodel,5000,14571,1.1074,1.97,0.078869,[.00
PPO_25000_bzip2__instcount_plainmodel,5000,16176,0.9820,1.77,0.070518,[.00
PPO_25000_bzip2__instcount_plainmodel,5000,13950,1.1559,2.06,0.071478,[.00
PPO_25000_bzip2__instcount_plainmodel,5000,15669,1.0216,1.83,0.07155,[.00
PPO_25000_bzip2__instcount_plainmodel,5000,14673,1.0994,1.95,0.083517,[.00
PPO_25000_bzip2__instcount_plainmodel,5000,34154,-0.4222,0.84,0.080312,[.00
PPO_25000_bzip2__instcount_plainmodel,5000,19847,0.6952,1.44,0.096841,[.00
PPO_25000_bzip2__instcount_plainmodel,5000,20481,0.6457,1.40,0.04998,[.00
PPO_25000_bzip2__instcount_plainmodel,5000,15920,1.0020,1.80,0.076742,[.00
PPO_25000_bzip2__instcount_plainmodel,5000,18821,0.7754,1.52,0.079695,[.00
PPO_25000_bzip2__instcount_plainmodel,5000,14178,1.1381,2.02,0.077657,[.00
PPO_25000_bzip2__instcount_plainmodel,5000,16529,0.9544,1.73,0.085698,[.00
PPO_25000_bzip2__instcount_plainmodel,5000,14974,1.0759,1.91,0.072086,[.00
PPO_25000_bzip2__instcount_plainmodel,5000,15829,1.0091,1.81,0.073949,[.00
PPO_25000_bzip2__instcount_plainmodel,5000,15330,1.0481,1.87,0.077646,[.00
PPO_25000_bzip2__instcount_plainmodel,5000,16406,0.9640,1.75,0.069483,[.00
PPO_25000_bzip2__instcount_plainmodel,5000,15209,1.0575,1.89,0.07724,[.00
PPO_25000_bzip2__instcount_plainmodel,5000,21178,0.5913,1.35,0.073715,[.00
PPO_25000_bzip2__instcount_plainmodel,5000,15792,1.0120,1.82,0.066652,[.00
PPO_25000_bzip2__instcount_plainmodel,5000,15071,1.0683,1.90,0.081764,[.00
PPO_25000_bzip2__instcount_plainmodel,5000,14217,1.1350,2.02,0.083481,[.00
PPO_25000_bzip2__instcount_plainmodel,5000,19679,0.7084,1.46,0.070597,[.00
PPO_25000_bzip2__instcount_plainmodel,5000,16108,0.9873,1.78,0.071538,[.00
PPO_25000_bzip2__instcount_plainmodel,5000,15441,1.0394,1.86,0.072472,[.00
PPO_25000_bzip2__instcount_plainmodel,5000,14976,1.0757,1.91,0.07345,[.00
PPO_25000_bzip2__instcount_plainmodel,5000,15616,1.0257,1.84,0.072651,[.00
PPO_25000_bzip2__instcount_plainmodel,5000,15033,1.0713,1.91,0.071784,[.00
PPO_25000_bzip2__instcount_plainmodel,5000,14947,1.0780,1.92,0.080783,[.00
PPO_25000_bzip2__instcount_plainmodel,5000,16150,0.9840,1.78,0.071114,[.00
PPO_25000_bzip2__instcount_plainmodel,5000,15562,1.0299,1.84,0.0689,[.00
PPO_25000_bzip2__instcount_plainmodel,5000,14667,1.0999,1.96,0.080484,[.00
PPO_25000_bzip2__instcount_plainmodel,5000,14178,1.1381,2.02,0.081257,[.00
PPO_25000_bzip2__instcount_plainmodel,5000,20273,0.6620,1.41,0.088568,[.00
PPO_25000_bzip2__instcount_plainmodel,5000,20011,0.6824,1.43,0.078605,[.00
PPO_25000_bzip2__instcount_plainmodel,5000,14270,1.1309,2.01,0.07456,[.00
PPO_25000_bzip2__instcount_plainmodel,5000,17070,0.9122,1.68,0.089697,[.00
PPO_25000_bzip2__instcount_plainmodel,5000,15495,1.0352,1.85,0.068202,[.00
PPO_25000_bzip2__instcount_plainmodel,5000,15493,1.0353,1.85,0.084993,[.00
PPO_25000_bzip2__instcount_plainmodel,5000,15019,1.0724,1.91,0.082548,[.00
PPO_25000_bzip2__instcount_plainmodel,5000,14913,1.0806,1.92,0.08255,[.00
PPO_25000_bzip2__instcount_plainmodel,5000,22488,0.4889,1.27,0.048743,[.00
PPO_25000_bzip2__instcount_plainmodel,5000,19482,0.7237,1.47,0.045649,[.00
PPO_25000_bzip2__instcount_plainmodel,5000,33495,-0.3708,0.85,0.083311,[.00
PPO_25000_bzip2__instcount_plainmodel,5000,16028,0.9935,1.79,0.071358,[.00
PPO_25000_bzip2__instcount_plainmodel,5000,14632,1.1026,1.96,0.069956,[.00
PPO_25000_bzip2__instcount_plainmodel,5000,16803,0.9330,1.71,0.068897,[.00
PPO_25000_bzip2__instcount_plainmodel,5000,15776,1.0132,1.82,0.076283,[.00
PPO_25000_bzip2__instcount_plainmodel,5000,17501,0.8785,1.64,0.084057,[.00
PPO_25000_bzip2__instcount_plainmodel,5000,14640,1.1020,1.96,0.081389,[.00
PPO_25000_bzip2__instcount_plainmodel,5000,14615,1.1039,1.96,0.078501,[.00
PPO_25000_bzip2__instcount_plainmodel,5000,15652,1.0229,1.83,0.067787,[.00
PPO_25000_bzip2__instcount_plainmodel,5000,15095,1.0664,1.90,0.076505,[.00
PPO_25000_bzip2__instcount_plainmodel,5000,15947,0.9999,1.80,0.070388,[.00
PPO_25000_bzip2__instcount_plainmodel,5000,15240,1.0551,1.88,0.070607,[.00
PPO_25000_bzip2__instcount_plainmodel,5000,14858,1.0849,1.93,0.078928,[.00
PPO_25000_bzip2__instcount_plainmodel,5000,16386,0.9656,1.75,0.098653,[.00
PPO_25000_bzip2__instcount_plainmodel,5000,14862,1.0846,1.93,0.069138,[.00
PPO_25000_bzip2__instcount_plainmodel,5000,17884,0.8486,1.60,0.078017,[.00
PPO_25000_bzip2__instcount_plainmodel,5000,16720,0.9395,1.71,0.085463,[.00
PPO_25000_bzip2__instcount_plainmodel,5000,14607,1.1045,1.96,0.080808,[.00
PPO_25000_bzip2__instcount_plainmodel,5000,16775,0.9352,1.71,0.070361,[.00
PPO_25000_bzip2__instcount_plainmodel,5000,18857,0.7726,1.52,0.047043,[.00
PPO_25000_bzip2__instcount_plainmodel,5000,16383,0.9658,1.75,0.080362,[.00
PPO_25000_bzip2__instcount_plainmodel,5000,15850,1.0074,1.81,0.068247,[.00
PPO_25000_bzip2__instcount_plainmodel,5000,15614,1.0259,1.84,0.068045,[.00
PPO_25000_bzip2__instcount_plainmodel,5000,15233,1.0556,1.88,0.082655,[.00
PPO_25000_bzip2__instcount_plainmodel,5000,26068,0.2093,1.10,0.084054,[.00
PPO_25000_bzip2__instcount_plainmodel,5000,15176,1.0601,1.89,0.069531,[.00
PPO_25000_bzip2__instcount_plainmodel,5000,14449,1.1169,1.98,0.082468,[.00
PPO_25000_bzip2__instcount_plainmodel,5000,15848,1.0076,1.81,0.065836,[.00
PPO_25000_bzip2__instcount_plainmodel,5000,15143,1.0627,1.89,0.069682,[.00
PPO_25000_bzip2__instcount_plainmodel,5000,18178,0.8256,1.58,0.0854,[.00
PPO_25000_bzip2__instcount_plainmodel,5000,15931,1.0011,1.80,0.089628,[.00
PPO_25000_bzip2__instcount_plainmodel,5000,19378,0.7319,1.48,0.079525,[.00
PPO_25000_bzip2__instcount_plainmodel,5000,14695,1.0977,1.95,0.081841,[.00
PPO_25000_bzip2__instcount_plainmodel,5000,14911,1.0808,1.92,0.076182,[.00
PPO_25000_bzip2__instcount_plainmodel,5000,15903,1.0033,1.80,0.077081,[.00
PPO_25000_bzip2__instcount_plainmodel,5000,14683,1.0986,1.95,0.077479,[.00
PPO_25000_bzip2__instcount_plainmodel,5000,15811,1.0105,1.81,0.072898,[.00
PPO_25000_bzip2__instcount_plainmodel,5000,21653,0.5542,1.32,0.048501,[.00
PPO_25000_bzip2__instcount_plainmodel,5000,15125,1.0641,1.90,0.072162,[.00
PPO_25000_bzip2__instcount_plainmodel,5000,14813,1.0885,1.94,0.071975,[.00
PPO_25000_bzip2__instcount_plainmodel,5000,14581,1.1066,1.97,0.078461,[.00
PPO_25000_bzip2__instcount_plainmodel,5000,16543,0.9533,1.73,0.073324,[.00
PPO_25000_bzip2__instcount_plainmodel,5000,16103,0.9877,1.78,0.085693,[.00
PPO_25000_bzip2__instcount_plainmodel,5000,17233,0.8994,1.66,0.066448,[.00
PPO_25000_bzip2__instcount_plainmodel,5000,16230,0.9778,1.77,0.075742,[.00
PPO_25000_bzip2__instcount_plainmodel,5000,14809,1.0888,1.94,0.086812,[.00
PPO_25000_bzip2__instcount_plainmodel,5000,23923,0.3768,1.20,0.047418,[.00
PPO_25000_bzip2__instcount_plainmodel,5000,15481,1.0363,1.85,0.082719,[.00
PPO_25000_bzip2__instcount_plainmodel,5000,14825,1.0875,1.93,0.068003,[.00
PPO_25000_bzip2__instcount_plainmodel,5000,24638,0.3210,1.16,0.050515,[.00
PPO_25000_bzip2__instcount_plainmodel,5000,14548,1.1092,1.97,0.081208,[.00
PPO_25000_bzip2__instcount_plainmodel,5000,15772,1.0135,1.82,0.069964,[.00
PPO_25000_bzip2__instcount_plainmodel,5000,18645,0.7891,1.54,0.070334,[.00
PPO_25000_bzip2__instcount_plainmodel,5000,15710,1.0184,1.82,0.085765,[.00
PPO_25000_bzip2__instcount_plainmodel,5000,14732,1.0948,1.95,0.078649,[.00
PPO_25000_bzip2__instcount_plainmodel,5000,17665,0.8657,1.62,0.079426,[.00
PPO_25000_bzip2__instcount_plainmodel,5000,15745,1.0157,1.82,0.070679,[.00
PPO_25000_bzip2__instcount_plainmodel,5000,15007,1.0733,1.91,0.083735,[.00
PPO_25000_bzip2__instcount_plainmodel,6000,14965,1.0766,1.92,0.070006,[.00
PPO_25000_bzip2__instcount_plainmodel,6000,14034,1.1493,2.04,0.087035,[.00
PPO_25000_bzip2__instcount_plainmodel,6000,15516,1.0335,1.85,0.081855,[.00
PPO_25000_bzip2__instcount_plainmodel,6000,14631,1.1027,1.96,0.069064,[.00
PPO_25000_bzip2__instcount_plainmodel,6000,15602,1.0268,1.84,0.069829,[.00
PPO_25000_bzip2__instcount_plainmodel,6000,22103,0.5190,1.30,0.051624,[.00
PPO_25000_bzip2__instcount_plainmodel,6000,14300,1.1285,2.01,0.081545,[.00
PPO_25000_bzip2__instcount_plainmodel,6000,14239,1.1333,2.01,0.081722,[.00
PPO_25000_bzip2__instcount_plainmodel,6000,14879,1.0833,1.93,0.079999,[.00
PPO_25000_bzip2__instcount_plainmodel,6000,14686,1.0984,1.95,0.080481,[.00
PPO_25000_bzip2__instcount_plainmodel,6000,17704,0.8626,1.62,0.047575,[.00
PPO_25000_bzip2__instcount_plainmodel,6000,15745,1.0157,1.82,0.076846,[.00
PPO_25000_bzip2__instcount_plainmodel,6000,16383,0.9658,1.75,0.064967,[.00
PPO_25000_bzip2__instcount_plainmodel,6000,15372,1.0448,1.87,0.089055,[.00
PPO_25000_bzip2__instcount_plainmodel,6000,15238,1.0553,1.88,0.08076,[.00
PPO_25000_bzip2__instcount_plainmodel,6000,15628,1.0248,1.83,0.069438,[.00
PPO_25000_bzip2__instcount_plainmodel,6000,15630,1.0246,1.83,0.08212,[.00
PPO_25000_bzip2__instcount_plainmodel,6000,15680,1.0207,1.83,0.070043,[.00
PPO_25000_bzip2__instcount_plainmodel,6000,14645,1.1016,1.96,0.081712,[.00
PPO_25000_bzip2__instcount_plainmodel,6000,14142,1.1409,2.03,0.082242,[.00
PPO_25000_bzip2__instcount_plainmodel,6000,15364,1.0454,1.87,0.067858,[.00
PPO_25000_bzip2__instcount_plainmodel,6000,14723,1.0955,1.95,0.079951,[.00
PPO_25000_bzip2__instcount_plainmodel,6000,15443,1.0392,1.86,0.085037,[.00
PPO_25000_bzip2__instcount_plainmodel,6000,15434,1.0399,1.86,0.0729,[.00
PPO_25000_bzip2__instcount_plainmodel,6000,38112,-0.7314,0.75,0.102244,[.00
PPO_25000_bzip2__instcount_plainmodel,6000,16317,0.9710,1.76,0.106093,[.00
PPO_25000_bzip2__instcount_plainmodel,6000,16178,0.9818,1.77,0.086658,[.00
PPO_25000_bzip2__instcount_plainmodel,6000,16660,0.9442,1.72,0.078629,[.00
PPO_25000_bzip2__instcount_plainmodel,6000,15787,1.0124,1.82,0.07363,[.00
PPO_25000_bzip2__instcount_plainmodel,6000,15355,1.0461,1.87,0.072017,[.00
PPO_25000_bzip2__instcount_plainmodel,6000,15207,1.0577,1.89,0.084998,[.00
PPO_25000_bzip2__instcount_plainmodel,6000,15961,0.9988,1.80,0.067514,[.00
PPO_25000_bzip2__instcount_plainmodel,6000,14005,1.1516,2.05,0.076859,[.00
PPO_25000_bzip2__instcount_plainmodel,6000,14913,1.0806,1.92,0.080489,[.00
PPO_25000_bzip2__instcount_plainmodel,6000,17773,0.8572,1.61,0.078071,[.00
PPO_25000_bzip2__instcount_plainmodel,6000,15687,1.0202,1.83,0.068386,[.00
PPO_25000_bzip2__instcount_plainmodel,6000,17297,0.8944,1.66,0.079906,[.00
PPO_25000_bzip2__instcount_plainmodel,6000,15131,1.0636,1.89,0.067897,[.00
PPO_25000_bzip2__instcount_plainmodel,6000,16005,0.9953,1.79,0.089971,[.00
PPO_25000_bzip2__instcount_plainmodel,6000,14422,1.1190,1.99,0.095384,[.00
PPO_25000_bzip2__instcount_plainmodel,6000,15606,1.0265,1.84,0.084186,[.00
PPO_25000_bzip2__instcount_plainmodel,6000,15035,1.0711,1.91,0.086812,[.00
PPO_25000_bzip2__instcount_plainmodel,6000,14042,1.1487,2.04,0.082388,[.00
PPO_25000_bzip2__instcount_plainmodel,6000,14810,1.0887,1.94,0.079896,[.00
PPO_25000_bzip2__instcount_plainmodel,6000,15649,1.0231,1.83,0.075365,[.00
PPO_25000_bzip2__instcount_plainmodel,6000,14258,1.1318,2.01,0.083922,[.00
PPO_25000_bzip2__instcount_plainmodel,6000,32731,-0.3111,0.87,0.085118,[.00
PPO_25000_bzip2__instcount_plainmodel,6000,17191,0.9027,1.67,0.094588,[.00
PPO_25000_bzip2__instcount_plainmodel,6000,15880,1.0051,1.81,0.070071,[.00
PPO_25000_bzip2__instcount_plainmodel,6000,17615,0.8696,1.63,0.08867,[.00
PPO_25000_bzip2__instcount_plainmodel,6000,19516,0.7211,1.47,0.075072,[.00
PPO_25000_bzip2__instcount_plainmodel,6000,16148,0.9842,1.78,0.070658,[.00
PPO_25000_bzip2__instcount_plainmodel,6000,16488,0.9576,1.74,0.094933,[.00
PPO_25000_bzip2__instcount_plainmodel,6000,15016,1.0726,1.91,0.085733,[.00
PPO_25000_bzip2__instcount_plainmodel,6000,14997,1.0741,1.91,0.079826,[.00
PPO_25000_bzip2__instcount_plainmodel,6000,16372,0.9667,1.75,0.083001,[.00
PPO_25000_bzip2__instcount_plainmodel,6000,16368,0.9670,1.75,0.077992,[.00
PPO_25000_bzip2__instcount_plainmodel,6000,14628,1.1029,1.96,0.080397,[.00
PPO_25000_bzip2__instcount_plainmodel,6000,23675,0.3962,1.21,0.047034,[.00
PPO_25000_bzip2__instcount_plainmodel,6000,15548,1.0310,1.84,0.068842,[.00
PPO_25000_bzip2__instcount_plainmodel,6000,15728,1.0170,1.82,0.076672,[.00
PPO_25000_bzip2__instcount_plainmodel,6000,15106,1.0656,1.90,0.074899,[.00
PPO_25000_bzip2__instcount_plainmodel,6000,16029,0.9935,1.79,0.069048,[.00
PPO_25000_bzip2__instcount_plainmodel,6000,18026,0.8375,1.59,0.050106,[.00
PPO_25000_bzip2__instcount_plainmodel,6000,15420,1.0410,1.86,0.090673,[.00
PPO_25000_bzip2__instcount_plainmodel,6000,15407,1.0421,1.86,0.070494,[.00
PPO_25000_bzip2__instcount_plainmodel,6000,37873,-0.7127,0.75,0.112619,[.00
PPO_25000_bzip2__instcount_plainmodel,6000,16335,0.9696,1.75,0.091591,[.00
PPO_25000_bzip2__instcount_plainmodel,6000,14793,1.0900,1.94,0.068382,[.00
PPO_25000_bzip2__instcount_plainmodel,6000,14137,1.1413,2.03,0.083123,[.00
PPO_25000_bzip2__instcount_plainmodel,6000,14393,1.1213,1.99,0.079718,[.00
PPO_25000_bzip2__instcount_plainmodel,6000,15705,1.0188,1.83,0.080497,[.00
PPO_25000_bzip2__instcount_plainmodel,6000,15684,1.0204,1.83,0.076759,[.00
PPO_25000_bzip2__instcount_plainmodel,6000,20414,0.6509,1.40,0.070571,[.00
PPO_25000_bzip2__instcount_plainmodel,6000,14781,1.0910,1.94,0.08106,[.00
PPO_25000_bzip2__instcount_plainmodel,6000,13972,1.1541,2.05,0.080106,[.00
PPO_25000_bzip2__instcount_plainmodel,6000,18280,0.8176,1.57,0.074533,[.00
PPO_25000_bzip2__instcount_plainmodel,6000,15441,1.0394,1.86,0.071219,[.00
PPO_25000_bzip2__instcount_plainmodel,6000,14738,1.0943,1.95,0.085196,[.00
PPO_25000_bzip2__instcount_plainmodel,6000,13759,1.1708,2.08,0.080222,[.00
PPO_25000_bzip2__instcount_plainmodel,6000,15543,1.0314,1.84,0.065556,[.00
PPO_25000_bzip2__instcount_plainmodel,6000,15927,1.0014,1.80,0.075011,[.00
PPO_25000_bzip2__instcount_plainmodel,6000,14155,1.1399,2.03,0.074533,[.00
PPO_25000_bzip2__instcount_plainmodel,6000,15286,1.0515,1.88,0.083993,[.00
PPO_25000_bzip2__instcount_plainmodel,6000,14077,1.1459,2.04,0.085232,[.00
PPO_25000_bzip2__instcount_plainmodel,6000,16075,0.9899,1.78,0.086698,[.00
PPO_25000_bzip2__instcount_plainmodel,6000,18430,0.8059,1.55,0.068633,[.00
PPO_25000_bzip2__instcount_plainmodel,6000,16921,0.9238,1.69,0.081119,[.00
PPO_25000_bzip2__instcount_plainmodel,6000,16714,0.9400,1.71,0.074944,[.00
PPO_25000_bzip2__instcount_plainmodel,6000,13897,1.1600,2.06,0.078089,[.00
PPO_25000_bzip2__instcount_plainmodel,6000,15959,0.9989,1.80,0.069878,[.00
PPO_25000_bzip2__instcount_plainmodel,6000,15970,0.9981,1.80,0.07076,[.00
PPO_25000_bzip2__instcount_plainmodel,6000,22430,0.4935,1.28,0.092392,[.00
PPO_25000_bzip2__instcount_plainmodel,6000,13684,1.1766,2.10,0.080038,[.00
PPO_25000_bzip2__instcount_plainmodel,6000,17944,0.8439,1.60,0.077052,[.00
PPO_25000_bzip2__instcount_plainmodel,6000,15160,1.0613,1.89,0.069596,[.00
PPO_25000_bzip2__instcount_plainmodel,6000,17925,0.8454,1.60,0.067859,[.00
PPO_25000_bzip2__instcount_plainmodel,6000,15148,1.0623,1.89,0.081548,[.00
PPO_25000_bzip2__instcount_plainmodel,6000,15256,1.0538,1.88,0.069646,[.00
PPO_25000_bzip2__instcount_plainmodel,6000,16811,0.9324,1.71,0.094149,[.00
PPO_25000_bzip2__instcount_plainmodel,7000,14476,1.1148,1.98,0.080278,[.00
PPO_25000_bzip2__instcount_plainmodel,7000,13859,1.1630,2.07,0.088379,[.00
PPO_25000_bzip2__instcount_plainmodel,7000,16016,0.9945,1.79,0.076845,[.00
PPO_25000_bzip2__instcount_plainmodel,7000,15951,0.9996,1.80,0.077982,[.00
PPO_25000_bzip2__instcount_plainmodel,7000,18201,0.8238,1.57,0.070602,[.00
PPO_25000_bzip2__instcount_plainmodel,7000,14810,1.0887,1.94,0.077404,[.00
PPO_25000_bzip2__instcount_plainmodel,7000,13800,1.1676,2.08,0.082084,[.00
PPO_25000_bzip2__instcount_plainmodel,7000,17345,0.8907,1.65,0.08329,[.00
PPO_25000_bzip2__instcount_plainmodel,7000,15253,1.0541,1.88,0.082298,[.00
PPO_25000_bzip2__instcount_plainmodel,7000,15432,1.0401,1.86,0.080515,[.00
PPO_25000_bzip2__instcount_plainmodel,7000,15464,1.0376,1.85,0.097032,[.00
PPO_25000_bzip2__instcount_plainmodel,7000,15105,1.0656,1.90,0.083291,[.00
PPO_25000_bzip2__instcount_plainmodel,7000,15449,1.0388,1.86,0.074902,[.00
PPO_25000_bzip2__instcount_plainmodel,7000,15821,1.0097,1.81,0.069559,[.00
PPO_25000_bzip2__instcount_plainmodel,7000,15148,1.0623,1.89,0.078941,[.00
PPO_25000_bzip2__instcount_plainmodel,7000,14937,1.0788,1.92,0.06848,[.00
PPO_25000_bzip2__instcount_plainmodel,7000,15820,1.0098,1.81,0.095959,[.00
PPO_25000_bzip2__instcount_plainmodel,7000,16707,0.9405,1.72,0.086768,[.00
PPO_25000_bzip2__instcount_plainmodel,7000,15567,1.0296,1.84,0.081534,[.00
PPO_25000_bzip2__instcount_plainmodel,7000,17060,0.9129,1.68,0.090133,[.00
PPO_25000_bzip2__instcount_plainmodel,7000,15217,1.0569,1.88,0.081134,[.00
PPO_25000_bzip2__instcount_plainmodel,7000,16790,0.9340,1.71,0.072442,[.00
PPO_25000_bzip2__instcount_plainmodel,7000,15753,1.0150,1.82,0.081115,[.00
PPO_25000_bzip2__instcount_plainmodel,7000,14553,1.1088,1.97,0.078626,[.00
PPO_25000_bzip2__instcount_plainmodel,7000,15262,1.0534,1.88,0.075668,[.00
PPO_25000_bzip2__instcount_plainmodel,7000,17541,0.8754,1.63,0.069674,[.00
PPO_25000_bzip2__instcount_plainmodel,7000,14886,1.0827,1.93,0.085688,[.00
PPO_25000_bzip2__instcount_plainmodel,7000,14346,1.1249,2.00,0.076989,[.00
PPO_25000_bzip2__instcount_plainmodel,7000,20851,0.6168,1.37,0.0819,[.00
PPO_25000_bzip2__instcount_plainmodel,7000,14236,1.1335,2.01,0.081184,[.00
PPO_25000_bzip2__instcount_plainmodel,7000,17823,0.8533,1.61,0.088191,[.00
PPO_25000_bzip2__instcount_plainmodel,7000,15850,1.0074,1.81,0.067336,[.00
PPO_25000_bzip2__instcount_plainmodel,7000,14938,1.0787,1.92,0.071416,[.00
PPO_25000_bzip2__instcount_plainmodel,7000,17150,0.9059,1.67,0.044494,[.00
PPO_25000_bzip2__instcount_plainmodel,7000,13944,1.1563,2.06,0.083256,[.00
PPO_25000_bzip2__instcount_plainmodel,7000,15480,1.0364,1.85,0.086405,[.00
PPO_25000_bzip2__instcount_plainmodel,7000,14369,1.1231,2.00,0.080594,[.00
PPO_25000_bzip2__instcount_plainmodel,7000,13358,1.2021,2.15,0.082462,[.00
PPO_25000_bzip2__instcount_plainmodel,7000,14861,1.0847,1.93,0.083776,[.00
PPO_25000_bzip2__instcount_plainmodel,7000,14865,1.0844,1.93,0.074057,[.00
PPO_25000_bzip2__instcount_plainmodel,7000,15751,1.0152,1.82,0.099298,[.00
PPO_25000_bzip2__instcount_plainmodel,7000,16970,0.9200,1.69,0.068992,[.00
PPO_25000_bzip2__instcount_plainmodel,7000,15274,1.0524,1.88,0.072711,[.00
PPO_25000_bzip2__instcount_plainmodel,7000,15498,1.0349,1.85,0.075512,[.00
PPO_25000_bzip2__instcount_plainmodel,7000,16211,0.9793,1.77,0.06582,[.00
PPO_25000_bzip2__instcount_plainmodel,7000,15415,1.0414,1.86,0.081731,[.00
PPO_25000_bzip2__instcount_plainmodel,7000,14436,1.1179,1.99,0.091197,[.00
PPO_25000_bzip2__instcount_plainmodel,7000,14159,1.1395,2.03,0.080357,[.00
PPO_25000_bzip2__instcount_plainmodel,7000,15038,1.0709,1.91,0.078462,[.00
PPO_25000_bzip2__instcount_plainmodel,7000,16587,0.9499,1.73,0.074513,[.00
PPO_25000_bzip2__instcount_plainmodel,7000,19458,0.7256,1.47,0.068098,[.00
PPO_25000_bzip2__instcount_plainmodel,7000,14416,1.1195,1.99,0.083499,[.00
PPO_25000_bzip2__instcount_plainmodel,7000,15598,1.0271,1.84,0.076177,[.00
PPO_25000_bzip2__instcount_plainmodel,7000,14846,1.0859,1.93,0.084452,[.00
PPO_25000_bzip2__instcount_plainmodel,7000,14392,1.1213,1.99,0.078373,[.00
PPO_25000_bzip2__instcount_plainmodel,7000,14733,1.0947,1.95,0.079708,[.00
PPO_25000_bzip2__instcount_plainmodel,7000,14451,1.1167,1.98,0.080892,[.00
PPO_25000_bzip2__instcount_plainmodel,7000,14418,1.1193,1.99,0.087289,[.00
PPO_25000_bzip2__instcount_plainmodel,7000,16007,0.9952,1.79,0.07053,[.00
PPO_25000_bzip2__instcount_plainmodel,7000,16403,0.9643,1.75,0.065549,[.00
PPO_25000_bzip2__instcount_plainmodel,7000,16832,0.9307,1.70,0.086631,[.00
PPO_25000_bzip2__instcount_plainmodel,7000,15755,1.0149,1.82,0.072623,[.00
PPO_25000_bzip2__instcount_plainmodel,7000,14878,1.0834,1.93,0.074264,[.00
PPO_25000_bzip2__instcount_plainmodel,7000,14388,1.1216,1.99,0.080397,[.00
PPO_25000_bzip2__instcount_plainmodel,7000,14950,1.0778,1.92,0.080709,[.00
PPO_25000_bzip2__instcount_plainmodel,7000,14468,1.1154,1.98,0.087277,[.00
PPO_25000_bzip2__instcount_plainmodel,7000,19277,0.7398,1.49,0.068341,[.00
PPO_25000_bzip2__instcount_plainmodel,7000,13825,1.1656,2.07,0.085385,[.00
PPO_25000_bzip2__instcount_plainmodel,7000,20239,0.6646,1.42,0.070249,[.00
PPO_25000_bzip2__instcount_plainmodel,7000,17668,0.8654,1.62,0.083913,[.00
PPO_25000_bzip2__instcount_plainmodel,7000,16566,0.9515,1.73,0.082407,[.00
PPO_25000_bzip2__instcount_plainmodel,7000,14165,1.1391,2.02,0.083263,[.00
PPO_25000_bzip2__instcount_plainmodel,7000,16222,0.9784,1.77,0.06838,[.00
PPO_25000_bzip2__instcount_plainmodel,7000,18524,0.7986,1.55,0.078636,[.00
PPO_25000_bzip2__instcount_plainmodel,7000,14774,1.0915,1.94,0.083459,[.00
PPO_25000_bzip2__instcount_plainmodel,7000,16100,0.9879,1.78,0.070657,[.00
PPO_25000_bzip2__instcount_plainmodel,7000,15219,1.0567,1.88,0.071618,[.00
PPO_25000_bzip2__instcount_plainmodel,7000,15312,1.0495,1.87,0.076315,[.00
PPO_25000_bzip2__instcount_plainmodel,7000,14465,1.1156,1.98,0.080077,[.00
PPO_25000_bzip2__instcount_plainmodel,7000,14916,1.0804,1.92,0.067429,[.00
PPO_25000_bzip2__instcount_plainmodel,7000,14790,1.0902,1.94,0.082457,[.00
PPO_25000_bzip2__instcount_plainmodel,7000,13765,1.1703,2.08,0.080397,[.00
PPO_25000_bzip2__instcount_plainmodel,7000,16409,0.9638,1.75,0.08137,[.00
PPO_25000_bzip2__instcount_plainmodel,7000,14688,1.0982,1.95,0.080277,[.00
PPO_25000_bzip2__instcount_plainmodel,7000,14318,1.1271,2.00,0.093337,[.00
PPO_25000_bzip2__instcount_plainmodel,7000,15075,1.0680,1.90,0.083894,[.00
PPO_25000_bzip2__instcount_plainmodel,7000,15565,1.0297,1.84,0.069638,[.00
PPO_25000_bzip2__instcount_plainmodel,7000,14449,1.1169,1.98,0.093617,[.00
PPO_25000_bzip2__instcount_plainmodel,7000,13592,1.1838,2.11,0.077948,[.00
PPO_25000_bzip2__instcount_plainmodel,7000,15252,1.0542,1.88,0.087646,[.00
PPO_25000_bzip2__instcount_plainmodel,7000,16115,0.9867,1.78,0.071704,[.00
PPO_25000_bzip2__instcount_plainmodel,7000,15538,1.0318,1.85,0.084553,[.00
PPO_25000_bzip2__instcount_plainmodel,7000,14466,1.1156,1.98,0.080659,[.00
PPO_25000_bzip2__instcount_plainmodel,7000,15605,1.0266,1.84,0.068617,[.00
PPO_25000_bzip2__instcount_plainmodel,7000,15011,1.0730,1.91,0.083626,[.00
PPO_25000_bzip2__instcount_plainmodel,7000,14481,1.1144,1.98,0.089751,[.00
PPO_25000_bzip2__instcount_plainmodel,7000,14439,1.1177,1.99,0.093792,[.00
PPO_25000_bzip2__instcount_plainmodel,7000,14236,1.1335,2.01,0.081218,[.00
PPO_25000_bzip2__instcount_plainmodel,7000,14239,1.1333,2.01,0.085584,[.00
PPO_25000_bzip2__instcount_plainmodel,7000,15205,1.0578,1.89,0.083357,[.00
PPO_25000_bzip2__instcount_plainmodel,8000,14434,1.1181,1.99,0.083057,[.00
PPO_25000_bzip2__instcount_plainmodel,8000,15384,1.0438,1.86,0.084843,[.00
PPO_25000_bzip2__instcount_plainmodel,8000,14874,1.0837,1.93,0.080292,[.00
PPO_25000_bzip2__instcount_plainmodel,8000,14447,1.1170,1.98,0.081327,[.00
PPO_25000_bzip2__instcount_plainmodel,8000,16207,0.9796,1.77,0.081055,[.00
PPO_25000_bzip2__instcount_plainmodel,8000,14650,1.1012,1.96,0.080408,[.00
PPO_25000_bzip2__instcount_plainmodel,8000,15092,1.0667,1.90,0.086449,[.00
PPO_25000_bzip2__instcount_plainmodel,8000,14581,1.1066,1.97,0.067147,[.00
PPO_25000_bzip2__instcount_plainmodel,8000,14922,1.0799,1.92,0.072344,[.00
PPO_25000_bzip2__instcount_plainmodel,8000,14050,1.1481,2.04,0.08212,[.00
PPO_25000_bzip2__instcount_plainmodel,8000,14123,1.1423,2.03,0.079087,[.00
PPO_25000_bzip2__instcount_plainmodel,8000,14222,1.1346,2.02,0.083627,[.00
PPO_25000_bzip2__instcount_plainmodel,8000,14816,1.0882,1.94,0.080254,[.00
PPO_25000_bzip2__instcount_plainmodel,8000,14827,1.0874,1.93,0.081294,[.00
PPO_25000_bzip2__instcount_plainmodel,8000,16208,0.9795,1.77,0.079192,[.00
PPO_25000_bzip2__instcount_plainmodel,8000,14198,1.1365,2.02,0.076843,[.00
PPO_25000_bzip2__instcount_plainmodel,8000,15874,1.0056,1.81,0.075614,[.00
PPO_25000_bzip2__instcount_plainmodel,8000,14772,1.0917,1.94,0.079984,[.00
PPO_25000_bzip2__instcount_plainmodel,8000,13960,1.1551,2.05,0.079697,[.00
PPO_25000_bzip2__instcount_plainmodel,8000,13704,1.1751,2.09,0.083152,[.00
PPO_25000_bzip2__instcount_plainmodel,8000,15278,1.0521,1.88,0.088918,[.00
PPO_25000_bzip2__instcount_plainmodel,8000,14237,1.1334,2.01,0.084102,[.00
PPO_25000_bzip2__instcount_plainmodel,8000,14525,1.1109,1.97,0.078509,[.00
PPO_25000_bzip2__instcount_plainmodel,8000,15298,1.0506,1.87,0.087642,[.00
PPO_25000_bzip2__instcount_plainmodel,8000,14370,1.1231,2.00,0.079008,[.00
PPO_25000_bzip2__instcount_plainmodel,8000,15467,1.0374,1.85,0.100022,[.00
PPO_25000_bzip2__instcount_plainmodel,8000,16273,0.9744,1.76,0.091196,[.00
PPO_25000_bzip2__instcount_plainmodel,8000,16615,0.9477,1.73,0.071541,[.00
PPO_25000_bzip2__instcount_plainmodel,8000,14830,1.0871,1.93,0.070247,[.00
PPO_25000_bzip2__instcount_plainmodel,8000,15963,0.9986,1.80,0.072197,[.00
PPO_25000_bzip2__instcount_plainmodel,8000,14955,1.0774,1.92,0.084673,[.00
PPO_25000_bzip2__instcount_plainmodel,8000,15130,1.0637,1.90,0.081779,[.00
PPO_25000_bzip2__instcount_plainmodel,8000,14153,1.1400,2.03,0.082536,[.00
PPO_25000_bzip2__instcount_plainmodel,8000,14418,1.1193,1.99,0.076109,[.00
PPO_25000_bzip2__instcount_plainmodel,8000,13786,1.1687,2.08,0.079193,[.00
PPO_25000_bzip2__instcount_plainmodel,8000,14466,1.1156,1.98,0.082687,[.00
PPO_25000_bzip2__instcount_plainmodel,8000,14960,1.0770,1.92,0.06862,[.00
PPO_25000_bzip2__instcount_plainmodel,8000,14697,1.0975,1.95,0.081381,[.00
PPO_25000_bzip2__instcount_plainmodel,8000,14535,1.1102,1.97,0.08228,[.00
PPO_25000_bzip2__instcount_plainmodel,8000,15033,1.0713,1.91,0.081102,[.00
PPO_25000_bzip2__instcount_plainmodel,8000,15216,1.0570,1.88,0.067519,[.00
PPO_25000_bzip2__instcount_plainmodel,8000,15042,1.0706,1.91,0.071335,[.00
PPO_25000_bzip2__instcount_plainmodel,8000,16253,0.9760,1.76,0.092142,[.00
PPO_25000_bzip2__instcount_plainmodel,8000,13987,1.1530,2.05,0.079278,[.00
PPO_25000_bzip2__instcount_plainmodel,8000,15340,1.0473,1.87,0.070291,[.00
PPO_25000_bzip2__instcount_plainmodel,8000,14575,1.1070,1.97,0.080932,[.00
PPO_25000_bzip2__instcount_plainmodel,8000,14027,1.1498,2.04,0.085532,[.00
PPO_25000_bzip2__instcount_plainmodel,8000,14490,1.1137,1.98,0.083548,[.00
PPO_25000_bzip2__instcount_plainmodel,8000,14403,1.1205,1.99,0.083554,[.00
PPO_25000_bzip2__instcount_plainmodel,8000,21468,0.5686,1.33,0.080606,[.00
PPO_25000_bzip2__instcount_plainmodel,8000,16033,0.9932,1.79,0.067409,[.00
PPO_25000_bzip2__instcount_plainmodel,8000,16356,0.9679,1.75,0.071897,[.00
PPO_25000_bzip2__instcount_plainmodel,8000,14390,1.1215,1.99,0.080626,[.00
PPO_25000_bzip2__instcount_plainmodel,8000,13719,1.1739,2.09,0.079065,[.00
PPO_25000_bzip2__instcount_plainmodel,8000,14708,1.0967,1.95,0.0704,[.00
PPO_25000_bzip2__instcount_plainmodel,8000,14075,1.1461,2.04,0.096265,[.00
PPO_25000_bzip2__instcount_plainmodel,8000,19044,0.7580,1.50,0.076078,[.00
PPO_25000_bzip2__instcount_plainmodel,8000,14916,1.0804,1.92,0.079246,[.00
PPO_25000_bzip2__instcount_plainmodel,8000,15272,1.0526,1.88,0.068638,[.00
PPO_25000_bzip2__instcount_plainmodel,8000,14126,1.1421,2.03,0.083384,[.00
PPO_25000_bzip2__instcount_plainmodel,8000,15190,1.0590,1.89,0.077031,[.00
PPO_25000_bzip2__instcount_plainmodel,8000,15693,1.0197,1.83,0.071652,[.00
PPO_25000_bzip2__instcount_plainmodel,8000,15318,1.0490,1.87,0.085687,[.00
PPO_25000_bzip2__instcount_plainmodel,8000,15348,1.0467,1.87,0.079144,[.00
PPO_25000_bzip2__instcount_plainmodel,8000,14203,1.1361,2.02,0.082205,[.00
PPO_25000_bzip2__instcount_plainmodel,8000,14918,1.0802,1.92,0.080785,[.00
PPO_25000_bzip2__instcount_plainmodel,8000,15047,1.0702,1.91,0.084442,[.00
PPO_25000_bzip2__instcount_plainmodel,8000,14241,1.1331,2.01,0.07741,[.00
PPO_25000_bzip2__instcount_plainmodel,8000,16287,0.9733,1.76,0.069486,[.00
PPO_25000_bzip2__instcount_plainmodel,8000,16550,0.9528,1.73,0.072148,[.00
PPO_25000_bzip2__instcount_plainmodel,8000,14271,1.1308,2.01,0.082219,[.00
PPO_25000_bzip2__instcount_plainmodel,8000,14095,1.1445,2.03,0.083097,[.00
PPO_25000_bzip2__instcount_plainmodel,8000,13831,1.1652,2.07,0.081735,[.00
PPO_25000_bzip2__instcount_plainmodel,8000,15158,1.0615,1.89,0.067587,[.00
PPO_25000_bzip2__instcount_plainmodel,8000,14902,1.0815,1.92,0.087673,[.00
PPO_25000_bzip2__instcount_plainmodel,8000,18085,0.8329,1.58,0.094564,[.00
PPO_25000_bzip2__instcount_plainmodel,8000,14712,1.0963,1.95,0.084492,[.00
PPO_25000_bzip2__instcount_plainmodel,8000,15552,1.0307,1.84,0.065616,[.00
PPO_25000_bzip2__instcount_plainmodel,8000,14021,1.1503,2.05,0.077508,[.00
PPO_25000_bzip2__instcount_plainmodel,8000,14312,1.1276,2.00,0.082519,[.00
PPO_25000_bzip2__instcount_plainmodel,8000,14569,1.1075,1.97,0.080746,[.00
PPO_25000_bzip2__instcount_plainmodel,8000,16001,0.9957,1.79,0.09331,[.00
PPO_25000_bzip2__instcount_plainmodel,8000,15193,1.0588,1.89,0.080612,[.00
PPO_25000_bzip2__instcount_plainmodel,8000,14613,1.1041,1.96,0.082976,[.00
PPO_25000_bzip2__instcount_plainmodel,8000,19069,0.7560,1.50,0.090903,[.00
PPO_25000_bzip2__instcount_plainmodel,8000,14638,1.1021,1.96,0.084058,[.00
PPO_25000_bzip2__instcount_plainmodel,8000,20002,0.6831,1.43,0.084365,[.00
PPO_25000_bzip2__instcount_plainmodel,8000,14846,1.0859,1.93,0.08132,[.00
PPO_25000_bzip2__instcount_plainmodel,8000,15162,1.0612,1.89,0.067383,[.00
PPO_25000_bzip2__instcount_plainmodel,8000,14626,1.1031,1.96,0.082913,[.00
PPO_25000_bzip2__instcount_plainmodel,8000,15006,1.0734,1.91,0.063905,[.00
PPO_25000_bzip2__instcount_plainmodel,8000,15749,1.0153,1.82,0.08157,[.00
PPO_25000_bzip2__instcount_plainmodel,8000,14904,1.0813,1.92,0.077678,[.00
PPO_25000_bzip2__instcount_plainmodel,8000,14496,1.1132,1.98,0.082845,[.00
PPO_25000_bzip2__instcount_plainmodel,8000,15696,1.0195,1.83,0.073035,[.00
PPO_25000_bzip2__instcount_plainmodel,8000,16991,0.9183,1.69,0.07268,[.00
PPO_25000_bzip2__instcount_plainmodel,8000,14724,1.0954,1.95,0.067711,[.00
PPO_25000_bzip2__instcount_plainmodel,8000,14299,1.1286,2.01,0.081341,[.00
PPO_25000_bzip2__instcount_plainmodel,8000,13738,1.1724,2.09,0.08339,[.00
PPO_25000_bzip2__instcount_plainmodel,8000,14996,1.0742,1.91,0.088594,[.00
PPO_25000_bzip2__instcount_plainmodel,9000,14437,1.1178,1.99,0.067495,[.00
PPO_25000_bzip2__instcount_plainmodel,9000,14748,1.0935,1.94,0.082274,[.00
PPO_25000_bzip2__instcount_plainmodel,9000,14526,1.1109,1.97,0.069259,[.00
PPO_25000_bzip2__instcount_plainmodel,9000,13953,1.1556,2.06,0.084079,[.00
PPO_25000_bzip2__instcount_plainmodel,9000,33259,-0.3523,0.86,0.081405,[.00
PPO_25000_bzip2__instcount_plainmodel,9000,14699,1.0974,1.95,0.086406,[.00
PPO_25000_bzip2__instcount_plainmodel,9000,14224,1.1345,2.02,0.079419,[.00
PPO_25000_bzip2__instcount_plainmodel,9000,13818,1.1662,2.08,0.082264,[.00
PPO_25000_bzip2__instcount_plainmodel,9000,14194,1.1368,2.02,0.085491,[.00
PPO_25000_bzip2__instcount_plainmodel,9000,14032,1.1495,2.04,0.082545,[.00
PPO_25000_bzip2__instcount_plainmodel,9000,14823,1.0877,1.93,0.076751,[.00
PPO_25000_bzip2__instcount_plainmodel,9000,14768,1.0920,1.94,0.078402,[.00
PPO_25000_bzip2__instcount_plainmodel,9000,14670,1.0996,1.95,0.080412,[.00
PPO_25000_bzip2__instcount_plainmodel,9000,14425,1.1188,1.99,0.082828,[.00
PPO_25000_bzip2__instcount_plainmodel,9000,14242,1.1331,2.01,0.081899,[.00
PPO_25000_bzip2__instcount_plainmodel,9000,15018,1.0724,1.91,0.072709,[.00
PPO_25000_bzip2__instcount_plainmodel,9000,15317,1.0491,1.87,0.079555,[.00
PPO_25000_bzip2__instcount_plainmodel,9000,15277,1.0522,1.88,0.089724,[.00
PPO_25000_bzip2__instcount_plainmodel,9000,15361,1.0456,1.87,0.070213,[.00
PPO_25000_bzip2__instcount_plainmodel,9000,14465,1.1156,1.98,0.079514,[.00
PPO_25000_bzip2__instcount_plainmodel,9000,14741,1.0941,1.95,0.079067,[.00
PPO_25000_bzip2__instcount_plainmodel,9000,14697,1.0975,1.95,0.084021,[.00
PPO_25000_bzip2__instcount_plainmodel,9000,14530,1.1106,1.97,0.078355,[.00
PPO_25000_bzip2__instcount_plainmodel,9000,14255,1.1320,2.01,0.082695,[.00
PPO_25000_bzip2__instcount_plainmodel,9000,13998,1.1521,2.05,0.078074,[.00
PPO_25000_bzip2__instcount_plainmodel,9000,31431,-0.2095,0.91,0.08155,[.00
PPO_25000_bzip2__instcount_plainmodel,9000,14953,1.0775,1.92,0.070452,[.00
PPO_25000_bzip2__instcount_plainmodel,9000,14757,1.0928,1.94,0.06702,[.00
PPO_25000_bzip2__instcount_plainmodel,9000,13496,1.1913,2.13,0.081925,[.00
PPO_25000_bzip2__instcount_plainmodel,9000,14301,1.1284,2.01,0.078533,[.00
PPO_25000_bzip2__instcount_plainmodel,9000,13771,1.1698,2.08,0.077922,[.00
PPO_25000_bzip2__instcount_plainmodel,9000,16013,0.9947,1.79,0.071676,[.00
PPO_25000_bzip2__instcount_plainmodel,9000,14610,1.1043,1.96,0.083154,[.00
PPO_25000_bzip2__instcount_plainmodel,9000,13761,1.1706,2.08,0.081563,[.00
PPO_25000_bzip2__instcount_plainmodel,9000,13898,1.1599,2.06,0.082338,[.00
PPO_25000_bzip2__instcount_plainmodel,9000,14700,1.0973,1.95,0.079941,[.00
PPO_25000_bzip2__instcount_plainmodel,9000,14660,1.1004,1.96,0.098398,[.00
PPO_25000_bzip2__instcount_plainmodel,9000,14744,1.0938,1.94,0.071183,[.00
PPO_25000_bzip2__instcount_plainmodel,9000,13990,1.1527,2.05,0.0891,[.00
PPO_25000_bzip2__instcount_plainmodel,9000,13997,1.1522,2.05,0.084978,[.00
PPO_25000_bzip2__instcount_plainmodel,9000,16336,0.9695,1.75,0.088345,[.00
PPO_25000_bzip2__instcount_plainmodel,9000,14323,1.1267,2.00,0.092526,[.00
PPO_25000_bzip2__instcount_plainmodel,9000,14185,1.1375,2.02,0.086011,[.00
PPO_25000_bzip2__instcount_plainmodel,9000,15043,1.0705,1.91,0.076198,[.00
PPO_25000_bzip2__instcount_plainmodel,9000,14352,1.1245,2.00,0.083857,[.00
PPO_25000_bzip2__instcount_plainmodel,9000,14631,1.1027,1.96,0.083769,[.00
PPO_25000_bzip2__instcount_plainmodel,9000,15007,1.0733,1.91,0.08015,[.00
PPO_25000_bzip2__instcount_plainmodel,9000,14659,1.1005,1.96,0.079413,[.00
PPO_25000_bzip2__instcount_plainmodel,9000,14505,1.1125,1.98,0.085562,[.00
PPO_25000_bzip2__instcount_plainmodel,9000,14637,1.1022,1.96,0.099524,[.00
PPO_25000_bzip2__instcount_plainmodel,9000,15144,1.0626,1.89,0.08445,[.00
PPO_25000_bzip2__instcount_plainmodel,9000,45443,-1.3040,0.63,0.080972,[.00
PPO_25000_bzip2__instcount_plainmodel,9000,16121,0.9863,1.78,0.09978,[.00
PPO_25000_bzip2__instcount_plainmodel,9000,13802,1.1674,2.08,0.080399,[.00
PPO_25000_bzip2__instcount_plainmodel,9000,14366,1.1234,2.00,0.084428,[.00
PPO_25000_bzip2__instcount_plainmodel,9000,13725,1.1734,2.09,0.082598,[.00
PPO_25000_bzip2__instcount_plainmodel,9000,13895,1.1602,2.06,0.092173,[.00
PPO_25000_bzip2__instcount_plainmodel,9000,18149,0.8279,1.58,0.078809,[.00
PPO_25000_bzip2__instcount_plainmodel,9000,16172,0.9823,1.77,0.071957,[.00
PPO_25000_bzip2__instcount_plainmodel,9000,14007,1.1514,2.05,0.080836,[.00
PPO_25000_bzip2__instcount_plainmodel,9000,14623,1.1033,1.96,0.074363,[.00
PPO_25000_bzip2__instcount_plainmodel,9000,15615,1.0258,1.84,0.0685,[.00
PPO_25000_bzip2__instcount_plainmodel,9000,14288,1.1295,2.01,0.072742,[.00
PPO_25000_bzip2__instcount_plainmodel,9000,14820,1.0879,1.93,0.083373,[.00
PPO_25000_bzip2__instcount_plainmodel,9000,14237,1.1334,2.01,0.081892,[.00
PPO_25000_bzip2__instcount_plainmodel,9000,14571,1.1074,1.97,0.082769,[.00
PPO_25000_bzip2__instcount_plainmodel,9000,15189,1.0591,1.89,0.085108,[.00
PPO_25000_bzip2__instcount_plainmodel,9000,13966,1.1546,2.05,0.080453,[.00
PPO_25000_bzip2__instcount_plainmodel,9000,14229,1.1341,2.02,0.078156,[.00
PPO_25000_bzip2__instcount_plainmodel,9000,14755,1.0930,1.94,0.081996,[.00
PPO_25000_bzip2__instcount_plainmodel,9000,14918,1.0802,1.92,0.076205,[.00
PPO_25000_bzip2__instcount_plainmodel,9000,14729,1.0950,1.95,0.078553,[.00
PPO_25000_bzip2__instcount_plainmodel,9000,14947,1.0780,1.92,0.079098,[.00
PPO_25000_bzip2__instcount_plainmodel,9000,14558,1.1084,1.97,0.087361,[.00
PPO_25000_bzip2__instcount_plainmodel,9000,19507,0.7218,1.47,0.079175,[.00
PPO_25000_bzip2__instcount_plainmodel,9000,14165,1.1391,2.02,0.078684,[.00
PPO_25000_bzip2__instcount_plainmodel,9000,14159,1.1395,2.03,0.099222,[.00
PPO_25000_bzip2__instcount_plainmodel,9000,13778,1.1693,2.08,0.085559,[.00
PPO_25000_bzip2__instcount_plainmodel,9000,13725,1.1734,2.09,0.081648,[.00
PPO_25000_bzip2__instcount_plainmodel,9000,14552,1.1088,1.97,0.080675,[.00
PPO_25000_bzip2__instcount_plainmodel,9000,14945,1.0781,1.92,0.079755,[.00
PPO_25000_bzip2__instcount_plainmodel,9000,15193,1.0588,1.89,0.068909,[.00
PPO_25000_bzip2__instcount_plainmodel,9000,14386,1.1218,1.99,0.082325,[.00
PPO_25000_bzip2__instcount_plainmodel,9000,16332,0.9698,1.76,0.083235,[.00
PPO_25000_bzip2__instcount_plainmodel,9000,13717,1.1741,2.09,0.08142,[.00
PPO_25000_bzip2__instcount_plainmodel,9000,14020,1.1504,2.05,0.082128,[.00
PPO_25000_bzip2__instcount_plainmodel,9000,14377,1.1225,1.99,0.082686,[.00
PPO_25000_bzip2__instcount_plainmodel,9000,15041,1.0706,1.91,0.067688,[.00
PPO_25000_bzip2__instcount_plainmodel,9000,14314,1.1274,2.00,0.085884,[.00
PPO_25000_bzip2__instcount_plainmodel,9000,14842,1.0862,1.93,0.079807,[.00
PPO_25000_bzip2__instcount_plainmodel,9000,14385,1.1219,1.99,0.092949,[.00
PPO_25000_bzip2__instcount_plainmodel,9000,13962,1.1549,2.05,0.083933,[.00
PPO_25000_bzip2__instcount_plainmodel,9000,14491,1.1136,1.98,0.079474,[.00
PPO_25000_bzip2__instcount_plainmodel,9000,14061,1.1472,2.04,0.084803,[.00
PPO_25000_bzip2__instcount_plainmodel,9000,14311,1.1277,2.00,0.067576,[.00
PPO_25000_bzip2__instcount_plainmodel,9000,14482,1.1143,1.98,0.083759,[.00
PPO_25000_bzip2__instcount_plainmodel,9000,15870,1.0059,1.81,0.072967,[.00
PPO_25000_bzip2__instcount_plainmodel,9000,15013,1.0728,1.91,0.080411,[.00
PPO_25000_bzip2__instcount_plainmodel,9000,15146,1.0624,1.89,0.080266,[.00
PPO_25000_bzip2__instcount_plainmodel,9000,14015,1.1508,2.05,0.083859,[.00
PPO_25000_bzip2__instcount_plainmodel,10000,14718,1.0959,1.95,0.06993,[.00
PPO_25000_bzip2__instcount_plainmodel,10000,13659,1.1786,2.10,0.078926,[.00
PPO_25000_bzip2__instcount_plainmodel,10000,14259,1.1317,2.01,0.079932,[.00
PPO_25000_bzip2__instcount_plainmodel,10000,14666,1.0999,1.96,0.088095,[.00
PPO_25000_bzip2__instcount_plainmodel,10000,13900,1.1598,2.06,0.082795,[.00
PPO_25000_bzip2__instcount_plainmodel,10000,14948,1.0779,1.92,0.064534,[.00
PPO_25000_bzip2__instcount_plainmodel,10000,14180,1.1379,2.02,0.081845,[.00
PPO_25000_bzip2__instcount_plainmodel,10000,14653,1.1009,1.96,0.078759,[.00
PPO_25000_bzip2__instcount_plainmodel,10000,14957,1.0772,1.92,0.067048,[.00
PPO_25000_bzip2__instcount_plainmodel,10000,13688,1.1763,2.10,0.081468,[.00
PPO_25000_bzip2__instcount_plainmodel,10000,14290,1.1293,2.01,0.084341,[.00
PPO_25000_bzip2__instcount_plainmodel,10000,14425,1.1188,1.99,0.107105,[.00
PPO_25000_bzip2__instcount_plainmodel,10000,14375,1.1227,1.99,0.079178,[.00
PPO_25000_bzip2__instcount_plainmodel,10000,14160,1.1395,2.03,0.081546,[.00
PPO_25000_bzip2__instcount_plainmodel,10000,15049,1.0700,1.91,0.080547,[.00
PPO_25000_bzip2__instcount_plainmodel,10000,14806,1.0890,1.94,0.088396,[.00
PPO_25000_bzip2__instcount_plainmodel,10000,14109,1.1434,2.03,0.080682,[.00
PPO_25000_bzip2__instcount_plainmodel,10000,14488,1.1138,1.98,0.084448,[.00
PPO_25000_bzip2__instcount_plainmodel,10000,14186,1.1374,2.02,0.085672,[.00
PPO_25000_bzip2__instcount_plainmodel,10000,13655,1.1789,2.10,0.081842,[.00
PPO_25000_bzip2__instcount_plainmodel,10000,15084,1.0673,1.90,0.084832,[.00
PPO_25000_bzip2__instcount_plainmodel,10000,14417,1.1194,1.99,0.08645,[.00
PPO_25000_bzip2__instcount_plainmodel,10000,14467,1.1155,1.98,0.093371,[.00
PPO_25000_bzip2__instcount_plainmodel,10000,13992,1.1526,2.05,0.080538,[.00
PPO_25000_bzip2__instcount_plainmodel,10000,14290,1.1293,2.01,0.077976,[.00
PPO_25000_bzip2__instcount_plainmodel,10000,15966,0.9984,1.80,0.079119,[.00
PPO_25000_bzip2__instcount_plainmodel,10000,14312,1.1276,2.00,0.078541,[.00
PPO_25000_bzip2__instcount_plainmodel,10000,14154,1.1399,2.03,0.081249,[.00
PPO_25000_bzip2__instcount_plainmodel,10000,15922,1.0018,1.80,0.091428,[.00
PPO_25000_bzip2__instcount_plainmodel,10000,14960,1.0770,1.92,0.077043,[.00
PPO_25000_bzip2__instcount_plainmodel,10000,14127,1.1420,2.03,0.080565,[.00
PPO_25000_bzip2__instcount_plainmodel,10000,15984,0.9970,1.79,0.068761,[.00
PPO_25000_bzip2__instcount_plainmodel,10000,14333,1.1259,2.00,0.078587,[.00
PPO_25000_bzip2__instcount_plainmodel,10000,14149,1.1403,2.03,0.079396,[.00
PPO_25000_bzip2__instcount_plainmodel,10000,14951,1.0777,1.92,0.081744,[.00
PPO_25000_bzip2__instcount_plainmodel,10000,13916,1.1585,2.06,0.079409,[.00
PPO_25000_bzip2__instcount_plainmodel,10000,14452,1.1167,1.98,0.082041,[.00
PPO_25000_bzip2__instcount_plainmodel,10000,16511,0.9558,1.74,0.044884,[.00
PPO_25000_bzip2__instcount_plainmodel,10000,14824,1.0876,1.93,0.084441,[.00
PPO_25000_bzip2__instcount_plainmodel,10000,14510,1.1121,1.98,0.075642,[.00
PPO_25000_bzip2__instcount_plainmodel,10000,13922,1.1581,2.06,0.093252,[.00
PPO_25000_bzip2__instcount_plainmodel,10000,16568,0.9514,1.73,0.081586,[.00
PPO_25000_bzip2__instcount_plainmodel,10000,14996,1.0742,1.91,0.085274,[.00
PPO_25000_bzip2__instcount_plainmodel,10000,13729,1.1731,2.09,0.086435,[.00
PPO_25000_bzip2__instcount_plainmodel,10000,14624,1.1032,1.96,0.087436,[.00
PPO_25000_bzip2__instcount_plainmodel,10000,14224,1.1345,2.02,0.084116,[.00
PPO_25000_bzip2__instcount_plainmodel,10000,14567,1.1077,1.97,0.08823,[.00
PPO_25000_bzip2__instcount_plainmodel,10000,14290,1.1293,2.01,0.080482,[.00
PPO_25000_bzip2__instcount_plainmodel,10000,13792,1.1682,2.08,0.079283,[.00
PPO_25000_bzip2__instcount_plainmodel,10000,16395,0.9649,1.75,0.101868,[.00
PPO_25000_bzip2__instcount_plainmodel,10000,16381,0.9660,1.75,0.045251,[.00
PPO_25000_bzip2__instcount_plainmodel,10000,14482,1.1143,1.98,0.080504,[.00
PPO_25000_bzip2__instcount_plainmodel,10000,15318,1.0490,1.87,0.078993,[.00
PPO_25000_bzip2__instcount_plainmodel,10000,15280,1.0520,1.88,0.078744,[.00
PPO_25000_bzip2__instcount_plainmodel,10000,14587,1.1061,1.97,0.084441,[.00
PPO_25000_bzip2__instcount_plainmodel,10000,14806,1.0890,1.94,0.078087,[.00
PPO_25000_bzip2__instcount_plainmodel,10000,14295,1.1289,2.01,0.086136,[.00
PPO_25000_bzip2__instcount_plainmodel,10000,15514,1.0337,1.85,0.06757,[.00
PPO_25000_bzip2__instcount_plainmodel,10000,14072,1.1463,2.04,0.08227,[.00
PPO_25000_bzip2__instcount_plainmodel,10000,14083,1.1455,2.04,0.08072,[.00
PPO_25000_bzip2__instcount_plainmodel,10000,13868,1.1623,2.07,0.084009,[.00
PPO_25000_bzip2__instcount_plainmodel,10000,13597,1.1834,2.11,0.082577,[.00
PPO_25000_bzip2__instcount_plainmodel,10000,14284,1.1298,2.01,0.095216,[.00
PPO_25000_bzip2__instcount_plainmodel,10000,14442,1.1174,1.99,0.06938,[.00
PPO_25000_bzip2__instcount_plainmodel,10000,15247,1.0546,1.88,0.091177,[.00
PPO_25000_bzip2__instcount_plainmodel,10000,13811,1.1667,2.08,0.087051,[.00
PPO_25000_bzip2__instcount_plainmodel,10000,14158,1.1396,2.03,0.081494,[.00
PPO_25000_bzip2__instcount_plainmodel,10000,15180,1.0598,1.89,0.091469,[.00
PPO_25000_bzip2__instcount_plainmodel,10000,15681,1.0206,1.83,0.074199,[.00
PPO_25000_bzip2__instcount_plainmodel,10000,14206,1.1359,2.02,0.081859,[.00
PPO_25000_bzip2__instcount_plainmodel,10000,13809,1.1669,2.08,0.080422,[.00
PPO_25000_bzip2__instcount_plainmodel,10000,17875,0.8493,1.60,0.091486,[.00
PPO_25000_bzip2__instcount_plainmodel,10000,13851,1.1636,2.07,0.084973,[.00
PPO_25000_bzip2__instcount_plainmodel,10000,15346,1.0468,1.87,0.080653,[.00
PPO_25000_bzip2__instcount_plainmodel,10000,14203,1.1361,2.02,0.081743,[.00
PPO_25000_bzip2__instcount_plainmodel,10000,16418,0.9631,1.75,0.080464,[.00
PPO_25000_bzip2__instcount_plainmodel,10000,14325,1.1266,2.00,0.079378,[.00
PPO_25000_bzip2__instcount_plainmodel,10000,19305,0.7376,1.48,0.07993,[.00
PPO_25000_bzip2__instcount_plainmodel,10000,14249,1.1325,2.01,0.080171,[.00
PPO_25000_bzip2__instcount_plainmodel,10000,13931,1.1573,2.06,0.094296,[.00
PPO_25000_bzip2__instcount_plainmodel,10000,14161,1.1394,2.03,0.081193,[.00
PPO_25000_bzip2__instcount_plainmodel,10000,13714,1.1743,2.09,0.101312,[.00
PPO_25000_bzip2__instcount_plainmodel,10000,14640,1.1020,1.96,0.084838,[.00
PPO_25000_bzip2__instcount_plainmodel,10000,15924,1.0017,1.80,0.081013,[.00
PPO_25000_bzip2__instcount_plainmodel,10000,14983,1.0752,1.91,0.088597,[.00
PPO_25000_bzip2__instcount_plainmodel,10000,14205,1.1359,2.02,0.084279,[.00
PPO_25000_bzip2__instcount_plainmodel,10000,14327,1.1264,2.00,0.078935,[.00
PPO_25000_bzip2__instcount_plainmodel,10000,15565,1.0297,1.84,0.079264,[.00
PPO_25000_bzip2__instcount_plainmodel,10000,13625,1.1812,2.10,0.077799,[.00
PPO_25000_bzip2__instcount_plainmodel,10000,14408,1.1201,1.99,0.077218,[.00
PPO_25000_bzip2__instcount_plainmodel,10000,14219,1.1349,2.02,0.085496,[.00
PPO_25000_bzip2__instcount_plainmodel,10000,14737,1.0944,1.95,0.08814,[.00
PPO_25000_bzip2__instcount_plainmodel,10000,15137,1.0631,1.89,0.068834,[.00
PPO_25000_bzip2__instcount_plainmodel,10000,15156,1.0617,1.89,0.072179,[.00
PPO_25000_bzip2__instcount_plainmodel,10000,15879,1.0052,1.81,0.072246,[.00
PPO_25000_bzip2__instcount_plainmodel,10000,14373,1.1228,2.00,0.084767,[.00
PPO_25000_bzip2__instcount_plainmodel,10000,14687,1.0983,1.95,0.082692,[.00
PPO_25000_bzip2__instcount_plainmodel,10000,19395,0.7305,1.48,0.077056,[.00
PPO_25000_bzip2__instcount_plainmodel,10000,13426,1.1968,2.14,0.081656,[.00
PPO_25000_bzip2__instcount_plainmodel,10000,14286,1.1296,2.01,0.081127,[.00
PPO_25000_bzip2__instcount_plainmodel,11000,14062,1.1471,2.04,0.083507,[.00
PPO_25000_bzip2__instcount_plainmodel,11000,14986,1.0749,1.91,0.094786,[.00
PPO_25000_bzip2__instcount_plainmodel,11000,14969,1.0763,1.92,0.071021,[.00
PPO_25000_bzip2__instcount_plainmodel,11000,13763,1.1705,2.08,0.078436,[.00
PPO_25000_bzip2__instcount_plainmodel,11000,13706,1.1749,2.09,0.077478,[.00
PPO_25000_bzip2__instcount_plainmodel,11000,14762,1.0924,1.94,0.080228,[.00
PPO_25000_bzip2__instcount_plainmodel,11000,14010,1.1512,2.05,0.092451,[.00
PPO_25000_bzip2__instcount_plainmodel,11000,13816,1.1663,2.08,0.078446,[.00
PPO_25000_bzip2__instcount_plainmodel,11000,16493,0.9572,1.74,0.082954,[.00
PPO_25000_bzip2__instcount_plainmodel,11000,13874,1.1618,2.07,0.085899,[.00
PPO_25000_bzip2__instcount_plainmodel,11000,14088,1.1451,2.04,0.080148,[.00
PPO_25000_bzip2__instcount_plainmodel,11000,14319,1.1270,2.00,0.081031,[.00
PPO_25000_bzip2__instcount_plainmodel,11000,15802,1.0112,1.81,0.096031,[.00
PPO_25000_bzip2__instcount_plainmodel,11000,14008,1.1513,2.05,0.082929,[.00
PPO_25000_bzip2__instcount_plainmodel,11000,14718,1.0959,1.95,0.07188,[.00
PPO_25000_bzip2__instcount_plainmodel,11000,15434,1.0399,1.86,0.077568,[.00
PPO_25000_bzip2__instcount_plainmodel,11000,14637,1.1022,1.96,0.085491,[.00
PPO_25000_bzip2__instcount_plainmodel,11000,13537,1.1881,2.12,0.081944,[.00
PPO_25000_bzip2__instcount_plainmodel,11000,15289,1.0513,1.88,0.079012,[.00
PPO_25000_bzip2__instcount_plainmodel,11000,14277,1.1303,2.01,0.083269,[.00
PPO_25000_bzip2__instcount_plainmodel,11000,14094,1.1446,2.03,0.082455,[.00
PPO_25000_bzip2__instcount_plainmodel,11000,14842,1.0862,1.93,0.079281,[.00
PPO_25000_bzip2__instcount_plainmodel,11000,14310,1.1277,2.00,0.079608,[.00
PPO_25000_bzip2__instcount_plainmodel,11000,14691,1.0980,1.95,0.080567,[.00
PPO_25000_bzip2__instcount_plainmodel,11000,14259,1.1317,2.01,0.083755,[.00
PPO_25000_bzip2__instcount_plainmodel,11000,13800,1.1676,2.08,0.084633,[.00
PPO_25000_bzip2__instcount_plainmodel,11000,13777,1.1694,2.08,0.083863,[.00
PPO_25000_bzip2__instcount_plainmodel,11000,16344,0.9689,1.75,0.044261,[.00
PPO_25000_bzip2__instcount_plainmodel,11000,13853,1.1634,2.07,0.080568,[.00
PPO_25000_bzip2__instcount_plainmodel,11000,15221,1.0566,1.88,0.080328,[.00
PPO_25000_bzip2__instcount_plainmodel,11000,14538,1.1099,1.97,0.080315,[.00
PPO_25000_bzip2__instcount_plainmodel,11000,13816,1.1663,2.08,0.080086,[.00
PPO_25000_bzip2__instcount_plainmodel,11000,14929,1.0794,1.92,0.07001,[.00
PPO_25000_bzip2__instcount_plainmodel,11000,14015,1.1508,2.05,0.077703,[.00
PPO_25000_bzip2__instcount_plainmodel,11000,13782,1.1690,2.08,0.078564,[.00
PPO_25000_bzip2__instcount_plainmodel,11000,14471,1.1152,1.98,0.085226,[.00
PPO_25000_bzip2__instcount_plainmodel,11000,14294,1.1290,2.01,0.080617,[.00
PPO_25000_bzip2__instcount_plainmodel,11000,14738,1.0943,1.95,0.081534,[.00
PPO_25000_bzip2__instcount_plainmodel,11000,14699,1.0974,1.95,0.079093,[.00
PPO_25000_bzip2__instcount_plainmodel,11000,14450,1.1168,1.98,0.082687,[.00
PPO_25000_bzip2__instcount_plainmodel,11000,15314,1.0493,1.87,0.086598,[.00
PPO_25000_bzip2__instcount_plainmodel,11000,14277,1.1303,2.01,0.078698,[.00
PPO_25000_bzip2__instcount_plainmodel,11000,15107,1.0655,1.90,0.064443,[.00
PPO_25000_bzip2__instcount_plainmodel,11000,14442,1.1174,1.99,0.079908,[.00
PPO_25000_bzip2__instcount_plainmodel,11000,13959,1.1552,2.05,0.081167,[.00
PPO_25000_bzip2__instcount_plainmodel,11000,14428,1.1185,1.99,0.080961,[.00
PPO_25000_bzip2__instcount_plainmodel,11000,13787,1.1686,2.08,0.078156,[.00
PPO_25000_bzip2__instcount_plainmodel,11000,13976,1.1538,2.05,0.081348,[.00
PPO_25000_bzip2__instcount_plainmodel,11000,17239,0.8990,1.66,0.090748,[.00
PPO_25000_bzip2__instcount_plainmodel,11000,14319,1.1270,2.00,0.084263,[.00
PPO_25000_bzip2__instcount_plainmodel,11000,14179,1.1380,2.02,0.081167,[.00
PPO_25000_bzip2__instcount_plainmodel,11000,14025,1.1500,2.04,0.081522,[.00
PPO_25000_bzip2__instcount_plainmodel,11000,16060,0.9910,1.79,0.077537,[.00
PPO_25000_bzip2__instcount_plainmodel,11000,13694,1.1759,2.09,0.086253,[.00
PPO_25000_bzip2__instcount_plainmodel,11000,14297,1.1288,2.01,0.082246,[.00
PPO_25000_bzip2__instcount_plainmodel,11000,16242,0.9768,1.76,0.048447,[.00
PPO_25000_bzip2__instcount_plainmodel,11000,14427,1.1186,1.99,0.081673,[.00
PPO_25000_bzip2__instcount_plainmodel,11000,14182,1.1377,2.02,0.081498,[.00
PPO_25000_bzip2__instcount_plainmodel,11000,14351,1.1245,2.00,0.085215,[.00
PPO_25000_bzip2__instcount_plainmodel,11000,14433,1.1181,1.99,0.08267,[.00
PPO_25000_bzip2__instcount_plainmodel,11000,15683,1.0205,1.83,0.080535,[.00
PPO_25000_bzip2__instcount_plainmodel,11000,14333,1.1259,2.00,0.089167,[.00
PPO_25000_bzip2__instcount_plainmodel,11000,14569,1.1075,1.97,0.086088,[.00
PPO_25000_bzip2__instcount_plainmodel,11000,13803,1.1673,2.08,0.083252,[.00
PPO_25000_bzip2__instcount_plainmodel,11000,14533,1.1103,1.97,0.070623,[.00
PPO_25000_bzip2__instcount_plainmodel,11000,13702,1.1752,2.09,0.081502,[.00
PPO_25000_bzip2__instcount_plainmodel,11000,14321,1.1269,2.00,0.091196,[.00
PPO_25000_bzip2__instcount_plainmodel,11000,14396,1.1210,1.99,0.07916,[.00
PPO_25000_bzip2__instcount_plainmodel,11000,14005,1.1516,2.05,0.084072,[.00
PPO_25000_bzip2__instcount_plainmodel,11000,14701,1.0972,1.95,0.085596,[.00
PPO_25000_bzip2__instcount_plainmodel,11000,13870,1.1621,2.07,0.074596,[.00
PPO_25000_bzip2__instcount_plainmodel,11000,14390,1.1215,1.99,0.081858,[.00
PPO_25000_bzip2__instcount_plainmodel,11000,14112,1.1432,2.03,0.082534,[.00
PPO_25000_bzip2__instcount_plainmodel,11000,13900,1.1598,2.06,0.07965,[.00
PPO_25000_bzip2__instcount_plainmodel,11000,14675,1.0992,1.95,0.069581,[.00
PPO_25000_bzip2__instcount_plainmodel,11000,14463,1.1158,1.98,0.079476,[.00
PPO_25000_bzip2__instcount_plainmodel,11000,13915,1.1586,2.06,0.083922,[.00
PPO_25000_bzip2__instcount_plainmodel,11000,15278,1.0521,1.88,0.079214,[.00
PPO_25000_bzip2__instcount_plainmodel,11000,14111,1.1433,2.03,0.083186,[.00
PPO_25000_bzip2__instcount_plainmodel,11000,15501,1.0347,1.85,0.093379,[.00
PPO_25000_bzip2__instcount_plainmodel,11000,14139,1.1411,2.03,0.081963,[.00
PPO_25000_bzip2__instcount_plainmodel,11000,17222,0.9003,1.66,0.083482,[.00
PPO_25000_bzip2__instcount_plainmodel,11000,14245,1.1328,2.01,0.085488,[.00
PPO_25000_bzip2__instcount_plainmodel,11000,14840,1.0863,1.93,0.089877,[.00
PPO_25000_bzip2__instcount_plainmodel,11000,13940,1.1566,2.06,0.082013,[.00
PPO_25000_bzip2__instcount_plainmodel,11000,14523,1.1111,1.97,0.085178,[.00
PPO_25000_bzip2__instcount_plainmodel,11000,13972,1.1541,2.05,0.09357,[.00
PPO_25000_bzip2__instcount_plainmodel,11000,16030,0.9934,1.79,0.09293,[.00
PPO_25000_bzip2__instcount_plainmodel,11000,14507,1.1124,1.98,0.080599,[.00
PPO_25000_bzip2__instcount_plainmodel,11000,14397,1.1209,1.99,0.083756,[.00
PPO_25000_bzip2__instcount_plainmodel,11000,14316,1.1273,2.00,0.083,[.00
PPO_25000_bzip2__instcount_plainmodel,11000,14654,1.1009,1.96,0.068534,[.00
PPO_25000_bzip2__instcount_plainmodel,11000,14071,1.1464,2.04,0.077686,[.00
PPO_25000_bzip2__instcount_plainmodel,11000,14297,1.1288,2.01,0.081778,[.00
PPO_25000_bzip2__instcount_plainmodel,11000,14779,1.0911,1.94,0.085544,[.00
PPO_25000_bzip2__instcount_plainmodel,11000,14931,1.0792,1.92,0.084234,[.00
PPO_25000_bzip2__instcount_plainmodel,11000,15508,1.0342,1.85,0.088883,[.00
PPO_25000_bzip2__instcount_plainmodel,11000,15120,1.0645,1.90,0.089441,[.00
PPO_25000_bzip2__instcount_plainmodel,11000,13896,1.1601,2.06,0.081755,[.00
PPO_25000_bzip2__instcount_plainmodel,11000,14177,1.1381,2.02,0.094409,[.00
PPO_25000_bzip2__instcount_plainmodel,12000,14249,1.1325,2.01,0.087241,[.00
PPO_25000_bzip2__instcount_plainmodel,12000,13444,1.1954,2.13,0.087989,[.00
PPO_25000_bzip2__instcount_plainmodel,12000,13733,1.1728,2.09,0.080253,[.00
PPO_25000_bzip2__instcount_plainmodel,12000,14158,1.1396,2.03,0.080504,[.00
PPO_25000_bzip2__instcount_plainmodel,12000,13954,1.1556,2.06,0.081416,[.00
PPO_25000_bzip2__instcount_plainmodel,12000,13298,1.2068,2.16,0.08421,[.00
PPO_25000_bzip2__instcount_plainmodel,12000,14410,1.1199,1.99,0.086101,[.00
PPO_25000_bzip2__instcount_plainmodel,12000,13899,1.1598,2.06,0.081916,[.00
PPO_25000_bzip2__instcount_plainmodel,12000,14378,1.1224,1.99,0.082752,[.00
PPO_25000_bzip2__instcount_plainmodel,12000,14993,1.0744,1.91,0.088872,[.00
PPO_25000_bzip2__instcount_plainmodel,12000,14186,1.1374,2.02,0.085286,[.00
PPO_25000_bzip2__instcount_plainmodel,12000,13650,1.1793,2.10,0.085761,[.00
PPO_25000_bzip2__instcount_plainmodel,12000,15479,1.0364,1.85,0.075913,[.00
PPO_25000_bzip2__instcount_plainmodel,12000,18125,0.8297,1.58,0.072875,[.00
PPO_25000_bzip2__instcount_plainmodel,12000,17463,0.8815,1.64,0.081958,[.00
PPO_25000_bzip2__instcount_plainmodel,12000,13907,1.1592,2.06,0.08131,[.00
PPO_25000_bzip2__instcount_plainmodel,12000,15445,1.0391,1.86,0.069062,[.00
PPO_25000_bzip2__instcount_plainmodel,12000,13995,1.1523,2.05,0.084052,[.00
PPO_25000_bzip2__instcount_plainmodel,12000,15197,1.0585,1.89,0.081237,[.00
PPO_25000_bzip2__instcount_plainmodel,12000,13445,1.1953,2.13,0.078154,[.00
PPO_25000_bzip2__instcount_plainmodel,12000,13873,1.1619,2.07,0.079831,[.00
PPO_25000_bzip2__instcount_plainmodel,12000,14586,1.1062,1.97,0.089432,[.00
PPO_25000_bzip2__instcount_plainmodel,12000,13903,1.1595,2.06,0.08146,[.00
PPO_25000_bzip2__instcount_plainmodel,12000,13857,1.1631,2.07,0.086356,[.00
PPO_25000_bzip2__instcount_plainmodel,12000,13796,1.1679,2.08,0.086714,[.00
PPO_25000_bzip2__instcount_plainmodel,12000,13743,1.1720,2.09,0.08586,[.00
PPO_25000_bzip2__instcount_plainmodel,12000,14138,1.1412,2.03,0.083543,[.00
PPO_25000_bzip2__instcount_plainmodel,12000,14156,1.1398,2.03,0.079419,[.00
PPO_25000_bzip2__instcount_plainmodel,12000,14264,1.1313,2.01,0.082057,[.00
PPO_25000_bzip2__instcount_plainmodel,12000,14041,1.1488,2.04,0.08573,[.00
PPO_25000_bzip2__instcount_plainmodel,12000,14113,1.1431,2.03,0.080017,[.00
PPO_25000_bzip2__instcount_plainmodel,12000,14101,1.1441,2.03,0.082533,[.00
PPO_25000_bzip2__instcount_plainmodel,12000,14509,1.1122,1.98,0.078675,[.00
PPO_25000_bzip2__instcount_plainmodel,12000,14000,1.1520,2.05,0.082698,[.00
PPO_25000_bzip2__instcount_plainmodel,12000,14119,1.1427,2.03,0.081324,[.00
PPO_25000_bzip2__instcount_plainmodel,12000,15723,1.0174,1.82,0.092487,[.00
PPO_25000_bzip2__instcount_plainmodel,12000,13708,1.1748,2.09,0.083656,[.00
PPO_25000_bzip2__instcount_plainmodel,12000,15216,1.0570,1.88,0.07711,[.00
PPO_25000_bzip2__instcount_plainmodel,12000,14355,1.1242,2.00,0.082418,[.00
PPO_25000_bzip2__instcount_plainmodel,12000,17551,0.8746,1.63,0.091883,[.00
PPO_25000_bzip2__instcount_plainmodel,12000,14902,1.0815,1.92,0.08819,[.00
PPO_25000_bzip2__instcount_plainmodel,12000,14331,1.1261,2.00,0.080393,[.00
PPO_25000_bzip2__instcount_plainmodel,12000,13842,1.1643,2.07,0.082197,[.00
PPO_25000_bzip2__instcount_plainmodel,12000,18254,0.8197,1.57,0.08193,[.00
PPO_25000_bzip2__instcount_plainmodel,12000,14436,1.1179,1.99,0.078614,[.00
PPO_25000_bzip2__instcount_plainmodel,12000,15473,1.0369,1.85,0.079865,[.00
PPO_25000_bzip2__instcount_plainmodel,12000,14447,1.1170,1.98,0.080056,[.00
PPO_25000_bzip2__instcount_plainmodel,12000,14546,1.1093,1.97,0.078789,[.00
PPO_25000_bzip2__instcount_plainmodel,12000,13862,1.1627,2.07,0.085445,[.00
PPO_25000_bzip2__instcount_plainmodel,12000,14394,1.1212,1.99,0.083635,[.00
PPO_25000_bzip2__instcount_plainmodel,12000,16121,0.9863,1.78,0.082692,[.00
PPO_25000_bzip2__instcount_plainmodel,12000,14269,1.1309,2.01,0.086411,[.00
PPO_25000_bzip2__instcount_plainmodel,12000,14234,1.1337,2.01,0.08132,[.00
PPO_25000_bzip2__instcount_plainmodel,12000,15201,1.0581,1.89,0.076643,[.00
PPO_25000_bzip2__instcount_plainmodel,12000,14798,1.0896,1.94,0.083462,[.00
PPO_25000_bzip2__instcount_plainmodel,12000,14504,1.1126,1.98,0.079884,[.00
PPO_25000_bzip2__instcount_plainmodel,12000,15021,1.0722,1.91,0.081906,[.00
PPO_25000_bzip2__instcount_plainmodel,12000,13980,1.1535,2.05,0.076908,[.00
PPO_25000_bzip2__instcount_plainmodel,12000,14960,1.0770,1.92,0.067293,[.00
PPO_25000_bzip2__instcount_plainmodel,12000,13837,1.1647,2.07,0.087559,[.00
PPO_25000_bzip2__instcount_plainmodel,12000,13921,1.1581,2.06,0.082028,[.00
PPO_25000_bzip2__instcount_plainmodel,12000,14050,1.1481,2.04,0.084967,[.00
PPO_25000_bzip2__instcount_plainmodel,12000,14849,1.0856,1.93,0.070012,[.00
PPO_25000_bzip2__instcount_plainmodel,12000,13737,1.1725,2.09,0.08229,[.00
PPO_25000_bzip2__instcount_plainmodel,12000,13686,1.1765,2.10,0.079434,[.00
PPO_25000_bzip2__instcount_plainmodel,12000,13650,1.1793,2.10,0.082443,[.00
PPO_25000_bzip2__instcount_plainmodel,12000,14172,1.1385,2.02,0.084938,[.00
PPO_25000_bzip2__instcount_plainmodel,12000,14019,1.1505,2.05,0.078714,[.00
PPO_25000_bzip2__instcount_plainmodel,12000,16162,0.9831,1.77,0.093251,[.00
PPO_25000_bzip2__instcount_plainmodel,12000,15656,1.0226,1.83,0.072129,[.00
PPO_25000_bzip2__instcount_plainmodel,12000,14671,1.0995,1.95,0.084506,[.00
PPO_25000_bzip2__instcount_plainmodel,12000,14009,1.1513,2.05,0.078522,[.00
PPO_25000_bzip2__instcount_plainmodel,12000,14150,1.1402,2.03,0.08715,[.00
PPO_25000_bzip2__instcount_plainmodel,12000,14159,1.1395,2.03,0.087436,[.00
PPO_25000_bzip2__instcount_plainmodel,12000,14044,1.1485,2.04,0.083126,[.00
PPO_25000_bzip2__instcount_plainmodel,12000,14237,1.1334,2.01,0.079392,[.00
PPO_25000_bzip2__instcount_plainmodel,12000,13833,1.1650,2.07,0.084659,[.00
PPO_25000_bzip2__instcount_plainmodel,12000,14094,1.1446,2.03,0.08134,[.00
PPO_25000_bzip2__instcount_plainmodel,12000,13758,1.1709,2.08,0.08193,[.00
PPO_25000_bzip2__instcount_plainmodel,12000,14102,1.1440,2.03,0.087561,[.00
PPO_25000_bzip2__instcount_plainmodel,12000,14723,1.0955,1.95,0.086113,[.00
PPO_25000_bzip2__instcount_plainmodel,12000,13517,1.1897,2.12,0.07906,[.00
PPO_25000_bzip2__instcount_plainmodel,12000,14203,1.1361,2.02,0.084729,[.00
PPO_25000_bzip2__instcount_plainmodel,12000,14842,1.0862,1.93,0.077708,[.00
PPO_25000_bzip2__instcount_plainmodel,12000,14100,1.1441,2.03,0.080125,[.00
PPO_25000_bzip2__instcount_plainmodel,12000,14249,1.1325,2.01,0.080183,[.00
PPO_25000_bzip2__instcount_plainmodel,12000,14258,1.1318,2.01,0.081606,[.00
PPO_25000_bzip2__instcount_plainmodel,12000,15747,1.0155,1.82,0.073769,[.00
PPO_25000_bzip2__instcount_plainmodel,12000,14291,1.1292,2.01,0.066601,[.00
PPO_25000_bzip2__instcount_plainmodel,12000,14683,1.0986,1.95,0.082486,[.00
PPO_25000_bzip2__instcount_plainmodel,12000,14609,1.1044,1.96,0.080107,[.00
PPO_25000_bzip2__instcount_plainmodel,12000,14401,1.1206,1.99,0.083162,[.00
PPO_25000_bzip2__instcount_plainmodel,12000,13940,1.1566,2.06,0.077911,[.00
PPO_25000_bzip2__instcount_plainmodel,12000,15801,1.0113,1.81,0.098515,[.00
PPO_25000_bzip2__instcount_plainmodel,12000,14402,1.1206,1.99,0.078436,[.00
PPO_25000_bzip2__instcount_plainmodel,12000,14686,1.0984,1.95,0.090001,[.00
PPO_25000_bzip2__instcount_plainmodel,12000,13837,1.1647,2.07,0.081025,[.00
PPO_25000_bzip2__instcount_plainmodel,12000,15402,1.0424,1.86,0.092702,[.00
PPO_25000_bzip2__instcount_plainmodel,12000,14161,1.1394,2.03,0.089994,[.00
PPO_25000_bzip2__instcount_plainmodel,12000,14855,1.0852,1.93,0.076174,[.00
PPO_25000_bzip2__instcount_plainmodel,13000,14091,1.1448,2.04,0.079217,[.00
PPO_25000_bzip2__instcount_plainmodel,13000,13674,1.1774,2.10,0.080274,[.00
PPO_25000_bzip2__instcount_plainmodel,13000,14043,1.1486,2.04,0.082315,[.00
PPO_25000_bzip2__instcount_plainmodel,13000,13831,1.1652,2.07,0.085979,[.00
PPO_25000_bzip2__instcount_plainmodel,13000,13908,1.1591,2.06,0.081459,[.00
PPO_25000_bzip2__instcount_plainmodel,13000,13761,1.1706,2.08,0.086661,[.00
PPO_25000_bzip2__instcount_plainmodel,13000,14098,1.1443,2.03,0.082611,[.00
PPO_25000_bzip2__instcount_plainmodel,13000,13806,1.1671,2.08,0.085043,[.00
PPO_25000_bzip2__instcount_plainmodel,13000,13838,1.1646,2.07,0.082236,[.00
PPO_25000_bzip2__instcount_plainmodel,13000,14241,1.1331,2.01,0.085176,[.00
PPO_25000_bzip2__instcount_plainmodel,13000,13916,1.1585,2.06,0.080401,[.00
PPO_25000_bzip2__instcount_plainmodel,13000,13725,1.1734,2.09,0.080983,[.00
PPO_25000_bzip2__instcount_plainmodel,13000,13653,1.1791,2.10,0.079301,[.00
PPO_25000_bzip2__instcount_plainmodel,13000,14875,1.0836,1.93,0.083096,[.00
PPO_25000_bzip2__instcount_plainmodel,13000,13718,1.1740,2.09,0.080854,[.00
PPO_25000_bzip2__instcount_plainmodel,13000,14221,1.1347,2.02,0.078239,[.00
PPO_25000_bzip2__instcount_plainmodel,13000,13854,1.1634,2.07,0.079486,[.00
PPO_25000_bzip2__instcount_plainmodel,13000,13877,1.1616,2.07,0.080316,[.00
PPO_25000_bzip2__instcount_plainmodel,13000,14378,1.1224,1.99,0.083931,[.00
PPO_25000_bzip2__instcount_plainmodel,13000,14446,1.1171,1.99,0.081748,[.00
PPO_25000_bzip2__instcount_plainmodel,13000,13978,1.1537,2.05,0.086516,[.00
PPO_25000_bzip2__instcount_plainmodel,13000,15732,1.0167,1.82,0.044789,[.00
PPO_25000_bzip2__instcount_plainmodel,13000,13735,1.1727,2.09,0.079456,[.00
PPO_25000_bzip2__instcount_plainmodel,13000,13575,1.1852,2.11,0.083507,[.00
PPO_25000_bzip2__instcount_plainmodel,13000,14154,1.1399,2.03,0.083953,[.00
PPO_25000_bzip2__instcount_plainmodel,13000,14178,1.1381,2.02,0.083858,[.00
PPO_25000_bzip2__instcount_plainmodel,13000,14046,1.1484,2.04,0.086267,[.00
PPO_25000_bzip2__instcount_plainmodel,13000,14003,1.1517,2.05,0.083244,[.00
PPO_25000_bzip2__instcount_plainmodel,13000,13771,1.1698,2.08,0.078665,[.00
PPO_25000_bzip2__instcount_plainmodel,13000,13633,1.1806,2.10,0.080161,[.00
PPO_25000_bzip2__instcount_plainmodel,13000,14341,1.1253,2.00,0.083209,[.00
PPO_25000_bzip2__instcount_plainmodel,13000,13789,1.1684,2.08,0.079215,[.00
PPO_25000_bzip2__instcount_plainmodel,13000,14082,1.1456,2.04,0.079436,[.00
PPO_25000_bzip2__instcount_plainmodel,13000,13979,1.1536,2.05,0.079216,[.00
PPO_25000_bzip2__instcount_plainmodel,13000,13816,1.1663,2.08,0.084775,[.00
PPO_25000_bzip2__instcount_plainmodel,13000,13781,1.1691,2.08,0.090144,[.00
PPO_25000_bzip2__instcount_plainmodel,13000,14454,1.1165,1.98,0.086641,[.00
PPO_25000_bzip2__instcount_plainmodel,13000,13594,1.1837,2.11,0.080402,[.00
PPO_25000_bzip2__instcount_plainmodel,13000,13891,1.1605,2.06,0.083783,[.00
PPO_25000_bzip2__instcount_plainmodel,13000,14593,1.1056,1.96,0.091773,[.00
PPO_25000_bzip2__instcount_plainmodel,13000,14333,1.1259,2.00,0.083635,[.00
PPO_25000_bzip2__instcount_plainmodel,13000,13672,1.1776,2.10,0.079937,[.00
PPO_25000_bzip2__instcount_plainmodel,13000,13807,1.1670,2.08,0.085788,[.00
PPO_25000_bzip2__instcount_plainmodel,13000,13651,1.1792,2.10,0.083561,[.00
PPO_25000_bzip2__instcount_plainmodel,13000,13999,1.1520,2.05,0.072746,[.00
PPO_25000_bzip2__instcount_plainmodel,13000,14007,1.1514,2.05,0.082615,[.00
PPO_25000_bzip2__instcount_plainmodel,13000,14281,1.1300,2.01,0.080666,[.00
PPO_25000_bzip2__instcount_plainmodel,13000,14934,1.0790,1.92,0.088212,[.00
PPO_25000_bzip2__instcount_plainmodel,13000,14156,1.1398,2.03,0.085821,[.00
PPO_25000_bzip2__instcount_plainmodel,13000,15424,1.0407,1.86,0.067812,[.00
PPO_25000_bzip2__instcount_plainmodel,13000,14160,1.1395,2.03,0.082925,[.00
PPO_25000_bzip2__instcount_plainmodel,13000,13914,1.1587,2.06,0.090839,[.00
PPO_25000_bzip2__instcount_plainmodel,13000,13997,1.1522,2.05,0.083722,[.00
PPO_25000_bzip2__instcount_plainmodel,13000,13918,1.1584,2.06,0.081046,[.00
PPO_25000_bzip2__instcount_plainmodel,13000,14674,1.0993,1.95,0.079878,[.00
PPO_25000_bzip2__instcount_plainmodel,13000,14435,1.1180,1.99,0.079772,[.00
PPO_25000_bzip2__instcount_plainmodel,13000,14252,1.1323,2.01,0.079737,[.00
PPO_25000_bzip2__instcount_plainmodel,13000,13790,1.1684,2.08,0.082643,[.00
PPO_25000_bzip2__instcount_plainmodel,13000,14266,1.1312,2.01,0.082033,[.00
PPO_25000_bzip2__instcount_plainmodel,13000,14486,1.1140,1.98,0.091432,[.00
PPO_25000_bzip2__instcount_plainmodel,13000,13928,1.1576,2.06,0.083897,[.00
PPO_25000_bzip2__instcount_plainmodel,13000,13780,1.1691,2.08,0.082772,[.00
PPO_25000_bzip2__instcount_plainmodel,13000,14497,1.1131,1.98,0.088655,[.00
PPO_25000_bzip2__instcount_plainmodel,13000,15210,1.0574,1.89,0.102421,[.00
PPO_25000_bzip2__instcount_plainmodel,13000,14186,1.1374,2.02,0.080956,[.00
PPO_25000_bzip2__instcount_plainmodel,13000,15075,1.0680,1.90,0.077508,[.00
PPO_25000_bzip2__instcount_plainmodel,13000,14377,1.1225,1.99,0.083188,[.00
PPO_25000_bzip2__instcount_plainmodel,13000,13708,1.1748,2.09,0.08217,[.00
PPO_25000_bzip2__instcount_plainmodel,13000,13606,1.1827,2.11,0.082083,[.00
PPO_25000_bzip2__instcount_plainmodel,13000,14214,1.1352,2.02,0.081946,[.00
PPO_25000_bzip2__instcount_plainmodel,13000,15239,1.0552,1.88,0.078479,[.00
PPO_25000_bzip2__instcount_plainmodel,13000,14133,1.1416,2.03,0.083543,[.00
PPO_25000_bzip2__instcount_plainmodel,13000,13808,1.1670,2.08,0.079162,[.00
PPO_25000_bzip2__instcount_plainmodel,13000,14384,1.1220,1.99,0.083214,[.00
PPO_25000_bzip2__instcount_plainmodel,13000,13846,1.1640,2.07,0.077689,[.00
PPO_25000_bzip2__instcount_plainmodel,13000,14256,1.1320,2.01,0.082502,[.00
PPO_25000_bzip2__instcount_plainmodel,13000,14057,1.1475,2.04,0.077876,[.00
PPO_25000_bzip2__instcount_plainmodel,13000,13381,1.2003,2.14,0.084786,[.00
PPO_25000_bzip2__instcount_plainmodel,13000,14577,1.1069,1.97,0.082957,[.00
PPO_25000_bzip2__instcount_plainmodel,13000,14757,1.0928,1.94,0.082275,[.00
PPO_25000_bzip2__instcount_plainmodel,13000,13540,1.1879,2.12,0.078645,[.00
PPO_25000_bzip2__instcount_plainmodel,13000,14407,1.1202,1.99,0.083872,[.00
PPO_25000_bzip2__instcount_plainmodel,13000,14232,1.1338,2.01,0.081578,[.00
PPO_25000_bzip2__instcount_plainmodel,13000,15111,1.0652,1.90,0.076438,[.00
PPO_25000_bzip2__instcount_plainmodel,13000,13805,1.1672,2.08,0.081328,[.00
PPO_25000_bzip2__instcount_plainmodel,13000,14219,1.1349,2.02,0.083996,[.00
PPO_25000_bzip2__instcount_plainmodel,13000,14013,1.1509,2.05,0.078657,[.00
PPO_25000_bzip2__instcount_plainmodel,13000,14127,1.1420,2.03,0.081183,[.00
PPO_25000_bzip2__instcount_plainmodel,13000,13869,1.1622,2.07,0.078567,[.00
PPO_25000_bzip2__instcount_plainmodel,13000,13790,1.1684,2.08,0.081184,[.00
PPO_25000_bzip2__instcount_plainmodel,13000,14171,1.1386,2.02,0.087702,[.00
PPO_25000_bzip2__instcount_plainmodel,13000,14426,1.1187,1.99,0.08074,[.00
PPO_25000_bzip2__instcount_plainmodel,13000,15385,1.0438,1.86,0.080572,[.00
PPO_25000_bzip2__instcount_plainmodel,13000,13651,1.1792,2.10,0.082704,[.00
PPO_25000_bzip2__instcount_plainmodel,13000,13704,1.1751,2.09,0.081476,[.00
PPO_25000_bzip2__instcount_plainmodel,13000,13806,1.1671,2.08,0.08205,[.00
PPO_25000_bzip2__instcount_plainmodel,13000,15521,1.0331,1.85,0.093052,[.00
PPO_25000_bzip2__instcount_plainmodel,13000,13551,1.1870,2.12,0.084168,[.00
PPO_25000_bzip2__instcount_plainmodel,13000,13770,1.1699,2.08,0.081235,[.00
PPO_25000_bzip2__instcount_plainmodel,13000,14676,1.0992,1.95,0.085946,[.00
PPO_25000_bzip2__instcount_plainmodel,14000,14500,1.1129,1.98,0.081496,[.00
PPO_25000_bzip2__instcount_plainmodel,14000,13547,1.1873,2.12,0.078793,[.00
PPO_25000_bzip2__instcount_plainmodel,14000,14411,1.1199,1.99,0.082096,[.00
PPO_25000_bzip2__instcount_plainmodel,14000,14173,1.1384,2.02,0.078765,[.00
PPO_25000_bzip2__instcount_plainmodel,14000,13483,1.1923,2.13,0.080573,[.00
PPO_25000_bzip2__instcount_plainmodel,14000,15354,1.0462,1.87,0.096846,[.00
PPO_25000_bzip2__instcount_plainmodel,14000,13801,1.1675,2.08,0.082344,[.00
PPO_25000_bzip2__instcount_plainmodel,14000,13693,1.1759,2.09,0.080533,[.00
PPO_25000_bzip2__instcount_plainmodel,14000,13675,1.1773,2.10,0.079068,[.00
PPO_25000_bzip2__instcount_plainmodel,14000,13873,1.1619,2.07,0.07921,[.00
PPO_25000_bzip2__instcount_plainmodel,14000,14206,1.1359,2.02,0.084966,[.00
PPO_25000_bzip2__instcount_plainmodel,14000,14727,1.0952,1.95,0.075361,[.00
PPO_25000_bzip2__instcount_plainmodel,14000,13948,1.1560,2.06,0.081562,[.00
PPO_25000_bzip2__instcount_plainmodel,14000,14190,1.1371,2.02,0.078693,[.00
PPO_25000_bzip2__instcount_plainmodel,14000,14242,1.1331,2.01,0.083253,[.00
PPO_25000_bzip2__instcount_plainmodel,14000,13611,1.1823,2.11,0.082219,[.00
PPO_25000_bzip2__instcount_plainmodel,14000,13357,1.2022,2.15,0.085591,[.00
PPO_25000_bzip2__instcount_plainmodel,14000,13655,1.1789,2.10,0.079011,[.00
PPO_25000_bzip2__instcount_plainmodel,14000,13835,1.1648,2.07,0.084132,[.00
PPO_25000_bzip2__instcount_plainmodel,14000,13809,1.1669,2.08,0.085536,[.00
PPO_25000_bzip2__instcount_plainmodel,14000,16345,0.9688,1.75,0.086029,[.00
PPO_25000_bzip2__instcount_plainmodel,14000,13854,1.1634,2.07,0.080874,[.00
PPO_25000_bzip2__instcount_plainmodel,14000,13588,1.1841,2.11,0.080851,[.00
PPO_25000_bzip2__instcount_plainmodel,14000,14540,1.1098,1.97,0.082232,[.00
PPO_25000_bzip2__instcount_plainmodel,14000,14542,1.1096,1.97,0.082174,[.00
PPO_25000_bzip2__instcount_plainmodel,14000,14936,1.0788,1.92,0.078533,[.00
PPO_25000_bzip2__instcount_plainmodel,14000,16540,0.9536,1.73,0.075672,[.00
PPO_25000_bzip2__instcount_plainmodel,14000,14887,1.0827,1.93,0.08044,[.00
PPO_25000_bzip2__instcount_plainmodel,14000,13929,1.1575,2.06,0.081273,[.00
PPO_25000_bzip2__instcount_plainmodel,14000,13384,1.2001,2.14,0.078838,[.00
PPO_25000_bzip2__instcount_plainmodel,14000,13691,1.1761,2.09,0.083558,[.00
PPO_25000_bzip2__instcount_plainmodel,14000,14989,1.0747,1.91,0.086666,[.00
PPO_25000_bzip2__instcount_plainmodel,14000,13771,1.1698,2.08,0.083862,[.00
PPO_25000_bzip2__instcount_plainmodel,14000,14558,1.1084,1.97,0.081193,[.00
PPO_25000_bzip2__instcount_plainmodel,14000,14596,1.1054,1.96,0.082225,[.00
PPO_25000_bzip2__instcount_plainmodel,14000,14166,1.1390,2.02,0.078835,[.00
PPO_25000_bzip2__instcount_plainmodel,14000,14130,1.1418,2.03,0.083075,[.00
PPO_25000_bzip2__instcount_plainmodel,14000,13788,1.1685,2.08,0.080739,[.00
PPO_25000_bzip2__instcount_plainmodel,14000,13363,1.2017,2.15,0.079716,[.00
PPO_25000_bzip2__instcount_plainmodel,14000,14226,1.1343,2.02,0.080473,[.00
PPO_25000_bzip2__instcount_plainmodel,14000,14310,1.1277,2.00,0.086873,[.00
PPO_25000_bzip2__instcount_plainmodel,14000,13735,1.1727,2.09,0.07975,[.00
PPO_25000_bzip2__instcount_plainmodel,14000,14142,1.1409,2.03,0.083489,[.00
PPO_25000_bzip2__instcount_plainmodel,14000,13658,1.1787,2.10,0.078676,[.00
PPO_25000_bzip2__instcount_plainmodel,14000,15070,1.0684,1.90,0.080367,[.00
PPO_25000_bzip2__instcount_plainmodel,14000,14123,1.1423,2.03,0.081613,[.00
PPO_25000_bzip2__instcount_plainmodel,14000,13664,1.1782,2.10,0.078878,[.00
PPO_25000_bzip2__instcount_plainmodel,14000,14873,1.0838,1.93,0.068221,[.00
PPO_25000_bzip2__instcount_plainmodel,14000,14977,1.0756,1.91,0.089551,[.00
PPO_25000_bzip2__instcount_plainmodel,14000,17369,0.8888,1.65,0.082121,[.00
PPO_25000_bzip2__instcount_plainmodel,14000,14285,1.1297,2.01,0.081133,[.00
PPO_25000_bzip2__instcount_plainmodel,14000,15602,1.0268,1.84,0.100281,[.00
PPO_25000_bzip2__instcount_plainmodel,14000,13412,1.1979,2.14,0.081654,[.00
PPO_25000_bzip2__instcount_plainmodel,14000,14038,1.1490,2.04,0.081231,[.00
PPO_25000_bzip2__instcount_plainmodel,14000,14295,1.1289,2.01,0.081818,[.00
PPO_25000_bzip2__instcount_plainmodel,14000,14009,1.1513,2.05,0.08093,[.00
PPO_25000_bzip2__instcount_plainmodel,14000,14889,1.0825,1.93,0.095337,[.00
PPO_25000_bzip2__instcount_plainmodel,14000,13820,1.1660,2.08,0.080653,[.00
PPO_25000_bzip2__instcount_plainmodel,14000,13953,1.1556,2.06,0.078689,[.00
PPO_25000_bzip2__instcount_plainmodel,14000,15182,1.0596,1.89,0.090326,[.00
PPO_25000_bzip2__instcount_plainmodel,14000,13809,1.1669,2.08,0.082692,[.00
PPO_25000_bzip2__instcount_plainmodel,14000,14230,1.1340,2.02,0.089173,[.00
PPO_25000_bzip2__instcount_plainmodel,14000,14244,1.1329,2.01,0.080065,[.00
PPO_25000_bzip2__instcount_plainmodel,14000,13538,1.1880,2.12,0.079514,[.00
PPO_25000_bzip2__instcount_plainmodel,14000,14709,1.0966,1.95,0.086358,[.00
PPO_25000_bzip2__instcount_plainmodel,14000,13363,1.2017,2.15,0.078825,[.00
PPO_25000_bzip2__instcount_plainmodel,14000,15237,1.0553,1.88,0.070523,[.00
PPO_25000_bzip2__instcount_plainmodel,14000,14501,1.1128,1.98,0.087697,[.00
PPO_25000_bzip2__instcount_plainmodel,14000,13833,1.1650,2.07,0.079533,[.00
PPO_25000_bzip2__instcount_plainmodel,14000,14738,1.0943,1.95,0.082293,[.00
PPO_25000_bzip2__instcount_plainmodel,14000,14902,1.0815,1.92,0.080088,[.00
PPO_25000_bzip2__instcount_plainmodel,14000,14703,1.0970,1.95,0.08781,[.00
PPO_25000_bzip2__instcount_plainmodel,14000,14252,1.1323,2.01,0.078065,[.00
PPO_25000_bzip2__instcount_plainmodel,14000,13655,1.1789,2.10,0.083379,[.00
PPO_25000_bzip2__instcount_plainmodel,14000,14972,1.0760,1.92,0.084926,[.00
PPO_25000_bzip2__instcount_plainmodel,14000,15196,1.0585,1.89,0.083152,[.00
PPO_25000_bzip2__instcount_plainmodel,14000,15812,1.0104,1.81,0.081252,[.00
PPO_25000_bzip2__instcount_plainmodel,14000,14438,1.1177,1.99,0.083654,[.00
PPO_25000_bzip2__instcount_plainmodel,14000,15140,1.0629,1.89,0.084625,[.00
PPO_25000_bzip2__instcount_plainmodel,14000,14943,1.0783,1.92,0.081886,[.00
PPO_25000_bzip2__instcount_plainmodel,14000,13813,1.1666,2.08,0.082107,[.00
PPO_25000_bzip2__instcount_plainmodel,14000,14218,1.1349,2.02,0.082904,[.00
PPO_25000_bzip2__instcount_plainmodel,14000,14884,1.0829,1.93,0.082261,[.00
PPO_25000_bzip2__instcount_plainmodel,14000,14151,1.1402,2.03,0.081005,[.00
PPO_25000_bzip2__instcount_plainmodel,14000,14700,1.0973,1.95,0.077751,[.00
PPO_25000_bzip2__instcount_plainmodel,14000,16523,0.9549,1.73,0.074954,[.00
PPO_25000_bzip2__instcount_plainmodel,14000,13941,1.1566,2.06,0.07886,[.00
PPO_25000_bzip2__instcount_plainmodel,14000,14147,1.1405,2.03,0.078175,[.00
PPO_25000_bzip2__instcount_plainmodel,14000,14284,1.1298,2.01,0.087133,[.00
PPO_25000_bzip2__instcount_plainmodel,14000,13829,1.1653,2.07,0.090864,[.00
PPO_25000_bzip2__instcount_plainmodel,14000,14228,1.1341,2.02,0.073963,[.00
PPO_25000_bzip2__instcount_plainmodel,14000,13667,1.1780,2.10,0.073597,[.00
PPO_25000_bzip2__instcount_plainmodel,14000,14126,1.1421,2.03,0.083703,[.00
PPO_25000_bzip2__instcount_plainmodel,14000,14074,1.1462,2.04,0.073854,[.00
PPO_25000_bzip2__instcount_plainmodel,14000,14010,1.1512,2.05,0.083807,[.00
PPO_25000_bzip2__instcount_plainmodel,14000,13827,1.1655,2.07,0.08172,[.00
PPO_25000_bzip2__instcount_plainmodel,14000,13650,1.1793,2.10,0.084562,[.00
PPO_25000_bzip2__instcount_plainmodel,14000,14981,1.0753,1.91,0.074542,[.00
PPO_25000_bzip2__instcount_plainmodel,14000,13552,1.1870,2.12,0.084966,[.00
PPO_25000_bzip2__instcount_plainmodel,14000,14464,1.1157,1.98,0.081631,[.00
PPO_25000_bzip2__instcount_plainmodel,15000,13836,1.1648,2.07,0.078407,[.00
PPO_25000_bzip2__instcount_plainmodel,15000,14798,1.0896,1.94,0.091435,[.00
PPO_25000_bzip2__instcount_plainmodel,15000,13989,1.1528,2.05,0.081908,[.00
PPO_25000_bzip2__instcount_plainmodel,15000,16440,0.9614,1.74,0.083167,[.00
PPO_25000_bzip2__instcount_plainmodel,15000,13838,1.1646,2.07,0.078699,[.00
PPO_25000_bzip2__instcount_plainmodel,15000,13954,1.1556,2.06,0.081207,[.00
PPO_25000_bzip2__instcount_plainmodel,15000,14399,1.1208,1.99,0.079368,[.00
PPO_25000_bzip2__instcount_plainmodel,15000,14436,1.1179,1.99,0.083689,[.00
PPO_25000_bzip2__instcount_plainmodel,15000,13945,1.1563,2.06,0.080998,[.00
PPO_25000_bzip2__instcount_plainmodel,15000,13780,1.1691,2.08,0.080345,[.00
PPO_25000_bzip2__instcount_plainmodel,15000,13757,1.1709,2.08,0.080889,[.00
PPO_25000_bzip2__instcount_plainmodel,15000,13635,1.1805,2.10,0.078503,[.00
PPO_25000_bzip2__instcount_plainmodel,15000,13751,1.1714,2.09,0.08589,[.00
PPO_25000_bzip2__instcount_plainmodel,15000,13889,1.1606,2.06,0.077534,[.00
PPO_25000_bzip2__instcount_plainmodel,15000,14418,1.1193,1.99,0.078774,[.00
PPO_25000_bzip2__instcount_plainmodel,15000,13951,1.1558,2.06,0.084511,[.00
PPO_25000_bzip2__instcount_plainmodel,15000,14013,1.1509,2.05,0.082718,[.00
PPO_25000_bzip2__instcount_plainmodel,15000,13861,1.1628,2.07,0.085154,[.00
PPO_25000_bzip2__instcount_plainmodel,15000,14695,1.0977,1.95,0.077992,[.00
PPO_25000_bzip2__instcount_plainmodel,15000,14441,1.1175,1.99,0.079779,[.00
PPO_25000_bzip2__instcount_plainmodel,15000,16399,0.9646,1.75,0.046741,[.00
PPO_25000_bzip2__instcount_plainmodel,15000,13885,1.1609,2.07,0.078891,[.00
PPO_25000_bzip2__instcount_plainmodel,15000,14023,1.1502,2.05,0.085794,[.00
PPO_25000_bzip2__instcount_plainmodel,15000,14468,1.1154,1.98,0.081522,[.00
PPO_25000_bzip2__instcount_plainmodel,15000,15053,1.0697,1.90,0.085496,[.00
PPO_25000_bzip2__instcount_plainmodel,15000,13686,1.1765,2.10,0.082346,[.00
PPO_25000_bzip2__instcount_plainmodel,15000,14129,1.1419,2.03,0.082611,[.00
PPO_25000_bzip2__instcount_plainmodel,15000,13913,1.1588,2.06,0.079862,[.00
PPO_25000_bzip2__instcount_plainmodel,15000,13943,1.1564,2.06,0.087825,[.00
PPO_25000_bzip2__instcount_plainmodel,15000,14068,1.1466,2.04,0.08454,[.00
PPO_25000_bzip2__instcount_plainmodel,15000,15066,1.0687,1.90,0.085148,[.00
PPO_25000_bzip2__instcount_plainmodel,15000,13881,1.1613,2.07,0.07979,[.00
PPO_25000_bzip2__instcount_plainmodel,15000,14170,1.1387,2.02,0.079034,[.00
PPO_25000_bzip2__instcount_plainmodel,15000,13787,1.1686,2.08,0.077986,[.00
PPO_25000_bzip2__instcount_plainmodel,15000,18274,0.8181,1.57,0.048177,[.00
PPO_25000_bzip2__instcount_plainmodel,15000,13772,1.1698,2.08,0.082119,[.00
PPO_25000_bzip2__instcount_plainmodel,15000,13697,1.1756,2.09,0.080058,[.00
PPO_25000_bzip2__instcount_plainmodel,15000,13822,1.1659,2.07,0.082494,[.00
PPO_25000_bzip2__instcount_plainmodel,15000,14015,1.1508,2.05,0.082522,[.00
PPO_25000_bzip2__instcount_plainmodel,15000,13960,1.1551,2.05,0.084799,[.00
PPO_25000_bzip2__instcount_plainmodel,15000,14313,1.1275,2.00,0.085673,[.00
PPO_25000_bzip2__instcount_plainmodel,15000,13829,1.1653,2.07,0.088997,[.00
PPO_25000_bzip2__instcount_plainmodel,15000,13912,1.1588,2.06,0.079407,[.00
PPO_25000_bzip2__instcount_plainmodel,15000,13871,1.1620,2.07,0.081408,[.00
PPO_25000_bzip2__instcount_plainmodel,15000,13775,1.1695,2.08,0.093966,[.00
PPO_25000_bzip2__instcount_plainmodel,15000,14172,1.1385,2.02,0.084583,[.00
PPO_25000_bzip2__instcount_plainmodel,15000,13568,1.1857,2.11,0.078327,[.00
PPO_25000_bzip2__instcount_plainmodel,15000,13555,1.1867,2.12,0.086392,[.00
PPO_25000_bzip2__instcount_plainmodel,15000,14106,1.1437,2.03,0.078319,[.00
PPO_25000_bzip2__instcount_plainmodel,15000,13744,1.1720,2.09,0.085227,[.00
PPO_25000_bzip2__instcount_plainmodel,15000,15046,1.0703,1.91,0.078595,[.00
PPO_25000_bzip2__instcount_plainmodel,15000,13717,1.1741,2.09,0.090282,[.00
PPO_25000_bzip2__instcount_plainmodel,15000,13828,1.1654,2.07,0.078358,[.00
PPO_25000_bzip2__instcount_plainmodel,15000,15942,1.0003,1.80,0.089275,[.00
PPO_25000_bzip2__instcount_plainmodel,15000,14364,1.1235,2.00,0.080766,[.00
PPO_25000_bzip2__instcount_plainmodel,15000,14073,1.1463,2.04,0.083805,[.00
PPO_25000_bzip2__instcount_plainmodel,15000,13665,1.1781,2.10,0.082942,[.00
PPO_25000_bzip2__instcount_plainmodel,15000,14803,1.0892,1.94,0.084467,[.00
PPO_25000_bzip2__instcount_plainmodel,15000,14162,1.1393,2.02,0.086189,[.00
PPO_25000_bzip2__instcount_plainmodel,15000,13884,1.1610,2.07,0.07893,[.00
PPO_25000_bzip2__instcount_plainmodel,15000,14188,1.1373,2.02,0.080764,[.00
PPO_25000_bzip2__instcount_plainmodel,15000,14299,1.1286,2.01,0.079574,[.00
PPO_25000_bzip2__instcount_plainmodel,15000,13728,1.1732,2.09,0.077771,[.00
PPO_25000_bzip2__instcount_plainmodel,15000,14040,1.1488,2.04,0.080777,[.00
PPO_25000_bzip2__instcount_plainmodel,15000,13255,1.2102,2.16,0.0809,[.00
PPO_25000_bzip2__instcount_plainmodel,15000,14430,1.1184,1.99,0.073278,[.00
PPO_25000_bzip2__instcount_plainmodel,15000,14279,1.1302,2.01,0.077972,[.00
PPO_25000_bzip2__instcount_plainmodel,15000,13657,1.1788,2.10,0.080176,[.00
PPO_25000_bzip2__instcount_plainmodel,15000,13932,1.1573,2.06,0.086252,[.00
PPO_25000_bzip2__instcount_plainmodel,15000,13823,1.1658,2.07,0.082876,[.00
PPO_25000_bzip2__instcount_plainmodel,15000,13762,1.1705,2.08,0.081764,[.00
PPO_25000_bzip2__instcount_plainmodel,15000,14104,1.1438,2.03,0.083401,[.00
PPO_25000_bzip2__instcount_plainmodel,15000,13860,1.1629,2.07,0.090204,[.00
PPO_25000_bzip2__instcount_plainmodel,15000,13835,1.1648,2.07,0.080817,[.00
PPO_25000_bzip2__instcount_plainmodel,15000,13585,1.1844,2.11,0.080585,[.00
PPO_25000_bzip2__instcount_plainmodel,15000,13769,1.1700,2.08,0.077485,[.00
PPO_25000_bzip2__instcount_plainmodel,15000,13969,1.1544,2.05,0.080403,[.00
PPO_25000_bzip2__instcount_plainmodel,15000,14160,1.1395,2.03,0.077962,[.00
PPO_25000_bzip2__instcount_plainmodel,15000,13656,1.1788,2.10,0.087079,[.00
PPO_25000_bzip2__instcount_plainmodel,15000,13883,1.1611,2.07,0.076752,[.00
PPO_25000_bzip2__instcount_plainmodel,15000,13877,1.1616,2.07,0.078572,[.00
PPO_25000_bzip2__instcount_plainmodel,15000,13713,1.1744,2.09,0.080753,[.00
PPO_25000_bzip2__instcount_plainmodel,15000,14120,1.1426,2.03,0.084668,[.00
PPO_25000_bzip2__instcount_plainmodel,15000,14768,1.0920,1.94,0.074812,[.00
PPO_25000_bzip2__instcount_plainmodel,15000,13999,1.1520,2.05,0.079926,[.00
PPO_25000_bzip2__instcount_plainmodel,15000,13686,1.1765,2.10,0.082042,[.00
PPO_25000_bzip2__instcount_plainmodel,15000,14405,1.1203,1.99,0.083961,[.00
PPO_25000_bzip2__instcount_plainmodel,15000,13987,1.1530,2.05,0.077512,[.00
PPO_25000_bzip2__instcount_plainmodel,15000,14688,1.0982,1.95,0.088759,[.00
PPO_25000_bzip2__instcount_plainmodel,15000,14128,1.1420,2.03,0.080736,[.00
PPO_25000_bzip2__instcount_plainmodel,15000,13794,1.1680,2.08,0.085752,[.00
PPO_25000_bzip2__instcount_plainmodel,15000,13500,1.1910,2.12,0.090294,[.00
PPO_25000_bzip2__instcount_plainmodel,15000,14664,1.1001,1.96,0.081072,[.00
PPO_25000_bzip2__instcount_plainmodel,15000,13625,1.1812,2.10,0.082458,[.00
PPO_25000_bzip2__instcount_plainmodel,15000,14987,1.0749,1.91,0.085114,[.00
PPO_25000_bzip2__instcount_plainmodel,15000,13892,1.1604,2.06,0.086772,[.00
PPO_25000_bzip2__instcount_plainmodel,15000,14494,1.1134,1.98,0.069042,[.00
PPO_25000_bzip2__instcount_plainmodel,15000,15027,1.0717,1.91,0.08279,[.00
PPO_25000_bzip2__instcount_plainmodel,15000,13885,1.1609,2.07,0.088028,[.00
PPO_25000_bzip2__instcount_plainmodel,15000,13638,1.1802,2.10,0.090638,[.00
PPO_25000_bzip2__instcount_plainmodel,16000,14856,1.0851,1.93,0.078335,[.00
PPO_25000_bzip2__instcount_plainmodel,16000,13621,1.1816,2.11,0.082968,[.00
PPO_25000_bzip2__instcount_plainmodel,16000,13887,1.1608,2.07,0.089219,[.00
PPO_25000_bzip2__instcount_plainmodel,16000,14008,1.1513,2.05,0.079857,[.00
PPO_25000_bzip2__instcount_plainmodel,16000,13882,1.1612,2.07,0.082465,[.00
PPO_25000_bzip2__instcount_plainmodel,16000,14227,1.1342,2.02,0.086161,[.00
PPO_25000_bzip2__instcount_plainmodel,16000,14124,1.1423,2.03,0.0801,[.00
PPO_25000_bzip2__instcount_plainmodel,16000,14616,1.1038,1.96,0.081282,[.00
PPO_25000_bzip2__instcount_plainmodel,16000,15297,1.0506,1.87,0.090037,[.00
PPO_25000_bzip2__instcount_plainmodel,16000,15475,1.0367,1.85,0.077378,[.00
PPO_25000_bzip2__instcount_plainmodel,16000,13936,1.1570,2.06,0.077546,[.00
PPO_25000_bzip2__instcount_plainmodel,16000,13563,1.1861,2.11,0.083318,[.00
PPO_25000_bzip2__instcount_plainmodel,16000,14086,1.1452,2.04,0.083359,[.00
PPO_25000_bzip2__instcount_plainmodel,16000,13399,1.1989,2.14,0.078188,[.00
PPO_25000_bzip2__instcount_plainmodel,16000,13892,1.1604,2.06,0.077901,[.00
PPO_25000_bzip2__instcount_plainmodel,16000,13922,1.1581,2.06,0.077463,[.00
PPO_25000_bzip2__instcount_plainmodel,16000,13339,1.2036,2.15,0.083683,[.00
PPO_25000_bzip2__instcount_plainmodel,16000,13756,1.1710,2.08,0.079398,[.00
PPO_25000_bzip2__instcount_plainmodel,16000,13494,1.1915,2.13,0.079068,[.00
PPO_25000_bzip2__instcount_plainmodel,16000,14122,1.1424,2.03,0.084683,[.00
PPO_25000_bzip2__instcount_plainmodel,16000,14224,1.1345,2.02,0.083326,[.00
PPO_25000_bzip2__instcount_plainmodel,16000,16156,0.9835,1.77,0.044896,[.00
PPO_25000_bzip2__instcount_plainmodel,16000,13781,1.1691,2.08,0.085774,[.00
PPO_25000_bzip2__instcount_plainmodel,16000,16065,0.9907,1.78,0.044987,[.00
PPO_25000_bzip2__instcount_plainmodel,16000,14252,1.1323,2.01,0.08643,[.00
PPO_25000_bzip2__instcount_plainmodel,16000,13946,1.1562,2.06,0.078293,[.00
PPO_25000_bzip2__instcount_plainmodel,16000,13722,1.1737,2.09,0.083514,[.00
PPO_25000_bzip2__instcount_plainmodel,16000,13598,1.1834,2.11,0.08266,[.00
PPO_25000_bzip2__instcount_plainmodel,16000,13582,1.1846,2.11,0.077673,[.00
PPO_25000_bzip2__instcount_plainmodel,16000,13758,1.1709,2.08,0.082793,[.00
PPO_25000_bzip2__instcount_plainmodel,16000,13594,1.1837,2.11,0.079621,[.00
PPO_25000_bzip2__instcount_plainmodel,16000,16355,0.9680,1.75,0.09209,[.00
PPO_25000_bzip2__instcount_plainmodel,16000,13709,1.1747,2.09,0.08075,[.00
PPO_25000_bzip2__instcount_plainmodel,16000,28421,0.0255,1.01,0.08278,[.00
PPO_25000_bzip2__instcount_plainmodel,16000,13667,1.1780,2.10,0.082211,[.00
PPO_25000_bzip2__instcount_plainmodel,16000,13838,1.1646,2.07,0.082852,[.00
PPO_25000_bzip2__instcount_plainmodel,16000,14276,1.1304,2.01,0.080154,[.00
PPO_25000_bzip2__instcount_plainmodel,16000,14593,1.1056,1.96,0.088752,[.00
PPO_25000_bzip2__instcount_plainmodel,16000,14231,1.1339,2.02,0.08049,[.00
PPO_25000_bzip2__instcount_plainmodel,16000,13863,1.1627,2.07,0.078247,[.00
PPO_25000_bzip2__instcount_plainmodel,16000,16400,0.9645,1.75,0.088178,[.00
PPO_25000_bzip2__instcount_plainmodel,16000,14059,1.1473,2.04,0.078571,[.00
PPO_25000_bzip2__instcount_plainmodel,16000,13717,1.1741,2.09,0.086625,[.00
PPO_25000_bzip2__instcount_plainmodel,16000,18117,0.8304,1.58,0.088431,[.00
PPO_25000_bzip2__instcount_plainmodel,16000,13622,1.1815,2.11,0.082835,[.00
PPO_25000_bzip2__instcount_plainmodel,16000,13881,1.1613,2.07,0.082361,[.00
PPO_25000_bzip2__instcount_plainmodel,16000,13973,1.1541,2.05,0.08207,[.00
PPO_25000_bzip2__instcount_plainmodel,16000,13588,1.1841,2.11,0.079459,[.00
PPO_25000_bzip2__instcount_plainmodel,16000,13961,1.1550,2.05,0.080474,[.00
PPO_25000_bzip2__instcount_plainmodel,16000,13740,1.1723,2.09,0.080637,[.00
PPO_25000_bzip2__instcount_plainmodel,16000,14558,1.1084,1.97,0.083246,[.00
PPO_25000_bzip2__instcount_plainmodel,16000,14046,1.1484,2.04,0.080414,[.00
PPO_25000_bzip2__instcount_plainmodel,16000,14684,1.0985,1.95,0.083447,[.00
PPO_25000_bzip2__instcount_plainmodel,16000,13904,1.1595,2.06,0.07893,[.00
PPO_25000_bzip2__instcount_plainmodel,16000,14168,1.1388,2.02,0.072972,[.00
PPO_25000_bzip2__instcount_plainmodel,16000,13890,1.1605,2.06,0.084095,[.00
PPO_25000_bzip2__instcount_plainmodel,16000,13460,1.1941,2.13,0.082367,[.00
PPO_25000_bzip2__instcount_plainmodel,16000,13409,1.1981,2.14,0.082528,[.00
PPO_25000_bzip2__instcount_plainmodel,16000,14165,1.1391,2.02,0.079045,[.00
PPO_25000_bzip2__instcount_plainmodel,16000,13655,1.1789,2.10,0.078449,[.00
PPO_25000_bzip2__instcount_plainmodel,16000,14137,1.1413,2.03,0.087237,[.00
PPO_25000_bzip2__instcount_plainmodel,16000,13469,1.1934,2.13,0.085781,[.00
PPO_25000_bzip2__instcount_plainmodel,16000,13796,1.1679,2.08,0.082747,[.00
PPO_25000_bzip2__instcount_plainmodel,16000,13824,1.1657,2.07,0.079191,[.00
PPO_25000_bzip2__instcount_plainmodel,16000,13458,1.1943,2.13,0.086043,[.00
PPO_25000_bzip2__instcount_plainmodel,16000,13911,1.1589,2.06,0.081768,[.00
PPO_25000_bzip2__instcount_plainmodel,16000,13796,1.1679,2.08,0.082894,[.00
PPO_25000_bzip2__instcount_plainmodel,16000,13408,1.1982,2.14,0.081183,[.00
PPO_25000_bzip2__instcount_plainmodel,16000,13809,1.1669,2.08,0.079244,[.00
PPO_25000_bzip2__instcount_plainmodel,16000,14294,1.1290,2.01,0.079747,[.00
PPO_25000_bzip2__instcount_plainmodel,16000,14036,1.1491,2.04,0.077863,[.00
PPO_25000_bzip2__instcount_plainmodel,16000,13346,1.2030,2.15,0.08542,[.00
PPO_25000_bzip2__instcount_plainmodel,16000,13739,1.1723,2.09,0.080118,[.00
PPO_25000_bzip2__instcount_plainmodel,16000,14580,1.1067,1.97,0.079276,[.00
PPO_25000_bzip2__instcount_plainmodel,16000,13816,1.1663,2.08,0.082615,[.00
PPO_25000_bzip2__instcount_plainmodel,16000,13646,1.1796,2.10,0.081686,[.00
PPO_25000_bzip2__instcount_plainmodel,16000,14042,1.1487,2.04,0.080654,[.00
PPO_25000_bzip2__instcount_plainmodel,16000,13694,1.1759,2.09,0.079661,[.00
PPO_25000_bzip2__instcount_plainmodel,16000,13739,1.1723,2.09,0.079816,[.00
PPO_25000_bzip2__instcount_plainmodel,16000,13875,1.1617,2.07,0.086243,[.00
PPO_25000_bzip2__instcount_plainmodel,16000,13511,1.1902,2.12,0.082322,[.00
PPO_25000_bzip2__instcount_plainmodel,16000,14589,1.1059,1.97,0.079444,[.00
PPO_25000_bzip2__instcount_plainmodel,16000,15241,1.0550,1.88,0.082533,[.00
PPO_25000_bzip2__instcount_plainmodel,16000,14480,1.1145,1.98,0.088492,[.00
PPO_25000_bzip2__instcount_plainmodel,16000,13718,1.1740,2.09,0.08188,[.00
PPO_25000_bzip2__instcount_plainmodel,16000,13898,1.1599,2.06,0.083643,[.00
PPO_25000_bzip2__instcount_plainmodel,16000,13826,1.1655,2.07,0.080307,[.00
PPO_25000_bzip2__instcount_plainmodel,16000,15003,1.0736,1.91,0.087791,[.00
PPO_25000_bzip2__instcount_plainmodel,16000,13775,1.1695,2.08,0.078827,[.00
PPO_25000_bzip2__instcount_plainmodel,16000,13567,1.1858,2.11,0.082076,[.00
PPO_25000_bzip2__instcount_plainmodel,16000,14814,1.0884,1.94,0.071032,[.00
PPO_25000_bzip2__instcount_plainmodel,16000,14267,1.1311,2.01,0.079586,[.00
PPO_25000_bzip2__instcount_plainmodel,16000,13792,1.1682,2.08,0.07834,[.00
PPO_25000_bzip2__instcount_plainmodel,16000,14112,1.1432,2.03,0.087525,[.00
PPO_25000_bzip2__instcount_plainmodel,16000,15169,1.0606,1.89,0.093544,[.00
PPO_25000_bzip2__instcount_plainmodel,16000,14073,1.1463,2.04,0.082509,[.00
PPO_25000_bzip2__instcount_plainmodel,16000,13799,1.1677,2.08,0.079751,[.00
PPO_25000_bzip2__instcount_plainmodel,16000,14010,1.1512,2.05,0.085767,[.00
PPO_25000_bzip2__instcount_plainmodel,16000,16100,0.9879,1.78,0.088233,[.00
PPO_25000_bzip2__instcount_plainmodel,16000,13721,1.1738,2.09,0.08037,[.00
PPO_25000_bzip2__instcount_plainmodel,17000,15591,1.0277,1.84,0.074793,[.00
PPO_25000_bzip2__instcount_plainmodel,17000,13908,1.1591,2.06,0.085883,[.00
PPO_25000_bzip2__instcount_plainmodel,17000,13471,1.1933,2.13,0.079077,[.00
PPO_25000_bzip2__instcount_plainmodel,17000,13976,1.1538,2.05,0.089107,[.00
PPO_25000_bzip2__instcount_plainmodel,17000,13456,1.1945,2.13,0.086188,[.00
PPO_25000_bzip2__instcount_plainmodel,17000,14127,1.1420,2.03,0.081515,[.00
PPO_25000_bzip2__instcount_plainmodel,17000,15058,1.0693,1.90,0.074017,[.00
PPO_25000_bzip2__instcount_plainmodel,17000,13714,1.1743,2.09,0.077657,[.00
PPO_25000_bzip2__instcount_plainmodel,17000,16300,0.9723,1.76,0.044206,[.00
PPO_25000_bzip2__instcount_plainmodel,17000,13795,1.1680,2.08,0.080651,[.00
PPO_25000_bzip2__instcount_plainmodel,17000,13719,1.1739,2.09,0.08249,[.00
PPO_25000_bzip2__instcount_plainmodel,17000,15823,1.0096,1.81,0.048941,[.00
PPO_25000_bzip2__instcount_plainmodel,17000,16236,0.9773,1.77,0.04426,[.00
PPO_25000_bzip2__instcount_plainmodel,17000,14635,1.1024,1.96,0.078572,[.00
PPO_25000_bzip2__instcount_plainmodel,17000,13838,1.1646,2.07,0.079245,[.00
PPO_25000_bzip2__instcount_plainmodel,17000,13770,1.1699,2.08,0.08136,[.00
PPO_25000_bzip2__instcount_plainmodel,17000,14971,1.0761,1.92,0.077905,[.00
PPO_25000_bzip2__instcount_plainmodel,17000,13965,1.1547,2.05,0.080402,[.00
PPO_25000_bzip2__instcount_plainmodel,17000,13399,1.1989,2.14,0.090657,[.00
PPO_25000_bzip2__instcount_plainmodel,17000,15334,1.0478,1.87,0.083596,[.00
PPO_25000_bzip2__instcount_plainmodel,17000,14079,1.1458,2.04,0.085249,[.00
PPO_25000_bzip2__instcount_plainmodel,17000,13620,1.1816,2.11,0.082445,[.00
PPO_25000_bzip2__instcount_plainmodel,17000,13584,1.1845,2.11,0.084052,[.00
PPO_25000_bzip2__instcount_plainmodel,17000,13637,1.1803,2.10,0.087918,[.00
PPO_25000_bzip2__instcount_plainmodel,17000,13726,1.1734,2.09,0.082539,[.00
PPO_25000_bzip2__instcount_plainmodel,17000,13754,1.1712,2.09,0.084002,[.00
PPO_25000_bzip2__instcount_plainmodel,17000,13725,1.1734,2.09,0.079561,[.00
PPO_25000_bzip2__instcount_plainmodel,17000,13709,1.1747,2.09,0.0834,[.00
PPO_25000_bzip2__instcount_plainmodel,17000,14040,1.1488,2.04,0.081962,[.00
PPO_25000_bzip2__instcount_plainmodel,17000,13754,1.1712,2.09,0.084348,[.00
PPO_25000_bzip2__instcount_plainmodel,17000,14755,1.0930,1.94,0.085786,[.00
PPO_25000_bzip2__instcount_plainmodel,17000,17093,0.9104,1.68,0.081305,[.00
PPO_25000_bzip2__instcount_plainmodel,17000,13761,1.1706,2.08,0.082717,[.00
PPO_25000_bzip2__instcount_plainmodel,17000,13835,1.1648,2.07,0.085377,[.00
PPO_25000_bzip2__instcount_plainmodel,17000,13759,1.1708,2.08,0.0861,[.00
PPO_25000_bzip2__instcount_plainmodel,17000,14125,1.1422,2.03,0.080037,[.00
PPO_25000_bzip2__instcount_plainmodel,17000,13618,1.1818,2.11,0.082788,[.00
PPO_25000_bzip2__instcount_plainmodel,17000,14125,1.1422,2.03,0.073668,[.00
PPO_25000_bzip2__instcount_plainmodel,17000,14125,1.1422,2.03,0.078697,[.00
PPO_25000_bzip2__instcount_plainmodel,17000,13723,1.1736,2.09,0.078952,[.00
PPO_25000_bzip2__instcount_plainmodel,17000,15272,1.0526,1.88,0.100342,[.00
PPO_25000_bzip2__instcount_plainmodel,17000,14090,1.1449,2.04,0.083306,[.00
PPO_25000_bzip2__instcount_plainmodel,17000,13860,1.1629,2.07,0.082321,[.00
PPO_25000_bzip2__instcount_plainmodel,17000,13827,1.1655,2.07,0.079578,[.00
PPO_25000_bzip2__instcount_plainmodel,17000,13700,1.1754,2.09,0.07755,[.00
PPO_25000_bzip2__instcount_plainmodel,17000,13945,1.1563,2.06,0.073662,[.00
PPO_25000_bzip2__instcount_plainmodel,17000,13606,1.1827,2.11,0.079431,[.00
PPO_25000_bzip2__instcount_plainmodel,17000,13615,1.1820,2.11,0.079982,[.00
PPO_25000_bzip2__instcount_plainmodel,17000,14110,1.1434,2.03,0.077975,[.00
PPO_25000_bzip2__instcount_plainmodel,17000,14137,1.1413,2.03,0.092859,[.00
PPO_25000_bzip2__instcount_plainmodel,17000,13939,1.1567,2.06,0.089585,[.00
PPO_25000_bzip2__instcount_plainmodel,17000,13954,1.1556,2.06,0.083749,[.00
PPO_25000_bzip2__instcount_plainmodel,17000,13668,1.1779,2.10,0.083563,[.00
PPO_25000_bzip2__instcount_plainmodel,17000,14026,1.1499,2.04,0.083894,[.00
PPO_25000_bzip2__instcount_plainmodel,17000,13594,1.1837,2.11,0.080635,[.00
PPO_25000_bzip2__instcount_plainmodel,17000,14270,1.1309,2.01,0.082542,[.00
PPO_25000_bzip2__instcount_plainmodel,17000,14078,1.1459,2.04,0.080274,[.00
PPO_25000_bzip2__instcount_plainmodel,17000,14331,1.1261,2.00,0.081398,[.00
PPO_25000_bzip2__instcount_plainmodel,17000,14167,1.1389,2.02,0.083897,[.00
PPO_25000_bzip2__instcount_plainmodel,17000,13955,1.1555,2.06,0.083249,[.00
PPO_25000_bzip2__instcount_plainmodel,17000,13917,1.1584,2.06,0.080162,[.00
PPO_25000_bzip2__instcount_plainmodel,17000,14121,1.1425,2.03,0.079225,[.00
PPO_25000_bzip2__instcount_plainmodel,17000,13599,1.1833,2.11,0.081277,[.00
PPO_25000_bzip2__instcount_plainmodel,17000,13654,1.1790,2.10,0.078419,[.00
PPO_25000_bzip2__instcount_plainmodel,17000,14150,1.1402,2.03,0.081356,[.00
PPO_25000_bzip2__instcount_plainmodel,17000,13543,1.1877,2.12,0.085035,[.00
PPO_25000_bzip2__instcount_plainmodel,17000,13597,1.1834,2.11,0.081633,[.00
PPO_25000_bzip2__instcount_plainmodel,17000,13560,1.1863,2.12,0.081744,[.00
PPO_25000_bzip2__instcount_plainmodel,17000,13698,1.1755,2.09,0.081643,[.00
PPO_25000_bzip2__instcount_plainmodel,17000,13828,1.1654,2.07,0.082736,[.00
PPO_25000_bzip2__instcount_plainmodel,17000,13911,1.1589,2.06,0.087622,[.00
PPO_25000_bzip2__instcount_plainmodel,17000,14259,1.1317,2.01,0.079998,[.00
PPO_25000_bzip2__instcount_plainmodel,17000,13468,1.1935,2.13,0.082288,[.00
PPO_25000_bzip2__instcount_plainmodel,17000,13823,1.1658,2.07,0.080001,[.00
PPO_25000_bzip2__instcount_plainmodel,17000,14675,1.0992,1.95,0.073193,[.00
PPO_25000_bzip2__instcount_plainmodel,17000,13679,1.1770,2.10,0.082161,[.00
PPO_25000_bzip2__instcount_plainmodel,17000,13626,1.1812,2.10,0.091879,[.00
PPO_25000_bzip2__instcount_plainmodel,17000,13792,1.1682,2.08,0.078353,[.00
PPO_25000_bzip2__instcount_plainmodel,17000,13685,1.1766,2.10,0.084258,[.00
PPO_25000_bzip2__instcount_plainmodel,17000,13878,1.1615,2.07,0.081035,[.00
PPO_25000_bzip2__instcount_plainmodel,17000,13611,1.1823,2.11,0.08559,[.00
PPO_25000_bzip2__instcount_plainmodel,17000,13747,1.1717,2.09,0.081563,[.00
PPO_25000_bzip2__instcount_plainmodel,17000,16209,0.9794,1.77,0.086813,[.00
PPO_25000_bzip2__instcount_plainmodel,17000,14423,1.1189,1.99,0.075635,[.00
PPO_25000_bzip2__instcount_plainmodel,17000,14745,1.0938,1.94,0.078012,[.00
PPO_25000_bzip2__instcount_plainmodel,17000,13952,1.1557,2.06,0.07166,[.00
PPO_25000_bzip2__instcount_plainmodel,17000,14178,1.1381,2.02,0.086317,[.00
PPO_25000_bzip2__instcount_plainmodel,17000,14266,1.1312,2.01,0.084837,[.00
PPO_25000_bzip2__instcount_plainmodel,17000,13526,1.1890,2.12,0.084368,[.00
PPO_25000_bzip2__instcount_plainmodel,17000,16220,0.9785,1.77,0.045553,[.00
PPO_25000_bzip2__instcount_plainmodel,17000,13854,1.1634,2.07,0.077769,[.00
PPO_25000_bzip2__instcount_plainmodel,17000,13696,1.1757,2.09,0.083424,[.00
PPO_25000_bzip2__instcount_plainmodel,17000,13737,1.1725,2.09,0.083345,[.00
PPO_25000_bzip2__instcount_plainmodel,17000,14313,1.1275,2.00,0.084004,[.00
PPO_25000_bzip2__instcount_plainmodel,17000,13750,1.1715,2.09,0.087909,[.00
PPO_25000_bzip2__instcount_plainmodel,17000,14417,1.1194,1.99,0.079685,[.00
PPO_25000_bzip2__instcount_plainmodel,17000,13695,1.1758,2.09,0.085391,[.00
PPO_25000_bzip2__instcount_plainmodel,17000,13607,1.1827,2.11,0.082552,[.00
PPO_25000_bzip2__instcount_plainmodel,17000,14316,1.1273,2.00,0.085873,[.00
PPO_25000_bzip2__instcount_plainmodel,17000,13706,1.1749,2.09,0.079279,[.00
PPO_25000_bzip2__instcount_plainmodel,18000,13437,1.1959,2.13,0.078205,[.00
PPO_25000_bzip2__instcount_plainmodel,18000,13715,1.1742,2.09,0.082032,[.00
PPO_25000_bzip2__instcount_plainmodel,18000,13884,1.1610,2.07,0.082069,[.00
PPO_25000_bzip2__instcount_plainmodel,18000,13619,1.1817,2.11,0.082722,[.00
PPO_25000_bzip2__instcount_plainmodel,18000,13853,1.1634,2.07,0.078437,[.00
PPO_25000_bzip2__instcount_plainmodel,18000,14798,1.0896,1.94,0.103835,[.00
PPO_25000_bzip2__instcount_plainmodel,18000,13964,1.1548,2.05,0.083846,[.00
PPO_25000_bzip2__instcount_plainmodel,18000,13475,1.1930,2.13,0.083506,[.00
PPO_25000_bzip2__instcount_plainmodel,18000,13937,1.1569,2.06,0.076309,[.00
PPO_25000_bzip2__instcount_plainmodel,18000,13522,1.1893,2.12,0.081176,[.00
PPO_25000_bzip2__instcount_plainmodel,18000,14295,1.1289,2.01,0.079007,[.00
PPO_25000_bzip2__instcount_plainmodel,18000,13656,1.1788,2.10,0.079798,[.00
PPO_25000_bzip2__instcount_plainmodel,18000,13785,1.1688,2.08,0.082496,[.00
PPO_25000_bzip2__instcount_plainmodel,18000,13585,1.1844,2.11,0.088156,[.00
PPO_25000_bzip2__instcount_plainmodel,18000,14301,1.1284,2.01,0.082431,[.00
PPO_25000_bzip2__instcount_plainmodel,18000,13874,1.1618,2.07,0.078863,[.00
PPO_25000_bzip2__instcount_plainmodel,18000,13777,1.1694,2.08,0.081169,[.00
PPO_25000_bzip2__instcount_plainmodel,18000,14025,1.1500,2.04,0.082875,[.00
PPO_25000_bzip2__instcount_plainmodel,18000,13667,1.1780,2.10,0.084082,[.00
PPO_25000_bzip2__instcount_plainmodel,18000,14208,1.1357,2.02,0.076426,[.00
PPO_25000_bzip2__instcount_plainmodel,18000,13556,1.1866,2.12,0.080801,[.00
PPO_25000_bzip2__instcount_plainmodel,18000,14023,1.1502,2.05,0.079362,[.00
PPO_25000_bzip2__instcount_plainmodel,18000,14487,1.1139,1.98,0.089948,[.00
PPO_25000_bzip2__instcount_plainmodel,18000,15523,1.0330,1.85,0.094678,[.00
PPO_25000_bzip2__instcount_plainmodel,18000,14394,1.1212,1.99,0.078733,[.00
PPO_25000_bzip2__instcount_plainmodel,18000,13491,1.1917,2.13,0.080164,[.00
PPO_25000_bzip2__instcount_plainmodel,18000,14179,1.1380,2.02,0.084695,[.00
PPO_25000_bzip2__instcount_plainmodel,18000,14011,1.1511,2.05,0.0829,[.00
PPO_25000_bzip2__instcount_plainmodel,18000,14089,1.1450,2.04,0.078953,[.00
PPO_25000_bzip2__instcount_plainmodel,18000,14208,1.1357,2.02,0.078327,[.00
PPO_25000_bzip2__instcount_plainmodel,18000,13998,1.1521,2.05,0.079032,[.00
PPO_25000_bzip2__instcount_plainmodel,18000,13453,1.1947,2.13,0.078984,[.00
PPO_25000_bzip2__instcount_plainmodel,18000,13430,1.1965,2.14,0.082674,[.00
PPO_25000_bzip2__instcount_plainmodel,18000,13775,1.1695,2.08,0.079845,[.00
PPO_25000_bzip2__instcount_plainmodel,18000,13820,1.1660,2.08,0.081414,[.00
PPO_25000_bzip2__instcount_plainmodel,18000,13518,1.1896,2.12,0.083004,[.00
PPO_25000_bzip2__instcount_plainmodel,18000,14020,1.1504,2.05,0.078929,[.00
PPO_25000_bzip2__instcount_plainmodel,18000,13525,1.1891,2.12,0.084012,[.00
PPO_25000_bzip2__instcount_plainmodel,18000,13733,1.1728,2.09,0.079719,[.00
PPO_25000_bzip2__instcount_plainmodel,18000,13965,1.1547,2.05,0.084405,[.00
PPO_25000_bzip2__instcount_plainmodel,18000,13396,1.1991,2.14,0.086615,[.00
PPO_25000_bzip2__instcount_plainmodel,18000,13645,1.1797,2.10,0.078958,[.00
PPO_25000_bzip2__instcount_plainmodel,18000,13931,1.1573,2.06,0.078807,[.00
PPO_25000_bzip2__instcount_plainmodel,18000,13498,1.1912,2.12,0.079449,[.00
PPO_25000_bzip2__instcount_plainmodel,18000,13596,1.1835,2.11,0.079779,[.00
PPO_25000_bzip2__instcount_plainmodel,18000,14700,1.0973,1.95,0.084735,[.00
PPO_25000_bzip2__instcount_plainmodel,18000,13568,1.1857,2.11,0.084813,[.00
PPO_25000_bzip2__instcount_plainmodel,18000,14568,1.1076,1.97,0.083165,[.00
PPO_25000_bzip2__instcount_plainmodel,18000,13718,1.1740,2.09,0.079742,[.00
PPO_25000_bzip2__instcount_plainmodel,18000,13729,1.1731,2.09,0.078719,[.00
PPO_25000_bzip2__instcount_plainmodel,18000,15129,1.0638,1.90,0.094803,[.00
PPO_25000_bzip2__instcount_plainmodel,18000,13749,1.1716,2.09,0.080928,[.00
PPO_25000_bzip2__instcount_plainmodel,18000,13764,1.1704,2.08,0.084076,[.00
PPO_25000_bzip2__instcount_plainmodel,18000,13762,1.1705,2.08,0.081443,[.00
PPO_25000_bzip2__instcount_plainmodel,18000,13321,1.2050,2.15,0.078619,[.00
PPO_25000_bzip2__instcount_plainmodel,18000,13639,1.1802,2.10,0.086152,[.00
PPO_25000_bzip2__instcount_plainmodel,18000,13765,1.1703,2.08,0.08291,[.00
PPO_25000_bzip2__instcount_plainmodel,18000,14451,1.1167,1.98,0.118099,[.00
PPO_25000_bzip2__instcount_plainmodel,18000,13928,1.1576,2.06,0.095382,[.00
PPO_25000_bzip2__instcount_plainmodel,18000,13701,1.1753,2.09,0.082638,[.00
PPO_25000_bzip2__instcount_plainmodel,18000,13775,1.1695,2.08,0.092134,[.00
PPO_25000_bzip2__instcount_plainmodel,18000,15022,1.0721,1.91,0.092332,[.00
PPO_25000_bzip2__instcount_plainmodel,18000,13822,1.1659,2.07,0.084864,[.00
PPO_25000_bzip2__instcount_plainmodel,18000,13822,1.1659,2.07,0.08298,[.00
PPO_25000_bzip2__instcount_plainmodel,18000,13953,1.1556,2.06,0.080835,[.00
PPO_25000_bzip2__instcount_plainmodel,18000,13580,1.1848,2.11,0.08294,[.00
PPO_25000_bzip2__instcount_plainmodel,18000,14738,1.0943,1.95,0.075058,[.00
PPO_25000_bzip2__instcount_plainmodel,18000,13686,1.1765,2.10,0.080097,[.00
PPO_25000_bzip2__instcount_plainmodel,18000,13473,1.1931,2.13,0.080762,[.00
PPO_25000_bzip2__instcount_plainmodel,18000,13585,1.1844,2.11,0.078889,[.00
PPO_25000_bzip2__instcount_plainmodel,18000,14027,1.1498,2.04,0.08158,[.00
PPO_25000_bzip2__instcount_plainmodel,18000,14598,1.1052,1.96,0.091745,[.00
PPO_25000_bzip2__instcount_plainmodel,18000,14007,1.1514,2.05,0.077277,[.00
PPO_25000_bzip2__instcount_plainmodel,18000,13815,1.1664,2.08,0.084809,[.00
PPO_25000_bzip2__instcount_plainmodel,18000,14579,1.1067,1.97,0.082547,[.00
PPO_25000_bzip2__instcount_plainmodel,18000,13779,1.1692,2.08,0.081973,[.00
PPO_25000_bzip2__instcount_plainmodel,18000,13385,1.2000,2.14,0.084247,[.00
PPO_25000_bzip2__instcount_plainmodel,18000,13708,1.1748,2.09,0.078782,[.00
PPO_25000_bzip2__instcount_plainmodel,18000,13652,1.1791,2.10,0.080567,[.00
PPO_25000_bzip2__instcount_plainmodel,18000,13620,1.1816,2.11,0.08264,[.00
PPO_25000_bzip2__instcount_plainmodel,18000,16212,0.9792,1.77,0.046516,[.00
PPO_25000_bzip2__instcount_plainmodel,18000,13755,1.1711,2.09,0.080616,[.00
PPO_25000_bzip2__instcount_plainmodel,18000,13855,1.1633,2.07,0.087765,[.00
PPO_25000_bzip2__instcount_plainmodel,18000,13376,1.2007,2.14,0.082258,[.00
PPO_25000_bzip2__instcount_plainmodel,18000,13693,1.1759,2.09,0.080396,[.00
PPO_25000_bzip2__instcount_plainmodel,18000,15137,1.0631,1.89,0.090222,[.00
PPO_25000_bzip2__instcount_plainmodel,18000,13720,1.1738,2.09,0.081485,[.00
PPO_25000_bzip2__instcount_plainmodel,18000,13935,1.1570,2.06,0.082157,[.00
PPO_25000_bzip2__instcount_plainmodel,18000,13477,1.1928,2.13,0.085949,[.00
PPO_25000_bzip2__instcount_plainmodel,18000,13784,1.1688,2.08,0.081207,[.00
PPO_25000_bzip2__instcount_plainmodel,18000,13731,1.1730,2.09,0.08428,[.00
PPO_25000_bzip2__instcount_plainmodel,18000,13473,1.1931,2.13,0.081934,[.00
PPO_25000_bzip2__instcount_plainmodel,18000,13951,1.1558,2.06,0.082943,[.00
PPO_25000_bzip2__instcount_plainmodel,18000,13973,1.1541,2.05,0.080628,[.00
PPO_25000_bzip2__instcount_plainmodel,18000,13977,1.1538,2.05,0.07953,[.00
PPO_25000_bzip2__instcount_plainmodel,18000,13651,1.1792,2.10,0.082329,[.00
PPO_25000_bzip2__instcount_plainmodel,18000,13796,1.1679,2.08,0.079269,[.00
PPO_25000_bzip2__instcount_plainmodel,18000,13721,1.1738,2.09,0.079466,[.00
PPO_25000_bzip2__instcount_plainmodel,18000,13576,1.1851,2.11,0.084984,[.00
PPO_25000_bzip2__instcount_plainmodel,18000,14897,1.0819,1.92,0.087745,[.00
PPO_25000_bzip2__instcount_plainmodel,19000,13855,1.1633,2.07,0.097862,[.00
PPO_25000_bzip2__instcount_plainmodel,19000,13973,1.1541,2.05,0.081971,[.00
PPO_25000_bzip2__instcount_plainmodel,19000,13665,1.1781,2.10,0.085595,[.00
PPO_25000_bzip2__instcount_plainmodel,19000,13674,1.1774,2.10,0.080882,[.00
PPO_25000_bzip2__instcount_plainmodel,19000,13522,1.1893,2.12,0.080457,[.00
PPO_25000_bzip2__instcount_plainmodel,19000,13794,1.1680,2.08,0.082845,[.00
PPO_25000_bzip2__instcount_plainmodel,19000,13650,1.1793,2.10,0.079139,[.00
PPO_25000_bzip2__instcount_plainmodel,19000,13831,1.1652,2.07,0.081954,[.00
PPO_25000_bzip2__instcount_plainmodel,19000,13958,1.1552,2.05,0.081597,[.00
PPO_25000_bzip2__instcount_plainmodel,19000,13356,1.2023,2.15,0.079866,[.00
PPO_25000_bzip2__instcount_plainmodel,19000,13710,1.1746,2.09,0.081419,[.00
PPO_25000_bzip2__instcount_plainmodel,19000,13652,1.1791,2.10,0.083634,[.00
PPO_25000_bzip2__instcount_plainmodel,19000,13797,1.1678,2.08,0.085011,[.00
PPO_25000_bzip2__instcount_plainmodel,19000,13679,1.1770,2.10,0.081693,[.00
PPO_25000_bzip2__instcount_plainmodel,19000,13621,1.1816,2.11,0.078613,[.00
PPO_25000_bzip2__instcount_plainmodel,19000,13973,1.1541,2.05,0.077407,[.00
PPO_25000_bzip2__instcount_plainmodel,19000,13532,1.1885,2.12,0.079457,[.00
PPO_25000_bzip2__instcount_plainmodel,19000,13353,1.2025,2.15,0.08206,[.00
PPO_25000_bzip2__instcount_plainmodel,19000,13332,1.2041,2.15,0.08302,[.00
PPO_25000_bzip2__instcount_plainmodel,19000,16061,0.9910,1.78,0.095704,[.00
PPO_25000_bzip2__instcount_plainmodel,19000,13688,1.1763,2.10,0.079082,[.00
PPO_25000_bzip2__instcount_plainmodel,19000,13663,1.1783,2.10,0.079834,[.00
PPO_25000_bzip2__instcount_plainmodel,19000,13771,1.1698,2.08,0.078353,[.00
PPO_25000_bzip2__instcount_plainmodel,19000,13930,1.1574,2.06,0.079912,[.00
PPO_25000_bzip2__instcount_plainmodel,19000,13649,1.1794,2.10,0.081135,[.00
PPO_25000_bzip2__instcount_plainmodel,19000,13920,1.1582,2.06,0.077479,[.00
PPO_25000_bzip2__instcount_plainmodel,19000,14159,1.1395,2.03,0.081755,[.00
PPO_25000_bzip2__instcount_plainmodel,19000,13648,1.1795,2.10,0.080789,[.00
PPO_25000_bzip2__instcount_plainmodel,19000,13753,1.1713,2.09,0.082623,[.00
PPO_25000_bzip2__instcount_plainmodel,19000,16725,0.9391,1.71,0.086082,[.00
PPO_25000_bzip2__instcount_plainmodel,19000,14363,1.1236,2.00,0.085604,[.00
PPO_25000_bzip2__instcount_plainmodel,19000,13647,1.1795,2.10,0.082777,[.00
PPO_25000_bzip2__instcount_plainmodel,19000,14315,1.1274,2.00,0.085002,[.00
PPO_25000_bzip2__instcount_plainmodel,19000,14156,1.1398,2.03,0.080411,[.00
PPO_25000_bzip2__instcount_plainmodel,19000,13980,1.1535,2.05,0.080407,[.00
PPO_25000_bzip2__instcount_plainmodel,19000,16405,0.9641,1.75,0.04669,[.00
PPO_25000_bzip2__instcount_plainmodel,19000,14291,1.1292,2.01,0.081614,[.00
PPO_25000_bzip2__instcount_plainmodel,19000,16348,0.9685,1.75,0.046435,[.00
PPO_25000_bzip2__instcount_plainmodel,19000,13613,1.1822,2.11,0.089994,[.00
PPO_25000_bzip2__instcount_plainmodel,19000,13756,1.1710,2.08,0.082285,[.00
PPO_25000_bzip2__instcount_plainmodel,19000,13617,1.1819,2.11,0.080921,[.00
PPO_25000_bzip2__instcount_plainmodel,19000,14551,1.1089,1.97,0.084064,[.00
PPO_25000_bzip2__instcount_plainmodel,19000,15111,1.0652,1.90,0.082955,[.00
PPO_25000_bzip2__instcount_plainmodel,19000,13664,1.1782,2.10,0.08016,[.00
PPO_25000_bzip2__instcount_plainmodel,19000,13931,1.1573,2.06,0.080751,[.00
PPO_25000_bzip2__instcount_plainmodel,19000,13660,1.1785,2.10,0.079518,[.00
PPO_25000_bzip2__instcount_plainmodel,19000,13450,1.1949,2.13,0.078796,[.00
PPO_25000_bzip2__instcount_plainmodel,19000,15481,1.0363,1.85,0.093741,[.00
PPO_25000_bzip2__instcount_plainmodel,19000,13886,1.1609,2.07,0.081118,[.00
PPO_25000_bzip2__instcount_plainmodel,19000,14155,1.1399,2.03,0.080103,[.00
PPO_25000_bzip2__instcount_plainmodel,19000,13803,1.1673,2.08,0.082065,[.00
PPO_25000_bzip2__instcount_plainmodel,19000,14440,1.1176,1.99,0.086601,[.00
PPO_25000_bzip2__instcount_plainmodel,19000,13492,1.1916,2.13,0.083561,[.00
PPO_25000_bzip2__instcount_plainmodel,19000,15211,1.0574,1.88,0.083343,[.00
PPO_25000_bzip2__instcount_plainmodel,19000,13657,1.1788,2.10,0.081456,[.00
PPO_25000_bzip2__instcount_plainmodel,19000,13877,1.1616,2.07,0.07994,[.00
PPO_25000_bzip2__instcount_plainmodel,19000,13620,1.1816,2.11,0.084464,[.00
PPO_25000_bzip2__instcount_plainmodel,19000,15754,1.0149,1.82,0.045223,[.00
PPO_25000_bzip2__instcount_plainmodel,19000,13679,1.1770,2.10,0.081197,[.00
PPO_25000_bzip2__instcount_plainmodel,19000,14000,1.1520,2.05,0.084905,[.00
PPO_25000_bzip2__instcount_plainmodel,19000,13612,1.1823,2.11,0.080419,[.00
PPO_25000_bzip2__instcount_plainmodel,19000,13320,1.2051,2.15,0.078398,[.00
PPO_25000_bzip2__instcount_plainmodel,19000,13964,1.1548,2.05,0.083502,[.00
PPO_25000_bzip2__instcount_plainmodel,19000,13942,1.1565,2.06,0.092228,[.00
PPO_25000_bzip2__instcount_plainmodel,19000,16576,0.9507,1.73,0.045579,[.00
PPO_25000_bzip2__instcount_plainmodel,19000,13448,1.1951,2.13,0.087054,[.00
PPO_25000_bzip2__instcount_plainmodel,19000,13421,1.1972,2.14,0.089231,[.00
PPO_25000_bzip2__instcount_plainmodel,19000,13395,1.1992,2.14,0.083646,[.00
PPO_25000_bzip2__instcount_plainmodel,19000,13848,1.1638,2.07,0.080014,[.00
PPO_25000_bzip2__instcount_plainmodel,19000,13931,1.1573,2.06,0.080326,[.00
PPO_25000_bzip2__instcount_plainmodel,19000,13959,1.1552,2.05,0.080543,[.00
PPO_25000_bzip2__instcount_plainmodel,19000,13293,1.2072,2.16,0.084896,[.00
PPO_25000_bzip2__instcount_plainmodel,19000,13701,1.1753,2.09,0.082993,[.00
PPO_25000_bzip2__instcount_plainmodel,19000,13466,1.1937,2.13,0.085308,[.00
PPO_25000_bzip2__instcount_plainmodel,19000,13637,1.1803,2.10,0.082731,[.00
PPO_25000_bzip2__instcount_plainmodel,19000,14140,1.1410,2.03,0.082545,[.00
PPO_25000_bzip2__instcount_plainmodel,19000,13219,1.2130,2.17,0.080597,[.00
PPO_25000_bzip2__instcount_plainmodel,19000,14328,1.1263,2.00,0.080089,[.00
PPO_25000_bzip2__instcount_plainmodel,19000,13601,1.1831,2.11,0.079076,[.00
PPO_25000_bzip2__instcount_plainmodel,19000,13627,1.1811,2.10,0.08553,[.00
PPO_25000_bzip2__instcount_plainmodel,19000,14329,1.1263,2.00,0.080761,[.00
PPO_25000_bzip2__instcount_plainmodel,19000,13679,1.1770,2.10,0.081035,[.00
PPO_25000_bzip2__instcount_plainmodel,19000,13731,1.1730,2.09,0.080163,[.00
PPO_25000_bzip2__instcount_plainmodel,19000,13384,1.2001,2.14,0.083412,[.00
PPO_25000_bzip2__instcount_plainmodel,19000,14514,1.1118,1.98,0.088234,[.00
PPO_25000_bzip2__instcount_plainmodel,19000,13682,1.1768,2.10,0.083176,[.00
PPO_25000_bzip2__instcount_plainmodel,19000,13417,1.1975,2.14,0.08054,[.00
PPO_25000_bzip2__instcount_plainmodel,19000,14857,1.0850,1.93,0.080145,[.00
PPO_25000_bzip2__instcount_plainmodel,19000,13302,1.2065,2.16,0.078215,[.00
PPO_25000_bzip2__instcount_plainmodel,19000,13613,1.1822,2.11,0.08298,[.00
PPO_25000_bzip2__instcount_plainmodel,19000,14581,1.1066,1.97,0.08133,[.00
PPO_25000_bzip2__instcount_plainmodel,19000,14029,1.1497,2.04,0.083015,[.00
PPO_25000_bzip2__instcount_plainmodel,19000,14082,1.1456,2.04,0.08464,[.00
PPO_25000_bzip2__instcount_plainmodel,19000,13637,1.1803,2.10,0.08482,[.00
PPO_25000_bzip2__instcount_plainmodel,19000,13973,1.1541,2.05,0.078227,[.00
PPO_25000_bzip2__instcount_plainmodel,19000,13776,1.1695,2.08,0.080489,[.00
PPO_25000_bzip2__instcount_plainmodel,19000,13676,1.1773,2.10,0.079337,[.00
PPO_25000_bzip2__instcount_plainmodel,19000,13406,1.1984,2.14,0.078708,[.00
PPO_25000_bzip2__instcount_plainmodel,19000,13699,1.1755,2.09,0.080077,[.00
PPO_25000_bzip2__instcount_plainmodel,19000,13720,1.1738,2.09,0.08178,[.00
PPO_25000_bzip2__instcount_plainmodel,20000,13359,1.2020,2.15,0.086164,[.00
PPO_25000_bzip2__instcount_plainmodel,20000,14270,1.1309,2.01,0.082658,[.00
PPO_25000_bzip2__instcount_plainmodel,20000,13610,1.1824,2.11,0.079392,[.00
PPO_25000_bzip2__instcount_plainmodel,20000,14072,1.1463,2.04,0.082773,[.00
PPO_25000_bzip2__instcount_plainmodel,20000,13830,1.1652,2.07,0.079962,[.00
PPO_25000_bzip2__instcount_plainmodel,20000,13841,1.1644,2.07,0.081916,[.00
PPO_25000_bzip2__instcount_plainmodel,20000,13461,1.1941,2.13,0.08054,[.00
PPO_25000_bzip2__instcount_plainmodel,20000,14510,1.1121,1.98,0.078236,[.00
PPO_25000_bzip2__instcount_plainmodel,20000,13592,1.1838,2.11,0.07818,[.00
PPO_25000_bzip2__instcount_plainmodel,20000,13883,1.1611,2.07,0.082832,[.00
PPO_25000_bzip2__instcount_plainmodel,20000,13609,1.1825,2.11,0.080615,[.00
PPO_25000_bzip2__instcount_plainmodel,20000,13694,1.1759,2.09,0.079205,[.00
PPO_25000_bzip2__instcount_plainmodel,20000,13778,1.1693,2.08,0.07874,[.00
PPO_25000_bzip2__instcount_plainmodel,20000,13584,1.1845,2.11,0.080221,[.00
PPO_25000_bzip2__instcount_plainmodel,20000,13700,1.1754,2.09,0.084137,[.00
PPO_25000_bzip2__instcount_plainmodel,20000,14082,1.1456,2.04,0.072286,[.00
PPO_25000_bzip2__instcount_plainmodel,20000,13563,1.1861,2.11,0.079557,[.00
PPO_25000_bzip2__instcount_plainmodel,20000,13764,1.1704,2.08,0.079682,[.00
PPO_25000_bzip2__instcount_plainmodel,20000,13741,1.1722,2.09,0.082101,[.00
PPO_25000_bzip2__instcount_plainmodel,20000,13656,1.1788,2.10,0.079402,[.00
PPO_25000_bzip2__instcount_plainmodel,20000,14193,1.1369,2.02,0.08667,[.00
PPO_25000_bzip2__instcount_plainmodel,20000,13638,1.1802,2.10,0.082677,[.00
PPO_25000_bzip2__instcount_plainmodel,20000,13866,1.1624,2.07,0.079566,[.00
PPO_25000_bzip2__instcount_plainmodel,20000,13989,1.1528,2.05,0.080142,[.00
PPO_25000_bzip2__instcount_plainmodel,20000,13804,1.1673,2.08,0.08602,[.00
PPO_25000_bzip2__instcount_plainmodel,20000,13651,1.1792,2.10,0.087085,[.00
PPO_25000_bzip2__instcount_plainmodel,20000,14003,1.1517,2.05,0.077665,[.00
PPO_25000_bzip2__instcount_plainmodel,20000,14452,1.1167,1.98,0.08308,[.00
PPO_25000_bzip2__instcount_plainmodel,20000,14575,1.1070,1.97,0.071341,[.00
PPO_25000_bzip2__instcount_plainmodel,20000,14802,1.0893,1.94,0.092514,[.00
PPO_25000_bzip2__instcount_plainmodel,20000,13674,1.1774,2.10,0.079066,[.00
PPO_25000_bzip2__instcount_plainmodel,20000,13696,1.1757,2.09,0.08472,[.00
PPO_25000_bzip2__instcount_plainmodel,20000,14672,1.0995,1.95,0.116009,[.00
PPO_25000_bzip2__instcount_plainmodel,20000,13692,1.1760,2.09,0.078752,[.00
PPO_25000_bzip2__instcount_plainmodel,20000,14271,1.1308,2.01,0.083413,[.00
PPO_25000_bzip2__instcount_plainmodel,20000,14277,1.1303,2.01,0.082296,[.00
PPO_25000_bzip2__instcount_plainmodel,20000,13692,1.1760,2.09,0.085208,[.00
PPO_25000_bzip2__instcount_plainmodel,20000,14028,1.1498,2.04,0.078896,[.00
PPO_25000_bzip2__instcount_plainmodel,20000,13407,1.1983,2.14,0.086327,[.00
PPO_25000_bzip2__instcount_plainmodel,20000,13665,1.1781,2.10,0.08269,[.00
PPO_25000_bzip2__instcount_plainmodel,20000,13654,1.1790,2.10,0.08769,[.00
PPO_25000_bzip2__instcount_plainmodel,20000,13722,1.1737,2.09,0.083743,[.00
PPO_25000_bzip2__instcount_plainmodel,20000,13955,1.1555,2.06,0.085314,[.00
PPO_25000_bzip2__instcount_plainmodel,20000,13672,1.1776,2.10,0.083899,[.00
PPO_25000_bzip2__instcount_plainmodel,20000,13333,1.2041,2.15,0.083707,[.00
PPO_25000_bzip2__instcount_plainmodel,20000,15837,1.0085,1.81,0.045293,[.00
PPO_25000_bzip2__instcount_plainmodel,20000,14029,1.1497,2.04,0.082576,[.00
PPO_25000_bzip2__instcount_plainmodel,20000,16385,0.9657,1.75,0.08411,[.00
PPO_25000_bzip2__instcount_plainmodel,20000,13753,1.1713,2.09,0.078415,[.00
PPO_25000_bzip2__instcount_plainmodel,20000,13594,1.1837,2.11,0.083096,[.00
PPO_25000_bzip2__instcount_plainmodel,20000,13653,1.1791,2.10,0.08384,[.00
PPO_25000_bzip2__instcount_plainmodel,20000,16213,0.9791,1.77,0.045496,[.00
PPO_25000_bzip2__instcount_plainmodel,20000,14035,1.1492,2.04,0.084638,[.00
PPO_25000_bzip2__instcount_plainmodel,20000,13376,1.2007,2.14,0.078557,[.00
PPO_25000_bzip2__instcount_plainmodel,20000,14543,1.1095,1.97,0.082705,[.00
PPO_25000_bzip2__instcount_plainmodel,20000,13835,1.1648,2.07,0.086707,[.00
PPO_25000_bzip2__instcount_plainmodel,20000,15018,1.0724,1.91,0.082143,[.00
PPO_25000_bzip2__instcount_plainmodel,20000,13767,1.1702,2.08,0.079949,[.00
PPO_25000_bzip2__instcount_plainmodel,20000,13701,1.1753,2.09,0.082182,[.00
PPO_25000_bzip2__instcount_plainmodel,20000,14705,1.0969,1.95,0.096387,[.00
PPO_25000_bzip2__instcount_plainmodel,20000,13774,1.1696,2.08,0.078977,[.00
PPO_25000_bzip2__instcount_plainmodel,20000,13997,1.1522,2.05,0.082075,[.00
PPO_25000_bzip2__instcount_plainmodel,20000,14374,1.1227,2.00,0.084281,[.00
PPO_25000_bzip2__instcount_plainmodel,20000,13715,1.1742,2.09,0.081665,[.00
PPO_25000_bzip2__instcount_plainmodel,20000,14270,1.1309,2.01,0.081299,[.00
PPO_25000_bzip2__instcount_plainmodel,20000,13673,1.1775,2.10,0.080576,[.00
PPO_25000_bzip2__instcount_plainmodel,20000,14642,1.1018,1.96,0.087571,[.00
PPO_25000_bzip2__instcount_plainmodel,20000,13988,1.1529,2.05,0.07958,[.00
PPO_25000_bzip2__instcount_plainmodel,20000,13843,1.1642,2.07,0.086077,[.00
PPO_25000_bzip2__instcount_plainmodel,20000,13430,1.1965,2.14,0.082613,[.00
PPO_25000_bzip2__instcount_plainmodel,20000,13436,1.1960,2.13,0.084104,[.00
PPO_25000_bzip2__instcount_plainmodel,20000,15106,1.0656,1.90,0.087103,[.00
PPO_25000_bzip2__instcount_plainmodel,20000,13412,1.1979,2.14,0.082361,[.00
PPO_25000_bzip2__instcount_plainmodel,20000,13948,1.1560,2.06,0.09194,[.00
PPO_25000_bzip2__instcount_plainmodel,20000,13709,1.1747,2.09,0.083015,[.00
PPO_25000_bzip2__instcount_plainmodel,20000,14023,1.1502,2.05,0.083737,[.00
PPO_25000_bzip2__instcount_plainmodel,20000,13730,1.1730,2.09,0.088688,[.00
PPO_25000_bzip2__instcount_plainmodel,20000,13852,1.1635,2.07,0.088788,[.00
PPO_25000_bzip2__instcount_plainmodel,20000,14230,1.1340,2.02,0.081713,[.00
PPO_25000_bzip2__instcount_plainmodel,20000,13552,1.1870,2.12,0.080102,[.00
PPO_25000_bzip2__instcount_plainmodel,20000,13393,1.1994,2.14,0.082948,[.00
PPO_25000_bzip2__instcount_plainmodel,20000,14058,1.1474,2.04,0.065912,[.00
PPO_25000_bzip2__instcount_plainmodel,20000,13535,1.1883,2.12,0.084605,[.00
PPO_25000_bzip2__instcount_plainmodel,20000,14028,1.1498,2.04,0.07967,[.00
PPO_25000_bzip2__instcount_plainmodel,20000,13352,1.2026,2.15,0.080594,[.00
PPO_25000_bzip2__instcount_plainmodel,20000,13627,1.1811,2.10,0.082288,[.00
PPO_25000_bzip2__instcount_plainmodel,20000,13976,1.1538,2.05,0.077287,[.00
PPO_25000_bzip2__instcount_plainmodel,20000,13869,1.1622,2.07,0.085018,[.00
PPO_25000_bzip2__instcount_plainmodel,20000,13760,1.1707,2.08,0.078244,[.00
PPO_25000_bzip2__instcount_plainmodel,20000,13698,1.1755,2.09,0.085787,[.00
PPO_25000_bzip2__instcount_plainmodel,20000,13623,1.1814,2.11,0.082441,[.00
PPO_25000_bzip2__instcount_plainmodel,20000,13724,1.1735,2.09,0.124202,[.00
PPO_25000_bzip2__instcount_plainmodel,20000,14435,1.1180,1.99,0.080257,[.00
PPO_25000_bzip2__instcount_plainmodel,20000,13706,1.1749,2.09,0.084899,[.00
PPO_25000_bzip2__instcount_plainmodel,20000,13781,1.1691,2.08,0.084436,[.00
PPO_25000_bzip2__instcount_plainmodel,20000,13698,1.1755,2.09,0.08947,[.00
PPO_25000_bzip2__instcount_plainmodel,20000,13937,1.1569,2.06,0.082501,[.00
PPO_25000_bzip2__instcount_plainmodel,20000,13664,1.1782,2.10,0.083915,[.00
PPO_25000_bzip2__instcount_plainmodel,20000,13791,1.1683,2.08,0.079668,[.00
PPO_25000_bzip2__instcount_plainmodel,20000,13870,1.1621,2.07,0.081371,[.00
PPO_25000_bzip2__instcount_plainmodel,21000,13635,1.1805,2.10,0.082281,[.00
PPO_25000_bzip2__instcount_plainmodel,21000,13707,1.1748,2.09,0.082793,[.00
PPO_25000_bzip2__instcount_plainmodel,21000,13669,1.1778,2.10,0.081871,[.00
PPO_25000_bzip2__instcount_plainmodel,21000,13958,1.1552,2.05,0.080972,[.00
PPO_25000_bzip2__instcount_plainmodel,21000,14113,1.1431,2.03,0.082556,[.00
PPO_25000_bzip2__instcount_plainmodel,21000,14113,1.1431,2.03,0.081791,[.00
PPO_25000_bzip2__instcount_plainmodel,21000,13408,1.1982,2.14,0.081373,[.00
PPO_25000_bzip2__instcount_plainmodel,21000,14062,1.1471,2.04,0.084492,[.00
PPO_25000_bzip2__instcount_plainmodel,21000,14872,1.0838,1.93,0.085171,[.00
PPO_25000_bzip2__instcount_plainmodel,21000,14053,1.1478,2.04,0.079252,[.00
PPO_25000_bzip2__instcount_plainmodel,21000,13458,1.1943,2.13,0.082198,[.00
PPO_25000_bzip2__instcount_plainmodel,21000,17065,0.9125,1.68,0.075791,[.00
PPO_25000_bzip2__instcount_plainmodel,21000,13955,1.1555,2.06,0.081012,[.00
PPO_25000_bzip2__instcount_plainmodel,21000,13798,1.1677,2.08,0.078806,[.00
PPO_25000_bzip2__instcount_plainmodel,21000,13317,1.2053,2.15,0.081837,[.00
PPO_25000_bzip2__instcount_plainmodel,21000,13743,1.1720,2.09,0.082227,[.00
PPO_25000_bzip2__instcount_plainmodel,21000,17077,0.9116,1.68,0.079214,[.00
PPO_25000_bzip2__instcount_plainmodel,21000,13919,1.1583,2.06,0.081043,[.00
PPO_25000_bzip2__instcount_plainmodel,21000,14070,1.1465,2.04,0.082296,[.00
PPO_25000_bzip2__instcount_plainmodel,21000,13697,1.1756,2.09,0.078302,[.00
PPO_25000_bzip2__instcount_plainmodel,21000,13712,1.1745,2.09,0.081515,[.00
PPO_25000_bzip2__instcount_plainmodel,21000,14550,1.1090,1.97,0.081655,[.00
PPO_25000_bzip2__instcount_plainmodel,21000,13981,1.1534,2.05,0.080696,[.00
PPO_25000_bzip2__instcount_plainmodel,21000,13924,1.1579,2.06,0.088024,[.00
PPO_25000_bzip2__instcount_plainmodel,21000,13808,1.1670,2.08,0.084447,[.00
PPO_25000_bzip2__instcount_plainmodel,21000,13364,1.2016,2.15,0.08223,[.00
PPO_25000_bzip2__instcount_plainmodel,21000,13386,1.1999,2.14,0.078092,[.00
PPO_25000_bzip2__instcount_plainmodel,21000,13615,1.1820,2.11,0.080694,[.00
PPO_25000_bzip2__instcount_plainmodel,21000,14270,1.1309,2.01,0.081534,[.00
PPO_25000_bzip2__instcount_plainmodel,21000,13717,1.1741,2.09,0.082577,[.00
PPO_25000_bzip2__instcount_plainmodel,21000,14733,1.0947,1.95,0.075983,[.00
PPO_25000_bzip2__instcount_plainmodel,21000,13528,1.1888,2.12,0.081325,[.00
PPO_25000_bzip2__instcount_plainmodel,21000,13886,1.1609,2.07,0.080907,[.00
PPO_25000_bzip2__instcount_plainmodel,21000,13820,1.1660,2.08,0.078417,[.00
PPO_25000_bzip2__instcount_plainmodel,21000,13291,1.2073,2.16,0.082505,[.00
PPO_25000_bzip2__instcount_plainmodel,21000,13893,1.1603,2.06,0.090589,[.00
PPO_25000_bzip2__instcount_plainmodel,21000,13467,1.1936,2.13,0.087792,[.00
PPO_25000_bzip2__instcount_plainmodel,21000,13769,1.1700,2.08,0.084867,[.00
PPO_25000_bzip2__instcount_plainmodel,21000,13753,1.1713,2.09,0.079478,[.00
PPO_25000_bzip2__instcount_plainmodel,21000,13647,1.1795,2.10,0.08324,[.00
PPO_25000_bzip2__instcount_plainmodel,21000,13813,1.1666,2.08,0.081557,[.00
PPO_25000_bzip2__instcount_plainmodel,21000,13539,1.1880,2.12,0.082224,[.00
PPO_25000_bzip2__instcount_plainmodel,21000,13686,1.1765,2.10,0.082613,[.00
PPO_25000_bzip2__instcount_plainmodel,21000,13922,1.1581,2.06,0.082267,[.00
PPO_25000_bzip2__instcount_plainmodel,21000,13575,1.1852,2.11,0.081134,[.00
PPO_25000_bzip2__instcount_plainmodel,21000,13713,1.1744,2.09,0.086313,[.00
PPO_25000_bzip2__instcount_plainmodel,21000,13712,1.1745,2.09,0.081174,[.00
PPO_25000_bzip2__instcount_plainmodel,21000,13879,1.1614,2.07,0.081072,[.00
PPO_25000_bzip2__instcount_plainmodel,21000,13400,1.1988,2.14,0.079687,[.00
PPO_25000_bzip2__instcount_plainmodel,21000,13456,1.1945,2.13,0.082856,[.00
PPO_25000_bzip2__instcount_plainmodel,21000,14377,1.1225,1.99,0.095297,[.00
PPO_25000_bzip2__instcount_plainmodel,21000,13334,1.2040,2.15,0.079591,[.00
PPO_25000_bzip2__instcount_plainmodel,21000,14050,1.1481,2.04,0.086894,[.00
PPO_25000_bzip2__instcount_plainmodel,21000,13667,1.1780,2.10,0.081707,[.00
PPO_25000_bzip2__instcount_plainmodel,21000,13638,1.1802,2.10,0.085044,[.00
PPO_25000_bzip2__instcount_plainmodel,21000,13926,1.1577,2.06,0.088174,[.00
PPO_25000_bzip2__instcount_plainmodel,21000,14380,1.1223,1.99,0.072729,[.00
PPO_25000_bzip2__instcount_plainmodel,21000,13968,1.1545,2.05,0.081702,[.00
PPO_25000_bzip2__instcount_plainmodel,21000,13934,1.1571,2.06,0.081399,[.00
PPO_25000_bzip2__instcount_plainmodel,21000,13836,1.1648,2.07,0.081166,[.00
PPO_25000_bzip2__instcount_plainmodel,21000,13964,1.1548,2.05,0.08001,[.00
PPO_25000_bzip2__instcount_plainmodel,21000,13808,1.1670,2.08,0.078598,[.00
PPO_25000_bzip2__instcount_plainmodel,21000,13941,1.1566,2.06,0.074633,[.00
PPO_25000_bzip2__instcount_plainmodel,21000,14266,1.1312,2.01,0.080692,[.00
PPO_25000_bzip2__instcount_plainmodel,21000,13810,1.1668,2.08,0.081973,[.00
PPO_25000_bzip2__instcount_plainmodel,21000,13839,1.1645,2.07,0.081553,[.00
PPO_25000_bzip2__instcount_plainmodel,21000,13702,1.1752,2.09,0.078857,[.00
PPO_25000_bzip2__instcount_plainmodel,21000,13522,1.1893,2.12,0.077717,[.00
PPO_25000_bzip2__instcount_plainmodel,21000,14167,1.1389,2.02,0.079739,[.00
PPO_25000_bzip2__instcount_plainmodel,21000,13927,1.1577,2.06,0.082154,[.00
PPO_25000_bzip2__instcount_plainmodel,21000,13382,1.2002,2.14,0.085425,[.00
PPO_25000_bzip2__instcount_plainmodel,21000,14286,1.1296,2.01,0.0775,[.00
PPO_25000_bzip2__instcount_plainmodel,21000,14082,1.1456,2.04,0.079906,[.00
PPO_25000_bzip2__instcount_plainmodel,21000,13964,1.1548,2.05,0.090024,[.00
PPO_25000_bzip2__instcount_plainmodel,21000,14090,1.1449,2.04,0.081526,[.00
PPO_25000_bzip2__instcount_plainmodel,21000,13762,1.1705,2.08,0.085555,[.00
PPO_25000_bzip2__instcount_plainmodel,21000,13705,1.1750,2.09,0.079923,[.00
PPO_25000_bzip2__instcount_plainmodel,21000,16327,0.9702,1.76,0.047433,[.00
PPO_25000_bzip2__instcount_plainmodel,21000,14180,1.1379,2.02,0.082082,[.00
PPO_25000_bzip2__instcount_plainmodel,21000,14018,1.1506,2.05,0.083715,[.00
PPO_25000_bzip2__instcount_plainmodel,21000,14015,1.1508,2.05,0.072553,[.00
PPO_25000_bzip2__instcount_plainmodel,21000,13332,1.2041,2.15,0.079425,[.00
PPO_25000_bzip2__instcount_plainmodel,21000,13728,1.1732,2.09,0.077436,[.00
PPO_25000_bzip2__instcount_plainmodel,21000,13617,1.1819,2.11,0.081406,[.00
PPO_25000_bzip2__instcount_plainmodel,21000,14151,1.1402,2.03,0.079569,[.00
PPO_25000_bzip2__instcount_plainmodel,21000,14739,1.0942,1.95,0.08872,[.00
PPO_25000_bzip2__instcount_plainmodel,21000,13672,1.1776,2.10,0.080156,[.00
PPO_25000_bzip2__instcount_plainmodel,21000,14003,1.1517,2.05,0.082957,[.00
PPO_25000_bzip2__instcount_plainmodel,21000,13793,1.1681,2.08,0.080731,[.00
PPO_25000_bzip2__instcount_plainmodel,21000,13711,1.1745,2.09,0.078853,[.00
PPO_25000_bzip2__instcount_plainmodel,21000,13800,1.1676,2.08,0.078406,[.00
PPO_25000_bzip2__instcount_plainmodel,21000,15444,1.0392,1.86,0.07818,[.00
PPO_25000_bzip2__instcount_plainmodel,21000,13484,1.1923,2.13,0.082557,[.00
PPO_25000_bzip2__instcount_plainmodel,21000,13783,1.1689,2.08,0.084362,[.00
PPO_25000_bzip2__instcount_plainmodel,21000,13689,1.1763,2.10,0.082702,[.00
PPO_25000_bzip2__instcount_plainmodel,21000,13882,1.1612,2.07,0.083567,[.00
PPO_25000_bzip2__instcount_plainmodel,21000,13703,1.1752,2.09,0.081547,[.00
PPO_25000_bzip2__instcount_plainmodel,21000,13622,1.1815,2.11,0.078783,[.00
PPO_25000_bzip2__instcount_plainmodel,21000,13727,1.1733,2.09,0.081181,[.00
PPO_25000_bzip2__instcount_plainmodel,21000,13788,1.1685,2.08,0.07923,[.00
PPO_25000_bzip2__instcount_plainmodel,22000,13797,1.1678,2.08,0.07464,[.00
PPO_25000_bzip2__instcount_plainmodel,22000,13660,1.1785,2.10,0.081875,[.00
PPO_25000_bzip2__instcount_plainmodel,22000,13457,1.1944,2.13,0.084703,[.00
PPO_25000_bzip2__instcount_plainmodel,22000,13442,1.1955,2.13,0.078458,[.00
PPO_25000_bzip2__instcount_plainmodel,22000,14483,1.1142,1.98,0.07956,[.00
PPO_25000_bzip2__instcount_plainmodel,22000,13622,1.1815,2.11,0.077801,[.00
PPO_25000_bzip2__instcount_plainmodel,22000,13416,1.1976,2.14,0.079824,[.00
PPO_25000_bzip2__instcount_plainmodel,22000,14058,1.1474,2.04,0.080599,[.00
PPO_25000_bzip2__instcount_plainmodel,22000,13546,1.1874,2.12,0.080286,[.00
PPO_25000_bzip2__instcount_plainmodel,22000,13705,1.1750,2.09,0.081151,[.00
PPO_25000_bzip2__instcount_plainmodel,22000,15880,1.0051,1.81,0.044079,[.00
PPO_25000_bzip2__instcount_plainmodel,22000,13625,1.1812,2.10,0.081446,[.00
PPO_25000_bzip2__instcount_plainmodel,22000,13303,1.2064,2.16,0.080874,[.00
PPO_25000_bzip2__instcount_plainmodel,22000,15657,1.0225,1.83,0.05009,[.00
PPO_25000_bzip2__instcount_plainmodel,22000,13640,1.1801,2.10,0.077971,[.00
PPO_25000_bzip2__instcount_plainmodel,22000,13650,1.1793,2.10,0.079323,[.00
PPO_25000_bzip2__instcount_plainmodel,22000,13811,1.1667,2.08,0.08017,[.00
PPO_25000_bzip2__instcount_plainmodel,22000,13570,1.1855,2.11,0.078668,[.00
PPO_25000_bzip2__instcount_plainmodel,22000,13736,1.1726,2.09,0.078419,[.00
PPO_25000_bzip2__instcount_plainmodel,22000,13639,1.1802,2.10,0.083877,[.00
PPO_25000_bzip2__instcount_plainmodel,22000,13464,1.1938,2.13,0.079446,[.00
PPO_25000_bzip2__instcount_plainmodel,22000,13375,1.2008,2.14,0.080262,[.00
PPO_25000_bzip2__instcount_plainmodel,22000,13898,1.1599,2.06,0.083755,[.00
PPO_25000_bzip2__instcount_plainmodel,22000,13687,1.1764,2.10,0.082581,[.00
PPO_25000_bzip2__instcount_plainmodel,22000,13676,1.1773,2.10,0.084829,[.00
PPO_25000_bzip2__instcount_plainmodel,22000,13744,1.1720,2.09,0.082919,[.00
PPO_25000_bzip2__instcount_plainmodel,22000,13707,1.1748,2.09,0.081856,[.00
PPO_25000_bzip2__instcount_plainmodel,22000,13597,1.1834,2.11,0.094516,[.00
PPO_25000_bzip2__instcount_plainmodel,22000,13667,1.1780,2.10,0.081337,[.00
PPO_25000_bzip2__instcount_plainmodel,22000,13597,1.1834,2.11,0.089302,[.00
PPO_25000_bzip2__instcount_plainmodel,22000,14183,1.1377,2.02,0.086632,[.00
PPO_25000_bzip2__instcount_plainmodel,22000,14222,1.1346,2.02,0.087758,[.00
PPO_25000_bzip2__instcount_plainmodel,22000,13340,1.2035,2.15,0.083806,[.00
PPO_25000_bzip2__instcount_plainmodel,22000,13735,1.1727,2.09,0.081355,[.00
PPO_25000_bzip2__instcount_plainmodel,22000,13687,1.1764,2.10,0.08286,[.00
PPO_25000_bzip2__instcount_plainmodel,22000,13665,1.1781,2.10,0.083791,[.00
PPO_25000_bzip2__instcount_plainmodel,22000,14010,1.1512,2.05,0.083883,[.00
PPO_25000_bzip2__instcount_plainmodel,22000,13491,1.1917,2.13,0.080943,[.00
PPO_25000_bzip2__instcount_plainmodel,22000,13670,1.1777,2.10,0.08039,[.00
PPO_25000_bzip2__instcount_plainmodel,22000,13671,1.1777,2.10,0.083102,[.00
PPO_25000_bzip2__instcount_plainmodel,22000,13697,1.1756,2.09,0.078756,[.00
PPO_25000_bzip2__instcount_plainmodel,22000,13406,1.1984,2.14,0.083407,[.00
PPO_25000_bzip2__instcount_plainmodel,22000,13881,1.1613,2.07,0.093267,[.00
PPO_25000_bzip2__instcount_plainmodel,22000,13487,1.1920,2.13,0.079512,[.00
PPO_25000_bzip2__instcount_plainmodel,22000,14169,1.1388,2.02,0.084137,[.00
PPO_25000_bzip2__instcount_plainmodel,22000,13660,1.1785,2.10,0.080044,[.00
PPO_25000_bzip2__instcount_plainmodel,22000,13948,1.1560,2.06,0.080551,[.00
PPO_25000_bzip2__instcount_plainmodel,22000,13985,1.1531,2.05,0.073318,[.00
PPO_25000_bzip2__instcount_plainmodel,22000,13685,1.1766,2.10,0.079717,[.00
PPO_25000_bzip2__instcount_plainmodel,22000,13636,1.1804,2.10,0.081483,[.00
PPO_25000_bzip2__instcount_plainmodel,22000,13637,1.1803,2.10,0.087232,[.00
PPO_25000_bzip2__instcount_plainmodel,22000,13757,1.1709,2.08,0.077204,[.00
PPO_25000_bzip2__instcount_plainmodel,22000,13630,1.1809,2.10,0.08526,[.00
PPO_25000_bzip2__instcount_plainmodel,22000,16239,0.9771,1.77,0.044169,[.00
PPO_25000_bzip2__instcount_plainmodel,22000,13425,1.1969,2.14,0.080522,[.00
PPO_25000_bzip2__instcount_plainmodel,22000,14083,1.1455,2.04,0.089066,[.00
PPO_25000_bzip2__instcount_plainmodel,22000,16025,0.9938,1.79,0.045292,[.00
PPO_25000_bzip2__instcount_plainmodel,22000,13688,1.1763,2.10,0.083924,[.00
PPO_25000_bzip2__instcount_plainmodel,22000,14084,1.1454,2.04,0.082443,[.00
PPO_25000_bzip2__instcount_plainmodel,22000,14173,1.1384,2.02,0.075492,[.00
PPO_25000_bzip2__instcount_plainmodel,22000,13738,1.1724,2.09,0.097351,[.00
PPO_25000_bzip2__instcount_plainmodel,22000,13638,1.1802,2.10,0.078956,[.00
PPO_25000_bzip2__instcount_plainmodel,22000,13861,1.1628,2.07,0.072249,[.00
PPO_25000_bzip2__instcount_plainmodel,22000,13445,1.1953,2.13,0.078244,[.00
PPO_25000_bzip2__instcount_plainmodel,22000,13677,1.1772,2.10,0.082114,[.00
PPO_25000_bzip2__instcount_plainmodel,22000,13886,1.1609,2.07,0.081949,[.00
PPO_25000_bzip2__instcount_plainmodel,22000,13910,1.1590,2.06,0.074523,[.00
PPO_25000_bzip2__instcount_plainmodel,22000,13388,1.1998,2.14,0.082843,[.00
PPO_25000_bzip2__instcount_plainmodel,22000,13973,1.1541,2.05,0.080045,[.00
PPO_25000_bzip2__instcount_plainmodel,22000,13830,1.1652,2.07,0.078856,[.00
PPO_25000_bzip2__instcount_plainmodel,22000,15613,1.0260,1.84,0.084606,[.00
PPO_25000_bzip2__instcount_plainmodel,22000,13554,1.1868,2.12,0.078072,[.00
PPO_25000_bzip2__instcount_plainmodel,22000,13427,1.1967,2.14,0.083033,[.00
PPO_25000_bzip2__instcount_plainmodel,22000,13663,1.1783,2.10,0.079106,[.00
PPO_25000_bzip2__instcount_plainmodel,22000,13673,1.1775,2.10,0.08551,[.00
PPO_25000_bzip2__instcount_plainmodel,22000,13664,1.1782,2.10,0.083881,[.00
PPO_25000_bzip2__instcount_plainmodel,22000,13818,1.1662,2.08,0.083335,[.00
PPO_25000_bzip2__instcount_plainmodel,22000,13536,1.1882,2.12,0.085104,[.00
PPO_25000_bzip2__instcount_plainmodel,22000,13778,1.1693,2.08,0.079363,[.00
PPO_25000_bzip2__instcount_plainmodel,22000,13942,1.1565,2.06,0.085123,[.00
PPO_25000_bzip2__instcount_plainmodel,22000,13972,1.1541,2.05,0.095635,[.00
PPO_25000_bzip2__instcount_plainmodel,22000,13444,1.1954,2.13,0.080034,[.00
PPO_25000_bzip2__instcount_plainmodel,22000,13767,1.1702,2.08,0.084763,[.00
PPO_25000_bzip2__instcount_plainmodel,22000,13882,1.1612,2.07,0.083674,[.00
PPO_25000_bzip2__instcount_plainmodel,22000,13391,1.1995,2.14,0.085884,[.00
PPO_25000_bzip2__instcount_plainmodel,22000,13743,1.1720,2.09,0.083045,[.00
PPO_25000_bzip2__instcount_plainmodel,22000,13786,1.1687,2.08,0.097212,[.00
PPO_25000_bzip2__instcount_plainmodel,22000,13318,1.2052,2.15,0.083865,[.00
PPO_25000_bzip2__instcount_plainmodel,22000,15765,1.0141,1.82,0.0445,[.00
PPO_25000_bzip2__instcount_plainmodel,22000,13662,1.1784,2.10,0.080619,[.00
PPO_25000_bzip2__instcount_plainmodel,22000,14048,1.1482,2.04,0.081593,[.00
PPO_25000_bzip2__instcount_plainmodel,22000,13403,1.1986,2.14,0.079238,[.00
PPO_25000_bzip2__instcount_plainmodel,22000,13600,1.1832,2.11,0.084202,[.00
PPO_25000_bzip2__instcount_plainmodel,22000,13780,1.1691,2.08,0.073754,[.00
PPO_25000_bzip2__instcount_plainmodel,22000,13620,1.1816,2.11,0.083937,[.00
PPO_25000_bzip2__instcount_plainmodel,22000,13680,1.1770,2.10,0.086194,[.00
PPO_25000_bzip2__instcount_plainmodel,22000,13759,1.1708,2.08,0.082072,[.00
PPO_25000_bzip2__instcount_plainmodel,22000,14342,1.1252,2.00,0.078902,[.00
PPO_25000_bzip2__instcount_plainmodel,22000,13997,1.1522,2.05,0.079093,[.00
PPO_25000_bzip2__instcount_plainmodel,22000,13688,1.1763,2.10,0.083808,[.00
PPO_25000_bzip2__instcount_plainmodel,23000,13451,1.1948,2.13,0.084859,[.00
PPO_25000_bzip2__instcount_plainmodel,23000,13665,1.1781,2.10,0.083519,[.00
PPO_25000_bzip2__instcount_plainmodel,23000,14067,1.1467,2.04,0.080665,[.00
PPO_25000_bzip2__instcount_plainmodel,23000,13697,1.1756,2.09,0.078971,[.00
PPO_25000_bzip2__instcount_plainmodel,23000,13523,1.1892,2.12,0.085454,[.00
PPO_25000_bzip2__instcount_plainmodel,23000,13799,1.1677,2.08,0.081753,[.00
PPO_25000_bzip2__instcount_plainmodel,23000,13403,1.1986,2.14,0.080964,[.00
PPO_25000_bzip2__instcount_plainmodel,23000,13386,1.1999,2.14,0.082911,[.00
PPO_25000_bzip2__instcount_plainmodel,23000,13475,1.1930,2.13,0.085476,[.00
PPO_25000_bzip2__instcount_plainmodel,23000,13713,1.1744,2.09,0.083969,[.00
PPO_25000_bzip2__instcount_plainmodel,23000,13660,1.1785,2.10,0.084772,[.00
PPO_25000_bzip2__instcount_plainmodel,23000,13336,1.2038,2.15,0.087375,[.00
PPO_25000_bzip2__instcount_plainmodel,23000,13699,1.1755,2.09,0.078489,[.00
PPO_25000_bzip2__instcount_plainmodel,23000,13999,1.1520,2.05,0.084889,[.00
PPO_25000_bzip2__instcount_plainmodel,23000,13630,1.1809,2.10,0.081085,[.00
PPO_25000_bzip2__instcount_plainmodel,23000,13582,1.1846,2.11,0.085176,[.00
PPO_25000_bzip2__instcount_plainmodel,23000,13677,1.1772,2.10,0.079253,[.00
PPO_25000_bzip2__instcount_plainmodel,23000,13533,1.1884,2.12,0.083731,[.00
PPO_25000_bzip2__instcount_plainmodel,23000,13337,1.2037,2.15,0.081798,[.00
PPO_25000_bzip2__instcount_plainmodel,23000,14388,1.1216,1.99,0.08588,[.00
PPO_25000_bzip2__instcount_plainmodel,23000,13808,1.1670,2.08,0.078208,[.00
PPO_25000_bzip2__instcount_plainmodel,23000,14514,1.1118,1.98,0.074576,[.00
PPO_25000_bzip2__instcount_plainmodel,23000,13713,1.1744,2.09,0.089565,[.00
PPO_25000_bzip2__instcount_plainmodel,23000,13552,1.1870,2.12,0.079354,[.00
PPO_25000_bzip2__instcount_plainmodel,23000,13286,1.2077,2.16,0.082581,[.00
PPO_25000_bzip2__instcount_plainmodel,23000,14353,1.1244,2.00,0.0854,[.00
PPO_25000_bzip2__instcount_plainmodel,23000,13977,1.1538,2.05,0.082858,[.00
PPO_25000_bzip2__instcount_plainmodel,23000,13942,1.1565,2.06,0.078841,[.00
PPO_25000_bzip2__instcount_plainmodel,23000,13928,1.1576,2.06,0.082785,[.00
PPO_25000_bzip2__instcount_plainmodel,23000,14063,1.1470,2.04,0.095939,[.00
PPO_25000_bzip2__instcount_plainmodel,23000,13866,1.1624,2.07,0.08937,[.00
PPO_25000_bzip2__instcount_plainmodel,23000,13347,1.2030,2.15,0.082074,[.00
PPO_25000_bzip2__instcount_plainmodel,23000,14701,1.0972,1.95,0.085529,[.00
PPO_25000_bzip2__instcount_plainmodel,23000,13757,1.1709,2.08,0.083712,[.00
PPO_25000_bzip2__instcount_plainmodel,23000,13407,1.1983,2.14,0.088045,[.00
PPO_25000_bzip2__instcount_plainmodel,23000,13939,1.1567,2.06,0.085333,[.00
PPO_25000_bzip2__instcount_plainmodel,23000,13906,1.1593,2.06,0.073679,[.00
PPO_25000_bzip2__instcount_plainmodel,23000,14109,1.1434,2.03,0.064088,[.00
PPO_25000_bzip2__instcount_plainmodel,23000,13537,1.1881,2.12,0.081067,[.00
PPO_25000_bzip2__instcount_plainmodel,23000,13809,1.1669,2.08,0.081686,[.00
PPO_25000_bzip2__instcount_plainmodel,23000,13682,1.1768,2.10,0.082589,[.00
PPO_25000_bzip2__instcount_plainmodel,23000,16224,0.9782,1.77,0.045637,[.00
PPO_25000_bzip2__instcount_plainmodel,23000,13675,1.1773,2.10,0.0807,[.00
PPO_25000_bzip2__instcount_plainmodel,23000,16751,0.9371,1.71,0.083283,[.00
PPO_25000_bzip2__instcount_plainmodel,23000,14048,1.1482,2.04,0.083035,[.00
PPO_25000_bzip2__instcount_plainmodel,23000,13912,1.1588,2.06,0.079811,[.00
PPO_25000_bzip2__instcount_plainmodel,23000,13880,1.1613,2.07,0.081576,[.00
PPO_25000_bzip2__instcount_plainmodel,23000,14218,1.1349,2.02,0.079013,[.00
PPO_25000_bzip2__instcount_plainmodel,23000,13938,1.1568,2.06,0.075397,[.00
PPO_25000_bzip2__instcount_plainmodel,23000,13696,1.1757,2.09,0.082805,[.00
PPO_25000_bzip2__instcount_plainmodel,23000,13780,1.1691,2.08,0.07981,[.00
PPO_25000_bzip2__instcount_plainmodel,23000,13768,1.1701,2.08,0.0781,[.00
PPO_25000_bzip2__instcount_plainmodel,23000,13537,1.1881,2.12,0.078931,[.00
PPO_25000_bzip2__instcount_plainmodel,23000,13698,1.1755,2.09,0.084931,[.00
PPO_25000_bzip2__instcount_plainmodel,23000,13902,1.1596,2.06,0.078199,[.00
PPO_25000_bzip2__instcount_plainmodel,23000,14565,1.1078,1.97,0.082407,[.00
PPO_25000_bzip2__instcount_plainmodel,23000,13498,1.1912,2.12,0.087388,[.00
PPO_25000_bzip2__instcount_plainmodel,23000,14380,1.1223,1.99,0.073652,[.00
PPO_25000_bzip2__instcount_plainmodel,23000,14133,1.1416,2.03,0.090253,[.00
PPO_25000_bzip2__instcount_plainmodel,23000,13226,1.2124,2.17,0.080963,[.00
PPO_25000_bzip2__instcount_plainmodel,23000,13302,1.2065,2.16,0.08113,[.00
PPO_25000_bzip2__instcount_plainmodel,23000,13203,1.2142,2.17,0.085724,[.00
PPO_25000_bzip2__instcount_plainmodel,23000,13775,1.1695,2.08,0.080929,[.00
PPO_25000_bzip2__instcount_plainmodel,23000,13452,1.1948,2.13,0.080556,[.00
PPO_25000_bzip2__instcount_plainmodel,23000,13772,1.1698,2.08,0.081511,[.00
PPO_25000_bzip2__instcount_plainmodel,23000,13619,1.1817,2.11,0.0809,[.00
PPO_25000_bzip2__instcount_plainmodel,23000,13654,1.1790,2.10,0.083996,[.00
PPO_25000_bzip2__instcount_plainmodel,23000,13730,1.1730,2.09,0.083413,[.00
PPO_25000_bzip2__instcount_plainmodel,23000,13923,1.1580,2.06,0.080098,[.00
PPO_25000_bzip2__instcount_plainmodel,23000,13666,1.1780,2.10,0.088293,[.00
PPO_25000_bzip2__instcount_plainmodel,23000,13613,1.1822,2.11,0.082888,[.00
PPO_25000_bzip2__instcount_plainmodel,23000,13677,1.1772,2.10,0.080152,[.00
PPO_25000_bzip2__instcount_plainmodel,23000,13311,1.2058,2.15,0.084103,[.00
PPO_25000_bzip2__instcount_plainmodel,23000,13652,1.1791,2.10,0.081836,[.00
PPO_25000_bzip2__instcount_plainmodel,23000,13795,1.1680,2.08,0.080838,[.00
PPO_25000_bzip2__instcount_plainmodel,23000,14130,1.1418,2.03,0.07776,[.00
PPO_25000_bzip2__instcount_plainmodel,23000,14003,1.1517,2.05,0.074528,[.00
PPO_25000_bzip2__instcount_plainmodel,23000,13660,1.1785,2.10,0.085483,[.00
PPO_25000_bzip2__instcount_plainmodel,23000,13561,1.1862,2.11,0.08218,[.00
PPO_25000_bzip2__instcount_plainmodel,23000,13545,1.1875,2.12,0.08047,[.00
PPO_25000_bzip2__instcount_plainmodel,23000,13954,1.1556,2.06,0.087545,[.00
PPO_25000_bzip2__instcount_plainmodel,23000,13686,1.1765,2.10,0.082248,[.00
PPO_25000_bzip2__instcount_plainmodel,23000,13910,1.1590,2.06,0.081895,[.00
PPO_25000_bzip2__instcount_plainmodel,23000,14172,1.1385,2.02,0.080666,[.00
PPO_25000_bzip2__instcount_plainmodel,23000,13740,1.1723,2.09,0.082735,[.00
PPO_25000_bzip2__instcount_plainmodel,23000,13908,1.1591,2.06,0.075021,[.00
PPO_25000_bzip2__instcount_plainmodel,23000,16454,0.9603,1.74,0.045923,[.00
PPO_25000_bzip2__instcount_plainmodel,23000,13571,1.1855,2.11,0.083564,[.00
PPO_25000_bzip2__instcount_plainmodel,23000,15810,1.0106,1.81,0.044032,[.00
PPO_25000_bzip2__instcount_plainmodel,23000,13836,1.1648,2.07,0.08268,[.00
PPO_25000_bzip2__instcount_plainmodel,23000,14233,1.1338,2.01,0.084025,[.00
PPO_25000_bzip2__instcount_plainmodel,23000,13716,1.1741,2.09,0.08309,[.00
PPO_25000_bzip2__instcount_plainmodel,23000,13384,1.2001,2.14,0.081251,[.00
PPO_25000_bzip2__instcount_plainmodel,23000,13714,1.1743,2.09,0.082857,[.00
PPO_25000_bzip2__instcount_plainmodel,23000,13343,1.2033,2.15,0.079495,[.00
PPO_25000_bzip2__instcount_plainmodel,23000,13580,1.1848,2.11,0.081023,[.00
PPO_25000_bzip2__instcount_plainmodel,23000,13624,1.1813,2.11,0.083808,[.00
PPO_25000_bzip2__instcount_plainmodel,23000,15612,1.0260,1.84,0.045486,[.00
PPO_25000_bzip2__instcount_plainmodel,23000,13661,1.1784,2.10,0.08949,[.00
PPO_25000_bzip2__instcount_plainmodel,23000,13724,1.1735,2.09,0.089972,[.00
PPO_25000_bzip2__instcount_plainmodel,24000,13643,1.1798,2.10,0.083302,[.00
PPO_25000_bzip2__instcount_plainmodel,24000,15041,1.0706,1.91,0.082689,[.00
PPO_25000_bzip2__instcount_plainmodel,24000,13452,1.1948,2.13,0.081071,[.00
PPO_25000_bzip2__instcount_plainmodel,24000,16280,0.9739,1.76,0.046201,[.00
PPO_25000_bzip2__instcount_plainmodel,24000,13678,1.1771,2.10,0.086261,[.00
PPO_25000_bzip2__instcount_plainmodel,24000,13520,1.1895,2.12,0.081974,[.00
PPO_25000_bzip2__instcount_plainmodel,24000,13374,1.2009,2.14,0.083103,[.00
PPO_25000_bzip2__instcount_plainmodel,24000,13760,1.1707,2.08,0.085911,[.00
PPO_25000_bzip2__instcount_plainmodel,24000,13741,1.1722,2.09,0.085908,[.00
PPO_25000_bzip2__instcount_plainmodel,24000,13533,1.1884,2.12,0.083703,[.00
PPO_25000_bzip2__instcount_plainmodel,24000,14269,1.1309,2.01,0.083855,[.00
PPO_25000_bzip2__instcount_plainmodel,24000,16446,0.9609,1.74,0.046568,[.00
PPO_25000_bzip2__instcount_plainmodel,24000,13517,1.1897,2.12,0.079321,[.00
PPO_25000_bzip2__instcount_plainmodel,24000,13875,1.1617,2.07,0.082905,[.00
PPO_25000_bzip2__instcount_plainmodel,24000,13559,1.1864,2.12,0.079233,[.00
PPO_25000_bzip2__instcount_plainmodel,24000,13630,1.1809,2.10,0.084623,[.00
PPO_25000_bzip2__instcount_plainmodel,24000,13584,1.1845,2.11,0.083984,[.00
PPO_25000_bzip2__instcount_plainmodel,24000,13768,1.1701,2.08,0.082414,[.00
PPO_25000_bzip2__instcount_plainmodel,24000,13721,1.1738,2.09,0.081591,[.00
PPO_25000_bzip2__instcount_plainmodel,24000,13682,1.1768,2.10,0.08243,[.00
PPO_25000_bzip2__instcount_plainmodel,24000,13750,1.1715,2.09,0.079991,[.00
PPO_25000_bzip2__instcount_plainmodel,24000,13484,1.1923,2.13,0.086111,[.00
PPO_25000_bzip2__instcount_plainmodel,24000,13744,1.1720,2.09,0.079157,[.00
PPO_25000_bzip2__instcount_plainmodel,24000,13733,1.1728,2.09,0.08587,[.00
PPO_25000_bzip2__instcount_plainmodel,24000,13478,1.1927,2.13,0.081958,[.00
PPO_25000_bzip2__instcount_plainmodel,24000,13400,1.1988,2.14,0.083006,[.00
PPO_25000_bzip2__instcount_plainmodel,24000,13745,1.1719,2.09,0.081216,[.00
PPO_25000_bzip2__instcount_plainmodel,24000,16063,0.9908,1.78,0.044318,[.00
PPO_25000_bzip2__instcount_plainmodel,24000,16164,0.9829,1.77,0.044644,[.00
PPO_25000_bzip2__instcount_plainmodel,24000,13636,1.1804,2.10,0.081905,[.00
PPO_25000_bzip2__instcount_plainmodel,24000,16042,0.9925,1.79,0.044887,[.00
PPO_25000_bzip2__instcount_plainmodel,24000,13332,1.2041,2.15,0.07995,[.00
PPO_25000_bzip2__instcount_plainmodel,24000,13451,1.1948,2.13,0.083131,[.00
PPO_25000_bzip2__instcount_plainmodel,24000,13693,1.1759,2.09,0.083437,[.00
PPO_25000_bzip2__instcount_plainmodel,24000,13712,1.1745,2.09,0.083721,[.00
PPO_25000_bzip2__instcount_plainmodel,24000,15238,1.0553,1.88,0.081357,[.00
PPO_25000_bzip2__instcount_plainmodel,24000,13666,1.1780,2.10,0.085284,[.00
PPO_25000_bzip2__instcount_plainmodel,24000,13697,1.1756,2.09,0.079881,[.00
PPO_25000_bzip2__instcount_plainmodel,24000,13625,1.1812,2.10,0.082454,[.00
PPO_25000_bzip2__instcount_plainmodel,24000,13676,1.1773,2.10,0.081641,[.00
PPO_25000_bzip2__instcount_plainmodel,24000,13793,1.1681,2.08,0.078981,[.00
PPO_25000_bzip2__instcount_plainmodel,24000,14340,1.1254,2.00,0.083568,[.00
PPO_25000_bzip2__instcount_plainmodel,24000,13920,1.1582,2.06,0.087176,[.00
PPO_25000_bzip2__instcount_plainmodel,24000,14183,1.1377,2.02,0.083927,[.00
PPO_25000_bzip2__instcount_plainmodel,24000,13702,1.1752,2.09,0.084966,[.00
PPO_25000_bzip2__instcount_plainmodel,24000,13550,1.1871,2.12,0.080255,[.00
PPO_25000_bzip2__instcount_plainmodel,24000,13689,1.1763,2.10,0.082769,[.00
PPO_25000_bzip2__instcount_plainmodel,24000,13795,1.1680,2.08,0.086887,[.00
PPO_25000_bzip2__instcount_plainmodel,24000,13315,1.2055,2.15,0.079805,[.00
PPO_25000_bzip2__instcount_plainmodel,24000,13710,1.1746,2.09,0.08273,[.00
PPO_25000_bzip2__instcount_plainmodel,24000,13882,1.1612,2.07,0.074406,[.00
PPO_25000_bzip2__instcount_plainmodel,24000,13582,1.1846,2.11,0.081906,[.00
PPO_25000_bzip2__instcount_plainmodel,24000,14037,1.1491,2.04,0.082306,[.00
PPO_25000_bzip2__instcount_plainmodel,24000,13795,1.1680,2.08,0.084938,[.00
PPO_25000_bzip2__instcount_plainmodel,24000,13529,1.1887,2.12,0.079085,[.00
PPO_25000_bzip2__instcount_plainmodel,24000,14378,1.1224,1.99,0.080741,[.00
PPO_25000_bzip2__instcount_plainmodel,24000,13273,1.2087,2.16,0.08475,[.00
PPO_25000_bzip2__instcount_plainmodel,24000,13866,1.1624,2.07,0.083503,[.00
PPO_25000_bzip2__instcount_plainmodel,24000,14110,1.1434,2.03,0.084344,[.00
PPO_25000_bzip2__instcount_plainmodel,24000,13634,1.1805,2.10,0.082489,[.00
PPO_25000_bzip2__instcount_plainmodel,24000,13516,1.1898,2.12,0.080542,[.00
PPO_25000_bzip2__instcount_plainmodel,24000,13712,1.1745,2.09,0.083398,[.00
PPO_25000_bzip2__instcount_plainmodel,24000,14072,1.1463,2.04,0.086695,[.00
PPO_25000_bzip2__instcount_plainmodel,24000,17471,0.8808,1.64,0.077962,[.00
PPO_25000_bzip2__instcount_plainmodel,24000,13910,1.1590,2.06,0.081935,[.00
PPO_25000_bzip2__instcount_plainmodel,24000,13663,1.1783,2.10,0.078941,[.00
PPO_25000_bzip2__instcount_plainmodel,24000,13240,1.2113,2.17,0.080433,[.00
PPO_25000_bzip2__instcount_plainmodel,24000,13740,1.1723,2.09,0.072564,[.00
PPO_25000_bzip2__instcount_plainmodel,24000,14023,1.1502,2.05,0.078936,[.00
PPO_25000_bzip2__instcount_plainmodel,24000,13736,1.1726,2.09,0.080693,[.00
PPO_25000_bzip2__instcount_plainmodel,24000,13416,1.1976,2.14,0.082567,[.00
PPO_25000_bzip2__instcount_plainmodel,24000,15274,1.0524,1.88,0.085449,[.00
PPO_25000_bzip2__instcount_plainmodel,24000,13367,1.2014,2.15,0.080015,[.00
PPO_25000_bzip2__instcount_plainmodel,24000,14098,1.1443,2.03,0.084354,[.00
PPO_25000_bzip2__instcount_plainmodel,24000,13853,1.1634,2.07,0.082561,[.00
PPO_25000_bzip2__instcount_plainmodel,24000,13855,1.1633,2.07,0.088914,[.00
PPO_25000_bzip2__instcount_plainmodel,24000,13392,1.1995,2.14,0.07974,[.00
PPO_25000_bzip2__instcount_plainmodel,24000,13949,1.1559,2.06,0.078907,[.00
PPO_25000_bzip2__instcount_plainmodel,24000,13927,1.1577,2.06,0.081844,[.00
PPO_25000_bzip2__instcount_plainmodel,24000,13875,1.1617,2.07,0.085957,[.00
PPO_25000_bzip2__instcount_plainmodel,24000,13375,1.2008,2.14,0.081233,[.00
PPO_25000_bzip2__instcount_plainmodel,24000,14785,1.0906,1.94,0.085664,[.00
PPO_25000_bzip2__instcount_plainmodel,24000,14147,1.1405,2.03,0.0824,[.00
PPO_25000_bzip2__instcount_plainmodel,24000,13696,1.1757,2.09,0.083841,[.00
PPO_25000_bzip2__instcount_plainmodel,24000,13661,1.1784,2.10,0.079102,[.00
PPO_25000_bzip2__instcount_plainmodel,24000,13429,1.1966,2.14,0.083723,[.00
PPO_25000_bzip2__instcount_plainmodel,24000,13652,1.1791,2.10,0.078823,[.00
PPO_25000_bzip2__instcount_plainmodel,24000,14717,1.0960,1.95,0.086678,[.00
PPO_25000_bzip2__instcount_plainmodel,24000,14033,1.1494,2.04,0.069314,[.00
PPO_25000_bzip2__instcount_plainmodel,24000,14254,1.1321,2.01,0.080396,[.00
PPO_25000_bzip2__instcount_plainmodel,24000,13389,1.1997,2.14,0.083076,[.00
PPO_25000_bzip2__instcount_plainmodel,24000,13384,1.2001,2.14,0.081105,[.00
PPO_25000_bzip2__instcount_plainmodel,24000,13554,1.1868,2.12,0.08662,[.00
PPO_25000_bzip2__instcount_plainmodel,24000,15040,1.0707,1.91,0.089418,[.00
PPO_25000_bzip2__instcount_plainmodel,24000,13394,1.1993,2.14,0.081353,[.00
PPO_25000_bzip2__instcount_plainmodel,24000,15130,1.0637,1.90,0.099654,[.00
PPO_25000_bzip2__instcount_plainmodel,24000,13627,1.1811,2.10,0.078744,[.00
PPO_25000_bzip2__instcount_plainmodel,24000,13652,1.1791,2.10,0.085536,[.00
PPO_25000_bzip2__instcount_plainmodel,24000,13324,1.2048,2.15,0.086126,[.00
PPO_25000_bzip2__instcount_plainmodel,24000,13652,1.1791,2.10,0.081272,[.00
PPO_25000_bzip2__instcount_plainmodel,25000,13254,1.2102,2.16,0.080937,[.00
PPO_25000_bzip2__instcount_plainmodel,25000,13463,1.1939,2.13,0.079975,[.00
PPO_25000_bzip2__instcount_plainmodel,25000,14014,1.1509,2.05,0.082831,[.00
PPO_25000_bzip2__instcount_plainmodel,25000,13686,1.1765,2.10,0.081136,[.00
PPO_25000_bzip2__instcount_plainmodel,25000,13936,1.1570,2.06,0.080248,[.00
PPO_25000_bzip2__instcount_plainmodel,25000,14836,1.0867,1.93,0.084409,[.00
PPO_25000_bzip2__instcount_plainmodel,25000,16289,0.9732,1.76,0.045183,[.00
PPO_25000_bzip2__instcount_plainmodel,25000,13713,1.1744,2.09,0.079686,[.00
PPO_25000_bzip2__instcount_plainmodel,25000,13764,1.1704,2.08,0.084586,[.00
PPO_25000_bzip2__instcount_plainmodel,25000,13839,1.1645,2.07,0.077239,[.00
PPO_25000_bzip2__instcount_plainmodel,25000,13434,1.1962,2.13,0.078426,[.00
PPO_25000_bzip2__instcount_plainmodel,25000,13609,1.1825,2.11,0.083343,[.00
PPO_25000_bzip2__instcount_plainmodel,25000,13869,1.1622,2.07,0.079619,[.00
PPO_25000_bzip2__instcount_plainmodel,25000,13391,1.1995,2.14,0.082346,[.00
PPO_25000_bzip2__instcount_plainmodel,25000,13773,1.1697,2.08,0.089514,[.00
PPO_25000_bzip2__instcount_plainmodel,25000,13738,1.1724,2.09,0.082069,[.00
PPO_25000_bzip2__instcount_plainmodel,25000,13615,1.1820,2.11,0.081511,[.00
PPO_25000_bzip2__instcount_plainmodel,25000,13906,1.1593,2.06,0.08203,[.00
PPO_25000_bzip2__instcount_plainmodel,25000,13676,1.1773,2.10,0.085912,[.00
PPO_25000_bzip2__instcount_plainmodel,25000,13333,1.2041,2.15,0.08643,[.00
PPO_25000_bzip2__instcount_plainmodel,25000,13648,1.1795,2.10,0.078934,[.00
PPO_25000_bzip2__instcount_plainmodel,25000,13922,1.1581,2.06,0.077852,[.00
PPO_25000_bzip2__instcount_plainmodel,25000,13801,1.1675,2.08,0.077738,[.00
PPO_25000_bzip2__instcount_plainmodel,25000,13743,1.1720,2.09,0.07989,[.00
PPO_25000_bzip2__instcount_plainmodel,25000,14834,1.0868,1.93,0.080378,[.00
PPO_25000_bzip2__instcount_plainmodel,25000,13445,1.1953,2.13,0.093897,[.00
PPO_25000_bzip2__instcount_plainmodel,25000,13326,1.2046,2.15,0.079994,[.00
PPO_25000_bzip2__instcount_plainmodel,25000,13383,1.2002,2.14,0.07805,[.00
PPO_25000_bzip2__instcount_plainmodel,25000,14597,1.1053,1.96,0.089192,[.00
PPO_25000_bzip2__instcount_plainmodel,25000,13766,1.1702,2.08,0.082816,[.00
PPO_25000_bzip2__instcount_plainmodel,25000,13290,1.2074,2.16,0.0814,[.00
PPO_25000_bzip2__instcount_plainmodel,25000,13330,1.2043,2.15,0.082093,[.00
PPO_25000_bzip2__instcount_plainmodel,25000,13694,1.1759,2.09,0.080387,[.00
PPO_25000_bzip2__instcount_plainmodel,25000,14569,1.1075,1.97,0.092529,[.00
PPO_25000_bzip2__instcount_plainmodel,25000,13374,1.2009,2.14,0.078033,[.00
PPO_25000_bzip2__instcount_plainmodel,25000,13820,1.1660,2.08,0.08419,[.00
PPO_25000_bzip2__instcount_plainmodel,25000,13712,1.1745,2.09,0.083592,[.00
PPO_25000_bzip2__instcount_plainmodel,25000,13615,1.1820,2.11,0.079846,[.00
PPO_25000_bzip2__instcount_plainmodel,25000,13641,1.1800,2.10,0.084994,[.00
PPO_25000_bzip2__instcount_plainmodel,25000,13410,1.1980,2.14,0.078651,[.00
PPO_25000_bzip2__instcount_plainmodel,25000,13698,1.1755,2.09,0.087087,[.00
PPO_25000_bzip2__instcount_plainmodel,25000,13531,1.1886,2.12,0.081971,[.00
PPO_25000_bzip2__instcount_plainmodel,25000,14652,1.1010,1.96,0.082455,[.00
PPO_25000_bzip2__instcount_plainmodel,25000,13361,1.2019,2.15,0.082439,[.00
PPO_25000_bzip2__instcount_plainmodel,25000,13752,1.1713,2.09,0.077805,[.00
PPO_25000_bzip2__instcount_plainmodel,25000,13345,1.2031,2.15,0.079728,[.00
PPO_25000_bzip2__instcount_plainmodel,25000,13657,1.1788,2.10,0.082058,[.00
PPO_25000_bzip2__instcount_plainmodel,25000,13956,1.1554,2.05,0.083128,[.00
PPO_25000_bzip2__instcount_plainmodel,25000,13411,1.1980,2.14,0.086569,[.00
PPO_25000_bzip2__instcount_plainmodel,25000,13638,1.1802,2.10,0.078375,[.00
PPO_25000_bzip2__instcount_plainmodel,25000,13597,1.1834,2.11,0.081372,[.00
PPO_25000_bzip2__instcount_plainmodel,25000,13721,1.1738,2.09,0.078215,[.00
PPO_25000_bzip2__instcount_plainmodel,25000,13764,1.1704,2.08,0.084851,[.00
PPO_25000_bzip2__instcount_plainmodel,25000,13353,1.2025,2.15,0.082107,[.00
PPO_25000_bzip2__instcount_plainmodel,25000,13990,1.1527,2.05,0.080904,[.00
PPO_25000_bzip2__instcount_plainmodel,25000,13729,1.1731,2.09,0.083065,[.00
PPO_25000_bzip2__instcount_plainmodel,25000,13688,1.1763,2.10,0.085638,[.00
PPO_25000_bzip2__instcount_plainmodel,25000,13503,1.1908,2.12,0.083871,[.00
PPO_25000_bzip2__instcount_plainmodel,25000,14191,1.1370,2.02,0.073786,[.00
PPO_25000_bzip2__instcount_plainmodel,25000,13447,1.1952,2.13,0.08179,[.00
PPO_25000_bzip2__instcount_plainmodel,25000,13316,1.2054,2.15,0.078332,[.00
PPO_25000_bzip2__instcount_plainmodel,25000,16150,0.9840,1.78,0.04657,[.00
PPO_25000_bzip2__instcount_plainmodel,25000,14210,1.1356,2.02,0.082959,[.00
PPO_25000_bzip2__instcount_plainmodel,25000,14143,1.1408,2.03,0.076892,[.00
PPO_25000_bzip2__instcount_plainmodel,25000,13426,1.1968,2.14,0.084561,[.00
PPO_25000_bzip2__instcount_plainmodel,25000,13692,1.1760,2.09,0.08239,[.00
PPO_25000_bzip2__instcount_plainmodel,25000,13395,1.1992,2.14,0.079501,[.00
PPO_25000_bzip2__instcount_plainmodel,25000,13656,1.1788,2.10,0.082979,[.00
PPO_25000_bzip2__instcount_plainmodel,25000,14214,1.1352,2.02,0.080024,[.00
PPO_25000_bzip2__instcount_plainmodel,25000,13683,1.1767,2.10,0.082888,[.00
PPO_25000_bzip2__instcount_plainmodel,25000,13627,1.1811,2.10,0.084653,[.00
PPO_25000_bzip2__instcount_plainmodel,25000,13863,1.1627,2.07,0.081856,[.00
PPO_25000_bzip2__instcount_plainmodel,25000,13938,1.1568,2.06,0.071492,[.00
PPO_25000_bzip2__instcount_plainmodel,25000,13508,1.1904,2.12,0.079314,[.00
PPO_25000_bzip2__instcount_plainmodel,25000,13326,1.2046,2.15,0.08154,[.00
PPO_25000_bzip2__instcount_plainmodel,25000,14239,1.1333,2.01,0.078319,[.00
PPO_25000_bzip2__instcount_plainmodel,25000,13750,1.1715,2.09,0.079771,[.00
PPO_25000_bzip2__instcount_plainmodel,25000,13742,1.1721,2.09,0.080091,[.00
PPO_25000_bzip2__instcount_plainmodel,25000,13621,1.1816,2.11,0.082868,[.00
PPO_25000_bzip2__instcount_plainmodel,25000,13982,1.1534,2.05,0.081162,[.00
PPO_25000_bzip2__instcount_plainmodel,25000,13839,1.1645,2.07,0.082772,[.00
PPO_25000_bzip2__instcount_plainmodel,25000,13289,1.2075,2.16,0.079878,[.00
PPO_25000_bzip2__instcount_plainmodel,25000,13676,1.1773,2.10,0.085424,[.00
PPO_25000_bzip2__instcount_plainmodel,25000,13373,1.2009,2.14,0.077442,[.00
PPO_25000_bzip2__instcount_plainmodel,25000,13814,1.1665,2.08,0.081964,[.00
PPO_25000_bzip2__instcount_plainmodel,25000,14703,1.0970,1.95,0.079548,[.00
PPO_25000_bzip2__instcount_plainmodel,25000,13650,1.1793,2.10,0.083918,[.00
PPO_25000_bzip2__instcount_plainmodel,25000,13527,1.1889,2.12,0.079318,[.00
PPO_25000_bzip2__instcount_plainmodel,25000,13715,1.1742,2.09,0.084282,[.00
PPO_25000_bzip2__instcount_plainmodel,25000,13753,1.1713,2.09,0.081191,[.00
PPO_25000_bzip2__instcount_plainmodel,25000,13912,1.1588,2.06,0.075735,[.00
PPO_25000_bzip2__instcount_plainmodel,25000,14181,1.1378,2.02,0.084238,[.00
PPO_25000_bzip2__instcount_plainmodel,25000,13422,1.1971,2.14,0.082222,[.00
PPO_25000_bzip2__instcount_plainmodel,25000,13321,1.2050,2.15,0.078655,[.00
PPO_25000_bzip2__instcount_plainmodel,25000,13510,1.1902,2.12,0.078484,[.00
PPO_25000_bzip2__instcount_plainmodel,25000,13856,1.1632,2.07,0.075958,[.00
PPO_25000_bzip2__instcount_plainmodel,25000,13793,1.1681,2.08,0.087543,[.00
PPO_25000_bzip2__instcount_plainmodel,25000,13743,1.1720,2.09,0.084324,[.00
PPO_25000_bzip2__instcount_plainmodel,25000,16345,0.9688,1.75,0.049701,[.00
PPO_25000_bzip2__instcount_plainmodel,25000,13371,1.2011,2.15,0.081983,[.00
