A2C_25000_bzip2__instcount_512,1000,16416,0.9632,1.75,0.047063,[.00
A2C_25000_bzip2__instcount_512,1000,19648,0.7108,1.46,0.045293,[.00
A2C_25000_bzip2__instcount_512,1000,16416,0.9632,1.75,0.047152,[.00
A2C_25000_bzip2__instcount_512,1000,16689,0.9419,1.72,0.04505,[.00
A2C_25000_bzip2__instcount_512,1000,19640,0.7114,1.46,0.046787,[.00
A2C_25000_bzip2__instcount_512,1000,16359,0.9677,1.75,0.045061,[.00
A2C_25000_bzip2__instcount_512,1000,19689,0.7076,1.46,0.046968,[.00
A2C_25000_bzip2__instcount_512,1000,16444,0.9610,1.74,0.045869,[.00
A2C_25000_bzip2__instcount_512,1000,16416,0.9632,1.75,0.046754,[.00
A2C_25000_bzip2__instcount_512,1000,16502,0.9565,1.74,0.04812,[.00
A2C_25000_bzip2__instcount_512,1000,19679,0.7084,1.46,0.047323,[.00
A2C_25000_bzip2__instcount_512,1000,16373,0.9666,1.75,0.049749,[.00
A2C_25000_bzip2__instcount_512,1000,16356,0.9679,1.75,0.046258,[.00
A2C_25000_bzip2__instcount_512,1000,16415,0.9633,1.75,0.046305,[.00
A2C_25000_bzip2__instcount_512,1000,16350,0.9684,1.75,0.04681,[.00
A2C_25000_bzip2__instcount_512,1000,19642,0.7112,1.46,0.046136,[.00
A2C_25000_bzip2__instcount_512,1000,19642,0.7112,1.46,0.046796,[.00
A2C_25000_bzip2__instcount_512,1000,16359,0.9677,1.75,0.047031,[.00
A2C_25000_bzip2__instcount_512,1000,16359,0.9677,1.75,0.045576,[.00
A2C_25000_bzip2__instcount_512,1000,13689,1.1763,2.10,0.082574,[.00
A2C_25000_bzip2__instcount_512,1000,19689,0.7076,1.46,0.047568,[.00
A2C_25000_bzip2__instcount_512,1000,16328,0.9701,1.76,0.044873,[.00
A2C_25000_bzip2__instcount_512,1000,16415,0.9633,1.75,0.04729,[.00
A2C_25000_bzip2__instcount_512,1000,16416,0.9632,1.75,0.046056,[.00
A2C_25000_bzip2__instcount_512,1000,19690,0.7075,1.46,0.047984,[.00
A2C_25000_bzip2__instcount_512,1000,19680,0.7083,1.46,0.048377,[.00
A2C_25000_bzip2__instcount_512,1000,16320,0.9707,1.76,0.048388,[.00
A2C_25000_bzip2__instcount_512,1000,19679,0.7084,1.46,0.045732,[.00
A2C_25000_bzip2__instcount_512,1000,19689,0.7076,1.46,0.046528,[.00
A2C_25000_bzip2__instcount_512,1000,16779,0.9349,1.71,0.044866,[.00
A2C_25000_bzip2__instcount_512,1000,16509,0.9560,1.74,0.044852,[.00
A2C_25000_bzip2__instcount_512,1000,16415,0.9633,1.75,0.045749,[.00
A2C_25000_bzip2__instcount_512,1000,16300,0.9723,1.76,0.044788,[.00
A2C_25000_bzip2__instcount_512,1000,16415,0.9633,1.75,0.046078,[.00
A2C_25000_bzip2__instcount_512,1000,19679,0.7084,1.46,0.046912,[.00
A2C_25000_bzip2__instcount_512,1000,19679,0.7084,1.46,0.045932,[.00
A2C_25000_bzip2__instcount_512,1000,19679,0.7084,1.46,0.046204,[.00
A2C_25000_bzip2__instcount_512,1000,16532,0.9542,1.73,0.048447,[.00
A2C_25000_bzip2__instcount_512,1000,16300,0.9723,1.76,0.046831,[.00
A2C_25000_bzip2__instcount_512,1000,16553,0.9525,1.73,0.046253,[.00
A2C_25000_bzip2__instcount_512,1000,19679,0.7084,1.46,0.045339,[.00
A2C_25000_bzip2__instcount_512,1000,19630,0.7122,1.46,0.055058,[.00
A2C_25000_bzip2__instcount_512,1000,19689,0.7076,1.46,0.046612,[.00
A2C_25000_bzip2__instcount_512,1000,16366,0.9671,1.75,0.044189,[.00
A2C_25000_bzip2__instcount_512,1000,16389,0.9653,1.75,0.046039,[.00
A2C_25000_bzip2__instcount_512,1000,19639,0.7115,1.46,0.045764,[.00
A2C_25000_bzip2__instcount_512,1000,19679,0.7084,1.46,0.045019,[.00
A2C_25000_bzip2__instcount_512,1000,16520,0.9551,1.74,0.04623,[.00
A2C_25000_bzip2__instcount_512,1000,16739,0.9380,1.71,0.045686,[.00
A2C_25000_bzip2__instcount_512,1000,16322,0.9706,1.76,0.044659,[.00
A2C_25000_bzip2__instcount_512,1000,16361,0.9675,1.75,0.044887,[.00
A2C_25000_bzip2__instcount_512,1000,19689,0.7076,1.46,0.046074,[.00
A2C_25000_bzip2__instcount_512,1000,19648,0.7108,1.46,0.046057,[.00
A2C_25000_bzip2__instcount_512,1000,16365,0.9672,1.75,0.04442,[.00
A2C_25000_bzip2__instcount_512,1000,16516,0.9554,1.74,0.047133,[.00
A2C_25000_bzip2__instcount_512,1000,16778,0.9350,1.71,0.048862,[.00
A2C_25000_bzip2__instcount_512,1000,16443,0.9611,1.74,0.04873,[.00
A2C_25000_bzip2__instcount_512,1000,16360,0.9676,1.75,0.045146,[.00
A2C_25000_bzip2__instcount_512,1000,19690,0.7075,1.46,0.044374,[.00
A2C_25000_bzip2__instcount_512,1000,16415,0.9633,1.75,0.049225,[.00
A2C_25000_bzip2__instcount_512,1000,19624,0.7127,1.46,0.044828,[.00
A2C_25000_bzip2__instcount_512,1000,16363,0.9674,1.75,0.044868,[.00
A2C_25000_bzip2__instcount_512,1000,16362,0.9675,1.75,0.046607,[.00
A2C_25000_bzip2__instcount_512,1000,19679,0.7084,1.46,0.049303,[.00
A2C_25000_bzip2__instcount_512,1000,16415,0.9633,1.75,0.047873,[.00
A2C_25000_bzip2__instcount_512,1000,19689,0.7076,1.46,0.045355,[.00
A2C_25000_bzip2__instcount_512,1000,19692,0.7073,1.45,0.051686,[.00
A2C_25000_bzip2__instcount_512,1000,16359,0.9677,1.75,0.045808,[.00
A2C_25000_bzip2__instcount_512,1000,16380,0.9660,1.75,0.047792,[.00
A2C_25000_bzip2__instcount_512,1000,16416,0.9632,1.75,0.04449,[.00
A2C_25000_bzip2__instcount_512,1000,19679,0.7084,1.46,0.050609,[.00
A2C_25000_bzip2__instcount_512,1000,20005,0.6829,1.43,0.073092,[.00
A2C_25000_bzip2__instcount_512,1000,16415,0.9633,1.75,0.04504,[.00
A2C_25000_bzip2__instcount_512,1000,16296,0.9726,1.76,0.047533,[.00
A2C_25000_bzip2__instcount_512,1000,16416,0.9632,1.75,0.05001,[.00
A2C_25000_bzip2__instcount_512,1000,16536,0.9539,1.73,0.048764,[.00
A2C_25000_bzip2__instcount_512,1000,16382,0.9659,1.75,0.046109,[.00
A2C_25000_bzip2__instcount_512,1000,16360,0.9676,1.75,0.046672,[.00
A2C_25000_bzip2__instcount_512,1000,19679,0.7084,1.46,0.046212,[.00
A2C_25000_bzip2__instcount_512,1000,19634,0.7119,1.46,0.047838,[.00
A2C_25000_bzip2__instcount_512,1000,19634,0.7119,1.46,0.04496,[.00
A2C_25000_bzip2__instcount_512,1000,16330,0.9700,1.76,0.045569,[.00
A2C_25000_bzip2__instcount_512,1000,18412,0.8073,1.56,0.046219,[.00
A2C_25000_bzip2__instcount_512,1000,16294,0.9728,1.76,0.046585,[.00
A2C_25000_bzip2__instcount_512,1000,16571,0.9511,1.73,0.04523,[.00
A2C_25000_bzip2__instcount_512,1000,16418,0.9631,1.75,0.045318,[.00
A2C_25000_bzip2__instcount_512,1000,16287,0.9733,1.76,0.045289,[.00
A2C_25000_bzip2__instcount_512,1000,16357,0.9678,1.75,0.04578,[.00
A2C_25000_bzip2__instcount_512,1000,19679,0.7084,1.46,0.045051,[.00
A2C_25000_bzip2__instcount_512,1000,19634,0.7119,1.46,0.04708,[.00
A2C_25000_bzip2__instcount_512,1000,19667,0.7093,1.46,0.046116,[.00
A2C_25000_bzip2__instcount_512,1000,16360,0.9676,1.75,0.044902,[.00
A2C_25000_bzip2__instcount_512,1000,19689,0.7076,1.46,0.044758,[.00
A2C_25000_bzip2__instcount_512,1000,16318,0.9709,1.76,0.046238,[.00
A2C_25000_bzip2__instcount_512,1000,14142,1.1409,2.03,0.069524,[.00
A2C_25000_bzip2__instcount_512,1000,16442,0.9612,1.74,0.04585,[.00
A2C_25000_bzip2__instcount_512,1000,16667,0.9436,1.72,0.045726,[.00
A2C_25000_bzip2__instcount_512,1000,19679,0.7084,1.46,0.045241,[.00
A2C_25000_bzip2__instcount_512,1000,16360,0.9676,1.75,0.044757,[.00
A2C_25000_bzip2__instcount_512,1000,16417,0.9632,1.75,0.046208,[.00
A2C_25000_bzip2__instcount_512,2000,16329,0.9700,1.76,0.051532,[.00
A2C_25000_bzip2__instcount_512,2000,16624,0.9470,1.72,0.046598,[.00
A2C_25000_bzip2__instcount_512,2000,16635,0.9461,1.72,0.047638,[.00
A2C_25000_bzip2__instcount_512,2000,16663,0.9439,1.72,0.047205,[.00
A2C_25000_bzip2__instcount_512,2000,16319,0.9708,1.76,0.045734,[.00
A2C_25000_bzip2__instcount_512,2000,16421,0.9628,1.75,0.04505,[.00
A2C_25000_bzip2__instcount_512,2000,16363,0.9674,1.75,0.046493,[.00
A2C_25000_bzip2__instcount_512,2000,16684,0.9423,1.72,0.045792,[.00
A2C_25000_bzip2__instcount_512,2000,16325,0.9703,1.76,0.046873,[.00
A2C_25000_bzip2__instcount_512,2000,16367,0.9671,1.75,0.047045,[.00
A2C_25000_bzip2__instcount_512,2000,16621,0.9472,1.72,0.046353,[.00
A2C_25000_bzip2__instcount_512,2000,16632,0.9464,1.72,0.045394,[.00
A2C_25000_bzip2__instcount_512,2000,16646,0.9453,1.72,0.047609,[.00
A2C_25000_bzip2__instcount_512,2000,16353,0.9682,1.75,0.046066,[.00
A2C_25000_bzip2__instcount_512,2000,16632,0.9464,1.72,0.047313,[.00
A2C_25000_bzip2__instcount_512,2000,16622,0.9471,1.72,0.044843,[.00
A2C_25000_bzip2__instcount_512,2000,16323,0.9705,1.76,0.047106,[.00
A2C_25000_bzip2__instcount_512,2000,16230,0.9778,1.77,0.045311,[.00
A2C_25000_bzip2__instcount_512,2000,16635,0.9461,1.72,0.047948,[.00
A2C_25000_bzip2__instcount_512,2000,16631,0.9464,1.72,0.045869,[.00
A2C_25000_bzip2__instcount_512,2000,16421,0.9628,1.75,0.044875,[.00
A2C_25000_bzip2__instcount_512,2000,16738,0.9381,1.71,0.057354,[.00
A2C_25000_bzip2__instcount_512,2000,16323,0.9705,1.76,0.046703,[.00
A2C_25000_bzip2__instcount_512,2000,16347,0.9686,1.75,0.044868,[.00
A2C_25000_bzip2__instcount_512,2000,16397,0.9647,1.75,0.046384,[.00
A2C_25000_bzip2__instcount_512,2000,16635,0.9461,1.72,0.045963,[.00
A2C_25000_bzip2__instcount_512,2000,16760,0.9364,1.71,0.046896,[.00
A2C_25000_bzip2__instcount_512,2000,16367,0.9671,1.75,0.047337,[.00
A2C_25000_bzip2__instcount_512,2000,16415,0.9633,1.75,0.045491,[.00
A2C_25000_bzip2__instcount_512,2000,16485,0.9578,1.74,0.050052,[.00
A2C_25000_bzip2__instcount_512,2000,16643,0.9455,1.72,0.047175,[.00
A2C_25000_bzip2__instcount_512,2000,16325,0.9703,1.76,0.046339,[.00
A2C_25000_bzip2__instcount_512,2000,16632,0.9464,1.72,0.047143,[.00
A2C_25000_bzip2__instcount_512,2000,15687,1.0202,1.83,0.086482,[.00
A2C_25000_bzip2__instcount_512,2000,16320,0.9707,1.76,0.0459,[.00
A2C_25000_bzip2__instcount_512,2000,16390,0.9653,1.75,0.043718,[.00
A2C_25000_bzip2__instcount_512,2000,16326,0.9703,1.76,0.04548,[.00
A2C_25000_bzip2__instcount_512,2000,16545,0.9532,1.73,0.047439,[.00
A2C_25000_bzip2__instcount_512,2000,16330,0.9700,1.76,0.045649,[.00
A2C_25000_bzip2__instcount_512,2000,16546,0.9531,1.73,0.044931,[.00
A2C_25000_bzip2__instcount_512,2000,16705,0.9407,1.72,0.047987,[.00
A2C_25000_bzip2__instcount_512,2000,16338,0.9693,1.75,0.043554,[.00
A2C_25000_bzip2__instcount_512,2000,16329,0.9700,1.76,0.044888,[.00
A2C_25000_bzip2__instcount_512,2000,16594,0.9493,1.73,0.048058,[.00
A2C_25000_bzip2__instcount_512,2000,16759,0.9364,1.71,0.044462,[.00
A2C_25000_bzip2__instcount_512,2000,16646,0.9453,1.72,0.045496,[.00
A2C_25000_bzip2__instcount_512,2000,16635,0.9461,1.72,0.04546,[.00
A2C_25000_bzip2__instcount_512,2000,16681,0.9425,1.72,0.045904,[.00
A2C_25000_bzip2__instcount_512,2000,16477,0.9585,1.74,0.044661,[.00
A2C_25000_bzip2__instcount_512,2000,16363,0.9674,1.75,0.049686,[.00
A2C_25000_bzip2__instcount_512,2000,16635,0.9461,1.72,0.045397,[.00
A2C_25000_bzip2__instcount_512,2000,16667,0.9436,1.72,0.048402,[.00
A2C_25000_bzip2__instcount_512,2000,16373,0.9666,1.75,0.047315,[.00
A2C_25000_bzip2__instcount_512,2000,16636,0.9461,1.72,0.04768,[.00
A2C_25000_bzip2__instcount_512,2000,15942,1.0003,1.80,0.04455,[.00
A2C_25000_bzip2__instcount_512,2000,16364,0.9673,1.75,0.044674,[.00
A2C_25000_bzip2__instcount_512,2000,16656,0.9445,1.72,0.046913,[.00
A2C_25000_bzip2__instcount_512,2000,16390,0.9653,1.75,0.043241,[.00
A2C_25000_bzip2__instcount_512,2000,16330,0.9700,1.76,0.046794,[.00
A2C_25000_bzip2__instcount_512,2000,16367,0.9671,1.75,0.045847,[.00
A2C_25000_bzip2__instcount_512,2000,16656,0.9445,1.72,0.046377,[.00
A2C_25000_bzip2__instcount_512,2000,16635,0.9461,1.72,0.047131,[.00
A2C_25000_bzip2__instcount_512,2000,16653,0.9447,1.72,0.044183,[.00
A2C_25000_bzip2__instcount_512,2000,16682,0.9425,1.72,0.046681,[.00
A2C_25000_bzip2__instcount_512,2000,16656,0.9445,1.72,0.049131,[.00
A2C_25000_bzip2__instcount_512,2000,16635,0.9461,1.72,0.044871,[.00
A2C_25000_bzip2__instcount_512,2000,16330,0.9700,1.76,0.04418,[.00
A2C_25000_bzip2__instcount_512,2000,16341,0.9691,1.75,0.045856,[.00
A2C_25000_bzip2__instcount_512,2000,16348,0.9685,1.75,0.061521,[.00
A2C_25000_bzip2__instcount_512,2000,16317,0.9710,1.76,0.044591,[.00
A2C_25000_bzip2__instcount_512,2000,16704,0.9407,1.72,0.04603,[.00
A2C_25000_bzip2__instcount_512,2000,16622,0.9471,1.72,0.056654,[.00
A2C_25000_bzip2__instcount_512,2000,16315,0.9711,1.76,0.047668,[.00
A2C_25000_bzip2__instcount_512,2000,16341,0.9691,1.75,0.046593,[.00
A2C_25000_bzip2__instcount_512,2000,16371,0.9668,1.75,0.044077,[.00
A2C_25000_bzip2__instcount_512,2000,16348,0.9685,1.75,0.04487,[.00
A2C_25000_bzip2__instcount_512,2000,16635,0.9461,1.72,0.047112,[.00
A2C_25000_bzip2__instcount_512,2000,16328,0.9701,1.76,0.048794,[.00
A2C_25000_bzip2__instcount_512,2000,16319,0.9708,1.76,0.044898,[.00
A2C_25000_bzip2__instcount_512,2000,16341,0.9691,1.75,0.046863,[.00
A2C_25000_bzip2__instcount_512,2000,16681,0.9425,1.72,0.047399,[.00
A2C_25000_bzip2__instcount_512,2000,16350,0.9684,1.75,0.047859,[.00
A2C_25000_bzip2__instcount_512,2000,16320,0.9707,1.76,0.045656,[.00
A2C_25000_bzip2__instcount_512,2000,16647,0.9452,1.72,0.044455,[.00
A2C_25000_bzip2__instcount_512,2000,16330,0.9700,1.76,0.047984,[.00
A2C_25000_bzip2__instcount_512,2000,16420,0.9629,1.75,0.043997,[.00
A2C_25000_bzip2__instcount_512,2000,16653,0.9447,1.72,0.045315,[.00
A2C_25000_bzip2__instcount_512,2000,16341,0.9691,1.75,0.044636,[.00
A2C_25000_bzip2__instcount_512,2000,16680,0.9426,1.72,0.044718,[.00
A2C_25000_bzip2__instcount_512,2000,16804,0.9329,1.71,0.046788,[.00
A2C_25000_bzip2__instcount_512,2000,16618,0.9475,1.72,0.047514,[.00
A2C_25000_bzip2__instcount_512,2000,16330,0.9700,1.76,0.043486,[.00
A2C_25000_bzip2__instcount_512,2000,16625,0.9469,1.72,0.04779,[.00
A2C_25000_bzip2__instcount_512,2000,16656,0.9445,1.72,0.049596,[.00
A2C_25000_bzip2__instcount_512,2000,16653,0.9447,1.72,0.046861,[.00
A2C_25000_bzip2__instcount_512,2000,16448,0.9607,1.74,0.046482,[.00
A2C_25000_bzip2__instcount_512,2000,16326,0.9703,1.76,0.045752,[.00
A2C_25000_bzip2__instcount_512,2000,16330,0.9700,1.76,0.057783,[.00
A2C_25000_bzip2__instcount_512,2000,16356,0.9679,1.75,0.044594,[.00
A2C_25000_bzip2__instcount_512,2000,16635,0.9461,1.72,0.045249,[.00
A2C_25000_bzip2__instcount_512,3000,16347,0.9686,1.75,0.057586,[.00
A2C_25000_bzip2__instcount_512,3000,16417,0.9632,1.75,0.045524,[.00
A2C_25000_bzip2__instcount_512,3000,16351,0.9683,1.75,0.044922,[.00
A2C_25000_bzip2__instcount_512,3000,16367,0.9671,1.75,0.050512,[.00
A2C_25000_bzip2__instcount_512,3000,16333,0.9697,1.76,0.045042,[.00
A2C_25000_bzip2__instcount_512,3000,16382,0.9659,1.75,0.045622,[.00
A2C_25000_bzip2__instcount_512,3000,16360,0.9676,1.75,0.049685,[.00
A2C_25000_bzip2__instcount_512,3000,16609,0.9482,1.73,0.045856,[.00
A2C_25000_bzip2__instcount_512,3000,16300,0.9723,1.76,0.045779,[.00
A2C_25000_bzip2__instcount_512,3000,16415,0.9633,1.75,0.046616,[.00
A2C_25000_bzip2__instcount_512,3000,16318,0.9709,1.76,0.046016,[.00
A2C_25000_bzip2__instcount_512,3000,19681,0.7082,1.46,0.046947,[.00
A2C_25000_bzip2__instcount_512,3000,16344,0.9689,1.75,0.04752,[.00
A2C_25000_bzip2__instcount_512,3000,16243,0.9768,1.76,0.044523,[.00
A2C_25000_bzip2__instcount_512,3000,16812,0.9323,1.70,0.044052,[.00
A2C_25000_bzip2__instcount_512,3000,16321,0.9707,1.76,0.045485,[.00
A2C_25000_bzip2__instcount_512,3000,16635,0.9461,1.72,0.046717,[.00
A2C_25000_bzip2__instcount_512,3000,16666,0.9437,1.72,0.044474,[.00
A2C_25000_bzip2__instcount_512,3000,16367,0.9671,1.75,0.047168,[.00
A2C_25000_bzip2__instcount_512,3000,16494,0.9571,1.74,0.043282,[.00
A2C_25000_bzip2__instcount_512,3000,16356,0.9679,1.75,0.046826,[.00
A2C_25000_bzip2__instcount_512,3000,16352,0.9682,1.75,0.049089,[.00
A2C_25000_bzip2__instcount_512,3000,16359,0.9677,1.75,0.045054,[.00
A2C_25000_bzip2__instcount_512,3000,16366,0.9671,1.75,0.046686,[.00
A2C_25000_bzip2__instcount_512,3000,16299,0.9724,1.76,0.047115,[.00
A2C_25000_bzip2__instcount_512,3000,16356,0.9679,1.75,0.044158,[.00
A2C_25000_bzip2__instcount_512,3000,16415,0.9633,1.75,0.045347,[.00
A2C_25000_bzip2__instcount_512,3000,16454,0.9603,1.74,0.046885,[.00
A2C_25000_bzip2__instcount_512,3000,16658,0.9443,1.72,0.046544,[.00
A2C_25000_bzip2__instcount_512,3000,16396,0.9648,1.75,0.044896,[.00
A2C_25000_bzip2__instcount_512,3000,16304,0.9720,1.76,0.045219,[.00
A2C_25000_bzip2__instcount_512,3000,16356,0.9679,1.75,0.04573,[.00
A2C_25000_bzip2__instcount_512,3000,16415,0.9633,1.75,0.045007,[.00
A2C_25000_bzip2__instcount_512,3000,16384,0.9657,1.75,0.045042,[.00
A2C_25000_bzip2__instcount_512,3000,16323,0.9705,1.76,0.04569,[.00
A2C_25000_bzip2__instcount_512,3000,16287,0.9733,1.76,0.04421,[.00
A2C_25000_bzip2__instcount_512,3000,16357,0.9678,1.75,0.044463,[.00
A2C_25000_bzip2__instcount_512,3000,16319,0.9708,1.76,0.047316,[.00
A2C_25000_bzip2__instcount_512,3000,15621,1.0253,1.84,0.083099,[.00
A2C_25000_bzip2__instcount_512,3000,16314,0.9712,1.76,0.045905,[.00
A2C_25000_bzip2__instcount_512,3000,16371,0.9668,1.75,0.045201,[.00
A2C_25000_bzip2__instcount_512,3000,16296,0.9726,1.76,0.04769,[.00
A2C_25000_bzip2__instcount_512,3000,16478,0.9584,1.74,0.045547,[.00
A2C_25000_bzip2__instcount_512,3000,16739,0.9380,1.71,0.046295,[.00
A2C_25000_bzip2__instcount_512,3000,16342,0.9690,1.75,0.044479,[.00
A2C_25000_bzip2__instcount_512,3000,16317,0.9710,1.76,0.046704,[.00
A2C_25000_bzip2__instcount_512,3000,16346,0.9687,1.75,0.045043,[.00
A2C_25000_bzip2__instcount_512,3000,16487,0.9577,1.74,0.046371,[.00
A2C_25000_bzip2__instcount_512,3000,16925,0.9235,1.69,0.046931,[.00
A2C_25000_bzip2__instcount_512,3000,16363,0.9674,1.75,0.044006,[.00
A2C_25000_bzip2__instcount_512,3000,16210,0.9793,1.77,0.045167,[.00
A2C_25000_bzip2__instcount_512,3000,16356,0.9679,1.75,0.045857,[.00
A2C_25000_bzip2__instcount_512,3000,16532,0.9542,1.73,0.046471,[.00
A2C_25000_bzip2__instcount_512,3000,16262,0.9753,1.76,0.045807,[.00
A2C_25000_bzip2__instcount_512,3000,16415,0.9633,1.75,0.047818,[.00
A2C_25000_bzip2__instcount_512,3000,16506,0.9562,1.74,0.045736,[.00
A2C_25000_bzip2__instcount_512,3000,16324,0.9704,1.76,0.04555,[.00
A2C_25000_bzip2__instcount_512,3000,16318,0.9709,1.76,0.047164,[.00
A2C_25000_bzip2__instcount_512,3000,16348,0.9685,1.75,0.044899,[.00
A2C_25000_bzip2__instcount_512,3000,16417,0.9632,1.75,0.045295,[.00
A2C_25000_bzip2__instcount_512,3000,14167,1.1389,2.02,0.068185,[.00
A2C_25000_bzip2__instcount_512,3000,16336,0.9695,1.75,0.04709,[.00
A2C_25000_bzip2__instcount_512,3000,16643,0.9455,1.72,0.047993,[.00
A2C_25000_bzip2__instcount_512,3000,16354,0.9681,1.75,0.047662,[.00
A2C_25000_bzip2__instcount_512,3000,16359,0.9677,1.75,0.045806,[.00
A2C_25000_bzip2__instcount_512,3000,16390,0.9653,1.75,0.045187,[.00
A2C_25000_bzip2__instcount_512,3000,16420,0.9629,1.75,0.045578,[.00
A2C_25000_bzip2__instcount_512,3000,16265,0.9750,1.76,0.04547,[.00
A2C_25000_bzip2__instcount_512,3000,16397,0.9647,1.75,0.046485,[.00
A2C_25000_bzip2__instcount_512,3000,16220,0.9785,1.77,0.044475,[.00
A2C_25000_bzip2__instcount_512,3000,16356,0.9679,1.75,0.044916,[.00
A2C_25000_bzip2__instcount_512,3000,16628,0.9467,1.72,0.046278,[.00
A2C_25000_bzip2__instcount_512,3000,16516,0.9554,1.74,0.046405,[.00
A2C_25000_bzip2__instcount_512,3000,16350,0.9684,1.75,0.048922,[.00
A2C_25000_bzip2__instcount_512,3000,16357,0.9678,1.75,0.043835,[.00
A2C_25000_bzip2__instcount_512,3000,16356,0.9679,1.75,0.044379,[.00
A2C_25000_bzip2__instcount_512,3000,16365,0.9672,1.75,0.048644,[.00
A2C_25000_bzip2__instcount_512,3000,16318,0.9709,1.76,0.045312,[.00
A2C_25000_bzip2__instcount_512,3000,16350,0.9684,1.75,0.046193,[.00
A2C_25000_bzip2__instcount_512,3000,16350,0.9684,1.75,0.052406,[.00
A2C_25000_bzip2__instcount_512,3000,16269,0.9747,1.76,0.045013,[.00
A2C_25000_bzip2__instcount_512,3000,16451,0.9605,1.74,0.054151,[.00
A2C_25000_bzip2__instcount_512,3000,16545,0.9532,1.73,0.046161,[.00
A2C_25000_bzip2__instcount_512,3000,16318,0.9709,1.76,0.04717,[.00
A2C_25000_bzip2__instcount_512,3000,16356,0.9679,1.75,0.0442,[.00
A2C_25000_bzip2__instcount_512,3000,16679,0.9427,1.72,0.04551,[.00
A2C_25000_bzip2__instcount_512,3000,16373,0.9666,1.75,0.04801,[.00
A2C_25000_bzip2__instcount_512,3000,16300,0.9723,1.76,0.045118,[.00
A2C_25000_bzip2__instcount_512,3000,16356,0.9679,1.75,0.044116,[.00
A2C_25000_bzip2__instcount_512,3000,16321,0.9707,1.76,0.047932,[.00
A2C_25000_bzip2__instcount_512,3000,16317,0.9710,1.76,0.046493,[.00
A2C_25000_bzip2__instcount_512,3000,19681,0.7082,1.46,0.044244,[.00
A2C_25000_bzip2__instcount_512,3000,16336,0.9695,1.75,0.045161,[.00
A2C_25000_bzip2__instcount_512,3000,16468,0.9592,1.74,0.044691,[.00
A2C_25000_bzip2__instcount_512,3000,16356,0.9679,1.75,0.044969,[.00
A2C_25000_bzip2__instcount_512,3000,16300,0.9723,1.76,0.048128,[.00
A2C_25000_bzip2__instcount_512,3000,16340,0.9692,1.75,0.0481,[.00
A2C_25000_bzip2__instcount_512,3000,16300,0.9723,1.76,0.045431,[.00
A2C_25000_bzip2__instcount_512,3000,16313,0.9713,1.76,0.044896,[.00
A2C_25000_bzip2__instcount_512,3000,16268,0.9748,1.76,0.044426,[.00
A2C_25000_bzip2__instcount_512,4000,16687,0.9421,1.72,0.045863,[.00
A2C_25000_bzip2__instcount_512,4000,16363,0.9674,1.75,0.044416,[.00
A2C_25000_bzip2__instcount_512,4000,16416,0.9632,1.75,0.044062,[.00
A2C_25000_bzip2__instcount_512,4000,16707,0.9405,1.72,0.046247,[.00
A2C_25000_bzip2__instcount_512,4000,16330,0.9700,1.76,0.045129,[.00
A2C_25000_bzip2__instcount_512,4000,16334,0.9696,1.76,0.044346,[.00
A2C_25000_bzip2__instcount_512,4000,16338,0.9693,1.75,0.045688,[.00
A2C_25000_bzip2__instcount_512,4000,16495,0.9571,1.74,0.045848,[.00
A2C_25000_bzip2__instcount_512,4000,16366,0.9671,1.75,0.04465,[.00
A2C_25000_bzip2__instcount_512,4000,16340,0.9692,1.75,0.045721,[.00
A2C_25000_bzip2__instcount_512,4000,16371,0.9668,1.75,0.046435,[.00
A2C_25000_bzip2__instcount_512,4000,16322,0.9706,1.76,0.046065,[.00
A2C_25000_bzip2__instcount_512,4000,16308,0.9717,1.76,0.04554,[.00
A2C_25000_bzip2__instcount_512,4000,16308,0.9717,1.76,0.046538,[.00
A2C_25000_bzip2__instcount_512,4000,16327,0.9702,1.76,0.046587,[.00
A2C_25000_bzip2__instcount_512,4000,16470,0.9590,1.74,0.045429,[.00
A2C_25000_bzip2__instcount_512,4000,17451,0.8824,1.64,0.047932,[.00
A2C_25000_bzip2__instcount_512,4000,16370,0.9668,1.75,0.051347,[.00
A2C_25000_bzip2__instcount_512,4000,16365,0.9672,1.75,0.049925,[.00
A2C_25000_bzip2__instcount_512,4000,16315,0.9711,1.76,0.047494,[.00
A2C_25000_bzip2__instcount_512,4000,16318,0.9709,1.76,0.044603,[.00
A2C_25000_bzip2__instcount_512,4000,16373,0.9666,1.75,0.046556,[.00
A2C_25000_bzip2__instcount_512,4000,16302,0.9721,1.76,0.04543,[.00
A2C_25000_bzip2__instcount_512,4000,16338,0.9693,1.75,0.043967,[.00
A2C_25000_bzip2__instcount_512,4000,16308,0.9717,1.76,0.044361,[.00
A2C_25000_bzip2__instcount_512,4000,16686,0.9421,1.72,0.045361,[.00
A2C_25000_bzip2__instcount_512,4000,16635,0.9461,1.72,0.046184,[.00
A2C_25000_bzip2__instcount_512,4000,16356,0.9679,1.75,0.046422,[.00
A2C_25000_bzip2__instcount_512,4000,16330,0.9700,1.76,0.043931,[.00
A2C_25000_bzip2__instcount_512,4000,16356,0.9679,1.75,0.045647,[.00
A2C_25000_bzip2__instcount_512,4000,16371,0.9668,1.75,0.046647,[.00
A2C_25000_bzip2__instcount_512,4000,16219,0.9786,1.77,0.047126,[.00
A2C_25000_bzip2__instcount_512,4000,16456,0.9601,1.74,0.058354,[.00
A2C_25000_bzip2__instcount_512,4000,16353,0.9682,1.75,0.045969,[.00
A2C_25000_bzip2__instcount_512,4000,16358,0.9678,1.75,0.046471,[.00
A2C_25000_bzip2__instcount_512,4000,16686,0.9421,1.72,0.045221,[.00
A2C_25000_bzip2__instcount_512,4000,16669,0.9435,1.72,0.046042,[.00
A2C_25000_bzip2__instcount_512,4000,16452,0.9604,1.74,0.051353,[.00
A2C_25000_bzip2__instcount_512,4000,16329,0.9700,1.76,0.064748,[.00
A2C_25000_bzip2__instcount_512,4000,16317,0.9710,1.76,0.044213,[.00
A2C_25000_bzip2__instcount_512,4000,16376,0.9664,1.75,0.047316,[.00
A2C_25000_bzip2__instcount_512,4000,16333,0.9697,1.76,0.044826,[.00
A2C_25000_bzip2__instcount_512,4000,16211,0.9793,1.77,0.04696,[.00
A2C_25000_bzip2__instcount_512,4000,16330,0.9700,1.76,0.044733,[.00
A2C_25000_bzip2__instcount_512,4000,16360,0.9676,1.75,0.04545,[.00
A2C_25000_bzip2__instcount_512,4000,16356,0.9679,1.75,0.043779,[.00
A2C_25000_bzip2__instcount_512,4000,16322,0.9706,1.76,0.044389,[.00
A2C_25000_bzip2__instcount_512,4000,16456,0.9601,1.74,0.047671,[.00
A2C_25000_bzip2__instcount_512,4000,16646,0.9453,1.72,0.045924,[.00
A2C_25000_bzip2__instcount_512,4000,16366,0.9671,1.75,0.046006,[.00
A2C_25000_bzip2__instcount_512,4000,16946,0.9218,1.69,0.04577,[.00
A2C_25000_bzip2__instcount_512,4000,16366,0.9671,1.75,0.044601,[.00
A2C_25000_bzip2__instcount_512,4000,16356,0.9679,1.75,0.044067,[.00
A2C_25000_bzip2__instcount_512,4000,16323,0.9705,1.76,0.044966,[.00
A2C_25000_bzip2__instcount_512,4000,16330,0.9700,1.76,0.044932,[.00
A2C_25000_bzip2__instcount_512,4000,17477,0.8804,1.64,0.047182,[.00
A2C_25000_bzip2__instcount_512,4000,16656,0.9445,1.72,0.045629,[.00
A2C_25000_bzip2__instcount_512,4000,16307,0.9718,1.76,0.045424,[.00
A2C_25000_bzip2__instcount_512,4000,16318,0.9709,1.76,0.046816,[.00
A2C_25000_bzip2__instcount_512,4000,16633,0.9463,1.72,0.049084,[.00
A2C_25000_bzip2__instcount_512,4000,16625,0.9469,1.72,0.048165,[.00
A2C_25000_bzip2__instcount_512,4000,16640,0.9457,1.72,0.04572,[.00
A2C_25000_bzip2__instcount_512,4000,16700,0.9411,1.72,0.04801,[.00
A2C_25000_bzip2__instcount_512,4000,16294,0.9728,1.76,0.045344,[.00
A2C_25000_bzip2__instcount_512,4000,16635,0.9461,1.72,0.045195,[.00
A2C_25000_bzip2__instcount_512,4000,16366,0.9671,1.75,0.048393,[.00
A2C_25000_bzip2__instcount_512,4000,16356,0.9679,1.75,0.044692,[.00
A2C_25000_bzip2__instcount_512,4000,16659,0.9443,1.72,0.044993,[.00
A2C_25000_bzip2__instcount_512,4000,17129,0.9075,1.67,0.048397,[.00
A2C_25000_bzip2__instcount_512,4000,16358,0.9678,1.75,0.045232,[.00
A2C_25000_bzip2__instcount_512,4000,16363,0.9674,1.75,0.045435,[.00
A2C_25000_bzip2__instcount_512,4000,16635,0.9461,1.72,0.045314,[.00
A2C_25000_bzip2__instcount_512,4000,16628,0.9467,1.72,0.049565,[.00
A2C_25000_bzip2__instcount_512,4000,16421,0.9628,1.75,0.047239,[.00
A2C_25000_bzip2__instcount_512,4000,16329,0.9700,1.76,0.04549,[.00
A2C_25000_bzip2__instcount_512,4000,16722,0.9393,1.71,0.044887,[.00
A2C_25000_bzip2__instcount_512,4000,16215,0.9789,1.77,0.045002,[.00
A2C_25000_bzip2__instcount_512,4000,16322,0.9706,1.76,0.046632,[.00
A2C_25000_bzip2__instcount_512,4000,16309,0.9716,1.76,0.046477,[.00
A2C_25000_bzip2__instcount_512,4000,16635,0.9461,1.72,0.047463,[.00
A2C_25000_bzip2__instcount_512,4000,16358,0.9678,1.75,0.045439,[.00
A2C_25000_bzip2__instcount_512,4000,16945,0.9219,1.69,0.046746,[.00
A2C_25000_bzip2__instcount_512,4000,16274,0.9743,1.76,0.044726,[.00
A2C_25000_bzip2__instcount_512,4000,16330,0.9700,1.76,0.047178,[.00
A2C_25000_bzip2__instcount_512,4000,16204,0.9798,1.77,0.04793,[.00
A2C_25000_bzip2__instcount_512,4000,16390,0.9653,1.75,0.044338,[.00
A2C_25000_bzip2__instcount_512,4000,16336,0.9695,1.75,0.044495,[.00
A2C_25000_bzip2__instcount_512,4000,16670,0.9434,1.72,0.044683,[.00
A2C_25000_bzip2__instcount_512,4000,16631,0.9464,1.72,0.046317,[.00
A2C_25000_bzip2__instcount_512,4000,16336,0.9695,1.75,0.044965,[.00
A2C_25000_bzip2__instcount_512,4000,17451,0.8824,1.64,0.048246,[.00
A2C_25000_bzip2__instcount_512,4000,16329,0.9700,1.76,0.04469,[.00
A2C_25000_bzip2__instcount_512,4000,16625,0.9469,1.72,0.072255,[.00
A2C_25000_bzip2__instcount_512,4000,16321,0.9707,1.76,0.049308,[.00
A2C_25000_bzip2__instcount_512,4000,16329,0.9700,1.76,0.045898,[.00
A2C_25000_bzip2__instcount_512,4000,16627,0.9468,1.72,0.044529,[.00
A2C_25000_bzip2__instcount_512,4000,16319,0.9708,1.76,0.045568,[.00
A2C_25000_bzip2__instcount_512,4000,16334,0.9696,1.76,0.056419,[.00
A2C_25000_bzip2__instcount_512,4000,17452,0.8823,1.64,0.048701,[.00
A2C_25000_bzip2__instcount_512,4000,16338,0.9693,1.75,0.045618,[.00
A2C_25000_bzip2__instcount_512,5000,17786,0.8562,1.61,0.085929,[.00
A2C_25000_bzip2__instcount_512,5000,18846,0.7734,1.52,0.069511,[.00
A2C_25000_bzip2__instcount_512,5000,18846,0.7734,1.52,0.068471,[.00
A2C_25000_bzip2__instcount_512,5000,15532,1.0323,1.85,0.0698,[.00
A2C_25000_bzip2__instcount_512,5000,18846,0.7734,1.52,0.071659,[.00
A2C_25000_bzip2__instcount_512,5000,17786,0.8562,1.61,0.081933,[.00
A2C_25000_bzip2__instcount_512,5000,13846,1.1640,2.07,0.086564,[.00
A2C_25000_bzip2__instcount_512,5000,15533,1.0322,1.85,0.069383,[.00
A2C_25000_bzip2__instcount_512,5000,18846,0.7734,1.52,0.076425,[.00
A2C_25000_bzip2__instcount_512,5000,15014,1.0728,1.91,0.069295,[.00
A2C_25000_bzip2__instcount_512,5000,15533,1.0322,1.85,0.071345,[.00
A2C_25000_bzip2__instcount_512,5000,14351,1.1245,2.00,0.079311,[.00
A2C_25000_bzip2__instcount_512,5000,14350,1.1246,2.00,0.081544,[.00
A2C_25000_bzip2__instcount_512,5000,15533,1.0322,1.85,0.068477,[.00
A2C_25000_bzip2__instcount_512,5000,13833,1.1650,2.07,0.087595,[.00
A2C_25000_bzip2__instcount_512,5000,17534,0.8759,1.63,0.069284,[.00
A2C_25000_bzip2__instcount_512,5000,15530,1.0324,1.85,0.069588,[.00
A2C_25000_bzip2__instcount_512,5000,18352,0.8120,1.56,0.082233,[.00
A2C_25000_bzip2__instcount_512,5000,18846,0.7734,1.52,0.070373,[.00
A2C_25000_bzip2__instcount_512,5000,18846,0.7734,1.52,0.068652,[.00
A2C_25000_bzip2__instcount_512,5000,15533,1.0322,1.85,0.07005,[.00
A2C_25000_bzip2__instcount_512,5000,15530,1.0324,1.85,0.070428,[.00
A2C_25000_bzip2__instcount_512,5000,15533,1.0322,1.85,0.069604,[.00
A2C_25000_bzip2__instcount_512,5000,18846,0.7734,1.52,0.067666,[.00
A2C_25000_bzip2__instcount_512,5000,14351,1.1245,2.00,0.07915,[.00
A2C_25000_bzip2__instcount_512,5000,14351,1.1245,2.00,0.08296,[.00
A2C_25000_bzip2__instcount_512,5000,15530,1.0324,1.85,0.074173,[.00
A2C_25000_bzip2__instcount_512,5000,18846,0.7734,1.52,0.069282,[.00
A2C_25000_bzip2__instcount_512,5000,18846,0.7734,1.52,0.069327,[.00
A2C_25000_bzip2__instcount_512,5000,14486,1.1140,1.98,0.084785,[.00
A2C_25000_bzip2__instcount_512,5000,14479,1.1145,1.98,0.083718,[.00
A2C_25000_bzip2__instcount_512,5000,14486,1.1140,1.98,0.083785,[.00
A2C_25000_bzip2__instcount_512,5000,14486,1.1140,1.98,0.084986,[.00
A2C_25000_bzip2__instcount_512,5000,16429,0.9622,1.74,0.084682,[.00
A2C_25000_bzip2__instcount_512,5000,14486,1.1140,1.98,0.081613,[.00
A2C_25000_bzip2__instcount_512,5000,15016,1.0726,1.91,0.076051,[.00
A2C_25000_bzip2__instcount_512,5000,14351,1.1245,2.00,0.078572,[.00
A2C_25000_bzip2__instcount_512,5000,18846,0.7734,1.52,0.070721,[.00
A2C_25000_bzip2__instcount_512,5000,16457,0.9600,1.74,0.084445,[.00
A2C_25000_bzip2__instcount_512,5000,15530,1.0324,1.85,0.068629,[.00
A2C_25000_bzip2__instcount_512,5000,14996,1.0742,1.91,0.070545,[.00
A2C_25000_bzip2__instcount_512,5000,15530,1.0324,1.85,0.070883,[.00
A2C_25000_bzip2__instcount_512,5000,17786,0.8562,1.61,0.082329,[.00
A2C_25000_bzip2__instcount_512,5000,14272,1.1307,2.01,0.081315,[.00
A2C_25000_bzip2__instcount_512,5000,17534,0.8759,1.63,0.069431,[.00
A2C_25000_bzip2__instcount_512,5000,18846,0.7734,1.52,0.066891,[.00
A2C_25000_bzip2__instcount_512,5000,14680,1.0988,1.95,0.087949,[.00
A2C_25000_bzip2__instcount_512,5000,15241,1.0550,1.88,0.074525,[.00
A2C_25000_bzip2__instcount_512,5000,13833,1.1650,2.07,0.082536,[.00
A2C_25000_bzip2__instcount_512,5000,18846,0.7734,1.52,0.068466,[.00
A2C_25000_bzip2__instcount_512,5000,15533,1.0322,1.85,0.070302,[.00
A2C_25000_bzip2__instcount_512,5000,15565,1.0297,1.84,0.070383,[.00
A2C_25000_bzip2__instcount_512,5000,18846,0.7734,1.52,0.067349,[.00
A2C_25000_bzip2__instcount_512,5000,18846,0.7734,1.52,0.067841,[.00
A2C_25000_bzip2__instcount_512,5000,17786,0.8562,1.61,0.085245,[.00
A2C_25000_bzip2__instcount_512,5000,14350,1.1246,2.00,0.081935,[.00
A2C_25000_bzip2__instcount_512,5000,13833,1.1650,2.07,0.079987,[.00
A2C_25000_bzip2__instcount_512,5000,15016,1.0726,1.91,0.067578,[.00
A2C_25000_bzip2__instcount_512,5000,17534,0.8759,1.63,0.069046,[.00
A2C_25000_bzip2__instcount_512,5000,15526,1.0328,1.85,0.069103,[.00
A2C_25000_bzip2__instcount_512,5000,17786,0.8562,1.61,0.086723,[.00
A2C_25000_bzip2__instcount_512,5000,17786,0.8562,1.61,0.090247,[.00
A2C_25000_bzip2__instcount_512,5000,18846,0.7734,1.52,0.071299,[.00
A2C_25000_bzip2__instcount_512,5000,17534,0.8759,1.63,0.069901,[.00
A2C_25000_bzip2__instcount_512,5000,13781,1.1691,2.08,0.079433,[.00
A2C_25000_bzip2__instcount_512,5000,14351,1.1245,2.00,0.08229,[.00
A2C_25000_bzip2__instcount_512,5000,14351,1.1245,2.00,0.084637,[.00
A2C_25000_bzip2__instcount_512,5000,16518,0.9553,1.74,0.071944,[.00
A2C_25000_bzip2__instcount_512,5000,18846,0.7734,1.52,0.070723,[.00
A2C_25000_bzip2__instcount_512,5000,14350,1.1246,2.00,0.083148,[.00
A2C_25000_bzip2__instcount_512,5000,15015,1.0727,1.91,0.069115,[.00
A2C_25000_bzip2__instcount_512,5000,16518,0.9553,1.74,0.075522,[.00
A2C_25000_bzip2__instcount_512,5000,15016,1.0726,1.91,0.072912,[.00
A2C_25000_bzip2__instcount_512,5000,18846,0.7734,1.52,0.071859,[.00
A2C_25000_bzip2__instcount_512,5000,17565,0.8735,1.63,0.067501,[.00
A2C_25000_bzip2__instcount_512,5000,15533,1.0322,1.85,0.073173,[.00
A2C_25000_bzip2__instcount_512,5000,16445,0.9610,1.74,0.084108,[.00
A2C_25000_bzip2__instcount_512,5000,15533,1.0322,1.85,0.069198,[.00
A2C_25000_bzip2__instcount_512,5000,18846,0.7734,1.52,0.067481,[.00
A2C_25000_bzip2__instcount_512,5000,16445,0.9610,1.74,0.083424,[.00
A2C_25000_bzip2__instcount_512,5000,17786,0.8562,1.61,0.082831,[.00
A2C_25000_bzip2__instcount_512,5000,15530,1.0324,1.85,0.075139,[.00
A2C_25000_bzip2__instcount_512,5000,17786,0.8562,1.61,0.082871,[.00
A2C_25000_bzip2__instcount_512,5000,15930,1.0012,1.80,0.069522,[.00
A2C_25000_bzip2__instcount_512,5000,15533,1.0322,1.85,0.070256,[.00
A2C_25000_bzip2__instcount_512,5000,18846,0.7734,1.52,0.077956,[.00
A2C_25000_bzip2__instcount_512,5000,15533,1.0322,1.85,0.07233,[.00
A2C_25000_bzip2__instcount_512,5000,17786,0.8562,1.61,0.084314,[.00
A2C_25000_bzip2__instcount_512,5000,18179,0.8255,1.58,0.070161,[.00
A2C_25000_bzip2__instcount_512,5000,14092,1.1448,2.04,0.085182,[.00
A2C_25000_bzip2__instcount_512,5000,17534,0.8759,1.63,0.071404,[.00
A2C_25000_bzip2__instcount_512,5000,18846,0.7734,1.52,0.069098,[.00
A2C_25000_bzip2__instcount_512,5000,17534,0.8759,1.63,0.06743,[.00
A2C_25000_bzip2__instcount_512,5000,14373,1.1228,2.00,0.084156,[.00
A2C_25000_bzip2__instcount_512,5000,13781,1.1691,2.08,0.079847,[.00
A2C_25000_bzip2__instcount_512,5000,18854,0.7728,1.52,0.071795,[.00
A2C_25000_bzip2__instcount_512,5000,15533,1.0322,1.85,0.068819,[.00
A2C_25000_bzip2__instcount_512,5000,16620,0.9473,1.72,0.104577,[.00
A2C_25000_bzip2__instcount_512,5000,16422,0.9628,1.75,0.082991,[.00
A2C_25000_bzip2__instcount_512,5000,17534,0.8759,1.63,0.071297,[.00
A2C_25000_bzip2__instcount_512,6000,13727,1.1733,2.09,0.087664,[.00
A2C_25000_bzip2__instcount_512,6000,13716,1.1741,2.09,0.07949,[.00
A2C_25000_bzip2__instcount_512,6000,13700,1.1754,2.09,0.083826,[.00
A2C_25000_bzip2__instcount_512,6000,13744,1.1720,2.09,0.079844,[.00
A2C_25000_bzip2__instcount_512,6000,13761,1.1706,2.08,0.081435,[.00
A2C_25000_bzip2__instcount_512,6000,13764,1.1704,2.08,0.084366,[.00
A2C_25000_bzip2__instcount_512,6000,13712,1.1745,2.09,0.081345,[.00
A2C_25000_bzip2__instcount_512,6000,13712,1.1745,2.09,0.080798,[.00
A2C_25000_bzip2__instcount_512,6000,13687,1.1764,2.10,0.078489,[.00
A2C_25000_bzip2__instcount_512,6000,13756,1.1710,2.08,0.083779,[.00
A2C_25000_bzip2__instcount_512,6000,13740,1.1723,2.09,0.084826,[.00
A2C_25000_bzip2__instcount_512,6000,13761,1.1706,2.08,0.081384,[.00
A2C_25000_bzip2__instcount_512,6000,13746,1.1718,2.09,0.087481,[.00
A2C_25000_bzip2__instcount_512,6000,14317,1.1272,2.00,0.085472,[.00
A2C_25000_bzip2__instcount_512,6000,14321,1.1269,2.00,0.082545,[.00
A2C_25000_bzip2__instcount_512,6000,13755,1.1711,2.09,0.094871,[.00
A2C_25000_bzip2__instcount_512,6000,13723,1.1736,2.09,0.081292,[.00
A2C_25000_bzip2__instcount_512,6000,13778,1.1693,2.08,0.083839,[.00
A2C_25000_bzip2__instcount_512,6000,13743,1.1720,2.09,0.078926,[.00
A2C_25000_bzip2__instcount_512,6000,13713,1.1744,2.09,0.080959,[.00
A2C_25000_bzip2__instcount_512,6000,13730,1.1730,2.09,0.081753,[.00
A2C_25000_bzip2__instcount_512,6000,14997,1.0741,1.91,0.070721,[.00
A2C_25000_bzip2__instcount_512,6000,13755,1.1711,2.09,0.078954,[.00
A2C_25000_bzip2__instcount_512,6000,14999,1.0739,1.91,0.069628,[.00
A2C_25000_bzip2__instcount_512,6000,13761,1.1706,2.08,0.079377,[.00
A2C_25000_bzip2__instcount_512,6000,13718,1.1740,2.09,0.083892,[.00
A2C_25000_bzip2__instcount_512,6000,13722,1.1737,2.09,0.084988,[.00
A2C_25000_bzip2__instcount_512,6000,13827,1.1655,2.07,0.085362,[.00
A2C_25000_bzip2__instcount_512,6000,14304,1.1282,2.00,0.079286,[.00
A2C_25000_bzip2__instcount_512,6000,13745,1.1719,2.09,0.081933,[.00
A2C_25000_bzip2__instcount_512,6000,13741,1.1722,2.09,0.08072,[.00
A2C_25000_bzip2__instcount_512,6000,14996,1.0742,1.91,0.069966,[.00
A2C_25000_bzip2__instcount_512,6000,13790,1.1684,2.08,0.081033,[.00
A2C_25000_bzip2__instcount_512,6000,14349,1.1247,2.00,0.082438,[.00
A2C_25000_bzip2__instcount_512,6000,14304,1.1282,2.00,0.078481,[.00
A2C_25000_bzip2__instcount_512,6000,13736,1.1726,2.09,0.081468,[.00
A2C_25000_bzip2__instcount_512,6000,13699,1.1755,2.09,0.080086,[.00
A2C_25000_bzip2__instcount_512,6000,15522,1.0331,1.85,0.069848,[.00
A2C_25000_bzip2__instcount_512,6000,13712,1.1745,2.09,0.082954,[.00
A2C_25000_bzip2__instcount_512,6000,13731,1.1730,2.09,0.081154,[.00
A2C_25000_bzip2__instcount_512,6000,13761,1.1706,2.08,0.081818,[.00
A2C_25000_bzip2__instcount_512,6000,13778,1.1693,2.08,0.079423,[.00
A2C_25000_bzip2__instcount_512,6000,13686,1.1765,2.10,0.094117,[.00
A2C_25000_bzip2__instcount_512,6000,13755,1.1711,2.09,0.078166,[.00
A2C_25000_bzip2__instcount_512,6000,13947,1.1561,2.06,0.080379,[.00
A2C_25000_bzip2__instcount_512,6000,13890,1.1605,2.06,0.082605,[.00
A2C_25000_bzip2__instcount_512,6000,14997,1.0741,1.91,0.071992,[.00
A2C_25000_bzip2__instcount_512,6000,13729,1.1731,2.09,0.07869,[.00
A2C_25000_bzip2__instcount_512,6000,14335,1.1258,2.00,0.08875,[.00
A2C_25000_bzip2__instcount_512,6000,13715,1.1742,2.09,0.0805,[.00
A2C_25000_bzip2__instcount_512,6000,13817,1.1663,2.08,0.079585,[.00
A2C_25000_bzip2__instcount_512,6000,13732,1.1729,2.09,0.083055,[.00
A2C_25000_bzip2__instcount_512,6000,13767,1.1702,2.08,0.079498,[.00
A2C_25000_bzip2__instcount_512,6000,13775,1.1695,2.08,0.082344,[.00
A2C_25000_bzip2__instcount_512,6000,13838,1.1646,2.07,0.084822,[.00
A2C_25000_bzip2__instcount_512,6000,14321,1.1269,2.00,0.079089,[.00
A2C_25000_bzip2__instcount_512,6000,13687,1.1764,2.10,0.081621,[.00
A2C_25000_bzip2__instcount_512,6000,13921,1.1581,2.06,0.083509,[.00
A2C_25000_bzip2__instcount_512,6000,13740,1.1723,2.09,0.082095,[.00
A2C_25000_bzip2__instcount_512,6000,13770,1.1699,2.08,0.081104,[.00
A2C_25000_bzip2__instcount_512,6000,14335,1.1258,2.00,0.080852,[.00
A2C_25000_bzip2__instcount_512,6000,14327,1.1264,2.00,0.080122,[.00
A2C_25000_bzip2__instcount_512,6000,13896,1.1601,2.06,0.082012,[.00
A2C_25000_bzip2__instcount_512,6000,14304,1.1282,2.00,0.083746,[.00
A2C_25000_bzip2__instcount_512,6000,15392,1.0432,1.86,0.07067,[.00
A2C_25000_bzip2__instcount_512,6000,13700,1.1754,2.09,0.080977,[.00
A2C_25000_bzip2__instcount_512,6000,14335,1.1258,2.00,0.084158,[.00
A2C_25000_bzip2__instcount_512,6000,13807,1.1670,2.08,0.078368,[.00
A2C_25000_bzip2__instcount_512,6000,13756,1.1710,2.08,0.098692,[.00
A2C_25000_bzip2__instcount_512,6000,13707,1.1748,2.09,0.078887,[.00
A2C_25000_bzip2__instcount_512,6000,13710,1.1746,2.09,0.082278,[.00
A2C_25000_bzip2__instcount_512,6000,13684,1.1766,2.10,0.080848,[.00
A2C_25000_bzip2__instcount_512,6000,14321,1.1269,2.00,0.081333,[.00
A2C_25000_bzip2__instcount_512,6000,13707,1.1748,2.09,0.078776,[.00
A2C_25000_bzip2__instcount_512,6000,13858,1.1630,2.07,0.083967,[.00
A2C_25000_bzip2__instcount_512,6000,13720,1.1738,2.09,0.081431,[.00
A2C_25000_bzip2__instcount_512,6000,13844,1.1641,2.07,0.083818,[.00
A2C_25000_bzip2__instcount_512,6000,13707,1.1748,2.09,0.079716,[.00
A2C_25000_bzip2__instcount_512,6000,14304,1.1282,2.00,0.07845,[.00
A2C_25000_bzip2__instcount_512,6000,13790,1.1684,2.08,0.082235,[.00
A2C_25000_bzip2__instcount_512,6000,14329,1.1263,2.00,0.083385,[.00
A2C_25000_bzip2__instcount_512,6000,14331,1.1261,2.00,0.079231,[.00
A2C_25000_bzip2__instcount_512,6000,13707,1.1748,2.09,0.084634,[.00
A2C_25000_bzip2__instcount_512,6000,13730,1.1730,2.09,0.079425,[.00
A2C_25000_bzip2__instcount_512,6000,13848,1.1638,2.07,0.082587,[.00
A2C_25000_bzip2__instcount_512,6000,14996,1.0742,1.91,0.068173,[.00
A2C_25000_bzip2__instcount_512,6000,13684,1.1766,2.10,0.08125,[.00
A2C_25000_bzip2__instcount_512,6000,14240,1.1332,2.01,0.08247,[.00
A2C_25000_bzip2__instcount_512,6000,13780,1.1691,2.08,0.084041,[.00
A2C_25000_bzip2__instcount_512,6000,13691,1.1761,2.09,0.093116,[.00
A2C_25000_bzip2__instcount_512,6000,13749,1.1716,2.09,0.082417,[.00
A2C_25000_bzip2__instcount_512,6000,14327,1.1264,2.00,0.080912,[.00
A2C_25000_bzip2__instcount_512,6000,15530,1.0324,1.85,0.067975,[.00
A2C_25000_bzip2__instcount_512,6000,13712,1.1745,2.09,0.083809,[.00
A2C_25000_bzip2__instcount_512,6000,13674,1.1774,2.10,0.081612,[.00
A2C_25000_bzip2__instcount_512,6000,13767,1.1702,2.08,0.081267,[.00
A2C_25000_bzip2__instcount_512,6000,13711,1.1745,2.09,0.087684,[.00
A2C_25000_bzip2__instcount_512,6000,13807,1.1670,2.08,0.079911,[.00
A2C_25000_bzip2__instcount_512,6000,13713,1.1744,2.09,0.082387,[.00
A2C_25000_bzip2__instcount_512,6000,13921,1.1581,2.06,0.082411,[.00
A2C_25000_bzip2__instcount_512,7000,13729,1.1731,2.09,0.086047,[.00
A2C_25000_bzip2__instcount_512,7000,13811,1.1667,2.08,0.079375,[.00
A2C_25000_bzip2__instcount_512,7000,13719,1.1739,2.09,0.08518,[.00
A2C_25000_bzip2__instcount_512,7000,13786,1.1687,2.08,0.085923,[.00
A2C_25000_bzip2__instcount_512,7000,13723,1.1736,2.09,0.079946,[.00
A2C_25000_bzip2__instcount_512,7000,14996,1.0742,1.91,0.069982,[.00
A2C_25000_bzip2__instcount_512,7000,13796,1.1679,2.08,0.084263,[.00
A2C_25000_bzip2__instcount_512,7000,13791,1.1683,2.08,0.085337,[.00
A2C_25000_bzip2__instcount_512,7000,13710,1.1746,2.09,0.082427,[.00
A2C_25000_bzip2__instcount_512,7000,13707,1.1748,2.09,0.081822,[.00
A2C_25000_bzip2__instcount_512,7000,13796,1.1679,2.08,0.094972,[.00
A2C_25000_bzip2__instcount_512,7000,13729,1.1731,2.09,0.08379,[.00
A2C_25000_bzip2__instcount_512,7000,13707,1.1748,2.09,0.084186,[.00
A2C_25000_bzip2__instcount_512,7000,13794,1.1680,2.08,0.082014,[.00
A2C_25000_bzip2__instcount_512,7000,13707,1.1748,2.09,0.081154,[.00
A2C_25000_bzip2__instcount_512,7000,13716,1.1741,2.09,0.084473,[.00
A2C_25000_bzip2__instcount_512,7000,13730,1.1730,2.09,0.08117,[.00
A2C_25000_bzip2__instcount_512,7000,13810,1.1668,2.08,0.080502,[.00
A2C_25000_bzip2__instcount_512,7000,13817,1.1663,2.08,0.087424,[.00
A2C_25000_bzip2__instcount_512,7000,13729,1.1731,2.09,0.078939,[.00
A2C_25000_bzip2__instcount_512,7000,13753,1.1713,2.09,0.083932,[.00
A2C_25000_bzip2__instcount_512,7000,14033,1.1494,2.04,0.067051,[.00
A2C_25000_bzip2__instcount_512,7000,13698,1.1755,2.09,0.079357,[.00
A2C_25000_bzip2__instcount_512,7000,13873,1.1619,2.07,0.086549,[.00
A2C_25000_bzip2__instcount_512,7000,13739,1.1723,2.09,0.081612,[.00
A2C_25000_bzip2__instcount_512,7000,13868,1.1623,2.07,0.080429,[.00
A2C_25000_bzip2__instcount_512,7000,13817,1.1663,2.08,0.087596,[.00
A2C_25000_bzip2__instcount_512,7000,13787,1.1686,2.08,0.088446,[.00
A2C_25000_bzip2__instcount_512,7000,13817,1.1663,2.08,0.081065,[.00
A2C_25000_bzip2__instcount_512,7000,13729,1.1731,2.09,0.088815,[.00
A2C_25000_bzip2__instcount_512,7000,13709,1.1747,2.09,0.081377,[.00
A2C_25000_bzip2__instcount_512,7000,13776,1.1695,2.08,0.086362,[.00
A2C_25000_bzip2__instcount_512,7000,13885,1.1609,2.07,0.081309,[.00
A2C_25000_bzip2__instcount_512,7000,14984,1.0751,1.91,0.069751,[.00
A2C_25000_bzip2__instcount_512,7000,13818,1.1662,2.08,0.085524,[.00
A2C_25000_bzip2__instcount_512,7000,13729,1.1731,2.09,0.080012,[.00
A2C_25000_bzip2__instcount_512,7000,13723,1.1736,2.09,0.087395,[.00
A2C_25000_bzip2__instcount_512,7000,13708,1.1748,2.09,0.079081,[.00
A2C_25000_bzip2__instcount_512,7000,13700,1.1754,2.09,0.084077,[.00
A2C_25000_bzip2__instcount_512,7000,13707,1.1748,2.09,0.078926,[.00
A2C_25000_bzip2__instcount_512,7000,14997,1.0741,1.91,0.070669,[.00
A2C_25000_bzip2__instcount_512,7000,13696,1.1757,2.09,0.087591,[.00
A2C_25000_bzip2__instcount_512,7000,13728,1.1732,2.09,0.08291,[.00
A2C_25000_bzip2__instcount_512,7000,13738,1.1724,2.09,0.079149,[.00
A2C_25000_bzip2__instcount_512,7000,13706,1.1749,2.09,0.083107,[.00
A2C_25000_bzip2__instcount_512,7000,13724,1.1735,2.09,0.078407,[.00
A2C_25000_bzip2__instcount_512,7000,13699,1.1755,2.09,0.102212,[.00
A2C_25000_bzip2__instcount_512,7000,15135,1.0633,1.89,0.0687,[.00
A2C_25000_bzip2__instcount_512,7000,13707,1.1748,2.09,0.081627,[.00
A2C_25000_bzip2__instcount_512,7000,13714,1.1743,2.09,0.08021,[.00
A2C_25000_bzip2__instcount_512,7000,13742,1.1721,2.09,0.079806,[.00
A2C_25000_bzip2__instcount_512,7000,13713,1.1744,2.09,0.080442,[.00
A2C_25000_bzip2__instcount_512,7000,13703,1.1752,2.09,0.083016,[.00
A2C_25000_bzip2__instcount_512,7000,13784,1.1688,2.08,0.081302,[.00
A2C_25000_bzip2__instcount_512,7000,14300,1.1285,2.01,0.081317,[.00
A2C_25000_bzip2__instcount_512,7000,13813,1.1666,2.08,0.083716,[.00
A2C_25000_bzip2__instcount_512,7000,13737,1.1725,2.09,0.081197,[.00
A2C_25000_bzip2__instcount_512,7000,13685,1.1766,2.10,0.082921,[.00
A2C_25000_bzip2__instcount_512,7000,13729,1.1731,2.09,0.07832,[.00
A2C_25000_bzip2__instcount_512,7000,13873,1.1619,2.07,0.084224,[.00
A2C_25000_bzip2__instcount_512,7000,13830,1.1652,2.07,0.08245,[.00
A2C_25000_bzip2__instcount_512,7000,13739,1.1723,2.09,0.082622,[.00
A2C_25000_bzip2__instcount_512,7000,13817,1.1663,2.08,0.08229,[.00
A2C_25000_bzip2__instcount_512,7000,13918,1.1584,2.06,0.085295,[.00
A2C_25000_bzip2__instcount_512,7000,13743,1.1720,2.09,0.081312,[.00
A2C_25000_bzip2__instcount_512,7000,13699,1.1755,2.09,0.07769,[.00
A2C_25000_bzip2__instcount_512,7000,13798,1.1677,2.08,0.087839,[.00
A2C_25000_bzip2__instcount_512,7000,13767,1.1702,2.08,0.080203,[.00
A2C_25000_bzip2__instcount_512,7000,13707,1.1748,2.09,0.079646,[.00
A2C_25000_bzip2__instcount_512,7000,13734,1.1727,2.09,0.082199,[.00
A2C_25000_bzip2__instcount_512,7000,13786,1.1687,2.08,0.08574,[.00
A2C_25000_bzip2__instcount_512,7000,13713,1.1744,2.09,0.081791,[.00
A2C_25000_bzip2__instcount_512,7000,13809,1.1669,2.08,0.08129,[.00
A2C_25000_bzip2__instcount_512,7000,13801,1.1675,2.08,0.082392,[.00
A2C_25000_bzip2__instcount_512,7000,14200,1.1363,2.02,0.068068,[.00
A2C_25000_bzip2__instcount_512,7000,14997,1.0741,1.91,0.070994,[.00
A2C_25000_bzip2__instcount_512,7000,13877,1.1616,2.07,0.086762,[.00
A2C_25000_bzip2__instcount_512,7000,13776,1.1695,2.08,0.082955,[.00
A2C_25000_bzip2__instcount_512,7000,13706,1.1749,2.09,0.079974,[.00
A2C_25000_bzip2__instcount_512,7000,13713,1.1744,2.09,0.085267,[.00
A2C_25000_bzip2__instcount_512,7000,13735,1.1727,2.09,0.080454,[.00
A2C_25000_bzip2__instcount_512,7000,13820,1.1660,2.08,0.081369,[.00
A2C_25000_bzip2__instcount_512,7000,13825,1.1656,2.07,0.083393,[.00
A2C_25000_bzip2__instcount_512,7000,14150,1.1402,2.03,0.070279,[.00
A2C_25000_bzip2__instcount_512,7000,13729,1.1731,2.09,0.085651,[.00
A2C_25000_bzip2__instcount_512,7000,13677,1.1772,2.10,0.081747,[.00
A2C_25000_bzip2__instcount_512,7000,13790,1.1684,2.08,0.08266,[.00
A2C_25000_bzip2__instcount_512,7000,13787,1.1686,2.08,0.087534,[.00
A2C_25000_bzip2__instcount_512,7000,14091,1.1448,2.04,0.090523,[.00
A2C_25000_bzip2__instcount_512,7000,13802,1.1674,2.08,0.082925,[.00
A2C_25000_bzip2__instcount_512,7000,13786,1.1687,2.08,0.082215,[.00
A2C_25000_bzip2__instcount_512,7000,13762,1.1705,2.08,0.082541,[.00
A2C_25000_bzip2__instcount_512,7000,13818,1.1662,2.08,0.087383,[.00
A2C_25000_bzip2__instcount_512,7000,13774,1.1696,2.08,0.081913,[.00
A2C_25000_bzip2__instcount_512,7000,13718,1.1740,2.09,0.086524,[.00
A2C_25000_bzip2__instcount_512,7000,13684,1.1766,2.10,0.083872,[.00
A2C_25000_bzip2__instcount_512,7000,13790,1.1684,2.08,0.096909,[.00
A2C_25000_bzip2__instcount_512,7000,13699,1.1755,2.09,0.091859,[.00
A2C_25000_bzip2__instcount_512,7000,15080,1.0676,1.90,0.068135,[.00
A2C_25000_bzip2__instcount_512,7000,13854,1.1634,2.07,0.082131,[.00
A2C_25000_bzip2__instcount_512,8000,13699,1.1755,2.09,0.086649,[.00
A2C_25000_bzip2__instcount_512,8000,13935,1.1570,2.06,0.083075,[.00
A2C_25000_bzip2__instcount_512,8000,13715,1.1742,2.09,0.078896,[.00
A2C_25000_bzip2__instcount_512,8000,13782,1.1690,2.08,0.085441,[.00
A2C_25000_bzip2__instcount_512,8000,13684,1.1766,2.10,0.079866,[.00
A2C_25000_bzip2__instcount_512,8000,13738,1.1724,2.09,0.083564,[.00
A2C_25000_bzip2__instcount_512,8000,13732,1.1729,2.09,0.09532,[.00
A2C_25000_bzip2__instcount_512,8000,13796,1.1679,2.08,0.086753,[.00
A2C_25000_bzip2__instcount_512,8000,13800,1.1676,2.08,0.081587,[.00
A2C_25000_bzip2__instcount_512,8000,13860,1.1629,2.07,0.083549,[.00
A2C_25000_bzip2__instcount_512,8000,13783,1.1689,2.08,0.085138,[.00
A2C_25000_bzip2__instcount_512,8000,13858,1.1630,2.07,0.083878,[.00
A2C_25000_bzip2__instcount_512,8000,13688,1.1763,2.10,0.083642,[.00
A2C_25000_bzip2__instcount_512,8000,13740,1.1723,2.09,0.078626,[.00
A2C_25000_bzip2__instcount_512,8000,13797,1.1678,2.08,0.078924,[.00
A2C_25000_bzip2__instcount_512,8000,13699,1.1755,2.09,0.083197,[.00
A2C_25000_bzip2__instcount_512,8000,13699,1.1755,2.09,0.084343,[.00
A2C_25000_bzip2__instcount_512,8000,13857,1.1631,2.07,0.083751,[.00
A2C_25000_bzip2__instcount_512,8000,13856,1.1632,2.07,0.085691,[.00
A2C_25000_bzip2__instcount_512,8000,13853,1.1634,2.07,0.084271,[.00
A2C_25000_bzip2__instcount_512,8000,13701,1.1753,2.09,0.081582,[.00
A2C_25000_bzip2__instcount_512,8000,13677,1.1772,2.10,0.080498,[.00
A2C_25000_bzip2__instcount_512,8000,13741,1.1722,2.09,0.078383,[.00
A2C_25000_bzip2__instcount_512,8000,14122,1.1424,2.03,0.084395,[.00
A2C_25000_bzip2__instcount_512,8000,13874,1.1618,2.07,0.081266,[.00
A2C_25000_bzip2__instcount_512,8000,13710,1.1746,2.09,0.081309,[.00
A2C_25000_bzip2__instcount_512,8000,13699,1.1755,2.09,0.081429,[.00
A2C_25000_bzip2__instcount_512,8000,13700,1.1754,2.09,0.07821,[.00
A2C_25000_bzip2__instcount_512,8000,13737,1.1725,2.09,0.080431,[.00
A2C_25000_bzip2__instcount_512,8000,13791,1.1683,2.08,0.086338,[.00
A2C_25000_bzip2__instcount_512,8000,13793,1.1681,2.08,0.081766,[.00
A2C_25000_bzip2__instcount_512,8000,13729,1.1731,2.09,0.081424,[.00
A2C_25000_bzip2__instcount_512,8000,13738,1.1724,2.09,0.081508,[.00
A2C_25000_bzip2__instcount_512,8000,13678,1.1771,2.10,0.08248,[.00
A2C_25000_bzip2__instcount_512,8000,13687,1.1764,2.10,0.084095,[.00
A2C_25000_bzip2__instcount_512,8000,13741,1.1722,2.09,0.081055,[.00
A2C_25000_bzip2__instcount_512,8000,13681,1.1769,2.10,0.081708,[.00
A2C_25000_bzip2__instcount_512,8000,13740,1.1723,2.09,0.08111,[.00
A2C_25000_bzip2__instcount_512,8000,13786,1.1687,2.08,0.084992,[.00
A2C_25000_bzip2__instcount_512,8000,13682,1.1768,2.10,0.090999,[.00
A2C_25000_bzip2__instcount_512,8000,13796,1.1679,2.08,0.086215,[.00
A2C_25000_bzip2__instcount_512,8000,13757,1.1709,2.08,0.088163,[.00
A2C_25000_bzip2__instcount_512,8000,13852,1.1635,2.07,0.083586,[.00
A2C_25000_bzip2__instcount_512,8000,13787,1.1686,2.08,0.088113,[.00
A2C_25000_bzip2__instcount_512,8000,13859,1.1630,2.07,0.084728,[.00
A2C_25000_bzip2__instcount_512,8000,13689,1.1763,2.10,0.078994,[.00
A2C_25000_bzip2__instcount_512,8000,13858,1.1630,2.07,0.085459,[.00
A2C_25000_bzip2__instcount_512,8000,13707,1.1748,2.09,0.078736,[.00
A2C_25000_bzip2__instcount_512,8000,13848,1.1638,2.07,0.082915,[.00
A2C_25000_bzip2__instcount_512,8000,13860,1.1629,2.07,0.082548,[.00
A2C_25000_bzip2__instcount_512,8000,13796,1.1679,2.08,0.085641,[.00
A2C_25000_bzip2__instcount_512,8000,13787,1.1686,2.08,0.084833,[.00
A2C_25000_bzip2__instcount_512,8000,13757,1.1709,2.08,0.084509,[.00
A2C_25000_bzip2__instcount_512,8000,13860,1.1629,2.07,0.086722,[.00
A2C_25000_bzip2__instcount_512,8000,13710,1.1746,2.09,0.09178,[.00
A2C_25000_bzip2__instcount_512,8000,13795,1.1680,2.08,0.083443,[.00
A2C_25000_bzip2__instcount_512,8000,13729,1.1731,2.09,0.087941,[.00
A2C_25000_bzip2__instcount_512,8000,13707,1.1748,2.09,0.07942,[.00
A2C_25000_bzip2__instcount_512,8000,13699,1.1755,2.09,0.085298,[.00
A2C_25000_bzip2__instcount_512,8000,13848,1.1638,2.07,0.082752,[.00
A2C_25000_bzip2__instcount_512,8000,13689,1.1763,2.10,0.082073,[.00
A2C_25000_bzip2__instcount_512,8000,13759,1.1708,2.08,0.082944,[.00
A2C_25000_bzip2__instcount_512,8000,13686,1.1765,2.10,0.084698,[.00
A2C_25000_bzip2__instcount_512,8000,13860,1.1629,2.07,0.086374,[.00
A2C_25000_bzip2__instcount_512,8000,13752,1.1713,2.09,0.082574,[.00
A2C_25000_bzip2__instcount_512,8000,13797,1.1678,2.08,0.089365,[.00
A2C_25000_bzip2__instcount_512,8000,13796,1.1679,2.08,0.083834,[.00
A2C_25000_bzip2__instcount_512,8000,13852,1.1635,2.07,0.084261,[.00
A2C_25000_bzip2__instcount_512,8000,13852,1.1635,2.07,0.088576,[.00
A2C_25000_bzip2__instcount_512,8000,13783,1.1689,2.08,0.087004,[.00
A2C_25000_bzip2__instcount_512,8000,13696,1.1757,2.09,0.086761,[.00
A2C_25000_bzip2__instcount_512,8000,13844,1.1641,2.07,0.082296,[.00
A2C_25000_bzip2__instcount_512,8000,13690,1.1762,2.09,0.083686,[.00
A2C_25000_bzip2__instcount_512,8000,13735,1.1727,2.09,0.079455,[.00
A2C_25000_bzip2__instcount_512,8000,13710,1.1746,2.09,0.081558,[.00
A2C_25000_bzip2__instcount_512,8000,13699,1.1755,2.09,0.07864,[.00
A2C_25000_bzip2__instcount_512,8000,13724,1.1735,2.09,0.080309,[.00
A2C_25000_bzip2__instcount_512,8000,13859,1.1630,2.07,0.083966,[.00
A2C_25000_bzip2__instcount_512,8000,13733,1.1728,2.09,0.080287,[.00
A2C_25000_bzip2__instcount_512,8000,13794,1.1680,2.08,0.084778,[.00
A2C_25000_bzip2__instcount_512,8000,13858,1.1630,2.07,0.083647,[.00
A2C_25000_bzip2__instcount_512,8000,13739,1.1723,2.09,0.082112,[.00
A2C_25000_bzip2__instcount_512,8000,13710,1.1746,2.09,0.083221,[.00
A2C_25000_bzip2__instcount_512,8000,13797,1.1678,2.08,0.086651,[.00
A2C_25000_bzip2__instcount_512,8000,13716,1.1741,2.09,0.078826,[.00
A2C_25000_bzip2__instcount_512,8000,13759,1.1708,2.08,0.08715,[.00
A2C_25000_bzip2__instcount_512,8000,13858,1.1630,2.07,0.084314,[.00
A2C_25000_bzip2__instcount_512,8000,13790,1.1684,2.08,0.08254,[.00
A2C_25000_bzip2__instcount_512,8000,13864,1.1626,2.07,0.089872,[.00
A2C_25000_bzip2__instcount_512,8000,13700,1.1754,2.09,0.080153,[.00
A2C_25000_bzip2__instcount_512,8000,13849,1.1638,2.07,0.085844,[.00
A2C_25000_bzip2__instcount_512,8000,13847,1.1639,2.07,0.083505,[.00
A2C_25000_bzip2__instcount_512,8000,13696,1.1757,2.09,0.081756,[.00
A2C_25000_bzip2__instcount_512,8000,13758,1.1709,2.08,0.083563,[.00
A2C_25000_bzip2__instcount_512,8000,13736,1.1726,2.09,0.082986,[.00
A2C_25000_bzip2__instcount_512,8000,13707,1.1748,2.09,0.083473,[.00
A2C_25000_bzip2__instcount_512,8000,13796,1.1679,2.08,0.085061,[.00
A2C_25000_bzip2__instcount_512,8000,13707,1.1748,2.09,0.082118,[.00
A2C_25000_bzip2__instcount_512,8000,13699,1.1755,2.09,0.083448,[.00
A2C_25000_bzip2__instcount_512,8000,13707,1.1748,2.09,0.079246,[.00
A2C_25000_bzip2__instcount_512,9000,13799,1.1677,2.08,0.085292,[.00
A2C_25000_bzip2__instcount_512,9000,13690,1.1762,2.09,0.081549,[.00
A2C_25000_bzip2__instcount_512,9000,14337,1.1256,2.00,0.079884,[.00
A2C_25000_bzip2__instcount_512,9000,14382,1.1221,1.99,0.085305,[.00
A2C_25000_bzip2__instcount_512,9000,14338,1.1256,2.00,0.082092,[.00
A2C_25000_bzip2__instcount_512,9000,14326,1.1265,2.00,0.08274,[.00
A2C_25000_bzip2__instcount_512,9000,14759,1.0927,1.94,0.078278,[.00
A2C_25000_bzip2__instcount_512,9000,13796,1.1679,2.08,0.082383,[.00
A2C_25000_bzip2__instcount_512,9000,13740,1.1723,2.09,0.083235,[.00
A2C_25000_bzip2__instcount_512,9000,13734,1.1727,2.09,0.080192,[.00
A2C_25000_bzip2__instcount_512,9000,14761,1.0925,1.94,0.082453,[.00
A2C_25000_bzip2__instcount_512,9000,13785,1.1688,2.08,0.078905,[.00
A2C_25000_bzip2__instcount_512,9000,13794,1.1680,2.08,0.080714,[.00
A2C_25000_bzip2__instcount_512,9000,13740,1.1723,2.09,0.081512,[.00
A2C_25000_bzip2__instcount_512,9000,14826,1.0874,1.93,0.083265,[.00
A2C_25000_bzip2__instcount_512,9000,13685,1.1766,2.10,0.084472,[.00
A2C_25000_bzip2__instcount_512,9000,13689,1.1763,2.10,0.082057,[.00
A2C_25000_bzip2__instcount_512,9000,16360,0.9676,1.75,0.047587,[.00
A2C_25000_bzip2__instcount_512,9000,14017,1.1506,2.05,0.076227,[.00
A2C_25000_bzip2__instcount_512,9000,13727,1.1733,2.09,0.079362,[.00
A2C_25000_bzip2__instcount_512,9000,14019,1.1505,2.05,0.085524,[.00
A2C_25000_bzip2__instcount_512,9000,14335,1.1258,2.00,0.082061,[.00
A2C_25000_bzip2__instcount_512,9000,14333,1.1259,2.00,0.078258,[.00
A2C_25000_bzip2__instcount_512,9000,13739,1.1723,2.09,0.083986,[.00
A2C_25000_bzip2__instcount_512,9000,14332,1.1260,2.00,0.08374,[.00
A2C_25000_bzip2__instcount_512,9000,13767,1.1702,2.08,0.085144,[.00
A2C_25000_bzip2__instcount_512,9000,14357,1.1241,2.00,0.083114,[.00
A2C_25000_bzip2__instcount_512,9000,14335,1.1258,2.00,0.082193,[.00
A2C_25000_bzip2__instcount_512,9000,13748,1.1716,2.09,0.07978,[.00
A2C_25000_bzip2__instcount_512,9000,13740,1.1723,2.09,0.078805,[.00
A2C_25000_bzip2__instcount_512,9000,13982,1.1534,2.05,0.074706,[.00
A2C_25000_bzip2__instcount_512,9000,13732,1.1729,2.09,0.08021,[.00
A2C_25000_bzip2__instcount_512,9000,13758,1.1709,2.08,0.081881,[.00
A2C_25000_bzip2__instcount_512,9000,16359,0.9677,1.75,0.047106,[.00
A2C_25000_bzip2__instcount_512,9000,13734,1.1727,2.09,0.082211,[.00
A2C_25000_bzip2__instcount_512,9000,13858,1.1630,2.07,0.083474,[.00
A2C_25000_bzip2__instcount_512,9000,13740,1.1723,2.09,0.078977,[.00
A2C_25000_bzip2__instcount_512,9000,13912,1.1588,2.06,0.083269,[.00
A2C_25000_bzip2__instcount_512,9000,13884,1.1610,2.07,0.085442,[.00
A2C_25000_bzip2__instcount_512,9000,13777,1.1694,2.08,0.088998,[.00
A2C_25000_bzip2__instcount_512,9000,14855,1.0852,1.93,0.07701,[.00
A2C_25000_bzip2__instcount_512,9000,13684,1.1766,2.10,0.082092,[.00
A2C_25000_bzip2__instcount_512,9000,13854,1.1634,2.07,0.088926,[.00
A2C_25000_bzip2__instcount_512,9000,13764,1.1704,2.08,0.081488,[.00
A2C_25000_bzip2__instcount_512,9000,13860,1.1629,2.07,0.082628,[.00
A2C_25000_bzip2__instcount_512,9000,13796,1.1679,2.08,0.080636,[.00
A2C_25000_bzip2__instcount_512,9000,13718,1.1740,2.09,0.079952,[.00
A2C_25000_bzip2__instcount_512,9000,14132,1.1416,2.03,0.08463,[.00
A2C_25000_bzip2__instcount_512,9000,13746,1.1718,2.09,0.082684,[.00
A2C_25000_bzip2__instcount_512,9000,14453,1.1166,1.98,0.078016,[.00
A2C_25000_bzip2__instcount_512,9000,14337,1.1256,2.00,0.084594,[.00
A2C_25000_bzip2__instcount_512,9000,14316,1.1273,2.00,0.081219,[.00
A2C_25000_bzip2__instcount_512,9000,14393,1.1213,1.99,0.084405,[.00
A2C_25000_bzip2__instcount_512,9000,13729,1.1731,2.09,0.08278,[.00
A2C_25000_bzip2__instcount_512,9000,13768,1.1701,2.08,0.085083,[.00
A2C_25000_bzip2__instcount_512,9000,13739,1.1723,2.09,0.085533,[.00
A2C_25000_bzip2__instcount_512,9000,14337,1.1256,2.00,0.081027,[.00
A2C_25000_bzip2__instcount_512,9000,13791,1.1683,2.08,0.0842,[.00
A2C_25000_bzip2__instcount_512,9000,13767,1.1702,2.08,0.081674,[.00
A2C_25000_bzip2__instcount_512,9000,14025,1.1500,2.04,0.077093,[.00
A2C_25000_bzip2__instcount_512,9000,14457,1.1163,1.98,0.084687,[.00
A2C_25000_bzip2__instcount_512,9000,16384,0.9657,1.75,0.04643,[.00
A2C_25000_bzip2__instcount_512,9000,13982,1.1534,2.05,0.077745,[.00
A2C_25000_bzip2__instcount_512,9000,14392,1.1213,1.99,0.090684,[.00
A2C_25000_bzip2__instcount_512,9000,13758,1.1709,2.08,0.086602,[.00
A2C_25000_bzip2__instcount_512,9000,13834,1.1649,2.07,0.079389,[.00
A2C_25000_bzip2__instcount_512,9000,13759,1.1708,2.08,0.08745,[.00
A2C_25000_bzip2__instcount_512,9000,14532,1.1104,1.97,0.066849,[.00
A2C_25000_bzip2__instcount_512,9000,13682,1.1768,2.10,0.082265,[.00
A2C_25000_bzip2__instcount_512,9000,14333,1.1259,2.00,0.082813,[.00
A2C_25000_bzip2__instcount_512,9000,13700,1.1754,2.09,0.081675,[.00
A2C_25000_bzip2__instcount_512,9000,13424,1.1970,2.14,0.079389,[.00
A2C_25000_bzip2__instcount_512,9000,14298,1.1287,2.01,0.081666,[.00
A2C_25000_bzip2__instcount_512,9000,13907,1.1592,2.06,0.079562,[.00
A2C_25000_bzip2__instcount_512,9000,13881,1.1613,2.07,0.079667,[.00
A2C_25000_bzip2__instcount_512,9000,14333,1.1259,2.00,0.078916,[.00
A2C_25000_bzip2__instcount_512,9000,13739,1.1723,2.09,0.079872,[.00
A2C_25000_bzip2__instcount_512,9000,13734,1.1727,2.09,0.08528,[.00
A2C_25000_bzip2__instcount_512,9000,13793,1.1681,2.08,0.084546,[.00
A2C_25000_bzip2__instcount_512,9000,14333,1.1259,2.00,0.084472,[.00
A2C_25000_bzip2__instcount_512,9000,14339,1.1255,2.00,0.080356,[.00
A2C_25000_bzip2__instcount_512,9000,13766,1.1702,2.08,0.083556,[.00
A2C_25000_bzip2__instcount_512,9000,13690,1.1762,2.09,0.080948,[.00
A2C_25000_bzip2__instcount_512,9000,14382,1.1221,1.99,0.079455,[.00
A2C_25000_bzip2__instcount_512,9000,14389,1.1216,1.99,0.090355,[.00
A2C_25000_bzip2__instcount_512,9000,13682,1.1768,2.10,0.080652,[.00
A2C_25000_bzip2__instcount_512,9000,14021,1.1503,2.05,0.087887,[.00
A2C_25000_bzip2__instcount_512,9000,13729,1.1731,2.09,0.094143,[.00
A2C_25000_bzip2__instcount_512,9000,13739,1.1723,2.09,0.080565,[.00
A2C_25000_bzip2__instcount_512,9000,14337,1.1256,2.00,0.08209,[.00
A2C_25000_bzip2__instcount_512,9000,13746,1.1718,2.09,0.081985,[.00
A2C_25000_bzip2__instcount_512,9000,13739,1.1723,2.09,0.081709,[.00
A2C_25000_bzip2__instcount_512,9000,13741,1.1722,2.09,0.082392,[.00
A2C_25000_bzip2__instcount_512,9000,13732,1.1729,2.09,0.084301,[.00
A2C_25000_bzip2__instcount_512,9000,14427,1.1186,1.99,0.077751,[.00
A2C_25000_bzip2__instcount_512,9000,13841,1.1644,2.07,0.082345,[.00
A2C_25000_bzip2__instcount_512,9000,13764,1.1704,2.08,0.082541,[.00
A2C_25000_bzip2__instcount_512,9000,14326,1.1265,2.00,0.081807,[.00
A2C_25000_bzip2__instcount_512,9000,13732,1.1729,2.09,0.084059,[.00
A2C_25000_bzip2__instcount_512,9000,14389,1.1216,1.99,0.082375,[.00
A2C_25000_bzip2__instcount_512,10000,18042,0.8362,1.59,0.084227,[.00
A2C_25000_bzip2__instcount_512,10000,25585,0.2470,1.12,0.049302,[.00
A2C_25000_bzip2__instcount_512,10000,28276,0.0368,1.01,0.04948,[.00
A2C_25000_bzip2__instcount_512,10000,28206,0.0423,1.01,0.066722,[.00
A2C_25000_bzip2__instcount_512,10000,28758,-0.0007,0.99,0.056483,[.00
A2C_25000_bzip2__instcount_512,10000,27937,0.0633,1.02,0.050874,[.00
A2C_25000_bzip2__instcount_512,10000,28263,0.0378,1.01,0.05102,[.00
A2C_25000_bzip2__instcount_512,10000,36464,-0.6027,0.78,0.051592,[.00
A2C_25000_bzip2__instcount_512,10000,18460,0.8036,1.55,0.076977,[.00
A2C_25000_bzip2__instcount_512,10000,28736,0.0009,1.00,0.051978,[.00
A2C_25000_bzip2__instcount_512,10000,28250,0.0389,1.01,0.049054,[.00
A2C_25000_bzip2__instcount_512,10000,28535,0.0166,1.00,0.050924,[.00
A2C_25000_bzip2__instcount_512,10000,28739,0.0007,1.00,0.052715,[.00
A2C_25000_bzip2__instcount_512,10000,28755,-0.0005,0.99,0.049425,[.00
A2C_25000_bzip2__instcount_512,10000,28424,0.0253,1.01,0.050016,[.00
A2C_25000_bzip2__instcount_512,10000,36611,-0.6142,0.78,0.050674,[.00
A2C_25000_bzip2__instcount_512,10000,17668,0.8654,1.62,0.068874,[.00
A2C_25000_bzip2__instcount_512,10000,27846,0.0704,1.03,0.053556,[.00
A2C_25000_bzip2__instcount_512,10000,28214,0.0417,1.01,0.050803,[.00
A2C_25000_bzip2__instcount_512,10000,28739,0.0007,1.00,0.051254,[.00
A2C_25000_bzip2__instcount_512,10000,29435,-0.0536,0.97,0.05074,[.00
A2C_25000_bzip2__instcount_512,10000,18859,0.7724,1.52,0.073237,[.00
A2C_25000_bzip2__instcount_512,10000,28739,0.0007,1.00,0.050027,[.00
A2C_25000_bzip2__instcount_512,10000,29454,-0.0551,0.97,0.05141,[.00
A2C_25000_bzip2__instcount_512,10000,18188,0.8248,1.58,0.067493,[.00
A2C_25000_bzip2__instcount_512,10000,28722,0.0020,1.00,0.052719,[.00
A2C_25000_bzip2__instcount_512,10000,29420,-0.0524,0.97,0.048829,[.00
A2C_25000_bzip2__instcount_512,10000,28232,0.0403,1.01,0.051531,[.00
A2C_25000_bzip2__instcount_512,10000,28739,0.0007,1.00,0.049732,[.00
A2C_25000_bzip2__instcount_512,10000,28266,0.0376,1.01,0.049168,[.00
A2C_25000_bzip2__instcount_512,10000,28512,0.0184,1.00,0.049651,[.00
A2C_25000_bzip2__instcount_512,10000,28739,0.0007,1.00,0.050668,[.00
A2C_25000_bzip2__instcount_512,10000,24794,0.3088,1.15,0.048748,[.00
A2C_25000_bzip2__instcount_512,10000,28229,0.0405,1.01,0.050065,[.00
A2C_25000_bzip2__instcount_512,10000,28229,0.0405,1.01,0.04922,[.00
A2C_25000_bzip2__instcount_512,10000,36611,-0.6142,0.78,0.051297,[.00
A2C_25000_bzip2__instcount_512,10000,28739,0.0007,1.00,0.050987,[.00
A2C_25000_bzip2__instcount_512,10000,28232,0.0403,1.01,0.048044,[.00
A2C_25000_bzip2__instcount_512,10000,36163,-0.5792,0.79,0.049745,[.00
A2C_25000_bzip2__instcount_512,10000,27883,0.0675,1.03,0.052218,[.00
A2C_25000_bzip2__instcount_512,10000,36167,-0.5795,0.79,0.049772,[.00
A2C_25000_bzip2__instcount_512,10000,21221,0.5879,1.35,0.04577,[.00
A2C_25000_bzip2__instcount_512,10000,29700,-0.0743,0.96,0.050715,[.00
A2C_25000_bzip2__instcount_512,10000,28240,0.0396,1.01,0.049546,[.00
A2C_25000_bzip2__instcount_512,10000,27912,0.0653,1.02,0.050657,[.00
A2C_25000_bzip2__instcount_512,10000,28233,0.0402,1.01,0.047743,[.00
A2C_25000_bzip2__instcount_512,10000,36636,-0.6161,0.78,0.050513,[.00
A2C_25000_bzip2__instcount_512,10000,36398,-0.5975,0.78,0.047947,[.00
A2C_25000_bzip2__instcount_512,10000,28214,0.0417,1.01,0.053182,[.00
A2C_25000_bzip2__instcount_512,10000,15831,1.0089,1.81,0.070847,[.00
A2C_25000_bzip2__instcount_512,10000,28230,0.0404,1.01,0.049847,[.00
A2C_25000_bzip2__instcount_512,10000,28755,-0.0005,0.99,0.054776,[.00
A2C_25000_bzip2__instcount_512,10000,18199,0.8240,1.57,0.075022,[.00
A2C_25000_bzip2__instcount_512,10000,28739,0.0007,1.00,0.053901,[.00
A2C_25000_bzip2__instcount_512,10000,28185,0.0439,1.01,0.049978,[.00
A2C_25000_bzip2__instcount_512,10000,28230,0.0404,1.01,0.050866,[.00
A2C_25000_bzip2__instcount_512,10000,29217,-0.0366,0.98,0.050677,[.00
A2C_25000_bzip2__instcount_512,10000,27928,0.0640,1.02,0.05134,[.00
A2C_25000_bzip2__instcount_512,10000,28270,0.0373,1.01,0.051164,[.00
A2C_25000_bzip2__instcount_512,10000,28232,0.0403,1.01,0.048697,[.00
A2C_25000_bzip2__instcount_512,10000,28263,0.0378,1.01,0.050732,[.00
A2C_25000_bzip2__instcount_512,10000,28719,0.0022,1.00,0.05138,[.00
A2C_25000_bzip2__instcount_512,10000,28244,0.0393,1.01,0.050003,[.00
A2C_25000_bzip2__instcount_512,10000,28739,0.0007,1.00,0.052474,[.00
A2C_25000_bzip2__instcount_512,10000,28758,-0.0007,0.99,0.050228,[.00
A2C_25000_bzip2__instcount_512,10000,29420,-0.0524,0.97,0.050261,[.00
A2C_25000_bzip2__instcount_512,10000,28213,0.0417,1.01,0.048818,[.00
A2C_25000_bzip2__instcount_512,10000,28213,0.0417,1.01,0.051147,[.00
A2C_25000_bzip2__instcount_512,10000,27992,0.0590,1.02,0.049655,[.00
A2C_25000_bzip2__instcount_512,10000,27846,0.0704,1.03,0.049641,[.00
A2C_25000_bzip2__instcount_512,10000,28209,0.0421,1.01,0.048806,[.00
A2C_25000_bzip2__instcount_512,10000,28233,0.0402,1.01,0.049058,[.00
A2C_25000_bzip2__instcount_512,10000,28225,0.0408,1.01,0.049931,[.00
A2C_25000_bzip2__instcount_512,10000,18400,0.8083,1.56,0.068959,[.00
A2C_25000_bzip2__instcount_512,10000,28701,0.0036,1.00,0.052056,[.00
A2C_25000_bzip2__instcount_512,10000,19246,0.7422,1.49,0.077265,[.00
A2C_25000_bzip2__instcount_512,10000,28758,-0.0007,0.99,0.050067,[.00
A2C_25000_bzip2__instcount_512,10000,28232,0.0403,1.01,0.050359,[.00
A2C_25000_bzip2__instcount_512,10000,28259,0.0381,1.01,0.050338,[.00
A2C_25000_bzip2__instcount_512,10000,28738,0.0007,1.00,0.051577,[.00
A2C_25000_bzip2__instcount_512,10000,28788,-0.0031,0.99,0.051724,[.00
A2C_25000_bzip2__instcount_512,10000,28276,0.0368,1.01,0.048488,[.00
A2C_25000_bzip2__instcount_512,10000,29097,-0.0272,0.98,0.050122,[.00
A2C_25000_bzip2__instcount_512,10000,28758,-0.0007,0.99,0.049532,[.00
A2C_25000_bzip2__instcount_512,10000,21185,0.5907,1.35,0.046712,[.00
A2C_25000_bzip2__instcount_512,10000,29055,-0.0239,0.98,0.050047,[.00
A2C_25000_bzip2__instcount_512,10000,28755,-0.0005,0.99,0.050723,[.00
A2C_25000_bzip2__instcount_512,10000,28715,0.0025,1.00,0.051634,[.00
A2C_25000_bzip2__instcount_512,10000,28232,0.0403,1.01,0.050147,[.00
A2C_25000_bzip2__instcount_512,10000,28758,-0.0007,0.99,0.049612,[.00
A2C_25000_bzip2__instcount_512,10000,28232,0.0403,1.01,0.053783,[.00
A2C_25000_bzip2__instcount_512,10000,29420,-0.0524,0.97,0.052112,[.00
A2C_25000_bzip2__instcount_512,10000,18377,0.8101,1.56,0.069836,[.00
A2C_25000_bzip2__instcount_512,10000,28736,0.0009,1.00,0.051932,[.00
A2C_25000_bzip2__instcount_512,10000,17900,0.8473,1.60,0.082082,[.00
A2C_25000_bzip2__instcount_512,10000,19446,0.7266,1.47,0.068283,[.00
A2C_25000_bzip2__instcount_512,10000,25604,0.2455,1.12,0.047627,[.00
A2C_25000_bzip2__instcount_512,10000,24025,0.3689,1.19,0.071488,[.00
A2C_25000_bzip2__instcount_512,10000,29047,-0.0233,0.98,0.053676,[.00
A2C_25000_bzip2__instcount_512,10000,29145,-0.0310,0.98,0.052973,[.00
A2C_25000_bzip2__instcount_512,11000,14996,1.0742,1.91,0.072143,[.00
A2C_25000_bzip2__instcount_512,11000,14456,1.1163,1.98,0.080866,[.00
A2C_25000_bzip2__instcount_512,11000,13874,1.1618,2.07,0.082156,[.00
A2C_25000_bzip2__instcount_512,11000,13777,1.1694,2.08,0.083075,[.00
A2C_25000_bzip2__instcount_512,11000,14401,1.1206,1.99,0.079574,[.00
A2C_25000_bzip2__instcount_512,11000,13762,1.1705,2.08,0.081656,[.00
A2C_25000_bzip2__instcount_512,11000,13966,1.1546,2.05,0.083726,[.00
A2C_25000_bzip2__instcount_512,11000,13916,1.1585,2.06,0.08179,[.00
A2C_25000_bzip2__instcount_512,11000,13756,1.1710,2.08,0.084955,[.00
A2C_25000_bzip2__instcount_512,11000,13799,1.1677,2.08,0.082441,[.00
A2C_25000_bzip2__instcount_512,11000,13829,1.1653,2.07,0.082612,[.00
A2C_25000_bzip2__instcount_512,11000,13777,1.1694,2.08,0.087265,[.00
A2C_25000_bzip2__instcount_512,11000,13751,1.1714,2.09,0.079876,[.00
A2C_25000_bzip2__instcount_512,11000,14582,1.1065,1.97,0.077634,[.00
A2C_25000_bzip2__instcount_512,11000,13790,1.1684,2.08,0.087246,[.00
A2C_25000_bzip2__instcount_512,11000,14317,1.1272,2.00,0.08201,[.00
A2C_25000_bzip2__instcount_512,11000,15062,1.0690,1.90,0.072697,[.00
A2C_25000_bzip2__instcount_512,11000,13761,1.1706,2.08,0.084889,[.00
A2C_25000_bzip2__instcount_512,11000,13758,1.1709,2.08,0.088139,[.00
A2C_25000_bzip2__instcount_512,11000,13799,1.1677,2.08,0.087082,[.00
A2C_25000_bzip2__instcount_512,11000,13828,1.1654,2.07,0.081357,[.00
A2C_25000_bzip2__instcount_512,11000,16582,0.9503,1.73,0.080807,[.00
A2C_25000_bzip2__instcount_512,11000,13870,1.1621,2.07,0.082145,[.00
A2C_25000_bzip2__instcount_512,11000,14870,1.0840,1.93,0.082288,[.00
A2C_25000_bzip2__instcount_512,11000,13889,1.1606,2.06,0.084254,[.00
A2C_25000_bzip2__instcount_512,11000,15050,1.0699,1.91,0.079947,[.00
A2C_25000_bzip2__instcount_512,11000,14593,1.1056,1.96,0.078638,[.00
A2C_25000_bzip2__instcount_512,11000,13833,1.1650,2.07,0.081613,[.00
A2C_25000_bzip2__instcount_512,11000,16352,0.9682,1.75,0.083116,[.00
A2C_25000_bzip2__instcount_512,11000,13769,1.1700,2.08,0.080284,[.00
A2C_25000_bzip2__instcount_512,11000,13856,1.1632,2.07,0.092705,[.00
A2C_25000_bzip2__instcount_512,11000,15062,1.0690,1.90,0.068327,[.00
A2C_25000_bzip2__instcount_512,11000,13875,1.1617,2.07,0.084575,[.00
A2C_25000_bzip2__instcount_512,11000,13749,1.1716,2.09,0.080015,[.00
A2C_25000_bzip2__instcount_512,11000,13822,1.1659,2.07,0.079722,[.00
A2C_25000_bzip2__instcount_512,11000,13863,1.1627,2.07,0.082102,[.00
A2C_25000_bzip2__instcount_512,11000,16327,0.9702,1.76,0.083468,[.00
A2C_25000_bzip2__instcount_512,11000,15062,1.0690,1.90,0.071369,[.00
A2C_25000_bzip2__instcount_512,11000,16382,0.9659,1.75,0.084541,[.00
A2C_25000_bzip2__instcount_512,11000,17669,0.8654,1.62,0.077055,[.00
A2C_25000_bzip2__instcount_512,11000,16464,0.9595,1.74,0.083495,[.00
A2C_25000_bzip2__instcount_512,11000,13775,1.1695,2.08,0.079819,[.00
A2C_25000_bzip2__instcount_512,11000,13878,1.1615,2.07,0.084637,[.00
A2C_25000_bzip2__instcount_512,11000,16464,0.9595,1.74,0.082314,[.00
A2C_25000_bzip2__instcount_512,11000,13833,1.1650,2.07,0.082006,[.00
A2C_25000_bzip2__instcount_512,11000,14406,1.1202,1.99,0.078618,[.00
A2C_25000_bzip2__instcount_512,11000,13773,1.1697,2.08,0.087621,[.00
A2C_25000_bzip2__instcount_512,11000,13876,1.1616,2.07,0.084413,[.00
A2C_25000_bzip2__instcount_512,11000,13889,1.1606,2.06,0.078684,[.00
A2C_25000_bzip2__instcount_512,11000,15046,1.0703,1.91,0.076465,[.00
A2C_25000_bzip2__instcount_512,11000,13764,1.1704,2.08,0.082919,[.00
A2C_25000_bzip2__instcount_512,11000,13721,1.1738,2.09,0.082433,[.00
A2C_25000_bzip2__instcount_512,11000,14553,1.1088,1.97,0.081585,[.00
A2C_25000_bzip2__instcount_512,11000,13807,1.1670,2.08,0.08818,[.00
A2C_25000_bzip2__instcount_512,11000,13794,1.1680,2.08,0.086404,[.00
A2C_25000_bzip2__instcount_512,11000,14412,1.1198,1.99,0.078827,[.00
A2C_25000_bzip2__instcount_512,11000,13910,1.1590,2.06,0.082387,[.00
A2C_25000_bzip2__instcount_512,11000,13777,1.1694,2.08,0.085377,[.00
A2C_25000_bzip2__instcount_512,11000,13792,1.1682,2.08,0.081725,[.00
A2C_25000_bzip2__instcount_512,11000,14406,1.1202,1.99,0.080375,[.00
A2C_25000_bzip2__instcount_512,11000,14393,1.1213,1.99,0.08162,[.00
A2C_25000_bzip2__instcount_512,11000,13848,1.1638,2.07,0.082744,[.00
A2C_25000_bzip2__instcount_512,11000,13809,1.1669,2.08,0.086276,[.00
A2C_25000_bzip2__instcount_512,11000,13779,1.1692,2.08,0.086442,[.00
A2C_25000_bzip2__instcount_512,11000,13757,1.1709,2.08,0.08583,[.00
A2C_25000_bzip2__instcount_512,11000,13758,1.1709,2.08,0.081586,[.00
A2C_25000_bzip2__instcount_512,11000,14593,1.1056,1.96,0.080461,[.00
A2C_25000_bzip2__instcount_512,11000,16331,0.9699,1.76,0.08932,[.00
A2C_25000_bzip2__instcount_512,11000,13786,1.1687,2.08,0.084212,[.00
A2C_25000_bzip2__instcount_512,11000,13926,1.1577,2.06,0.082841,[.00
A2C_25000_bzip2__instcount_512,11000,14410,1.1199,1.99,0.081402,[.00
A2C_25000_bzip2__instcount_512,11000,13851,1.1636,2.07,0.085301,[.00
A2C_25000_bzip2__instcount_512,11000,13773,1.1697,2.08,0.081474,[.00
A2C_25000_bzip2__instcount_512,11000,13889,1.1606,2.06,0.081431,[.00
A2C_25000_bzip2__instcount_512,11000,14597,1.1053,1.96,0.076303,[.00
A2C_25000_bzip2__instcount_512,11000,13837,1.1647,2.07,0.081493,[.00
A2C_25000_bzip2__instcount_512,11000,13883,1.1611,2.07,0.085499,[.00
A2C_25000_bzip2__instcount_512,11000,13783,1.1689,2.08,0.085934,[.00
A2C_25000_bzip2__instcount_512,11000,13749,1.1716,2.09,0.078939,[.00
A2C_25000_bzip2__instcount_512,11000,13863,1.1627,2.07,0.086619,[.00
A2C_25000_bzip2__instcount_512,11000,14369,1.1231,2.00,0.07905,[.00
A2C_25000_bzip2__instcount_512,11000,13876,1.1616,2.07,0.081993,[.00
A2C_25000_bzip2__instcount_512,11000,14474,1.1149,1.98,0.076903,[.00
A2C_25000_bzip2__instcount_512,11000,15162,1.0612,1.89,0.071803,[.00
A2C_25000_bzip2__instcount_512,11000,14489,1.1138,1.98,0.077686,[.00
A2C_25000_bzip2__instcount_512,11000,16468,0.9592,1.74,0.095931,[.00
A2C_25000_bzip2__instcount_512,11000,13775,1.1695,2.08,0.084317,[.00
A2C_25000_bzip2__instcount_512,11000,15036,1.0710,1.91,0.071975,[.00
A2C_25000_bzip2__instcount_512,11000,13783,1.1689,2.08,0.085002,[.00
A2C_25000_bzip2__instcount_512,11000,13824,1.1657,2.07,0.08271,[.00
A2C_25000_bzip2__instcount_512,11000,13859,1.1630,2.07,0.083895,[.00
A2C_25000_bzip2__instcount_512,11000,14362,1.1237,2.00,0.0809,[.00
A2C_25000_bzip2__instcount_512,11000,15046,1.0703,1.91,0.074084,[.00
A2C_25000_bzip2__instcount_512,11000,14467,1.1155,1.98,0.076653,[.00
A2C_25000_bzip2__instcount_512,11000,13774,1.1696,2.08,0.080928,[.00
A2C_25000_bzip2__instcount_512,11000,13831,1.1652,2.07,0.082713,[.00
A2C_25000_bzip2__instcount_512,11000,16447,0.9608,1.74,0.08394,[.00
A2C_25000_bzip2__instcount_512,11000,13974,1.1540,2.05,0.087033,[.00
A2C_25000_bzip2__instcount_512,11000,13785,1.1688,2.08,0.086699,[.00
A2C_25000_bzip2__instcount_512,11000,13838,1.1646,2.07,0.080804,[.00
A2C_25000_bzip2__instcount_512,12000,28767,-0.0014,0.99,0.052143,[.00
A2C_25000_bzip2__instcount_512,12000,28767,-0.0014,0.99,0.051822,[.00
A2C_25000_bzip2__instcount_512,12000,28767,-0.0014,0.99,0.05133,[.00
A2C_25000_bzip2__instcount_512,12000,28767,-0.0014,0.99,0.051323,[.00
A2C_25000_bzip2__instcount_512,12000,28767,-0.0014,0.99,0.050828,[.00
A2C_25000_bzip2__instcount_512,12000,28767,-0.0014,0.99,0.051421,[.00
A2C_25000_bzip2__instcount_512,12000,28767,-0.0014,0.99,0.051715,[.00
A2C_25000_bzip2__instcount_512,12000,28767,-0.0014,0.99,0.051891,[.00
A2C_25000_bzip2__instcount_512,12000,28767,-0.0014,0.99,0.053004,[.00
A2C_25000_bzip2__instcount_512,12000,28767,-0.0014,0.99,0.052178,[.00
A2C_25000_bzip2__instcount_512,12000,28767,-0.0014,0.99,0.051105,[.00
A2C_25000_bzip2__instcount_512,12000,28767,-0.0014,0.99,0.05181,[.00
A2C_25000_bzip2__instcount_512,12000,28767,-0.0014,0.99,0.053202,[.00
A2C_25000_bzip2__instcount_512,12000,28767,-0.0014,0.99,0.052476,[.00
A2C_25000_bzip2__instcount_512,12000,28767,-0.0014,0.99,0.052019,[.00
A2C_25000_bzip2__instcount_512,12000,28767,-0.0014,0.99,0.053038,[.00
A2C_25000_bzip2__instcount_512,12000,28767,-0.0014,0.99,0.051279,[.00
A2C_25000_bzip2__instcount_512,12000,28767,-0.0014,0.99,0.051041,[.00
A2C_25000_bzip2__instcount_512,12000,28767,-0.0014,0.99,0.052123,[.00
A2C_25000_bzip2__instcount_512,12000,28767,-0.0014,0.99,0.053436,[.00
A2C_25000_bzip2__instcount_512,12000,28767,-0.0014,0.99,0.053146,[.00
A2C_25000_bzip2__instcount_512,12000,28767,-0.0014,0.99,0.053114,[.00
A2C_25000_bzip2__instcount_512,12000,28767,-0.0014,0.99,0.051419,[.00
A2C_25000_bzip2__instcount_512,12000,28767,-0.0014,0.99,0.0534,[.00
A2C_25000_bzip2__instcount_512,12000,28767,-0.0014,0.99,0.051883,[.00
A2C_25000_bzip2__instcount_512,12000,28767,-0.0014,0.99,0.04959,[.00
A2C_25000_bzip2__instcount_512,12000,28767,-0.0014,0.99,0.050548,[.00
A2C_25000_bzip2__instcount_512,12000,28767,-0.0014,0.99,0.050767,[.00
A2C_25000_bzip2__instcount_512,12000,28767,-0.0014,0.99,0.051247,[.00
A2C_25000_bzip2__instcount_512,12000,28767,-0.0014,0.99,0.056671,[.00
A2C_25000_bzip2__instcount_512,12000,28767,-0.0014,0.99,0.053446,[.00
A2C_25000_bzip2__instcount_512,12000,28767,-0.0014,0.99,0.050727,[.00
A2C_25000_bzip2__instcount_512,12000,28767,-0.0014,0.99,0.050174,[.00
A2C_25000_bzip2__instcount_512,12000,28767,-0.0014,0.99,0.052075,[.00
A2C_25000_bzip2__instcount_512,12000,28767,-0.0014,0.99,0.0522,[.00
A2C_25000_bzip2__instcount_512,12000,28767,-0.0014,0.99,0.051248,[.00
A2C_25000_bzip2__instcount_512,12000,28767,-0.0014,0.99,0.051576,[.00
A2C_25000_bzip2__instcount_512,12000,28767,-0.0014,0.99,0.050404,[.00
A2C_25000_bzip2__instcount_512,12000,28767,-0.0014,0.99,0.05074,[.00
A2C_25000_bzip2__instcount_512,12000,28767,-0.0014,0.99,0.055466,[.00
A2C_25000_bzip2__instcount_512,12000,28767,-0.0014,0.99,0.050954,[.00
A2C_25000_bzip2__instcount_512,12000,28767,-0.0014,0.99,0.052198,[.00
A2C_25000_bzip2__instcount_512,12000,28767,-0.0014,0.99,0.051826,[.00
A2C_25000_bzip2__instcount_512,12000,28767,-0.0014,0.99,0.049893,[.00
A2C_25000_bzip2__instcount_512,12000,28767,-0.0014,0.99,0.058407,[.00
A2C_25000_bzip2__instcount_512,12000,28767,-0.0014,0.99,0.049725,[.00
A2C_25000_bzip2__instcount_512,12000,28767,-0.0014,0.99,0.067459,[.00
A2C_25000_bzip2__instcount_512,12000,28767,-0.0014,0.99,0.050076,[.00
A2C_25000_bzip2__instcount_512,12000,28767,-0.0014,0.99,0.050144,[.00
A2C_25000_bzip2__instcount_512,12000,28767,-0.0014,0.99,0.050985,[.00
A2C_25000_bzip2__instcount_512,12000,28748,0.0000,1.00,0.049646,[.00
A2C_25000_bzip2__instcount_512,12000,28767,-0.0014,0.99,0.049866,[.00
A2C_25000_bzip2__instcount_512,12000,28767,-0.0014,0.99,0.050306,[.00
A2C_25000_bzip2__instcount_512,12000,28767,-0.0014,0.99,0.049217,[.00
A2C_25000_bzip2__instcount_512,12000,28767,-0.0014,0.99,0.050422,[.00
A2C_25000_bzip2__instcount_512,12000,28767,-0.0014,0.99,0.049333,[.00
A2C_25000_bzip2__instcount_512,12000,28767,-0.0014,0.99,0.049469,[.00
A2C_25000_bzip2__instcount_512,12000,28767,-0.0014,0.99,0.050552,[.00
A2C_25000_bzip2__instcount_512,12000,28767,-0.0014,0.99,0.048929,[.00
A2C_25000_bzip2__instcount_512,12000,28751,-0.0002,0.99,0.050518,[.00
A2C_25000_bzip2__instcount_512,12000,28767,-0.0014,0.99,0.051613,[.00
A2C_25000_bzip2__instcount_512,12000,28767,-0.0014,0.99,0.049228,[.00
A2C_25000_bzip2__instcount_512,12000,28767,-0.0014,0.99,0.049939,[.00
A2C_25000_bzip2__instcount_512,12000,28767,-0.0014,0.99,0.051725,[.00
A2C_25000_bzip2__instcount_512,12000,28767,-0.0014,0.99,0.04973,[.00
A2C_25000_bzip2__instcount_512,12000,28767,-0.0014,0.99,0.050039,[.00
A2C_25000_bzip2__instcount_512,12000,28767,-0.0014,0.99,0.051489,[.00
A2C_25000_bzip2__instcount_512,12000,28767,-0.0014,0.99,0.0509,[.00
A2C_25000_bzip2__instcount_512,12000,28767,-0.0014,0.99,0.051343,[.00
A2C_25000_bzip2__instcount_512,12000,28767,-0.0014,0.99,0.049519,[.00
A2C_25000_bzip2__instcount_512,12000,28767,-0.0014,0.99,0.051387,[.00
A2C_25000_bzip2__instcount_512,12000,28767,-0.0014,0.99,0.05045,[.00
A2C_25000_bzip2__instcount_512,12000,28767,-0.0014,0.99,0.048863,[.00
A2C_25000_bzip2__instcount_512,12000,28767,-0.0014,0.99,0.050912,[.00
A2C_25000_bzip2__instcount_512,12000,28767,-0.0014,0.99,0.05053,[.00
A2C_25000_bzip2__instcount_512,12000,28767,-0.0014,0.99,0.049885,[.00
A2C_25000_bzip2__instcount_512,12000,28767,-0.0014,0.99,0.05104,[.00
A2C_25000_bzip2__instcount_512,12000,28767,-0.0014,0.99,0.049739,[.00
A2C_25000_bzip2__instcount_512,12000,28767,-0.0014,0.99,0.050739,[.00
A2C_25000_bzip2__instcount_512,12000,28767,-0.0014,0.99,0.050694,[.00
A2C_25000_bzip2__instcount_512,12000,28767,-0.0014,0.99,0.05057,[.00
A2C_25000_bzip2__instcount_512,12000,28764,-0.0012,0.99,0.049357,[.00
A2C_25000_bzip2__instcount_512,12000,28767,-0.0014,0.99,0.050361,[.00
A2C_25000_bzip2__instcount_512,12000,28767,-0.0014,0.99,0.04978,[.00
A2C_25000_bzip2__instcount_512,12000,28767,-0.0014,0.99,0.049101,[.00
A2C_25000_bzip2__instcount_512,12000,28767,-0.0014,0.99,0.050164,[.00
A2C_25000_bzip2__instcount_512,12000,28767,-0.0014,0.99,0.049368,[.00
A2C_25000_bzip2__instcount_512,12000,28767,-0.0014,0.99,0.050889,[.00
A2C_25000_bzip2__instcount_512,12000,28767,-0.0014,0.99,0.052044,[.00
A2C_25000_bzip2__instcount_512,12000,28767,-0.0014,0.99,0.049944,[.00
A2C_25000_bzip2__instcount_512,12000,28767,-0.0014,0.99,0.049866,[.00
A2C_25000_bzip2__instcount_512,12000,28767,-0.0014,0.99,0.049395,[.00
A2C_25000_bzip2__instcount_512,12000,28767,-0.0014,0.99,0.050198,[.00
A2C_25000_bzip2__instcount_512,12000,28767,-0.0014,0.99,0.051406,[.00
A2C_25000_bzip2__instcount_512,12000,28767,-0.0014,0.99,0.051385,[.00
A2C_25000_bzip2__instcount_512,12000,28767,-0.0014,0.99,0.051188,[.00
A2C_25000_bzip2__instcount_512,12000,28767,-0.0014,0.99,0.050166,[.00
A2C_25000_bzip2__instcount_512,12000,28767,-0.0014,0.99,0.051501,[.00
A2C_25000_bzip2__instcount_512,12000,28767,-0.0014,0.99,0.051938,[.00
A2C_25000_bzip2__instcount_512,12000,28767,-0.0014,0.99,0.051906,[.00
A2C_25000_bzip2__instcount_512,13000,13682,1.1768,2.10,0.083883,[.00
A2C_25000_bzip2__instcount_512,13000,14360,1.1238,2.00,0.082818,[.00
A2C_25000_bzip2__instcount_512,13000,14330,1.1262,2.00,0.08309,[.00
A2C_25000_bzip2__instcount_512,13000,14068,1.1466,2.04,0.081087,[.00
A2C_25000_bzip2__instcount_512,13000,14393,1.1213,1.99,0.080985,[.00
A2C_25000_bzip2__instcount_512,13000,13744,1.1720,2.09,0.082836,[.00
A2C_25000_bzip2__instcount_512,13000,13682,1.1768,2.10,0.085007,[.00
A2C_25000_bzip2__instcount_512,13000,13743,1.1720,2.09,0.08198,[.00
A2C_25000_bzip2__instcount_512,13000,13784,1.1688,2.08,0.083952,[.00
A2C_25000_bzip2__instcount_512,13000,13707,1.1748,2.09,0.082355,[.00
A2C_25000_bzip2__instcount_512,13000,13687,1.1764,2.10,0.083421,[.00
A2C_25000_bzip2__instcount_512,13000,13790,1.1684,2.08,0.080752,[.00
A2C_25000_bzip2__instcount_512,13000,14382,1.1221,1.99,0.082356,[.00
A2C_25000_bzip2__instcount_512,13000,13691,1.1761,2.09,0.083708,[.00
A2C_25000_bzip2__instcount_512,13000,13685,1.1766,2.10,0.084653,[.00
A2C_25000_bzip2__instcount_512,13000,13746,1.1718,2.09,0.082385,[.00
A2C_25000_bzip2__instcount_512,13000,13775,1.1695,2.08,0.080336,[.00
A2C_25000_bzip2__instcount_512,13000,13712,1.1745,2.09,0.081782,[.00
A2C_25000_bzip2__instcount_512,13000,13731,1.1730,2.09,0.079629,[.00
A2C_25000_bzip2__instcount_512,13000,13743,1.1720,2.09,0.08201,[.00
A2C_25000_bzip2__instcount_512,13000,13721,1.1738,2.09,0.0795,[.00
A2C_25000_bzip2__instcount_512,13000,13731,1.1730,2.09,0.078731,[.00
A2C_25000_bzip2__instcount_512,13000,13682,1.1768,2.10,0.082307,[.00
A2C_25000_bzip2__instcount_512,13000,13734,1.1727,2.09,0.084357,[.00
A2C_25000_bzip2__instcount_512,13000,13785,1.1688,2.08,0.082093,[.00
A2C_25000_bzip2__instcount_512,13000,13690,1.1762,2.09,0.084814,[.00
A2C_25000_bzip2__instcount_512,13000,13745,1.1719,2.09,0.082732,[.00
A2C_25000_bzip2__instcount_512,13000,13712,1.1745,2.09,0.078971,[.00
A2C_25000_bzip2__instcount_512,13000,13804,1.1673,2.08,0.086949,[.00
A2C_25000_bzip2__instcount_512,13000,13787,1.1686,2.08,0.082419,[.00
A2C_25000_bzip2__instcount_512,13000,13689,1.1763,2.10,0.084159,[.00
A2C_25000_bzip2__instcount_512,13000,13687,1.1764,2.10,0.08116,[.00
A2C_25000_bzip2__instcount_512,13000,14308,1.1279,2.00,0.08085,[.00
A2C_25000_bzip2__instcount_512,13000,14901,1.0816,1.92,0.080451,[.00
A2C_25000_bzip2__instcount_512,13000,14394,1.1212,1.99,0.080388,[.00
A2C_25000_bzip2__instcount_512,13000,14304,1.1282,2.00,0.079954,[.00
A2C_25000_bzip2__instcount_512,13000,13700,1.1754,2.09,0.083522,[.00
A2C_25000_bzip2__instcount_512,13000,13710,1.1746,2.09,0.081321,[.00
A2C_25000_bzip2__instcount_512,13000,13438,1.1959,2.13,0.081498,[.00
A2C_25000_bzip2__instcount_512,13000,13740,1.1723,2.09,0.082073,[.00
A2C_25000_bzip2__instcount_512,13000,13710,1.1746,2.09,0.081545,[.00
A2C_25000_bzip2__instcount_512,13000,13814,1.1665,2.08,0.083285,[.00
A2C_25000_bzip2__instcount_512,13000,13712,1.1745,2.09,0.080467,[.00
A2C_25000_bzip2__instcount_512,13000,14381,1.1222,1.99,0.080221,[.00
A2C_25000_bzip2__instcount_512,13000,13743,1.1720,2.09,0.084677,[.00
A2C_25000_bzip2__instcount_512,13000,13752,1.1713,2.09,0.080748,[.00
A2C_25000_bzip2__instcount_512,13000,14415,1.1195,1.99,0.083109,[.00
A2C_25000_bzip2__instcount_512,13000,13732,1.1729,2.09,0.085072,[.00
A2C_25000_bzip2__instcount_512,13000,13975,1.1539,2.05,0.073694,[.00
A2C_25000_bzip2__instcount_512,13000,13707,1.1748,2.09,0.082247,[.00
A2C_25000_bzip2__instcount_512,13000,14332,1.1260,2.00,0.082759,[.00
A2C_25000_bzip2__instcount_512,13000,13762,1.1705,2.08,0.081169,[.00
A2C_25000_bzip2__instcount_512,13000,14391,1.1214,1.99,0.082391,[.00
A2C_25000_bzip2__instcount_512,13000,13682,1.1768,2.10,0.079795,[.00
A2C_25000_bzip2__instcount_512,13000,13707,1.1748,2.09,0.079777,[.00
A2C_25000_bzip2__instcount_512,13000,13708,1.1748,2.09,0.084678,[.00
A2C_25000_bzip2__instcount_512,13000,14384,1.1220,1.99,0.081974,[.00
A2C_25000_bzip2__instcount_512,13000,13773,1.1697,2.08,0.087861,[.00
A2C_25000_bzip2__instcount_512,13000,14333,1.1259,2.00,0.084368,[.00
A2C_25000_bzip2__instcount_512,13000,14382,1.1221,1.99,0.082803,[.00
A2C_25000_bzip2__instcount_512,13000,13729,1.1731,2.09,0.081286,[.00
A2C_25000_bzip2__instcount_512,13000,13746,1.1718,2.09,0.084886,[.00
A2C_25000_bzip2__instcount_512,13000,13743,1.1720,2.09,0.080901,[.00
A2C_25000_bzip2__instcount_512,13000,13712,1.1745,2.09,0.081515,[.00
A2C_25000_bzip2__instcount_512,13000,14387,1.1217,1.99,0.083422,[.00
A2C_25000_bzip2__instcount_512,13000,13742,1.1721,2.09,0.083283,[.00
A2C_25000_bzip2__instcount_512,13000,13738,1.1724,2.09,0.081032,[.00
A2C_25000_bzip2__instcount_512,13000,14304,1.1282,2.00,0.079849,[.00
A2C_25000_bzip2__instcount_512,13000,13777,1.1694,2.08,0.080554,[.00
A2C_25000_bzip2__instcount_512,13000,13712,1.1745,2.09,0.080501,[.00
A2C_25000_bzip2__instcount_512,13000,13682,1.1768,2.10,0.080352,[.00
A2C_25000_bzip2__instcount_512,13000,14148,1.1404,2.03,0.086574,[.00
A2C_25000_bzip2__instcount_512,13000,13916,1.1585,2.06,0.081402,[.00
A2C_25000_bzip2__instcount_512,13000,14386,1.1218,1.99,0.078392,[.00
A2C_25000_bzip2__instcount_512,13000,13823,1.1658,2.07,0.081726,[.00
A2C_25000_bzip2__instcount_512,13000,14304,1.1282,2.00,0.080721,[.00
A2C_25000_bzip2__instcount_512,13000,13731,1.1730,2.09,0.08209,[.00
A2C_25000_bzip2__instcount_512,13000,13797,1.1678,2.08,0.08055,[.00
A2C_25000_bzip2__instcount_512,13000,14335,1.1258,2.00,0.084582,[.00
A2C_25000_bzip2__instcount_512,13000,13713,1.1744,2.09,0.081415,[.00
A2C_25000_bzip2__instcount_512,13000,14382,1.1221,1.99,0.08097,[.00
A2C_25000_bzip2__instcount_512,13000,14389,1.1216,1.99,0.076871,[.00
A2C_25000_bzip2__instcount_512,13000,13734,1.1727,2.09,0.079017,[.00
A2C_25000_bzip2__instcount_512,13000,14335,1.1258,2.00,0.081245,[.00
A2C_25000_bzip2__instcount_512,13000,13732,1.1729,2.09,0.082108,[.00
A2C_25000_bzip2__instcount_512,13000,13756,1.1710,2.08,0.081335,[.00
A2C_25000_bzip2__instcount_512,13000,13740,1.1723,2.09,0.082155,[.00
A2C_25000_bzip2__instcount_512,13000,13738,1.1724,2.09,0.079755,[.00
A2C_25000_bzip2__instcount_512,13000,13734,1.1727,2.09,0.082067,[.00
A2C_25000_bzip2__instcount_512,13000,13776,1.1695,2.08,0.087724,[.00
A2C_25000_bzip2__instcount_512,13000,13763,1.1705,2.08,0.094092,[.00
A2C_25000_bzip2__instcount_512,13000,13712,1.1745,2.09,0.08324,[.00
A2C_25000_bzip2__instcount_512,13000,13793,1.1681,2.08,0.081028,[.00
A2C_25000_bzip2__instcount_512,13000,13682,1.1768,2.10,0.083014,[.00
A2C_25000_bzip2__instcount_512,13000,13786,1.1687,2.08,0.07908,[.00
A2C_25000_bzip2__instcount_512,13000,13712,1.1745,2.09,0.081415,[.00
A2C_25000_bzip2__instcount_512,13000,13758,1.1709,2.08,0.084338,[.00
A2C_25000_bzip2__instcount_512,13000,13767,1.1702,2.08,0.083055,[.00
A2C_25000_bzip2__instcount_512,13000,13722,1.1737,2.09,0.084909,[.00
A2C_25000_bzip2__instcount_512,13000,14341,1.1253,2.00,0.080679,[.00
A2C_25000_bzip2__instcount_512,14000,13791,1.1683,2.08,0.084224,[.00
A2C_25000_bzip2__instcount_512,14000,13760,1.1707,2.08,0.078952,[.00
A2C_25000_bzip2__instcount_512,14000,13787,1.1686,2.08,0.091183,[.00
A2C_25000_bzip2__instcount_512,14000,13847,1.1639,2.07,0.084188,[.00
A2C_25000_bzip2__instcount_512,14000,13978,1.1537,2.05,0.082564,[.00
A2C_25000_bzip2__instcount_512,14000,13794,1.1680,2.08,0.087539,[.00
A2C_25000_bzip2__instcount_512,14000,13787,1.1686,2.08,0.081169,[.00
A2C_25000_bzip2__instcount_512,14000,13735,1.1727,2.09,0.08635,[.00
A2C_25000_bzip2__instcount_512,14000,13853,1.1634,2.07,0.085251,[.00
A2C_25000_bzip2__instcount_512,14000,13847,1.1639,2.07,0.082708,[.00
A2C_25000_bzip2__instcount_512,14000,13687,1.1764,2.10,0.083028,[.00
A2C_25000_bzip2__instcount_512,14000,13786,1.1687,2.08,0.083178,[.00
A2C_25000_bzip2__instcount_512,14000,13744,1.1720,2.09,0.082509,[.00
A2C_25000_bzip2__instcount_512,14000,13853,1.1634,2.07,0.087246,[.00
A2C_25000_bzip2__instcount_512,14000,13681,1.1769,2.10,0.082956,[.00
A2C_25000_bzip2__instcount_512,14000,13749,1.1716,2.09,0.081545,[.00
A2C_25000_bzip2__instcount_512,14000,13699,1.1755,2.09,0.080085,[.00
A2C_25000_bzip2__instcount_512,14000,13706,1.1749,2.09,0.086183,[.00
A2C_25000_bzip2__instcount_512,14000,13848,1.1638,2.07,0.082147,[.00
A2C_25000_bzip2__instcount_512,14000,13738,1.1724,2.09,0.082451,[.00
A2C_25000_bzip2__instcount_512,14000,13738,1.1724,2.09,0.086377,[.00
A2C_25000_bzip2__instcount_512,14000,13693,1.1759,2.09,0.092322,[.00
A2C_25000_bzip2__instcount_512,14000,13718,1.1740,2.09,0.081879,[.00
A2C_25000_bzip2__instcount_512,14000,13854,1.1634,2.07,0.083772,[.00
A2C_25000_bzip2__instcount_512,14000,13794,1.1680,2.08,0.094018,[.00
A2C_25000_bzip2__instcount_512,14000,13787,1.1686,2.08,0.081917,[.00
A2C_25000_bzip2__instcount_512,14000,13786,1.1687,2.08,0.081189,[.00
A2C_25000_bzip2__instcount_512,14000,13863,1.1627,2.07,0.083857,[.00
A2C_25000_bzip2__instcount_512,14000,13787,1.1686,2.08,0.084315,[.00
A2C_25000_bzip2__instcount_512,14000,15156,1.0617,1.89,0.076175,[.00
A2C_25000_bzip2__instcount_512,14000,13688,1.1763,2.10,0.086738,[.00
A2C_25000_bzip2__instcount_512,14000,13740,1.1723,2.09,0.081909,[.00
A2C_25000_bzip2__instcount_512,14000,13787,1.1686,2.08,0.083715,[.00
A2C_25000_bzip2__instcount_512,14000,13739,1.1723,2.09,0.08182,[.00
A2C_25000_bzip2__instcount_512,14000,14214,1.1352,2.02,0.083508,[.00
A2C_25000_bzip2__instcount_512,14000,13788,1.1685,2.08,0.082746,[.00
A2C_25000_bzip2__instcount_512,14000,13787,1.1686,2.08,0.084501,[.00
A2C_25000_bzip2__instcount_512,14000,13787,1.1686,2.08,0.085446,[.00
A2C_25000_bzip2__instcount_512,14000,13779,1.1692,2.08,0.085056,[.00
A2C_25000_bzip2__instcount_512,14000,13743,1.1720,2.09,0.084526,[.00
A2C_25000_bzip2__instcount_512,14000,13848,1.1638,2.07,0.08414,[.00
A2C_25000_bzip2__instcount_512,14000,13739,1.1723,2.09,0.082481,[.00
A2C_25000_bzip2__instcount_512,14000,13838,1.1646,2.07,0.085723,[.00
A2C_25000_bzip2__instcount_512,14000,13750,1.1715,2.09,0.079485,[.00
A2C_25000_bzip2__instcount_512,14000,13790,1.1684,2.08,0.084771,[.00
A2C_25000_bzip2__instcount_512,14000,13847,1.1639,2.07,0.082495,[.00
A2C_25000_bzip2__instcount_512,14000,13792,1.1682,2.08,0.081714,[.00
A2C_25000_bzip2__instcount_512,14000,13803,1.1673,2.08,0.086343,[.00
A2C_25000_bzip2__instcount_512,14000,13800,1.1676,2.08,0.087867,[.00
A2C_25000_bzip2__instcount_512,14000,14822,1.0877,1.93,0.084976,[.00
A2C_25000_bzip2__instcount_512,14000,13812,1.1666,2.08,0.084349,[.00
A2C_25000_bzip2__instcount_512,14000,14029,1.1497,2.04,0.069689,[.00
A2C_25000_bzip2__instcount_512,14000,13738,1.1724,2.09,0.081065,[.00
A2C_25000_bzip2__instcount_512,14000,13797,1.1678,2.08,0.087673,[.00
A2C_25000_bzip2__instcount_512,14000,13782,1.1690,2.08,0.081454,[.00
A2C_25000_bzip2__instcount_512,14000,13786,1.1687,2.08,0.085616,[.00
A2C_25000_bzip2__instcount_512,14000,13856,1.1632,2.07,0.082266,[.00
A2C_25000_bzip2__instcount_512,14000,13758,1.1709,2.08,0.084637,[.00
A2C_25000_bzip2__instcount_512,14000,13707,1.1748,2.09,0.091388,[.00
A2C_25000_bzip2__instcount_512,14000,13795,1.1680,2.08,0.087067,[.00
A2C_25000_bzip2__instcount_512,14000,13853,1.1634,2.07,0.083887,[.00
A2C_25000_bzip2__instcount_512,14000,13858,1.1630,2.07,0.083463,[.00
A2C_25000_bzip2__instcount_512,14000,15144,1.0626,1.89,0.068998,[.00
A2C_25000_bzip2__instcount_512,14000,13848,1.1638,2.07,0.082655,[.00
A2C_25000_bzip2__instcount_512,14000,13746,1.1718,2.09,0.080952,[.00
A2C_25000_bzip2__instcount_512,14000,13852,1.1635,2.07,0.085281,[.00
A2C_25000_bzip2__instcount_512,14000,13688,1.1763,2.10,0.081975,[.00
A2C_25000_bzip2__instcount_512,14000,13804,1.1673,2.08,0.085337,[.00
A2C_25000_bzip2__instcount_512,14000,13819,1.1661,2.08,0.087298,[.00
A2C_25000_bzip2__instcount_512,14000,13731,1.1730,2.09,0.079369,[.00
A2C_25000_bzip2__instcount_512,14000,13687,1.1764,2.10,0.08569,[.00
A2C_25000_bzip2__instcount_512,14000,13718,1.1740,2.09,0.085566,[.00
A2C_25000_bzip2__instcount_512,14000,13738,1.1724,2.09,0.089237,[.00
A2C_25000_bzip2__instcount_512,14000,13678,1.1771,2.10,0.07926,[.00
A2C_25000_bzip2__instcount_512,14000,13790,1.1684,2.08,0.085675,[.00
A2C_25000_bzip2__instcount_512,14000,13791,1.1683,2.08,0.083963,[.00
A2C_25000_bzip2__instcount_512,14000,13860,1.1629,2.07,0.08952,[.00
A2C_25000_bzip2__instcount_512,14000,13688,1.1763,2.10,0.083513,[.00
A2C_25000_bzip2__instcount_512,14000,13859,1.1630,2.07,0.084581,[.00
A2C_25000_bzip2__instcount_512,14000,13859,1.1630,2.07,0.083375,[.00
A2C_25000_bzip2__instcount_512,14000,13695,1.1758,2.09,0.078594,[.00
A2C_25000_bzip2__instcount_512,14000,13739,1.1723,2.09,0.083232,[.00
A2C_25000_bzip2__instcount_512,14000,13800,1.1676,2.08,0.083037,[.00
A2C_25000_bzip2__instcount_512,14000,13738,1.1724,2.09,0.081888,[.00
A2C_25000_bzip2__instcount_512,14000,13688,1.1763,2.10,0.082445,[.00
A2C_25000_bzip2__instcount_512,14000,13797,1.1678,2.08,0.085603,[.00
A2C_25000_bzip2__instcount_512,14000,14136,1.1413,2.03,0.069049,[.00
A2C_25000_bzip2__instcount_512,14000,14091,1.1448,2.04,0.065703,[.00
A2C_25000_bzip2__instcount_512,14000,13687,1.1764,2.10,0.084696,[.00
A2C_25000_bzip2__instcount_512,14000,13857,1.1631,2.07,0.081998,[.00
A2C_25000_bzip2__instcount_512,14000,13787,1.1686,2.08,0.083388,[.00
A2C_25000_bzip2__instcount_512,14000,13710,1.1746,2.09,0.082207,[.00
A2C_25000_bzip2__instcount_512,14000,13738,1.1724,2.09,0.081535,[.00
A2C_25000_bzip2__instcount_512,14000,13853,1.1634,2.07,0.082903,[.00
A2C_25000_bzip2__instcount_512,14000,13800,1.1676,2.08,0.083084,[.00
A2C_25000_bzip2__instcount_512,14000,13782,1.1690,2.08,0.083153,[.00
A2C_25000_bzip2__instcount_512,14000,13739,1.1723,2.09,0.080326,[.00
A2C_25000_bzip2__instcount_512,14000,13760,1.1707,2.08,0.080148,[.00
A2C_25000_bzip2__instcount_512,14000,13783,1.1689,2.08,0.081882,[.00
A2C_25000_bzip2__instcount_512,14000,13783,1.1689,2.08,0.084619,[.00
A2C_25000_bzip2__instcount_512,15000,13733,1.1728,2.09,0.08361,[.00
A2C_25000_bzip2__instcount_512,15000,13851,1.1636,2.07,0.085257,[.00
A2C_25000_bzip2__instcount_512,15000,13731,1.1730,2.09,0.077887,[.00
A2C_25000_bzip2__instcount_512,15000,16601,0.9488,1.73,0.046328,[.00
A2C_25000_bzip2__instcount_512,15000,13884,1.1610,2.07,0.078174,[.00
A2C_25000_bzip2__instcount_512,15000,13891,1.1605,2.06,0.083199,[.00
A2C_25000_bzip2__instcount_512,15000,13746,1.1718,2.09,0.080816,[.00
A2C_25000_bzip2__instcount_512,15000,14323,1.1267,2.00,0.082532,[.00
A2C_25000_bzip2__instcount_512,15000,16356,0.9679,1.75,0.045061,[.00
A2C_25000_bzip2__instcount_512,15000,13885,1.1609,2.07,0.083077,[.00
A2C_25000_bzip2__instcount_512,15000,13781,1.1691,2.08,0.08369,[.00
A2C_25000_bzip2__instcount_512,15000,19679,0.7084,1.46,0.046947,[.00
A2C_25000_bzip2__instcount_512,15000,13690,1.1762,2.09,0.082262,[.00
A2C_25000_bzip2__instcount_512,15000,16330,0.9700,1.76,0.04516,[.00
A2C_25000_bzip2__instcount_512,15000,13785,1.1688,2.08,0.082908,[.00
A2C_25000_bzip2__instcount_512,15000,13710,1.1746,2.09,0.084746,[.00
A2C_25000_bzip2__instcount_512,15000,14324,1.1266,2.00,0.081218,[.00
A2C_25000_bzip2__instcount_512,15000,13689,1.1763,2.10,0.079897,[.00
A2C_25000_bzip2__instcount_512,15000,13794,1.1680,2.08,0.083488,[.00
A2C_25000_bzip2__instcount_512,15000,13785,1.1688,2.08,0.087887,[.00
A2C_25000_bzip2__instcount_512,15000,16370,0.9668,1.75,0.044435,[.00
A2C_25000_bzip2__instcount_512,15000,16304,0.9720,1.76,0.048768,[.00
A2C_25000_bzip2__instcount_512,15000,13757,1.1709,2.08,0.080685,[.00
A2C_25000_bzip2__instcount_512,15000,13736,1.1726,2.09,0.07875,[.00
A2C_25000_bzip2__instcount_512,15000,13740,1.1723,2.09,0.079944,[.00
A2C_25000_bzip2__instcount_512,15000,19679,0.7084,1.46,0.045856,[.00
A2C_25000_bzip2__instcount_512,15000,13880,1.1613,2.07,0.079193,[.00
A2C_25000_bzip2__instcount_512,15000,13707,1.1748,2.09,0.079038,[.00
A2C_25000_bzip2__instcount_512,15000,16324,0.9704,1.76,0.047755,[.00
A2C_25000_bzip2__instcount_512,15000,13781,1.1691,2.08,0.084072,[.00
A2C_25000_bzip2__instcount_512,15000,14324,1.1266,2.00,0.079051,[.00
A2C_25000_bzip2__instcount_512,15000,13731,1.1730,2.09,0.078338,[.00
A2C_25000_bzip2__instcount_512,15000,13787,1.1686,2.08,0.082682,[.00
A2C_25000_bzip2__instcount_512,15000,13742,1.1721,2.09,0.084524,[.00
A2C_25000_bzip2__instcount_512,15000,13923,1.1580,2.06,0.082623,[.00
A2C_25000_bzip2__instcount_512,15000,13789,1.1684,2.08,0.081672,[.00
A2C_25000_bzip2__instcount_512,15000,13915,1.1586,2.06,0.084553,[.00
A2C_25000_bzip2__instcount_512,15000,13739,1.1723,2.09,0.082456,[.00
A2C_25000_bzip2__instcount_512,15000,13684,1.1766,2.10,0.082023,[.00
A2C_25000_bzip2__instcount_512,15000,14014,1.1509,2.05,0.076206,[.00
A2C_25000_bzip2__instcount_512,15000,14326,1.1265,2.00,0.08197,[.00
A2C_25000_bzip2__instcount_512,15000,14304,1.1282,2.00,0.078481,[.00
A2C_25000_bzip2__instcount_512,15000,13761,1.1706,2.08,0.080909,[.00
A2C_25000_bzip2__instcount_512,15000,13932,1.1573,2.06,0.081028,[.00
A2C_25000_bzip2__instcount_512,15000,13733,1.1728,2.09,0.07884,[.00
A2C_25000_bzip2__instcount_512,15000,14677,1.0991,1.95,0.079537,[.00
A2C_25000_bzip2__instcount_512,15000,13742,1.1721,2.09,0.078502,[.00
A2C_25000_bzip2__instcount_512,15000,16336,0.9695,1.75,0.044559,[.00
A2C_25000_bzip2__instcount_512,15000,14325,1.1266,2.00,0.080324,[.00
A2C_25000_bzip2__instcount_512,15000,16356,0.9679,1.75,0.045843,[.00
A2C_25000_bzip2__instcount_512,15000,14325,1.1266,2.00,0.081161,[.00
A2C_25000_bzip2__instcount_512,15000,13799,1.1677,2.08,0.095893,[.00
A2C_25000_bzip2__instcount_512,15000,16330,0.9700,1.76,0.046092,[.00
A2C_25000_bzip2__instcount_512,15000,13736,1.1726,2.09,0.080086,[.00
A2C_25000_bzip2__instcount_512,15000,13847,1.1639,2.07,0.082351,[.00
A2C_25000_bzip2__instcount_512,15000,14128,1.1420,2.03,0.067127,[.00
A2C_25000_bzip2__instcount_512,15000,13746,1.1718,2.09,0.080557,[.00
A2C_25000_bzip2__instcount_512,15000,13759,1.1708,2.08,0.080266,[.00
A2C_25000_bzip2__instcount_512,15000,13795,1.1680,2.08,0.082559,[.00
A2C_25000_bzip2__instcount_512,15000,14323,1.1267,2.00,0.081473,[.00
A2C_25000_bzip2__instcount_512,15000,13778,1.1693,2.08,0.079382,[.00
A2C_25000_bzip2__instcount_512,15000,13896,1.1601,2.06,0.081592,[.00
A2C_25000_bzip2__instcount_512,15000,13741,1.1722,2.09,0.080673,[.00
A2C_25000_bzip2__instcount_512,15000,13791,1.1683,2.08,0.085279,[.00
A2C_25000_bzip2__instcount_512,15000,13885,1.1609,2.07,0.091838,[.00
A2C_25000_bzip2__instcount_512,15000,13677,1.1772,2.10,0.079929,[.00
A2C_25000_bzip2__instcount_512,15000,16296,0.9726,1.76,0.045039,[.00
A2C_25000_bzip2__instcount_512,15000,13929,1.1575,2.06,0.081812,[.00
A2C_25000_bzip2__instcount_512,15000,13803,1.1673,2.08,0.08028,[.00
A2C_25000_bzip2__instcount_512,15000,13771,1.1698,2.08,0.081405,[.00
A2C_25000_bzip2__instcount_512,15000,13708,1.1748,2.09,0.078391,[.00
A2C_25000_bzip2__instcount_512,15000,16536,0.9539,1.73,0.04565,[.00
A2C_25000_bzip2__instcount_512,15000,13710,1.1746,2.09,0.081925,[.00
A2C_25000_bzip2__instcount_512,15000,13737,1.1725,2.09,0.079219,[.00
A2C_25000_bzip2__instcount_512,15000,13690,1.1762,2.09,0.08194,[.00
A2C_25000_bzip2__instcount_512,15000,13886,1.1609,2.07,0.083309,[.00
A2C_25000_bzip2__instcount_512,15000,16689,0.9419,1.72,0.047257,[.00
A2C_25000_bzip2__instcount_512,15000,13739,1.1723,2.09,0.082573,[.00
A2C_25000_bzip2__instcount_512,15000,13766,1.1702,2.08,0.08487,[.00
A2C_25000_bzip2__instcount_512,15000,16356,0.9679,1.75,0.045384,[.00
A2C_25000_bzip2__instcount_512,15000,13762,1.1705,2.08,0.078231,[.00
A2C_25000_bzip2__instcount_512,15000,14424,1.1188,1.99,0.072298,[.00
A2C_25000_bzip2__instcount_512,15000,13859,1.1630,2.07,0.083919,[.00
A2C_25000_bzip2__instcount_512,15000,13741,1.1722,2.09,0.079261,[.00
A2C_25000_bzip2__instcount_512,15000,13684,1.1766,2.10,0.085267,[.00
A2C_25000_bzip2__instcount_512,15000,16356,0.9679,1.75,0.049595,[.00
A2C_25000_bzip2__instcount_512,15000,13733,1.1728,2.09,0.085173,[.00
A2C_25000_bzip2__instcount_512,15000,13739,1.1723,2.09,0.079662,[.00
A2C_25000_bzip2__instcount_512,15000,13783,1.1689,2.08,0.081463,[.00
A2C_25000_bzip2__instcount_512,15000,13896,1.1601,2.06,0.079016,[.00
A2C_25000_bzip2__instcount_512,15000,13762,1.1705,2.08,0.084041,[.00
A2C_25000_bzip2__instcount_512,15000,13897,1.1600,2.06,0.079988,[.00
A2C_25000_bzip2__instcount_512,15000,13733,1.1728,2.09,0.083518,[.00
A2C_25000_bzip2__instcount_512,15000,16416,0.9632,1.75,0.045309,[.00
A2C_25000_bzip2__instcount_512,15000,13935,1.1570,2.06,0.080583,[.00
A2C_25000_bzip2__instcount_512,15000,13733,1.1728,2.09,0.078937,[.00
A2C_25000_bzip2__instcount_512,15000,16356,0.9679,1.75,0.043899,[.00
A2C_25000_bzip2__instcount_512,15000,13712,1.1745,2.09,0.07923,[.00
A2C_25000_bzip2__instcount_512,15000,13687,1.1764,2.10,0.084203,[.00
A2C_25000_bzip2__instcount_512,15000,13733,1.1728,2.09,0.082301,[.00
A2C_25000_bzip2__instcount_512,16000,13964,1.1548,2.05,0.089616,[.00
A2C_25000_bzip2__instcount_512,16000,17054,0.9134,1.68,0.045999,[.00
A2C_25000_bzip2__instcount_512,16000,17664,0.8658,1.62,0.047916,[.00
A2C_25000_bzip2__instcount_512,16000,15172,1.0604,1.89,0.066373,[.00
A2C_25000_bzip2__instcount_512,16000,17817,0.8538,1.61,0.046442,[.00
A2C_25000_bzip2__instcount_512,16000,16760,0.9364,1.71,0.045011,[.00
A2C_25000_bzip2__instcount_512,16000,18561,0.7957,1.54,0.045268,[.00
A2C_25000_bzip2__instcount_512,16000,14273,1.1306,2.01,0.086459,[.00
A2C_25000_bzip2__instcount_512,16000,14754,1.0931,1.94,0.087595,[.00
A2C_25000_bzip2__instcount_512,16000,24495,0.3322,1.17,0.046199,[.00
A2C_25000_bzip2__instcount_512,16000,14774,1.0915,1.94,0.081628,[.00
A2C_25000_bzip2__instcount_512,16000,24474,0.3338,1.17,0.048102,[.00
A2C_25000_bzip2__instcount_512,16000,16776,0.9351,1.71,0.04617,[.00
A2C_25000_bzip2__instcount_512,16000,16854,0.9290,1.70,0.04583,[.00
A2C_25000_bzip2__instcount_512,16000,15952,0.9995,1.80,0.071098,[.00
A2C_25000_bzip2__instcount_512,16000,18561,0.7957,1.54,0.04668,[.00
A2C_25000_bzip2__instcount_512,16000,16708,0.9404,1.72,0.048866,[.00
A2C_25000_bzip2__instcount_512,16000,17536,0.8758,1.63,0.048988,[.00
A2C_25000_bzip2__instcount_512,16000,16720,0.9395,1.71,0.046493,[.00
A2C_25000_bzip2__instcount_512,16000,17834,0.8525,1.61,0.048408,[.00
A2C_25000_bzip2__instcount_512,16000,13775,1.1695,2.08,0.084015,[.00
A2C_25000_bzip2__instcount_512,16000,16807,0.9327,1.71,0.046928,[.00
A2C_25000_bzip2__instcount_512,16000,15552,1.0307,1.84,0.073246,[.00
A2C_25000_bzip2__instcount_512,16000,14799,1.0895,1.94,0.077473,[.00
A2C_25000_bzip2__instcount_512,16000,13817,1.1663,2.08,0.084256,[.00
A2C_25000_bzip2__instcount_512,16000,16854,0.9290,1.70,0.050715,[.00
A2C_25000_bzip2__instcount_512,16000,15952,0.9995,1.80,0.068813,[.00
A2C_25000_bzip2__instcount_512,16000,14071,1.1464,2.04,0.087311,[.00
A2C_25000_bzip2__instcount_512,16000,14071,1.1464,2.04,0.075682,[.00
A2C_25000_bzip2__instcount_512,16000,25603,0.2456,1.12,0.04951,[.00
A2C_25000_bzip2__instcount_512,16000,15167,1.0608,1.89,0.069004,[.00
A2C_25000_bzip2__instcount_512,16000,15544,1.0314,1.84,0.074418,[.00
A2C_25000_bzip2__instcount_512,16000,17586,0.8718,1.63,0.044982,[.00
A2C_25000_bzip2__instcount_512,16000,16881,0.9269,1.70,0.050737,[.00
A2C_25000_bzip2__instcount_512,16000,13834,1.1649,2.07,0.085734,[.00
A2C_25000_bzip2__instcount_512,16000,15141,1.0628,1.89,0.071838,[.00
A2C_25000_bzip2__instcount_512,16000,25603,0.2456,1.12,0.04902,[.00
A2C_25000_bzip2__instcount_512,16000,13891,1.1605,2.06,0.090022,[.00
A2C_25000_bzip2__instcount_512,16000,16544,0.9532,1.73,0.04561,[.00
A2C_25000_bzip2__instcount_512,16000,17664,0.8658,1.62,0.046835,[.00
A2C_25000_bzip2__instcount_512,16000,14633,1.1025,1.96,0.069379,[.00
A2C_25000_bzip2__instcount_512,16000,17834,0.8525,1.61,0.046441,[.00
A2C_25000_bzip2__instcount_512,16000,14746,1.0937,1.94,0.090595,[.00
A2C_25000_bzip2__instcount_512,16000,17664,0.8658,1.62,0.045238,[.00
A2C_25000_bzip2__instcount_512,16000,14693,1.0978,1.95,0.080784,[.00
A2C_25000_bzip2__instcount_512,16000,13685,1.1766,2.10,0.086852,[.00
A2C_25000_bzip2__instcount_512,16000,15039,1.0708,1.91,0.077068,[.00
A2C_25000_bzip2__instcount_512,16000,16893,0.9260,1.70,0.047176,[.00
A2C_25000_bzip2__instcount_512,16000,15532,1.0323,1.85,0.071173,[.00
A2C_25000_bzip2__instcount_512,16000,13819,1.1661,2.08,0.08568,[.00
A2C_25000_bzip2__instcount_512,16000,15048,1.0701,1.91,0.072835,[.00
A2C_25000_bzip2__instcount_512,16000,17962,0.8425,1.60,0.046978,[.00
A2C_25000_bzip2__instcount_512,16000,15952,0.9995,1.80,0.077931,[.00
A2C_25000_bzip2__instcount_512,16000,15092,1.0667,1.90,0.06908,[.00
A2C_25000_bzip2__instcount_512,16000,15147,1.0624,1.89,0.070447,[.00
A2C_25000_bzip2__instcount_512,16000,13717,1.1741,2.09,0.083508,[.00
A2C_25000_bzip2__instcount_512,16000,17919,0.8458,1.60,0.067897,[.00
A2C_25000_bzip2__instcount_512,16000,17834,0.8525,1.61,0.046564,[.00
A2C_25000_bzip2__instcount_512,16000,16663,0.9439,1.72,0.045583,[.00
A2C_25000_bzip2__instcount_512,16000,16950,0.9215,1.69,0.048413,[.00
A2C_25000_bzip2__instcount_512,16000,15050,1.0699,1.91,0.070195,[.00
A2C_25000_bzip2__instcount_512,16000,13769,1.1700,2.08,0.106426,[.00
A2C_25000_bzip2__instcount_512,16000,17026,0.9156,1.68,0.04691,[.00
A2C_25000_bzip2__instcount_512,16000,15141,1.0628,1.89,0.071176,[.00
A2C_25000_bzip2__instcount_512,16000,13718,1.1740,2.09,0.084851,[.00
A2C_25000_bzip2__instcount_512,16000,15976,0.9976,1.79,0.06843,[.00
A2C_25000_bzip2__instcount_512,16000,14524,1.1110,1.97,0.069849,[.00
A2C_25000_bzip2__instcount_512,16000,17605,0.8704,1.63,0.045296,[.00
A2C_25000_bzip2__instcount_512,16000,17664,0.8658,1.62,0.044365,[.00
A2C_25000_bzip2__instcount_512,16000,15141,1.0628,1.89,0.069929,[.00
A2C_25000_bzip2__instcount_512,16000,14019,1.1505,2.05,0.087925,[.00
A2C_25000_bzip2__instcount_512,16000,17586,0.8718,1.63,0.050431,[.00
A2C_25000_bzip2__instcount_512,16000,13767,1.1702,2.08,0.082048,[.00
A2C_25000_bzip2__instcount_512,16000,13904,1.1595,2.06,0.082187,[.00
A2C_25000_bzip2__instcount_512,16000,15142,1.0628,1.89,0.075805,[.00
A2C_25000_bzip2__instcount_512,16000,15142,1.0628,1.89,0.069976,[.00
A2C_25000_bzip2__instcount_512,16000,17664,0.8658,1.62,0.045852,[.00
A2C_25000_bzip2__instcount_512,16000,15147,1.0624,1.89,0.070894,[.00
A2C_25000_bzip2__instcount_512,16000,17200,0.9020,1.67,0.046293,[.00
A2C_25000_bzip2__instcount_512,16000,16880,0.9270,1.70,0.04709,[.00
A2C_25000_bzip2__instcount_512,16000,24495,0.3322,1.17,0.047963,[.00
A2C_25000_bzip2__instcount_512,16000,17219,0.9005,1.66,0.067555,[.00
A2C_25000_bzip2__instcount_512,16000,15142,1.0628,1.89,0.068777,[.00
A2C_25000_bzip2__instcount_512,16000,15142,1.0628,1.89,0.075033,[.00
A2C_25000_bzip2__instcount_512,16000,15141,1.0628,1.89,0.07236,[.00
A2C_25000_bzip2__instcount_512,16000,18561,0.7957,1.54,0.046569,[.00
A2C_25000_bzip2__instcount_512,16000,14325,1.1266,2.00,0.085936,[.00
A2C_25000_bzip2__instcount_512,16000,16925,0.9235,1.69,0.045113,[.00
A2C_25000_bzip2__instcount_512,16000,15238,1.0553,1.88,0.066665,[.00
A2C_25000_bzip2__instcount_512,16000,14169,1.1388,2.02,0.0683,[.00
A2C_25000_bzip2__instcount_512,16000,17817,0.8538,1.61,0.049426,[.00
A2C_25000_bzip2__instcount_512,16000,17834,0.8525,1.61,0.046954,[.00
A2C_25000_bzip2__instcount_512,16000,16648,0.9451,1.72,0.046093,[.00
A2C_25000_bzip2__instcount_512,16000,14078,1.1459,2.04,0.080648,[.00
A2C_25000_bzip2__instcount_512,16000,16720,0.9395,1.71,0.045864,[.00
A2C_25000_bzip2__instcount_512,16000,17817,0.8538,1.61,0.047707,[.00
A2C_25000_bzip2__instcount_512,16000,14331,1.1261,2.00,0.085651,[.00
A2C_25000_bzip2__instcount_512,16000,15141,1.0628,1.89,0.070901,[.00
A2C_25000_bzip2__instcount_512,16000,17919,0.8458,1.60,0.067148,[.00
A2C_25000_bzip2__instcount_512,16000,17026,0.9156,1.68,0.046092,[.00
A2C_25000_bzip2__instcount_512,17000,19843,0.6955,1.44,0.05495,[.00
A2C_25000_bzip2__instcount_512,17000,14019,1.1505,2.05,0.084303,[.00
A2C_25000_bzip2__instcount_512,17000,13737,1.1725,2.09,0.101791,[.00
A2C_25000_bzip2__instcount_512,17000,13937,1.1569,2.06,0.092874,[.00
A2C_25000_bzip2__instcount_512,17000,14333,1.1259,2.00,0.080657,[.00
A2C_25000_bzip2__instcount_512,17000,14332,1.1260,2.00,0.079186,[.00
A2C_25000_bzip2__instcount_512,17000,14333,1.1259,2.00,0.08226,[.00
A2C_25000_bzip2__instcount_512,17000,13740,1.1723,2.09,0.082803,[.00
A2C_25000_bzip2__instcount_512,17000,13790,1.1684,2.08,0.077835,[.00
A2C_25000_bzip2__instcount_512,17000,13910,1.1590,2.06,0.079128,[.00
A2C_25000_bzip2__instcount_512,17000,14337,1.1256,2.00,0.080322,[.00
A2C_25000_bzip2__instcount_512,17000,14326,1.1265,2.00,0.082148,[.00
A2C_25000_bzip2__instcount_512,17000,13687,1.1764,2.10,0.082752,[.00
A2C_25000_bzip2__instcount_512,17000,13870,1.1621,2.07,0.07913,[.00
A2C_25000_bzip2__instcount_512,17000,13952,1.1557,2.06,0.084361,[.00
A2C_25000_bzip2__instcount_512,17000,13740,1.1723,2.09,0.080835,[.00
A2C_25000_bzip2__instcount_512,17000,14019,1.1505,2.05,0.083081,[.00
A2C_25000_bzip2__instcount_512,17000,13898,1.1599,2.06,0.079868,[.00
A2C_25000_bzip2__instcount_512,17000,14339,1.1255,2.00,0.091192,[.00
A2C_25000_bzip2__instcount_512,17000,13689,1.1763,2.10,0.079384,[.00
A2C_25000_bzip2__instcount_512,17000,13737,1.1725,2.09,0.08294,[.00
A2C_25000_bzip2__instcount_512,17000,13892,1.1604,2.06,0.084533,[.00
A2C_25000_bzip2__instcount_512,17000,13767,1.1702,2.08,0.081645,[.00
A2C_25000_bzip2__instcount_512,17000,13766,1.1702,2.08,0.082744,[.00
A2C_25000_bzip2__instcount_512,17000,13852,1.1635,2.07,0.082118,[.00
A2C_25000_bzip2__instcount_512,17000,13740,1.1723,2.09,0.080991,[.00
A2C_25000_bzip2__instcount_512,17000,13738,1.1724,2.09,0.081358,[.00
A2C_25000_bzip2__instcount_512,17000,16854,0.9290,1.70,0.045864,[.00
A2C_25000_bzip2__instcount_512,17000,13740,1.1723,2.09,0.082377,[.00
A2C_25000_bzip2__instcount_512,17000,13738,1.1724,2.09,0.081791,[.00
A2C_25000_bzip2__instcount_512,17000,13856,1.1632,2.07,0.085909,[.00
A2C_25000_bzip2__instcount_512,17000,13690,1.1762,2.09,0.082265,[.00
A2C_25000_bzip2__instcount_512,17000,13710,1.1746,2.09,0.082021,[.00
A2C_25000_bzip2__instcount_512,17000,14333,1.1259,2.00,0.082891,[.00
A2C_25000_bzip2__instcount_512,17000,14335,1.1258,2.00,0.081521,[.00
A2C_25000_bzip2__instcount_512,17000,13738,1.1724,2.09,0.081655,[.00
A2C_25000_bzip2__instcount_512,17000,14333,1.1259,2.00,0.091199,[.00
A2C_25000_bzip2__instcount_512,17000,13739,1.1723,2.09,0.080389,[.00
A2C_25000_bzip2__instcount_512,17000,19681,0.7082,1.46,0.046989,[.00
A2C_25000_bzip2__instcount_512,17000,14337,1.1256,2.00,0.084509,[.00
A2C_25000_bzip2__instcount_512,17000,14019,1.1505,2.05,0.08672,[.00
A2C_25000_bzip2__instcount_512,17000,13888,1.1607,2.06,0.083104,[.00
A2C_25000_bzip2__instcount_512,17000,13765,1.1703,2.08,0.08185,[.00
A2C_25000_bzip2__instcount_512,17000,14223,1.1345,2.02,0.079313,[.00
A2C_25000_bzip2__instcount_512,17000,14346,1.1249,2.00,0.08326,[.00
A2C_25000_bzip2__instcount_512,17000,14341,1.1253,2.00,0.086257,[.00
A2C_25000_bzip2__instcount_512,17000,14335,1.1258,2.00,0.080657,[.00
A2C_25000_bzip2__instcount_512,17000,13741,1.1722,2.09,0.079698,[.00
A2C_25000_bzip2__instcount_512,17000,13737,1.1725,2.09,0.084418,[.00
A2C_25000_bzip2__instcount_512,17000,13739,1.1723,2.09,0.091441,[.00
A2C_25000_bzip2__instcount_512,17000,13744,1.1720,2.09,0.080464,[.00
A2C_25000_bzip2__instcount_512,17000,13710,1.1746,2.09,0.084203,[.00
A2C_25000_bzip2__instcount_512,17000,14335,1.1258,2.00,0.085375,[.00
A2C_25000_bzip2__instcount_512,17000,13767,1.1702,2.08,0.082933,[.00
A2C_25000_bzip2__instcount_512,17000,14335,1.1258,2.00,0.085133,[.00
A2C_25000_bzip2__instcount_512,17000,13740,1.1723,2.09,0.080803,[.00
A2C_25000_bzip2__instcount_512,17000,18465,0.8032,1.55,0.044717,[.00
A2C_25000_bzip2__instcount_512,17000,13716,1.1741,2.09,0.081349,[.00
A2C_25000_bzip2__instcount_512,17000,14339,1.1255,2.00,0.0815,[.00
A2C_25000_bzip2__instcount_512,17000,14333,1.1259,2.00,0.081705,[.00
A2C_25000_bzip2__instcount_512,17000,13790,1.1684,2.08,0.081685,[.00
A2C_25000_bzip2__instcount_512,17000,13737,1.1725,2.09,0.084095,[.00
A2C_25000_bzip2__instcount_512,17000,13853,1.1634,2.07,0.088077,[.00
A2C_25000_bzip2__instcount_512,17000,14337,1.1256,2.00,0.083058,[.00
A2C_25000_bzip2__instcount_512,17000,13795,1.1680,2.08,0.095905,[.00
A2C_25000_bzip2__instcount_512,17000,14325,1.1266,2.00,0.079513,[.00
A2C_25000_bzip2__instcount_512,17000,13738,1.1724,2.09,0.078923,[.00
A2C_25000_bzip2__instcount_512,17000,13732,1.1729,2.09,0.082473,[.00
A2C_25000_bzip2__instcount_512,17000,13690,1.1762,2.09,0.081106,[.00
A2C_25000_bzip2__instcount_512,17000,13881,1.1613,2.07,0.083534,[.00
A2C_25000_bzip2__instcount_512,17000,14333,1.1259,2.00,0.079581,[.00
A2C_25000_bzip2__instcount_512,17000,13910,1.1590,2.06,0.07967,[.00
A2C_25000_bzip2__instcount_512,17000,13790,1.1684,2.08,0.080371,[.00
A2C_25000_bzip2__instcount_512,17000,13740,1.1723,2.09,0.082579,[.00
A2C_25000_bzip2__instcount_512,17000,13766,1.1702,2.08,0.0819,[.00
A2C_25000_bzip2__instcount_512,17000,13735,1.1727,2.09,0.08327,[.00
A2C_25000_bzip2__instcount_512,17000,14018,1.1506,2.05,0.083004,[.00
A2C_25000_bzip2__instcount_512,17000,14770,1.0918,1.94,0.08594,[.00
A2C_25000_bzip2__instcount_512,17000,14770,1.0918,1.94,0.082908,[.00
A2C_25000_bzip2__instcount_512,17000,13684,1.1766,2.10,0.084128,[.00
A2C_25000_bzip2__instcount_512,17000,13729,1.1731,2.09,0.078457,[.00
A2C_25000_bzip2__instcount_512,17000,14333,1.1259,2.00,0.081451,[.00
A2C_25000_bzip2__instcount_512,17000,13852,1.1635,2.07,0.082713,[.00
A2C_25000_bzip2__instcount_512,17000,13771,1.1698,2.08,0.080709,[.00
A2C_25000_bzip2__instcount_512,17000,13732,1.1729,2.09,0.087218,[.00
A2C_25000_bzip2__instcount_512,17000,16672,0.9432,1.72,0.048019,[.00
A2C_25000_bzip2__instcount_512,17000,14326,1.1265,2.00,0.078635,[.00
A2C_25000_bzip2__instcount_512,17000,13739,1.1723,2.09,0.0797,[.00
A2C_25000_bzip2__instcount_512,17000,13739,1.1723,2.09,0.083226,[.00
A2C_25000_bzip2__instcount_512,17000,14333,1.1259,2.00,0.081512,[.00
A2C_25000_bzip2__instcount_512,17000,13841,1.1644,2.07,0.084226,[.00
A2C_25000_bzip2__instcount_512,17000,14337,1.1256,2.00,0.078268,[.00
A2C_25000_bzip2__instcount_512,17000,14333,1.1259,2.00,0.08112,[.00
A2C_25000_bzip2__instcount_512,17000,14326,1.1265,2.00,0.079817,[.00
A2C_25000_bzip2__instcount_512,17000,14337,1.1256,2.00,0.08226,[.00
A2C_25000_bzip2__instcount_512,17000,13901,1.1597,2.06,0.081935,[.00
A2C_25000_bzip2__instcount_512,17000,14333,1.1259,2.00,0.078833,[.00
A2C_25000_bzip2__instcount_512,17000,13767,1.1702,2.08,0.077997,[.00
A2C_25000_bzip2__instcount_512,17000,14333,1.1259,2.00,0.085921,[.00
A2C_25000_bzip2__instcount_512,17000,19689,0.7076,1.46,0.046586,[.00
A2C_25000_bzip2__instcount_512,18000,14335,1.1258,2.00,0.078653,[.00
A2C_25000_bzip2__instcount_512,18000,13699,1.1755,2.09,0.077719,[.00
A2C_25000_bzip2__instcount_512,18000,13962,1.1549,2.05,0.083203,[.00
A2C_25000_bzip2__instcount_512,18000,13707,1.1748,2.09,0.081479,[.00
A2C_25000_bzip2__instcount_512,18000,13706,1.1749,2.09,0.082826,[.00
A2C_25000_bzip2__instcount_512,18000,13858,1.1630,2.07,0.085284,[.00
A2C_25000_bzip2__instcount_512,18000,13687,1.1764,2.10,0.081704,[.00
A2C_25000_bzip2__instcount_512,18000,13704,1.1751,2.09,0.08085,[.00
A2C_25000_bzip2__instcount_512,18000,13710,1.1746,2.09,0.095393,[.00
A2C_25000_bzip2__instcount_512,18000,13857,1.1631,2.07,0.085579,[.00
A2C_25000_bzip2__instcount_512,18000,13849,1.1638,2.07,0.08326,[.00
A2C_25000_bzip2__instcount_512,18000,13776,1.1695,2.08,0.081823,[.00
A2C_25000_bzip2__instcount_512,18000,13725,1.1734,2.09,0.085887,[.00
A2C_25000_bzip2__instcount_512,18000,13734,1.1727,2.09,0.083102,[.00
A2C_25000_bzip2__instcount_512,18000,14333,1.1259,2.00,0.083618,[.00
A2C_25000_bzip2__instcount_512,18000,13682,1.1768,2.10,0.082192,[.00
A2C_25000_bzip2__instcount_512,18000,13682,1.1768,2.10,0.080159,[.00
A2C_25000_bzip2__instcount_512,18000,13710,1.1746,2.09,0.08209,[.00
A2C_25000_bzip2__instcount_512,18000,13682,1.1768,2.10,0.088376,[.00
A2C_25000_bzip2__instcount_512,18000,13744,1.1720,2.09,0.081111,[.00
A2C_25000_bzip2__instcount_512,18000,14331,1.1261,2.00,0.082794,[.00
A2C_25000_bzip2__instcount_512,18000,13734,1.1727,2.09,0.081661,[.00
A2C_25000_bzip2__instcount_512,18000,13685,1.1766,2.10,0.080579,[.00
A2C_25000_bzip2__instcount_512,18000,13848,1.1638,2.07,0.084378,[.00
A2C_25000_bzip2__instcount_512,18000,13682,1.1768,2.10,0.08208,[.00
A2C_25000_bzip2__instcount_512,18000,13757,1.1709,2.08,0.086481,[.00
A2C_25000_bzip2__instcount_512,18000,13712,1.1745,2.09,0.079153,[.00
A2C_25000_bzip2__instcount_512,18000,13682,1.1768,2.10,0.079956,[.00
A2C_25000_bzip2__instcount_512,18000,13710,1.1746,2.09,0.082269,[.00
A2C_25000_bzip2__instcount_512,18000,13696,1.1757,2.09,0.083726,[.00
A2C_25000_bzip2__instcount_512,18000,13757,1.1709,2.08,0.080864,[.00
A2C_25000_bzip2__instcount_512,18000,13696,1.1757,2.09,0.094142,[.00
A2C_25000_bzip2__instcount_512,18000,13862,1.1627,2.07,0.08927,[.00
A2C_25000_bzip2__instcount_512,18000,13759,1.1708,2.08,0.083986,[.00
A2C_25000_bzip2__instcount_512,18000,13732,1.1729,2.09,0.081972,[.00
A2C_25000_bzip2__instcount_512,18000,13681,1.1769,2.10,0.081177,[.00
A2C_25000_bzip2__instcount_512,18000,13684,1.1766,2.10,0.083801,[.00
A2C_25000_bzip2__instcount_512,18000,13795,1.1680,2.08,0.083783,[.00
A2C_25000_bzip2__instcount_512,18000,13710,1.1746,2.09,0.084536,[.00
A2C_25000_bzip2__instcount_512,18000,13738,1.1724,2.09,0.081453,[.00
A2C_25000_bzip2__instcount_512,18000,13729,1.1731,2.09,0.07915,[.00
A2C_25000_bzip2__instcount_512,18000,13695,1.1758,2.09,0.081414,[.00
A2C_25000_bzip2__instcount_512,18000,13685,1.1766,2.10,0.082629,[.00
A2C_25000_bzip2__instcount_512,18000,13729,1.1731,2.09,0.090921,[.00
A2C_25000_bzip2__instcount_512,18000,13717,1.1741,2.09,0.079911,[.00
A2C_25000_bzip2__instcount_512,18000,13739,1.1723,2.09,0.0806,[.00
A2C_25000_bzip2__instcount_512,18000,13684,1.1766,2.10,0.080255,[.00
A2C_25000_bzip2__instcount_512,18000,13684,1.1766,2.10,0.082245,[.00
A2C_25000_bzip2__instcount_512,18000,13738,1.1724,2.09,0.086405,[.00
A2C_25000_bzip2__instcount_512,18000,13761,1.1706,2.08,0.084894,[.00
A2C_25000_bzip2__instcount_512,18000,13712,1.1745,2.09,0.081359,[.00
A2C_25000_bzip2__instcount_512,18000,13732,1.1729,2.09,0.08228,[.00
A2C_25000_bzip2__instcount_512,18000,13853,1.1634,2.07,0.083305,[.00
A2C_25000_bzip2__instcount_512,18000,13737,1.1725,2.09,0.081599,[.00
A2C_25000_bzip2__instcount_512,18000,13682,1.1768,2.10,0.080128,[.00
A2C_25000_bzip2__instcount_512,18000,13732,1.1729,2.09,0.08326,[.00
A2C_25000_bzip2__instcount_512,18000,13782,1.1690,2.08,0.082661,[.00
A2C_25000_bzip2__instcount_512,18000,13872,1.1620,2.07,0.081955,[.00
A2C_25000_bzip2__instcount_512,18000,13902,1.1596,2.06,0.083562,[.00
A2C_25000_bzip2__instcount_512,18000,13743,1.1720,2.09,0.082956,[.00
A2C_25000_bzip2__instcount_512,18000,13800,1.1676,2.08,0.081189,[.00
A2C_25000_bzip2__instcount_512,18000,13684,1.1766,2.10,0.079728,[.00
A2C_25000_bzip2__instcount_512,18000,13744,1.1720,2.09,0.083406,[.00
A2C_25000_bzip2__instcount_512,18000,13693,1.1759,2.09,0.081012,[.00
A2C_25000_bzip2__instcount_512,18000,13757,1.1709,2.08,0.083389,[.00
A2C_25000_bzip2__instcount_512,18000,13710,1.1746,2.09,0.086035,[.00
A2C_25000_bzip2__instcount_512,18000,13707,1.1748,2.09,0.080637,[.00
A2C_25000_bzip2__instcount_512,18000,13769,1.1700,2.08,0.081874,[.00
A2C_25000_bzip2__instcount_512,18000,13731,1.1730,2.09,0.078094,[.00
A2C_25000_bzip2__instcount_512,18000,13694,1.1759,2.09,0.082159,[.00
A2C_25000_bzip2__instcount_512,18000,13696,1.1757,2.09,0.082156,[.00
A2C_25000_bzip2__instcount_512,18000,13687,1.1764,2.10,0.080432,[.00
A2C_25000_bzip2__instcount_512,18000,13734,1.1727,2.09,0.082402,[.00
A2C_25000_bzip2__instcount_512,18000,13688,1.1763,2.10,0.084993,[.00
A2C_25000_bzip2__instcount_512,18000,13729,1.1731,2.09,0.079869,[.00
A2C_25000_bzip2__instcount_512,18000,13710,1.1746,2.09,0.08553,[.00
A2C_25000_bzip2__instcount_512,18000,13682,1.1768,2.10,0.082329,[.00
A2C_25000_bzip2__instcount_512,18000,13687,1.1764,2.10,0.087083,[.00
A2C_25000_bzip2__instcount_512,18000,13683,1.1767,2.10,0.081831,[.00
A2C_25000_bzip2__instcount_512,18000,13729,1.1731,2.09,0.080745,[.00
A2C_25000_bzip2__instcount_512,18000,13711,1.1745,2.09,0.082572,[.00
A2C_25000_bzip2__instcount_512,18000,13939,1.1567,2.06,0.084094,[.00
A2C_25000_bzip2__instcount_512,18000,13687,1.1764,2.10,0.082416,[.00
A2C_25000_bzip2__instcount_512,18000,13776,1.1695,2.08,0.081212,[.00
A2C_25000_bzip2__instcount_512,18000,13712,1.1745,2.09,0.078852,[.00
A2C_25000_bzip2__instcount_512,18000,13753,1.1713,2.09,0.080371,[.00
A2C_25000_bzip2__instcount_512,18000,13699,1.1755,2.09,0.086613,[.00
A2C_25000_bzip2__instcount_512,18000,13682,1.1768,2.10,0.086991,[.00
A2C_25000_bzip2__instcount_512,18000,13721,1.1738,2.09,0.084747,[.00
A2C_25000_bzip2__instcount_512,18000,13682,1.1768,2.10,0.084656,[.00
A2C_25000_bzip2__instcount_512,18000,13729,1.1731,2.09,0.078032,[.00
A2C_25000_bzip2__instcount_512,18000,13706,1.1749,2.09,0.080045,[.00
A2C_25000_bzip2__instcount_512,18000,13710,1.1746,2.09,0.084543,[.00
A2C_25000_bzip2__instcount_512,18000,13709,1.1747,2.09,0.08107,[.00
A2C_25000_bzip2__instcount_512,18000,13682,1.1768,2.10,0.084514,[.00
A2C_25000_bzip2__instcount_512,18000,13682,1.1768,2.10,0.078462,[.00
A2C_25000_bzip2__instcount_512,18000,13883,1.1611,2.07,0.084004,[.00
A2C_25000_bzip2__instcount_512,18000,13716,1.1741,2.09,0.078482,[.00
A2C_25000_bzip2__instcount_512,18000,13710,1.1746,2.09,0.08249,[.00
A2C_25000_bzip2__instcount_512,18000,13684,1.1766,2.10,0.082706,[.00
A2C_25000_bzip2__instcount_512,19000,13826,1.1655,2.07,0.083842,[.00
A2C_25000_bzip2__instcount_512,19000,13708,1.1748,2.09,0.081803,[.00
A2C_25000_bzip2__instcount_512,19000,13735,1.1727,2.09,0.087127,[.00
A2C_25000_bzip2__instcount_512,19000,13716,1.1741,2.09,0.083483,[.00
A2C_25000_bzip2__instcount_512,19000,13699,1.1755,2.09,0.080294,[.00
A2C_25000_bzip2__instcount_512,19000,13869,1.1622,2.07,0.085333,[.00
A2C_25000_bzip2__instcount_512,19000,13787,1.1686,2.08,0.094451,[.00
A2C_25000_bzip2__instcount_512,19000,13722,1.1737,2.09,0.079754,[.00
A2C_25000_bzip2__instcount_512,19000,13752,1.1713,2.09,0.081162,[.00
A2C_25000_bzip2__instcount_512,19000,13729,1.1731,2.09,0.089423,[.00
A2C_25000_bzip2__instcount_512,19000,13712,1.1745,2.09,0.081402,[.00
A2C_25000_bzip2__instcount_512,19000,13804,1.1673,2.08,0.082699,[.00
A2C_25000_bzip2__instcount_512,19000,13734,1.1727,2.09,0.08205,[.00
A2C_25000_bzip2__instcount_512,19000,13752,1.1713,2.09,0.084197,[.00
A2C_25000_bzip2__instcount_512,19000,13773,1.1697,2.08,0.080886,[.00
A2C_25000_bzip2__instcount_512,19000,16635,0.9461,1.72,0.046841,[.00
A2C_25000_bzip2__instcount_512,19000,13724,1.1735,2.09,0.079898,[.00
A2C_25000_bzip2__instcount_512,19000,13800,1.1676,2.08,0.083977,[.00
A2C_25000_bzip2__instcount_512,19000,13718,1.1740,2.09,0.080111,[.00
A2C_25000_bzip2__instcount_512,19000,13784,1.1688,2.08,0.084564,[.00
A2C_25000_bzip2__instcount_512,19000,13797,1.1678,2.08,0.083513,[.00
A2C_25000_bzip2__instcount_512,19000,13733,1.1728,2.09,0.080656,[.00
A2C_25000_bzip2__instcount_512,19000,13733,1.1728,2.09,0.083979,[.00
A2C_25000_bzip2__instcount_512,19000,13733,1.1728,2.09,0.080318,[.00
A2C_25000_bzip2__instcount_512,19000,13792,1.1682,2.08,0.082354,[.00
A2C_25000_bzip2__instcount_512,19000,13767,1.1702,2.08,0.084585,[.00
A2C_25000_bzip2__instcount_512,19000,13765,1.1703,2.08,0.084099,[.00
A2C_25000_bzip2__instcount_512,19000,13760,1.1707,2.08,0.084823,[.00
A2C_25000_bzip2__instcount_512,19000,13795,1.1680,2.08,0.082949,[.00
A2C_25000_bzip2__instcount_512,19000,13738,1.1724,2.09,0.082299,[.00
A2C_25000_bzip2__instcount_512,19000,13757,1.1709,2.08,0.083912,[.00
A2C_25000_bzip2__instcount_512,19000,13705,1.1750,2.09,0.088137,[.00
A2C_25000_bzip2__instcount_512,19000,13699,1.1755,2.09,0.080868,[.00
A2C_25000_bzip2__instcount_512,19000,13841,1.1644,2.07,0.085193,[.00
A2C_25000_bzip2__instcount_512,19000,13732,1.1729,2.09,0.109724,[.00
A2C_25000_bzip2__instcount_512,19000,13782,1.1690,2.08,0.086326,[.00
A2C_25000_bzip2__instcount_512,19000,13781,1.1691,2.08,0.085629,[.00
A2C_25000_bzip2__instcount_512,19000,13731,1.1730,2.09,0.080717,[.00
A2C_25000_bzip2__instcount_512,19000,13795,1.1680,2.08,0.081738,[.00
A2C_25000_bzip2__instcount_512,19000,13707,1.1748,2.09,0.079116,[.00
A2C_25000_bzip2__instcount_512,19000,13779,1.1692,2.08,0.07828,[.00
A2C_25000_bzip2__instcount_512,19000,13735,1.1727,2.09,0.083245,[.00
A2C_25000_bzip2__instcount_512,19000,13790,1.1684,2.08,0.083688,[.00
A2C_25000_bzip2__instcount_512,19000,13685,1.1766,2.10,0.08379,[.00
A2C_25000_bzip2__instcount_512,19000,13729,1.1731,2.09,0.082638,[.00
A2C_25000_bzip2__instcount_512,19000,13752,1.1713,2.09,0.083892,[.00
A2C_25000_bzip2__instcount_512,19000,13731,1.1730,2.09,0.083308,[.00
A2C_25000_bzip2__instcount_512,19000,13804,1.1673,2.08,0.088839,[.00
A2C_25000_bzip2__instcount_512,19000,13850,1.1637,2.07,0.083363,[.00
A2C_25000_bzip2__instcount_512,19000,14040,1.1488,2.04,0.06937,[.00
A2C_25000_bzip2__instcount_512,19000,13793,1.1681,2.08,0.079593,[.00
A2C_25000_bzip2__instcount_512,19000,14326,1.1265,2.00,0.083378,[.00
A2C_25000_bzip2__instcount_512,19000,13740,1.1723,2.09,0.082575,[.00
A2C_25000_bzip2__instcount_512,19000,13698,1.1755,2.09,0.081522,[.00
A2C_25000_bzip2__instcount_512,19000,13733,1.1728,2.09,0.081694,[.00
A2C_25000_bzip2__instcount_512,19000,13742,1.1721,2.09,0.082771,[.00
A2C_25000_bzip2__instcount_512,19000,13722,1.1737,2.09,0.08081,[.00
A2C_25000_bzip2__instcount_512,19000,13721,1.1738,2.09,0.084216,[.00
A2C_25000_bzip2__instcount_512,19000,13727,1.1733,2.09,0.079074,[.00
A2C_25000_bzip2__instcount_512,19000,13685,1.1766,2.10,0.078763,[.00
A2C_25000_bzip2__instcount_512,19000,14997,1.0741,1.91,0.067784,[.00
A2C_25000_bzip2__instcount_512,19000,13852,1.1635,2.07,0.082761,[.00
A2C_25000_bzip2__instcount_512,19000,13791,1.1683,2.08,0.078679,[.00
A2C_25000_bzip2__instcount_512,19000,14043,1.1486,2.04,0.066634,[.00
A2C_25000_bzip2__instcount_512,19000,13762,1.1705,2.08,0.079388,[.00
A2C_25000_bzip2__instcount_512,19000,13741,1.1722,2.09,0.079308,[.00
A2C_25000_bzip2__instcount_512,19000,14076,1.1460,2.04,0.067162,[.00
A2C_25000_bzip2__instcount_512,19000,13776,1.1695,2.08,0.080142,[.00
A2C_25000_bzip2__instcount_512,19000,13713,1.1744,2.09,0.081936,[.00
A2C_25000_bzip2__instcount_512,19000,13734,1.1727,2.09,0.085838,[.00
A2C_25000_bzip2__instcount_512,19000,13739,1.1723,2.09,0.081969,[.00
A2C_25000_bzip2__instcount_512,19000,13722,1.1737,2.09,0.079503,[.00
A2C_25000_bzip2__instcount_512,19000,13792,1.1682,2.08,0.082239,[.00
A2C_25000_bzip2__instcount_512,19000,13704,1.1751,2.09,0.082877,[.00
A2C_25000_bzip2__instcount_512,19000,13736,1.1726,2.09,0.079237,[.00
A2C_25000_bzip2__instcount_512,19000,13757,1.1709,2.08,0.079509,[.00
A2C_25000_bzip2__instcount_512,19000,13740,1.1723,2.09,0.079953,[.00
A2C_25000_bzip2__instcount_512,19000,13783,1.1689,2.08,0.08406,[.00
A2C_25000_bzip2__instcount_512,19000,13762,1.1705,2.08,0.088136,[.00
A2C_25000_bzip2__instcount_512,19000,13733,1.1728,2.09,0.080882,[.00
A2C_25000_bzip2__instcount_512,19000,13684,1.1766,2.10,0.08196,[.00
A2C_25000_bzip2__instcount_512,19000,13783,1.1689,2.08,0.081172,[.00
A2C_25000_bzip2__instcount_512,19000,13731,1.1730,2.09,0.080101,[.00
A2C_25000_bzip2__instcount_512,19000,13718,1.1740,2.09,0.084263,[.00
A2C_25000_bzip2__instcount_512,19000,13801,1.1675,2.08,0.084443,[.00
A2C_25000_bzip2__instcount_512,19000,13708,1.1748,2.09,0.083635,[.00
A2C_25000_bzip2__instcount_512,19000,13731,1.1730,2.09,0.08328,[.00
A2C_25000_bzip2__instcount_512,19000,13708,1.1748,2.09,0.078706,[.00
A2C_25000_bzip2__instcount_512,19000,13738,1.1724,2.09,0.079086,[.00
A2C_25000_bzip2__instcount_512,19000,13707,1.1748,2.09,0.078376,[.00
A2C_25000_bzip2__instcount_512,19000,13745,1.1719,2.09,0.086678,[.00
A2C_25000_bzip2__instcount_512,19000,13685,1.1766,2.10,0.082757,[.00
A2C_25000_bzip2__instcount_512,19000,13780,1.1691,2.08,0.080915,[.00
A2C_25000_bzip2__instcount_512,19000,13684,1.1766,2.10,0.097606,[.00
A2C_25000_bzip2__instcount_512,19000,13790,1.1684,2.08,0.081083,[.00
A2C_25000_bzip2__instcount_512,19000,13755,1.1711,2.09,0.079451,[.00
A2C_25000_bzip2__instcount_512,19000,16323,0.9705,1.76,0.052455,[.00
A2C_25000_bzip2__instcount_512,19000,13715,1.1742,2.09,0.07873,[.00
A2C_25000_bzip2__instcount_512,19000,13736,1.1726,2.09,0.08126,[.00
A2C_25000_bzip2__instcount_512,19000,13799,1.1677,2.08,0.085063,[.00
A2C_25000_bzip2__instcount_512,20000,13706,1.1749,2.09,0.084135,[.00
A2C_25000_bzip2__instcount_512,20000,13707,1.1748,2.09,0.07937,[.00
A2C_25000_bzip2__instcount_512,20000,13750,1.1715,2.09,0.08064,[.00
A2C_25000_bzip2__instcount_512,20000,13707,1.1748,2.09,0.079563,[.00
A2C_25000_bzip2__instcount_512,20000,13699,1.1755,2.09,0.081556,[.00
A2C_25000_bzip2__instcount_512,20000,13711,1.1745,2.09,0.08453,[.00
A2C_25000_bzip2__instcount_512,20000,13731,1.1730,2.09,0.080201,[.00
A2C_25000_bzip2__instcount_512,20000,13689,1.1763,2.10,0.080695,[.00
A2C_25000_bzip2__instcount_512,20000,13707,1.1748,2.09,0.082826,[.00
A2C_25000_bzip2__instcount_512,20000,13684,1.1766,2.10,0.087997,[.00
A2C_25000_bzip2__instcount_512,20000,13703,1.1752,2.09,0.086627,[.00
A2C_25000_bzip2__instcount_512,20000,13707,1.1748,2.09,0.084555,[.00
A2C_25000_bzip2__instcount_512,20000,13684,1.1766,2.10,0.08374,[.00
A2C_25000_bzip2__instcount_512,20000,13705,1.1750,2.09,0.08363,[.00
A2C_25000_bzip2__instcount_512,20000,13707,1.1748,2.09,0.078242,[.00
A2C_25000_bzip2__instcount_512,20000,13869,1.1622,2.07,0.081711,[.00
A2C_25000_bzip2__instcount_512,20000,13858,1.1630,2.07,0.08418,[.00
A2C_25000_bzip2__instcount_512,20000,13849,1.1638,2.07,0.088387,[.00
A2C_25000_bzip2__instcount_512,20000,13787,1.1686,2.08,0.083035,[.00
A2C_25000_bzip2__instcount_512,20000,13729,1.1731,2.09,0.084562,[.00
A2C_25000_bzip2__instcount_512,20000,13791,1.1683,2.08,0.088244,[.00
A2C_25000_bzip2__instcount_512,20000,13867,1.1623,2.07,0.083696,[.00
A2C_25000_bzip2__instcount_512,20000,13700,1.1754,2.09,0.077718,[.00
A2C_25000_bzip2__instcount_512,20000,13796,1.1679,2.08,0.085228,[.00
A2C_25000_bzip2__instcount_512,20000,13849,1.1638,2.07,0.087259,[.00
A2C_25000_bzip2__instcount_512,20000,13700,1.1754,2.09,0.079064,[.00
A2C_25000_bzip2__instcount_512,20000,13787,1.1686,2.08,0.082464,[.00
A2C_25000_bzip2__instcount_512,20000,13847,1.1639,2.07,0.084745,[.00
A2C_25000_bzip2__instcount_512,20000,13786,1.1687,2.08,0.081486,[.00
A2C_25000_bzip2__instcount_512,20000,13707,1.1748,2.09,0.078982,[.00
A2C_25000_bzip2__instcount_512,20000,13703,1.1752,2.09,0.079313,[.00
A2C_25000_bzip2__instcount_512,20000,13737,1.1725,2.09,0.084189,[.00
A2C_25000_bzip2__instcount_512,20000,13849,1.1638,2.07,0.084642,[.00
A2C_25000_bzip2__instcount_512,20000,13729,1.1731,2.09,0.093429,[.00
A2C_25000_bzip2__instcount_512,20000,13699,1.1755,2.09,0.080714,[.00
A2C_25000_bzip2__instcount_512,20000,13852,1.1635,2.07,0.089976,[.00
A2C_25000_bzip2__instcount_512,20000,13747,1.1717,2.09,0.081981,[.00
A2C_25000_bzip2__instcount_512,20000,13753,1.1713,2.09,0.080709,[.00
A2C_25000_bzip2__instcount_512,20000,13708,1.1748,2.09,0.079908,[.00
A2C_25000_bzip2__instcount_512,20000,13707,1.1748,2.09,0.080084,[.00
A2C_25000_bzip2__instcount_512,20000,13664,1.1782,2.10,0.083912,[.00
A2C_25000_bzip2__instcount_512,20000,13858,1.1630,2.07,0.086884,[.00
A2C_25000_bzip2__instcount_512,20000,13727,1.1733,2.09,0.082193,[.00
A2C_25000_bzip2__instcount_512,20000,13707,1.1748,2.09,0.080742,[.00
A2C_25000_bzip2__instcount_512,20000,13843,1.1642,2.07,0.08479,[.00
A2C_25000_bzip2__instcount_512,20000,13857,1.1631,2.07,0.084777,[.00
A2C_25000_bzip2__instcount_512,20000,13738,1.1724,2.09,0.083952,[.00
A2C_25000_bzip2__instcount_512,20000,13705,1.1750,2.09,0.080703,[.00
A2C_25000_bzip2__instcount_512,20000,13707,1.1748,2.09,0.087137,[.00
A2C_25000_bzip2__instcount_512,20000,13712,1.1745,2.09,0.081933,[.00
A2C_25000_bzip2__instcount_512,20000,13707,1.1748,2.09,0.078132,[.00
A2C_25000_bzip2__instcount_512,20000,13854,1.1634,2.07,0.084535,[.00
A2C_25000_bzip2__instcount_512,20000,13736,1.1726,2.09,0.081315,[.00
A2C_25000_bzip2__instcount_512,20000,13795,1.1680,2.08,0.086209,[.00
A2C_25000_bzip2__instcount_512,20000,13707,1.1748,2.09,0.085254,[.00
A2C_25000_bzip2__instcount_512,20000,13800,1.1676,2.08,0.087293,[.00
A2C_25000_bzip2__instcount_512,20000,13704,1.1751,2.09,0.079809,[.00
A2C_25000_bzip2__instcount_512,20000,13793,1.1681,2.08,0.084478,[.00
A2C_25000_bzip2__instcount_512,20000,13735,1.1727,2.09,0.079433,[.00
A2C_25000_bzip2__instcount_512,20000,13737,1.1725,2.09,0.082675,[.00
A2C_25000_bzip2__instcount_512,20000,13749,1.1716,2.09,0.085951,[.00
A2C_25000_bzip2__instcount_512,20000,13796,1.1679,2.08,0.08338,[.00
A2C_25000_bzip2__instcount_512,20000,13782,1.1690,2.08,0.085078,[.00
A2C_25000_bzip2__instcount_512,20000,13734,1.1727,2.09,0.084417,[.00
A2C_25000_bzip2__instcount_512,20000,13716,1.1741,2.09,0.081601,[.00
A2C_25000_bzip2__instcount_512,20000,13688,1.1763,2.10,0.08616,[.00
A2C_25000_bzip2__instcount_512,20000,13722,1.1737,2.09,0.083967,[.00
A2C_25000_bzip2__instcount_512,20000,13689,1.1763,2.10,0.07936,[.00
A2C_25000_bzip2__instcount_512,20000,13707,1.1748,2.09,0.08222,[.00
A2C_25000_bzip2__instcount_512,20000,13707,1.1748,2.09,0.079048,[.00
A2C_25000_bzip2__instcount_512,20000,13685,1.1766,2.10,0.079648,[.00
A2C_25000_bzip2__instcount_512,20000,13699,1.1755,2.09,0.081816,[.00
A2C_25000_bzip2__instcount_512,20000,13750,1.1715,2.09,0.081632,[.00
A2C_25000_bzip2__instcount_512,20000,13710,1.1746,2.09,0.083926,[.00
A2C_25000_bzip2__instcount_512,20000,13682,1.1768,2.10,0.083109,[.00
A2C_25000_bzip2__instcount_512,20000,13689,1.1763,2.10,0.080433,[.00
A2C_25000_bzip2__instcount_512,20000,13684,1.1766,2.10,0.081933,[.00
A2C_25000_bzip2__instcount_512,20000,13700,1.1754,2.09,0.081758,[.00
A2C_25000_bzip2__instcount_512,20000,13783,1.1689,2.08,0.084249,[.00
A2C_25000_bzip2__instcount_512,20000,13712,1.1745,2.09,0.080691,[.00
A2C_25000_bzip2__instcount_512,20000,13699,1.1755,2.09,0.08427,[.00
A2C_25000_bzip2__instcount_512,20000,13783,1.1689,2.08,0.082837,[.00
A2C_25000_bzip2__instcount_512,20000,13830,1.1652,2.07,0.084949,[.00
A2C_25000_bzip2__instcount_512,20000,13707,1.1748,2.09,0.078147,[.00
A2C_25000_bzip2__instcount_512,20000,13850,1.1637,2.07,0.084132,[.00
A2C_25000_bzip2__instcount_512,20000,13749,1.1716,2.09,0.080343,[.00
A2C_25000_bzip2__instcount_512,20000,13687,1.1764,2.10,0.081509,[.00
A2C_25000_bzip2__instcount_512,20000,13716,1.1741,2.09,0.078953,[.00
A2C_25000_bzip2__instcount_512,20000,13710,1.1746,2.09,0.083739,[.00
A2C_25000_bzip2__instcount_512,20000,13685,1.1766,2.10,0.081343,[.00
A2C_25000_bzip2__instcount_512,20000,13710,1.1746,2.09,0.079248,[.00
A2C_25000_bzip2__instcount_512,20000,13685,1.1766,2.10,0.08432,[.00
A2C_25000_bzip2__instcount_512,20000,13741,1.1722,2.09,0.082644,[.00
A2C_25000_bzip2__instcount_512,20000,13707,1.1748,2.09,0.082223,[.00
A2C_25000_bzip2__instcount_512,20000,13793,1.1681,2.08,0.081108,[.00
A2C_25000_bzip2__instcount_512,20000,13681,1.1769,2.10,0.078138,[.00
A2C_25000_bzip2__instcount_512,20000,13728,1.1732,2.09,0.081806,[.00
A2C_25000_bzip2__instcount_512,20000,13786,1.1687,2.08,0.098482,[.00
A2C_25000_bzip2__instcount_512,20000,13735,1.1727,2.09,0.082,[.00
A2C_25000_bzip2__instcount_512,20000,13716,1.1741,2.09,0.078037,[.00
A2C_25000_bzip2__instcount_512,21000,13740,1.1723,2.09,0.084503,[.00
A2C_25000_bzip2__instcount_512,21000,13757,1.1709,2.08,0.087491,[.00
A2C_25000_bzip2__instcount_512,21000,13798,1.1677,2.08,0.088432,[.00
A2C_25000_bzip2__instcount_512,21000,13707,1.1748,2.09,0.079901,[.00
A2C_25000_bzip2__instcount_512,21000,13846,1.1640,2.07,0.086167,[.00
A2C_25000_bzip2__instcount_512,21000,16319,0.9708,1.76,0.043933,[.00
A2C_25000_bzip2__instcount_512,21000,13845,1.1641,2.07,0.079302,[.00
A2C_25000_bzip2__instcount_512,21000,13779,1.1692,2.08,0.094824,[.00
A2C_25000_bzip2__instcount_512,21000,13707,1.1748,2.09,0.081546,[.00
A2C_25000_bzip2__instcount_512,21000,13787,1.1686,2.08,0.082091,[.00
A2C_25000_bzip2__instcount_512,21000,13836,1.1648,2.07,0.084199,[.00
A2C_25000_bzip2__instcount_512,21000,14003,1.1517,2.05,0.077157,[.00
A2C_25000_bzip2__instcount_512,21000,13722,1.1737,2.09,0.082038,[.00
A2C_25000_bzip2__instcount_512,21000,13703,1.1752,2.09,0.081292,[.00
A2C_25000_bzip2__instcount_512,21000,13716,1.1741,2.09,0.083165,[.00
A2C_25000_bzip2__instcount_512,21000,16330,0.9700,1.76,0.043658,[.00
A2C_25000_bzip2__instcount_512,21000,13968,1.1545,2.05,0.073494,[.00
A2C_25000_bzip2__instcount_512,21000,13744,1.1720,2.09,0.080223,[.00
A2C_25000_bzip2__instcount_512,21000,16357,0.9678,1.75,0.046373,[.00
A2C_25000_bzip2__instcount_512,21000,13738,1.1724,2.09,0.079242,[.00
A2C_25000_bzip2__instcount_512,21000,13740,1.1723,2.09,0.08174,[.00
A2C_25000_bzip2__instcount_512,21000,13729,1.1731,2.09,0.080243,[.00
A2C_25000_bzip2__instcount_512,21000,13733,1.1728,2.09,0.082325,[.00
A2C_25000_bzip2__instcount_512,21000,13792,1.1682,2.08,0.0832,[.00
A2C_25000_bzip2__instcount_512,21000,13991,1.1527,2.05,0.074985,[.00
A2C_25000_bzip2__instcount_512,21000,13785,1.1688,2.08,0.079489,[.00
A2C_25000_bzip2__instcount_512,21000,16307,0.9718,1.76,0.048612,[.00
A2C_25000_bzip2__instcount_512,21000,13761,1.1706,2.08,0.080105,[.00
A2C_25000_bzip2__instcount_512,21000,16330,0.9700,1.76,0.04532,[.00
A2C_25000_bzip2__instcount_512,21000,13794,1.1680,2.08,0.094051,[.00
A2C_25000_bzip2__instcount_512,21000,13880,1.1613,2.07,0.087451,[.00
A2C_25000_bzip2__instcount_512,21000,13757,1.1709,2.08,0.077742,[.00
A2C_25000_bzip2__instcount_512,21000,16323,0.9705,1.76,0.045642,[.00
A2C_25000_bzip2__instcount_512,21000,13754,1.1712,2.09,0.083178,[.00
A2C_25000_bzip2__instcount_512,21000,14006,1.1515,2.05,0.07467,[.00
A2C_25000_bzip2__instcount_512,21000,13682,1.1768,2.10,0.08231,[.00
A2C_25000_bzip2__instcount_512,21000,13807,1.1670,2.08,0.082274,[.00
A2C_25000_bzip2__instcount_512,21000,13790,1.1684,2.08,0.093291,[.00
A2C_25000_bzip2__instcount_512,21000,16686,0.9421,1.72,0.047441,[.00
A2C_25000_bzip2__instcount_512,21000,13973,1.1541,2.05,0.073552,[.00
A2C_25000_bzip2__instcount_512,21000,13715,1.1742,2.09,0.083448,[.00
A2C_25000_bzip2__instcount_512,21000,16307,0.9718,1.76,0.0466,[.00
A2C_25000_bzip2__instcount_512,21000,13782,1.1690,2.08,0.081584,[.00
A2C_25000_bzip2__instcount_512,21000,13738,1.1724,2.09,0.079769,[.00
A2C_25000_bzip2__instcount_512,21000,13795,1.1680,2.08,0.082969,[.00
A2C_25000_bzip2__instcount_512,21000,16357,0.9678,1.75,0.047064,[.00
A2C_25000_bzip2__instcount_512,21000,14172,1.1385,2.02,0.064921,[.00
A2C_25000_bzip2__instcount_512,21000,13793,1.1681,2.08,0.092924,[.00
A2C_25000_bzip2__instcount_512,21000,13986,1.1531,2.05,0.075922,[.00
A2C_25000_bzip2__instcount_512,21000,13860,1.1629,2.07,0.088154,[.00
A2C_25000_bzip2__instcount_512,21000,13735,1.1727,2.09,0.08189,[.00
A2C_25000_bzip2__instcount_512,21000,13731,1.1730,2.09,0.081122,[.00
A2C_25000_bzip2__instcount_512,21000,13742,1.1721,2.09,0.084408,[.00
A2C_25000_bzip2__instcount_512,21000,13722,1.1737,2.09,0.080944,[.00
A2C_25000_bzip2__instcount_512,21000,13731,1.1730,2.09,0.07923,[.00
A2C_25000_bzip2__instcount_512,21000,13745,1.1719,2.09,0.082308,[.00
A2C_25000_bzip2__instcount_512,21000,16357,0.9678,1.75,0.045919,[.00
A2C_25000_bzip2__instcount_512,21000,16681,0.9425,1.72,0.046772,[.00
A2C_25000_bzip2__instcount_512,21000,16632,0.9464,1.72,0.047518,[.00
A2C_25000_bzip2__instcount_512,21000,14169,1.1388,2.02,0.082445,[.00
A2C_25000_bzip2__instcount_512,21000,13777,1.1694,2.08,0.083069,[.00
A2C_25000_bzip2__instcount_512,21000,13970,1.1543,2.05,0.078587,[.00
A2C_25000_bzip2__instcount_512,21000,13787,1.1686,2.08,0.091859,[.00
A2C_25000_bzip2__instcount_512,21000,13820,1.1660,2.08,0.087309,[.00
A2C_25000_bzip2__instcount_512,21000,16315,0.9711,1.76,0.047856,[.00
A2C_25000_bzip2__instcount_512,21000,13687,1.1764,2.10,0.083891,[.00
A2C_25000_bzip2__instcount_512,21000,13858,1.1630,2.07,0.0842,[.00
A2C_25000_bzip2__instcount_512,21000,13699,1.1755,2.09,0.083207,[.00
A2C_25000_bzip2__instcount_512,21000,16634,0.9462,1.72,0.049695,[.00
A2C_25000_bzip2__instcount_512,21000,13738,1.1724,2.09,0.081556,[.00
A2C_25000_bzip2__instcount_512,21000,16363,0.9674,1.75,0.043542,[.00
A2C_25000_bzip2__instcount_512,21000,13970,1.1543,2.05,0.081001,[.00
A2C_25000_bzip2__instcount_512,21000,13738,1.1724,2.09,0.081211,[.00
A2C_25000_bzip2__instcount_512,21000,13748,1.1716,2.09,0.087458,[.00
A2C_25000_bzip2__instcount_512,21000,16319,0.9708,1.76,0.045652,[.00
A2C_25000_bzip2__instcount_512,21000,13944,1.1563,2.06,0.075903,[.00
A2C_25000_bzip2__instcount_512,21000,13783,1.1689,2.08,0.080462,[.00
A2C_25000_bzip2__instcount_512,21000,13773,1.1697,2.08,0.08099,[.00
A2C_25000_bzip2__instcount_512,21000,16346,0.9687,1.75,0.046558,[.00
A2C_25000_bzip2__instcount_512,21000,16622,0.9471,1.72,0.047565,[.00
A2C_25000_bzip2__instcount_512,21000,13735,1.1727,2.09,0.084696,[.00
A2C_25000_bzip2__instcount_512,21000,13757,1.1709,2.08,0.084386,[.00
A2C_25000_bzip2__instcount_512,21000,13734,1.1727,2.09,0.087553,[.00
A2C_25000_bzip2__instcount_512,21000,13793,1.1681,2.08,0.084377,[.00
A2C_25000_bzip2__instcount_512,21000,13736,1.1726,2.09,0.080128,[.00
A2C_25000_bzip2__instcount_512,21000,13801,1.1675,2.08,0.086591,[.00
A2C_25000_bzip2__instcount_512,21000,14437,1.1178,1.99,0.078948,[.00
A2C_25000_bzip2__instcount_512,21000,13787,1.1686,2.08,0.079816,[.00
A2C_25000_bzip2__instcount_512,21000,13716,1.1741,2.09,0.082716,[.00
A2C_25000_bzip2__instcount_512,21000,14278,1.1302,2.01,0.07316,[.00
A2C_25000_bzip2__instcount_512,21000,13753,1.1713,2.09,0.080429,[.00
A2C_25000_bzip2__instcount_512,21000,14004,1.1516,2.05,0.073353,[.00
A2C_25000_bzip2__instcount_512,21000,13688,1.1763,2.10,0.08465,[.00
A2C_25000_bzip2__instcount_512,21000,14759,1.0927,1.94,0.076694,[.00
A2C_25000_bzip2__instcount_512,21000,14756,1.0929,1.94,0.079017,[.00
A2C_25000_bzip2__instcount_512,21000,13682,1.1768,2.10,0.08407,[.00
A2C_25000_bzip2__instcount_512,21000,14011,1.1511,2.05,0.073578,[.00
A2C_25000_bzip2__instcount_512,21000,16321,0.9707,1.76,0.045335,[.00
A2C_25000_bzip2__instcount_512,21000,16356,0.9679,1.75,0.049742,[.00
A2C_25000_bzip2__instcount_512,21000,13740,1.1723,2.09,0.084403,[.00
A2C_25000_bzip2__instcount_512,22000,13787,1.1686,2.08,0.089074,[.00
A2C_25000_bzip2__instcount_512,22000,13786,1.1687,2.08,0.089943,[.00
A2C_25000_bzip2__instcount_512,22000,13745,1.1719,2.09,0.079254,[.00
A2C_25000_bzip2__instcount_512,22000,13791,1.1683,2.08,0.086595,[.00
A2C_25000_bzip2__instcount_512,22000,13745,1.1719,2.09,0.085868,[.00
A2C_25000_bzip2__instcount_512,22000,13712,1.1745,2.09,0.081842,[.00
A2C_25000_bzip2__instcount_512,22000,13720,1.1738,2.09,0.081865,[.00
A2C_25000_bzip2__instcount_512,22000,14996,1.0742,1.91,0.078089,[.00
A2C_25000_bzip2__instcount_512,22000,13698,1.1755,2.09,0.080225,[.00
A2C_25000_bzip2__instcount_512,22000,13700,1.1754,2.09,0.084039,[.00
A2C_25000_bzip2__instcount_512,22000,14997,1.0741,1.91,0.069084,[.00
A2C_25000_bzip2__instcount_512,22000,13708,1.1748,2.09,0.079032,[.00
A2C_25000_bzip2__instcount_512,22000,13785,1.1688,2.08,0.082067,[.00
A2C_25000_bzip2__instcount_512,22000,13736,1.1726,2.09,0.077455,[.00
A2C_25000_bzip2__instcount_512,22000,13896,1.1601,2.06,0.086351,[.00
A2C_25000_bzip2__instcount_512,22000,13854,1.1634,2.07,0.082778,[.00
A2C_25000_bzip2__instcount_512,22000,13695,1.1758,2.09,0.084633,[.00
A2C_25000_bzip2__instcount_512,22000,15097,1.0663,1.90,0.089409,[.00
A2C_25000_bzip2__instcount_512,22000,13727,1.1733,2.09,0.084419,[.00
A2C_25000_bzip2__instcount_512,22000,13686,1.1765,2.10,0.08527,[.00
A2C_25000_bzip2__instcount_512,22000,13819,1.1661,2.08,0.082669,[.00
A2C_25000_bzip2__instcount_512,22000,13753,1.1713,2.09,0.080021,[.00
A2C_25000_bzip2__instcount_512,22000,15391,1.0433,1.86,0.070968,[.00
A2C_25000_bzip2__instcount_512,22000,14508,1.1123,1.98,0.082833,[.00
A2C_25000_bzip2__instcount_512,22000,13687,1.1764,2.10,0.08327,[.00
A2C_25000_bzip2__instcount_512,22000,13704,1.1751,2.09,0.081378,[.00
A2C_25000_bzip2__instcount_512,22000,13819,1.1661,2.08,0.087937,[.00
A2C_25000_bzip2__instcount_512,22000,13793,1.1681,2.08,0.083357,[.00
A2C_25000_bzip2__instcount_512,22000,15093,1.0666,1.90,0.070289,[.00
A2C_25000_bzip2__instcount_512,22000,13733,1.1728,2.09,0.083872,[.00
A2C_25000_bzip2__instcount_512,22000,13722,1.1737,2.09,0.086047,[.00
A2C_25000_bzip2__instcount_512,22000,13793,1.1681,2.08,0.084234,[.00
A2C_25000_bzip2__instcount_512,22000,15088,1.0670,1.90,0.072437,[.00
A2C_25000_bzip2__instcount_512,22000,13786,1.1687,2.08,0.089634,[.00
A2C_25000_bzip2__instcount_512,22000,13729,1.1731,2.09,0.079108,[.00
A2C_25000_bzip2__instcount_512,22000,13786,1.1687,2.08,0.083821,[.00
A2C_25000_bzip2__instcount_512,22000,13735,1.1727,2.09,0.077851,[.00
A2C_25000_bzip2__instcount_512,22000,13707,1.1748,2.09,0.081684,[.00
A2C_25000_bzip2__instcount_512,22000,13775,1.1695,2.08,0.080822,[.00
A2C_25000_bzip2__instcount_512,22000,13790,1.1684,2.08,0.116839,[.00
A2C_25000_bzip2__instcount_512,22000,13839,1.1645,2.07,0.081719,[.00
A2C_25000_bzip2__instcount_512,22000,13698,1.1755,2.09,0.079217,[.00
A2C_25000_bzip2__instcount_512,22000,13739,1.1723,2.09,0.081369,[.00
A2C_25000_bzip2__instcount_512,22000,13721,1.1738,2.09,0.078777,[.00
A2C_25000_bzip2__instcount_512,22000,13712,1.1745,2.09,0.079122,[.00
A2C_25000_bzip2__instcount_512,22000,13685,1.1766,2.10,0.080795,[.00
A2C_25000_bzip2__instcount_512,22000,13812,1.1666,2.08,0.081852,[.00
A2C_25000_bzip2__instcount_512,22000,13687,1.1764,2.10,0.087011,[.00
A2C_25000_bzip2__instcount_512,22000,13798,1.1677,2.08,0.087852,[.00
A2C_25000_bzip2__instcount_512,22000,13707,1.1748,2.09,0.083777,[.00
A2C_25000_bzip2__instcount_512,22000,13722,1.1737,2.09,0.083912,[.00
A2C_25000_bzip2__instcount_512,22000,13739,1.1723,2.09,0.081203,[.00
A2C_25000_bzip2__instcount_512,22000,13761,1.1706,2.08,0.081333,[.00
A2C_25000_bzip2__instcount_512,22000,13813,1.1666,2.08,0.083242,[.00
A2C_25000_bzip2__instcount_512,22000,13819,1.1661,2.08,0.087216,[.00
A2C_25000_bzip2__instcount_512,22000,13735,1.1727,2.09,0.08938,[.00
A2C_25000_bzip2__instcount_512,22000,13776,1.1695,2.08,0.08612,[.00
A2C_25000_bzip2__instcount_512,22000,13787,1.1686,2.08,0.081694,[.00
A2C_25000_bzip2__instcount_512,22000,13776,1.1695,2.08,0.0802,[.00
A2C_25000_bzip2__instcount_512,22000,13767,1.1702,2.08,0.079606,[.00
A2C_25000_bzip2__instcount_512,22000,13743,1.1720,2.09,0.085142,[.00
A2C_25000_bzip2__instcount_512,22000,13795,1.1680,2.08,0.090712,[.00
A2C_25000_bzip2__instcount_512,22000,13801,1.1675,2.08,0.085387,[.00
A2C_25000_bzip2__instcount_512,22000,13707,1.1748,2.09,0.081784,[.00
A2C_25000_bzip2__instcount_512,22000,14996,1.0742,1.91,0.072143,[.00
A2C_25000_bzip2__instcount_512,22000,13677,1.1772,2.10,0.08376,[.00
A2C_25000_bzip2__instcount_512,22000,13872,1.1620,2.07,0.082415,[.00
A2C_25000_bzip2__instcount_512,22000,13759,1.1708,2.08,0.083667,[.00
A2C_25000_bzip2__instcount_512,22000,13730,1.1730,2.09,0.078041,[.00
A2C_25000_bzip2__instcount_512,22000,13718,1.1740,2.09,0.08256,[.00
A2C_25000_bzip2__instcount_512,22000,13740,1.1723,2.09,0.078796,[.00
A2C_25000_bzip2__instcount_512,22000,13755,1.1711,2.09,0.07983,[.00
A2C_25000_bzip2__instcount_512,22000,13728,1.1732,2.09,0.081076,[.00
A2C_25000_bzip2__instcount_512,22000,13707,1.1748,2.09,0.080815,[.00
A2C_25000_bzip2__instcount_512,22000,13686,1.1765,2.10,0.084949,[.00
A2C_25000_bzip2__instcount_512,22000,13799,1.1677,2.08,0.087109,[.00
A2C_25000_bzip2__instcount_512,22000,13718,1.1740,2.09,0.082271,[.00
A2C_25000_bzip2__instcount_512,22000,13738,1.1724,2.09,0.081363,[.00
A2C_25000_bzip2__instcount_512,22000,13676,1.1773,2.10,0.078483,[.00
A2C_25000_bzip2__instcount_512,22000,13677,1.1772,2.10,0.082828,[.00
A2C_25000_bzip2__instcount_512,22000,15135,1.0633,1.89,0.071666,[.00
A2C_25000_bzip2__instcount_512,22000,13762,1.1705,2.08,0.077901,[.00
A2C_25000_bzip2__instcount_512,22000,14143,1.1408,2.03,0.08126,[.00
A2C_25000_bzip2__instcount_512,22000,13757,1.1709,2.08,0.084538,[.00
A2C_25000_bzip2__instcount_512,22000,13682,1.1768,2.10,0.078724,[.00
A2C_25000_bzip2__instcount_512,22000,13788,1.1685,2.08,0.082532,[.00
A2C_25000_bzip2__instcount_512,22000,13699,1.1755,2.09,0.08005,[.00
A2C_25000_bzip2__instcount_512,22000,15148,1.0623,1.89,0.072145,[.00
A2C_25000_bzip2__instcount_512,22000,13718,1.1740,2.09,0.081216,[.00
A2C_25000_bzip2__instcount_512,22000,13877,1.1616,2.07,0.087911,[.00
A2C_25000_bzip2__instcount_512,22000,13685,1.1766,2.10,0.08412,[.00
A2C_25000_bzip2__instcount_512,22000,13700,1.1754,2.09,0.080806,[.00
A2C_25000_bzip2__instcount_512,22000,13692,1.1760,2.09,0.084183,[.00
A2C_25000_bzip2__instcount_512,22000,13737,1.1725,2.09,0.083196,[.00
A2C_25000_bzip2__instcount_512,22000,13700,1.1754,2.09,0.079102,[.00
A2C_25000_bzip2__instcount_512,22000,13698,1.1755,2.09,0.081634,[.00
A2C_25000_bzip2__instcount_512,22000,13721,1.1738,2.09,0.08761,[.00
A2C_25000_bzip2__instcount_512,22000,13867,1.1623,2.07,0.084662,[.00
A2C_25000_bzip2__instcount_512,22000,13707,1.1748,2.09,0.082421,[.00
A2C_25000_bzip2__instcount_512,22000,13684,1.1766,2.10,0.086305,[.00
A2C_25000_bzip2__instcount_512,23000,13687,1.1764,2.10,0.08287,[.00
A2C_25000_bzip2__instcount_512,23000,13752,1.1713,2.09,0.08277,[.00
A2C_25000_bzip2__instcount_512,23000,13783,1.1689,2.08,0.081575,[.00
A2C_25000_bzip2__instcount_512,23000,13687,1.1764,2.10,0.083412,[.00
A2C_25000_bzip2__instcount_512,23000,13687,1.1764,2.10,0.083177,[.00
A2C_25000_bzip2__instcount_512,23000,13796,1.1679,2.08,0.093929,[.00
A2C_25000_bzip2__instcount_512,23000,13687,1.1764,2.10,0.08584,[.00
A2C_25000_bzip2__instcount_512,23000,13735,1.1727,2.09,0.084531,[.00
A2C_25000_bzip2__instcount_512,23000,13849,1.1638,2.07,0.085488,[.00
A2C_25000_bzip2__instcount_512,23000,13685,1.1766,2.10,0.082694,[.00
A2C_25000_bzip2__instcount_512,23000,13737,1.1725,2.09,0.081809,[.00
A2C_25000_bzip2__instcount_512,23000,13755,1.1711,2.09,0.089325,[.00
A2C_25000_bzip2__instcount_512,23000,13738,1.1724,2.09,0.08452,[.00
A2C_25000_bzip2__instcount_512,23000,13744,1.1720,2.09,0.082047,[.00
A2C_25000_bzip2__instcount_512,23000,13796,1.1679,2.08,0.097858,[.00
A2C_25000_bzip2__instcount_512,23000,13723,1.1736,2.09,0.0808,[.00
A2C_25000_bzip2__instcount_512,23000,13789,1.1684,2.08,0.079979,[.00
A2C_25000_bzip2__instcount_512,23000,13740,1.1723,2.09,0.081607,[.00
A2C_25000_bzip2__instcount_512,23000,13682,1.1768,2.10,0.079934,[.00
A2C_25000_bzip2__instcount_512,23000,13689,1.1763,2.10,0.083396,[.00
A2C_25000_bzip2__instcount_512,23000,13858,1.1630,2.07,0.082737,[.00
A2C_25000_bzip2__instcount_512,23000,13688,1.1763,2.10,0.087651,[.00
A2C_25000_bzip2__instcount_512,23000,13707,1.1748,2.09,0.083833,[.00
A2C_25000_bzip2__instcount_512,23000,13718,1.1740,2.09,0.088394,[.00
A2C_25000_bzip2__instcount_512,23000,13800,1.1676,2.08,0.083056,[.00
A2C_25000_bzip2__instcount_512,23000,13857,1.1631,2.07,0.086626,[.00
A2C_25000_bzip2__instcount_512,23000,13722,1.1737,2.09,0.080126,[.00
A2C_25000_bzip2__instcount_512,23000,13684,1.1766,2.10,0.093641,[.00
A2C_25000_bzip2__instcount_512,23000,13791,1.1683,2.08,0.090294,[.00
A2C_25000_bzip2__instcount_512,23000,13707,1.1748,2.09,0.082285,[.00
A2C_25000_bzip2__instcount_512,23000,13684,1.1766,2.10,0.084361,[.00
A2C_25000_bzip2__instcount_512,23000,13739,1.1723,2.09,0.082759,[.00
A2C_25000_bzip2__instcount_512,23000,13688,1.1763,2.10,0.08376,[.00
A2C_25000_bzip2__instcount_512,23000,13746,1.1718,2.09,0.084957,[.00
A2C_25000_bzip2__instcount_512,23000,13725,1.1734,2.09,0.078882,[.00
A2C_25000_bzip2__instcount_512,23000,13739,1.1723,2.09,0.083367,[.00
A2C_25000_bzip2__instcount_512,23000,13684,1.1766,2.10,0.080637,[.00
A2C_25000_bzip2__instcount_512,23000,13682,1.1768,2.10,0.080669,[.00
A2C_25000_bzip2__instcount_512,23000,13858,1.1630,2.07,0.086005,[.00
A2C_25000_bzip2__instcount_512,23000,13739,1.1723,2.09,0.078653,[.00
A2C_25000_bzip2__instcount_512,23000,13736,1.1726,2.09,0.083742,[.00
A2C_25000_bzip2__instcount_512,23000,13708,1.1748,2.09,0.08047,[.00
A2C_25000_bzip2__instcount_512,23000,13738,1.1724,2.09,0.083893,[.00
A2C_25000_bzip2__instcount_512,23000,13727,1.1733,2.09,0.083401,[.00
A2C_25000_bzip2__instcount_512,23000,13756,1.1710,2.08,0.082954,[.00
A2C_25000_bzip2__instcount_512,23000,13716,1.1741,2.09,0.080596,[.00
A2C_25000_bzip2__instcount_512,23000,13685,1.1766,2.10,0.081694,[.00
A2C_25000_bzip2__instcount_512,23000,13757,1.1709,2.08,0.085964,[.00
A2C_25000_bzip2__instcount_512,23000,13848,1.1638,2.07,0.086167,[.00
A2C_25000_bzip2__instcount_512,23000,13785,1.1688,2.08,0.078638,[.00
A2C_25000_bzip2__instcount_512,23000,13734,1.1727,2.09,0.082689,[.00
A2C_25000_bzip2__instcount_512,23000,13716,1.1741,2.09,0.080595,[.00
A2C_25000_bzip2__instcount_512,23000,13738,1.1724,2.09,0.080569,[.00
A2C_25000_bzip2__instcount_512,23000,13729,1.1731,2.09,0.084952,[.00
A2C_25000_bzip2__instcount_512,23000,13707,1.1748,2.09,0.081925,[.00
A2C_25000_bzip2__instcount_512,23000,13734,1.1727,2.09,0.082365,[.00
A2C_25000_bzip2__instcount_512,23000,13684,1.1766,2.10,0.083892,[.00
A2C_25000_bzip2__instcount_512,23000,13734,1.1727,2.09,0.078794,[.00
A2C_25000_bzip2__instcount_512,23000,13738,1.1724,2.09,0.082746,[.00
A2C_25000_bzip2__instcount_512,23000,13738,1.1724,2.09,0.082447,[.00
A2C_25000_bzip2__instcount_512,23000,13786,1.1687,2.08,0.081752,[.00
A2C_25000_bzip2__instcount_512,23000,13749,1.1716,2.09,0.078993,[.00
A2C_25000_bzip2__instcount_512,23000,13740,1.1723,2.09,0.082513,[.00
A2C_25000_bzip2__instcount_512,23000,13737,1.1725,2.09,0.08066,[.00
A2C_25000_bzip2__instcount_512,23000,13699,1.1755,2.09,0.081891,[.00
A2C_25000_bzip2__instcount_512,23000,13685,1.1766,2.10,0.087885,[.00
A2C_25000_bzip2__instcount_512,23000,13848,1.1638,2.07,0.086779,[.00
A2C_25000_bzip2__instcount_512,23000,13783,1.1689,2.08,0.086428,[.00
A2C_25000_bzip2__instcount_512,23000,13803,1.1673,2.08,0.085879,[.00
A2C_25000_bzip2__instcount_512,23000,13796,1.1679,2.08,0.083041,[.00
A2C_25000_bzip2__instcount_512,23000,13708,1.1748,2.09,0.085315,[.00
A2C_25000_bzip2__instcount_512,23000,13732,1.1729,2.09,0.08163,[.00
A2C_25000_bzip2__instcount_512,23000,13755,1.1711,2.09,0.079935,[.00
A2C_25000_bzip2__instcount_512,23000,13853,1.1634,2.07,0.08716,[.00
A2C_25000_bzip2__instcount_512,23000,13737,1.1725,2.09,0.090118,[.00
A2C_25000_bzip2__instcount_512,23000,13731,1.1730,2.09,0.079193,[.00
A2C_25000_bzip2__instcount_512,23000,13685,1.1766,2.10,0.094119,[.00
A2C_25000_bzip2__instcount_512,23000,13751,1.1714,2.09,0.082437,[.00
A2C_25000_bzip2__instcount_512,23000,13707,1.1748,2.09,0.082362,[.00
A2C_25000_bzip2__instcount_512,23000,13779,1.1692,2.08,0.084613,[.00
A2C_25000_bzip2__instcount_512,23000,13673,1.1775,2.10,0.079328,[.00
A2C_25000_bzip2__instcount_512,23000,13706,1.1749,2.09,0.083716,[.00
A2C_25000_bzip2__instcount_512,23000,13797,1.1678,2.08,0.079814,[.00
A2C_25000_bzip2__instcount_512,23000,13689,1.1763,2.10,0.082772,[.00
A2C_25000_bzip2__instcount_512,23000,13688,1.1763,2.10,0.085343,[.00
A2C_25000_bzip2__instcount_512,23000,13682,1.1768,2.10,0.081756,[.00
A2C_25000_bzip2__instcount_512,23000,13685,1.1766,2.10,0.081376,[.00
A2C_25000_bzip2__instcount_512,23000,13696,1.1757,2.09,0.084426,[.00
A2C_25000_bzip2__instcount_512,23000,13716,1.1741,2.09,0.079701,[.00
A2C_25000_bzip2__instcount_512,23000,13710,1.1746,2.09,0.083488,[.00
A2C_25000_bzip2__instcount_512,23000,13783,1.1689,2.08,0.084592,[.00
A2C_25000_bzip2__instcount_512,23000,13699,1.1755,2.09,0.082233,[.00
A2C_25000_bzip2__instcount_512,23000,13734,1.1727,2.09,0.079568,[.00
A2C_25000_bzip2__instcount_512,23000,13737,1.1725,2.09,0.08177,[.00
A2C_25000_bzip2__instcount_512,23000,13700,1.1754,2.09,0.084938,[.00
A2C_25000_bzip2__instcount_512,23000,13796,1.1679,2.08,0.08186,[.00
A2C_25000_bzip2__instcount_512,23000,13791,1.1683,2.08,0.081752,[.00
A2C_25000_bzip2__instcount_512,23000,13707,1.1748,2.09,0.080708,[.00
A2C_25000_bzip2__instcount_512,23000,13795,1.1680,2.08,0.084566,[.00
A2C_25000_bzip2__instcount_512,23000,13700,1.1754,2.09,0.082318,[.00
A2C_25000_bzip2__instcount_512,24000,13708,1.1748,2.09,0.080167,[.00
A2C_25000_bzip2__instcount_512,24000,13877,1.1616,2.07,0.086103,[.00
A2C_25000_bzip2__instcount_512,24000,15066,1.0687,1.90,0.072097,[.00
A2C_25000_bzip2__instcount_512,24000,14997,1.0741,1.91,0.07096,[.00
A2C_25000_bzip2__instcount_512,24000,14998,1.0740,1.91,0.067967,[.00
A2C_25000_bzip2__instcount_512,24000,13785,1.1688,2.08,0.084248,[.00
A2C_25000_bzip2__instcount_512,24000,14999,1.0739,1.91,0.068552,[.00
A2C_25000_bzip2__instcount_512,24000,14999,1.0739,1.91,0.071779,[.00
A2C_25000_bzip2__instcount_512,24000,13785,1.1688,2.08,0.079215,[.00
A2C_25000_bzip2__instcount_512,24000,13743,1.1720,2.09,0.084697,[.00
A2C_25000_bzip2__instcount_512,24000,14888,1.0826,1.93,0.080063,[.00
A2C_25000_bzip2__instcount_512,24000,13682,1.1768,2.10,0.082297,[.00
A2C_25000_bzip2__instcount_512,24000,14044,1.1485,2.04,0.081718,[.00
A2C_25000_bzip2__instcount_512,24000,13824,1.1657,2.07,0.082691,[.00
A2C_25000_bzip2__instcount_512,24000,14999,1.0739,1.91,0.067591,[.00
A2C_25000_bzip2__instcount_512,24000,13754,1.1712,2.09,0.09635,[.00
A2C_25000_bzip2__instcount_512,24000,13777,1.1694,2.08,0.082296,[.00
A2C_25000_bzip2__instcount_512,24000,14996,1.0742,1.91,0.07101,[.00
A2C_25000_bzip2__instcount_512,24000,14204,1.1360,2.02,0.068997,[.00
A2C_25000_bzip2__instcount_512,24000,13817,1.1663,2.08,0.079892,[.00
A2C_25000_bzip2__instcount_512,24000,15012,1.0729,1.91,0.07037,[.00
A2C_25000_bzip2__instcount_512,24000,17534,0.8759,1.63,0.067552,[.00
A2C_25000_bzip2__instcount_512,24000,13709,1.1747,2.09,0.087663,[.00
A2C_25000_bzip2__instcount_512,24000,14996,1.0742,1.91,0.068903,[.00
A2C_25000_bzip2__instcount_512,24000,15048,1.0701,1.91,0.069627,[.00
A2C_25000_bzip2__instcount_512,24000,13863,1.1627,2.07,0.082248,[.00
A2C_25000_bzip2__instcount_512,24000,15032,1.0713,1.91,0.06793,[.00
A2C_25000_bzip2__instcount_512,24000,15032,1.0713,1.91,0.069687,[.00
A2C_25000_bzip2__instcount_512,24000,13807,1.1670,2.08,0.081123,[.00
A2C_25000_bzip2__instcount_512,24000,13880,1.1613,2.07,0.082947,[.00
A2C_25000_bzip2__instcount_512,24000,15015,1.0727,1.91,0.06958,[.00
A2C_25000_bzip2__instcount_512,24000,13791,1.1683,2.08,0.07961,[.00
A2C_25000_bzip2__instcount_512,24000,13725,1.1734,2.09,0.082316,[.00
A2C_25000_bzip2__instcount_512,24000,14996,1.0742,1.91,0.074823,[.00
A2C_25000_bzip2__instcount_512,24000,13771,1.1698,2.08,0.083831,[.00
A2C_25000_bzip2__instcount_512,24000,15142,1.0628,1.89,0.0678,[.00
A2C_25000_bzip2__instcount_512,24000,14153,1.1400,2.03,0.082294,[.00
A2C_25000_bzip2__instcount_512,24000,13829,1.1653,2.07,0.083208,[.00
A2C_25000_bzip2__instcount_512,24000,13912,1.1588,2.06,0.084126,[.00
A2C_25000_bzip2__instcount_512,24000,13820,1.1660,2.08,0.085947,[.00
A2C_25000_bzip2__instcount_512,24000,13835,1.1648,2.07,0.084071,[.00
A2C_25000_bzip2__instcount_512,24000,13753,1.1713,2.09,0.077558,[.00
A2C_25000_bzip2__instcount_512,24000,13827,1.1655,2.07,0.08636,[.00
A2C_25000_bzip2__instcount_512,24000,16489,0.9575,1.74,0.085946,[.00
A2C_25000_bzip2__instcount_512,24000,14982,1.0753,1.91,0.067019,[.00
A2C_25000_bzip2__instcount_512,24000,13763,1.1705,2.08,0.079409,[.00
A2C_25000_bzip2__instcount_512,24000,13774,1.1696,2.08,0.087997,[.00
A2C_25000_bzip2__instcount_512,24000,13863,1.1627,2.07,0.081124,[.00
A2C_25000_bzip2__instcount_512,24000,15046,1.0703,1.91,0.071103,[.00
A2C_25000_bzip2__instcount_512,24000,13718,1.1740,2.09,0.083524,[.00
A2C_25000_bzip2__instcount_512,24000,13761,1.1706,2.08,0.081061,[.00
A2C_25000_bzip2__instcount_512,24000,13806,1.1671,2.08,0.101442,[.00
A2C_25000_bzip2__instcount_512,24000,15012,1.0729,1.91,0.067039,[.00
A2C_25000_bzip2__instcount_512,24000,16368,0.9670,1.75,0.085371,[.00
A2C_25000_bzip2__instcount_512,24000,14996,1.0742,1.91,0.082293,[.00
A2C_25000_bzip2__instcount_512,24000,13785,1.1688,2.08,0.078566,[.00
A2C_25000_bzip2__instcount_512,24000,13718,1.1740,2.09,0.083967,[.00
A2C_25000_bzip2__instcount_512,24000,13811,1.1667,2.08,0.080943,[.00
A2C_25000_bzip2__instcount_512,24000,14146,1.1406,2.03,0.085292,[.00
A2C_25000_bzip2__instcount_512,24000,15049,1.0700,1.91,0.069463,[.00
A2C_25000_bzip2__instcount_512,24000,13968,1.1545,2.05,0.083122,[.00
A2C_25000_bzip2__instcount_512,24000,13769,1.1700,2.08,0.088994,[.00
A2C_25000_bzip2__instcount_512,24000,14996,1.0742,1.91,0.070132,[.00
A2C_25000_bzip2__instcount_512,24000,13756,1.1710,2.08,0.083074,[.00
A2C_25000_bzip2__instcount_512,24000,13738,1.1724,2.09,0.083975,[.00
A2C_25000_bzip2__instcount_512,24000,15048,1.0701,1.91,0.067862,[.00
A2C_25000_bzip2__instcount_512,24000,13785,1.1688,2.08,0.079007,[.00
A2C_25000_bzip2__instcount_512,24000,13742,1.1721,2.09,0.084232,[.00
A2C_25000_bzip2__instcount_512,24000,16838,0.9303,1.70,0.065678,[.00
A2C_25000_bzip2__instcount_512,24000,15032,1.0713,1.91,0.067359,[.00
A2C_25000_bzip2__instcount_512,24000,13784,1.1688,2.08,0.08184,[.00
A2C_25000_bzip2__instcount_512,24000,13835,1.1648,2.07,0.087733,[.00
A2C_25000_bzip2__instcount_512,24000,15641,1.0238,1.83,0.06409,[.00
A2C_25000_bzip2__instcount_512,24000,13737,1.1725,2.09,0.080687,[.00
A2C_25000_bzip2__instcount_512,24000,15012,1.0729,1.91,0.084984,[.00
A2C_25000_bzip2__instcount_512,24000,14982,1.0753,1.91,0.069118,[.00
A2C_25000_bzip2__instcount_512,24000,13768,1.1701,2.08,0.078279,[.00
A2C_25000_bzip2__instcount_512,24000,13873,1.1619,2.07,0.085887,[.00
A2C_25000_bzip2__instcount_512,24000,13813,1.1666,2.08,0.089295,[.00
A2C_25000_bzip2__instcount_512,24000,15046,1.0703,1.91,0.067707,[.00
A2C_25000_bzip2__instcount_512,24000,13774,1.1696,2.08,0.083139,[.00
A2C_25000_bzip2__instcount_512,24000,13973,1.1541,2.05,0.085935,[.00
A2C_25000_bzip2__instcount_512,24000,13841,1.1644,2.07,0.080986,[.00
A2C_25000_bzip2__instcount_512,24000,14321,1.1269,2.00,0.079951,[.00
A2C_25000_bzip2__instcount_512,24000,15580,1.0285,1.84,0.072524,[.00
A2C_25000_bzip2__instcount_512,24000,15050,1.0699,1.91,0.069109,[.00
A2C_25000_bzip2__instcount_512,24000,13786,1.1687,2.08,0.082398,[.00
A2C_25000_bzip2__instcount_512,24000,13774,1.1696,2.08,0.082245,[.00
A2C_25000_bzip2__instcount_512,24000,13761,1.1706,2.08,0.080127,[.00
A2C_25000_bzip2__instcount_512,24000,14611,1.1042,1.96,0.077105,[.00
A2C_25000_bzip2__instcount_512,24000,13912,1.1588,2.06,0.084817,[.00
A2C_25000_bzip2__instcount_512,24000,14982,1.0753,1.91,0.070078,[.00
A2C_25000_bzip2__instcount_512,24000,15136,1.0632,1.89,0.068312,[.00
A2C_25000_bzip2__instcount_512,24000,13807,1.1670,2.08,0.082457,[.00
A2C_25000_bzip2__instcount_512,24000,13805,1.1672,2.08,0.079914,[.00
A2C_25000_bzip2__instcount_512,24000,13781,1.1691,2.08,0.081335,[.00
A2C_25000_bzip2__instcount_512,24000,15241,1.0550,1.88,0.071458,[.00
A2C_25000_bzip2__instcount_512,24000,13773,1.1697,2.08,0.08388,[.00
A2C_25000_bzip2__instcount_512,24000,14041,1.1488,2.04,0.073705,[.00
A2C_25000_bzip2__instcount_512,24000,13889,1.1606,2.06,0.083517,[.00
A2C_25000_bzip2__instcount_512,25000,13757,1.1709,2.08,0.083869,[.00
A2C_25000_bzip2__instcount_512,25000,13731,1.1730,2.09,0.083076,[.00
A2C_25000_bzip2__instcount_512,25000,13974,1.1540,2.05,0.073634,[.00
A2C_25000_bzip2__instcount_512,25000,16323,0.9705,1.76,0.045003,[.00
A2C_25000_bzip2__instcount_512,25000,13802,1.1674,2.08,0.08143,[.00
A2C_25000_bzip2__instcount_512,25000,16322,0.9706,1.76,0.046997,[.00
A2C_25000_bzip2__instcount_512,25000,13756,1.1710,2.08,0.085222,[.00
A2C_25000_bzip2__instcount_512,25000,13712,1.1745,2.09,0.082141,[.00
A2C_25000_bzip2__instcount_512,25000,13685,1.1766,2.10,0.08812,[.00
A2C_25000_bzip2__instcount_512,25000,13940,1.1566,2.06,0.075315,[.00
A2C_25000_bzip2__instcount_512,25000,14005,1.1516,2.05,0.069222,[.00
A2C_25000_bzip2__instcount_512,25000,13718,1.1740,2.09,0.080223,[.00
A2C_25000_bzip2__instcount_512,25000,13804,1.1673,2.08,0.084481,[.00
A2C_25000_bzip2__instcount_512,25000,14046,1.1484,2.04,0.074521,[.00
A2C_25000_bzip2__instcount_512,25000,13767,1.1702,2.08,0.081087,[.00
A2C_25000_bzip2__instcount_512,25000,13770,1.1699,2.08,0.083765,[.00
A2C_25000_bzip2__instcount_512,25000,13991,1.1527,2.05,0.077313,[.00
A2C_25000_bzip2__instcount_512,25000,13707,1.1748,2.09,0.07982,[.00
A2C_25000_bzip2__instcount_512,25000,14156,1.1398,2.03,0.072134,[.00
A2C_25000_bzip2__instcount_512,25000,13743,1.1720,2.09,0.081355,[.00
A2C_25000_bzip2__instcount_512,25000,13707,1.1748,2.09,0.080044,[.00
A2C_25000_bzip2__instcount_512,25000,13795,1.1680,2.08,0.080263,[.00
A2C_25000_bzip2__instcount_512,25000,13752,1.1713,2.09,0.079506,[.00
A2C_25000_bzip2__instcount_512,25000,14757,1.0928,1.94,0.082468,[.00
A2C_25000_bzip2__instcount_512,25000,14127,1.1420,2.03,0.070826,[.00
A2C_25000_bzip2__instcount_512,25000,16330,0.9700,1.76,0.046946,[.00
A2C_25000_bzip2__instcount_512,25000,13754,1.1712,2.09,0.082342,[.00
A2C_25000_bzip2__instcount_512,25000,15008,1.0732,1.91,0.066504,[.00
A2C_25000_bzip2__instcount_512,25000,13741,1.1722,2.09,0.080946,[.00
A2C_25000_bzip2__instcount_512,25000,13685,1.1766,2.10,0.082472,[.00
A2C_25000_bzip2__instcount_512,25000,16496,0.9570,1.74,0.051354,[.00
A2C_25000_bzip2__instcount_512,25000,13803,1.1673,2.08,0.084277,[.00
A2C_25000_bzip2__instcount_512,25000,13790,1.1684,2.08,0.081318,[.00
A2C_25000_bzip2__instcount_512,25000,13728,1.1732,2.09,0.085596,[.00
A2C_25000_bzip2__instcount_512,25000,13750,1.1715,2.09,0.077923,[.00
A2C_25000_bzip2__instcount_512,25000,13858,1.1630,2.07,0.082666,[.00
A2C_25000_bzip2__instcount_512,25000,16478,0.9584,1.74,0.044698,[.00
A2C_25000_bzip2__instcount_512,25000,13721,1.1738,2.09,0.078064,[.00
A2C_25000_bzip2__instcount_512,25000,13695,1.1758,2.09,0.083709,[.00
A2C_25000_bzip2__instcount_512,25000,13731,1.1730,2.09,0.082891,[.00
A2C_25000_bzip2__instcount_512,25000,13761,1.1706,2.08,0.090096,[.00
A2C_25000_bzip2__instcount_512,25000,14146,1.1406,2.03,0.067846,[.00
A2C_25000_bzip2__instcount_512,25000,14078,1.1459,2.04,0.067198,[.00
A2C_25000_bzip2__instcount_512,25000,14028,1.1498,2.04,0.066868,[.00
A2C_25000_bzip2__instcount_512,25000,13781,1.1691,2.08,0.081846,[.00
A2C_25000_bzip2__instcount_512,25000,14489,1.1138,1.98,0.070523,[.00
A2C_25000_bzip2__instcount_512,25000,16341,0.9691,1.75,0.045551,[.00
A2C_25000_bzip2__instcount_512,25000,13795,1.1680,2.08,0.089076,[.00
A2C_25000_bzip2__instcount_512,25000,14113,1.1431,2.03,0.070048,[.00
A2C_25000_bzip2__instcount_512,25000,13751,1.1714,2.09,0.082001,[.00
A2C_25000_bzip2__instcount_512,25000,13742,1.1721,2.09,0.082397,[.00
A2C_25000_bzip2__instcount_512,25000,16321,0.9707,1.76,0.046124,[.00
A2C_25000_bzip2__instcount_512,25000,13809,1.1669,2.08,0.086483,[.00
A2C_25000_bzip2__instcount_512,25000,14834,1.0868,1.93,0.085875,[.00
A2C_25000_bzip2__instcount_512,25000,13979,1.1536,2.05,0.07532,[.00
A2C_25000_bzip2__instcount_512,25000,13779,1.1692,2.08,0.078878,[.00
A2C_25000_bzip2__instcount_512,25000,16363,0.9674,1.75,0.045207,[.00
A2C_25000_bzip2__instcount_512,25000,14997,1.0741,1.91,0.068084,[.00
A2C_25000_bzip2__instcount_512,25000,13783,1.1689,2.08,0.083127,[.00
A2C_25000_bzip2__instcount_512,25000,13700,1.1754,2.09,0.082491,[.00
A2C_25000_bzip2__instcount_512,25000,13707,1.1748,2.09,0.079239,[.00
A2C_25000_bzip2__instcount_512,25000,13785,1.1688,2.08,0.081365,[.00
A2C_25000_bzip2__instcount_512,25000,15097,1.0663,1.90,0.070547,[.00
A2C_25000_bzip2__instcount_512,25000,13791,1.1683,2.08,0.080441,[.00
A2C_25000_bzip2__instcount_512,25000,13756,1.1710,2.08,0.081814,[.00
A2C_25000_bzip2__instcount_512,25000,13789,1.1684,2.08,0.08174,[.00
A2C_25000_bzip2__instcount_512,25000,14261,1.1316,2.01,0.067907,[.00
A2C_25000_bzip2__instcount_512,25000,13790,1.1684,2.08,0.078258,[.00
A2C_25000_bzip2__instcount_512,25000,14131,1.1417,2.03,0.06957,[.00
A2C_25000_bzip2__instcount_512,25000,13787,1.1686,2.08,0.080533,[.00
A2C_25000_bzip2__instcount_512,25000,14033,1.1494,2.04,0.083828,[.00
A2C_25000_bzip2__instcount_512,25000,16330,0.9700,1.76,0.044576,[.00
A2C_25000_bzip2__instcount_512,25000,16308,0.9717,1.76,0.04679,[.00
A2C_25000_bzip2__instcount_512,25000,13746,1.1718,2.09,0.078876,[.00
A2C_25000_bzip2__instcount_512,25000,13684,1.1766,2.10,0.081422,[.00
A2C_25000_bzip2__instcount_512,25000,14126,1.1421,2.03,0.069335,[.00
A2C_25000_bzip2__instcount_512,25000,13737,1.1725,2.09,0.086408,[.00
A2C_25000_bzip2__instcount_512,25000,13768,1.1701,2.08,0.080772,[.00
A2C_25000_bzip2__instcount_512,25000,13687,1.1764,2.10,0.082144,[.00
A2C_25000_bzip2__instcount_512,25000,13711,1.1745,2.09,0.082039,[.00
A2C_25000_bzip2__instcount_512,25000,13766,1.1702,2.08,0.081119,[.00
A2C_25000_bzip2__instcount_512,25000,13734,1.1727,2.09,0.088203,[.00
A2C_25000_bzip2__instcount_512,25000,13750,1.1715,2.09,0.081106,[.00
A2C_25000_bzip2__instcount_512,25000,14179,1.1380,2.02,0.07142,[.00
A2C_25000_bzip2__instcount_512,25000,13736,1.1726,2.09,0.07986,[.00
A2C_25000_bzip2__instcount_512,25000,13737,1.1725,2.09,0.083221,[.00
A2C_25000_bzip2__instcount_512,25000,14221,1.1347,2.02,0.06686,[.00
A2C_25000_bzip2__instcount_512,25000,13748,1.1716,2.09,0.080125,[.00
A2C_25000_bzip2__instcount_512,25000,13786,1.1687,2.08,0.083044,[.00
A2C_25000_bzip2__instcount_512,25000,13738,1.1724,2.09,0.079511,[.00
A2C_25000_bzip2__instcount_512,25000,14567,1.1077,1.97,0.064775,[.00
A2C_25000_bzip2__instcount_512,25000,13684,1.1766,2.10,0.080384,[.00
A2C_25000_bzip2__instcount_512,25000,13798,1.1677,2.08,0.088591,[.00
A2C_25000_bzip2__instcount_512,25000,14132,1.1416,2.03,0.072339,[.00
A2C_25000_bzip2__instcount_512,25000,13971,1.1542,2.05,0.073296,[.00
A2C_25000_bzip2__instcount_512,25000,13728,1.1732,2.09,0.077515,[.00
A2C_25000_bzip2__instcount_512,25000,14024,1.1501,2.04,0.066824,[.00
A2C_25000_bzip2__instcount_512,25000,13806,1.1671,2.08,0.086554,[.00
A2C_25000_bzip2__instcount_512,25000,13786,1.1687,2.08,0.084995,[.00
A2C_25000_bzip2__instcount_512,25000,13837,1.1647,2.07,0.083512,[.00
