PPO_25000_bzip2__instcount_PLAIN_HYPER,1000,26081,0.2083,1.10,0.048914,[.00
PPO_25000_bzip2__instcount_PLAIN_HYPER,1000,19269,0.7404,1.49,0.067819,[.00
PPO_25000_bzip2__instcount_PLAIN_HYPER,1000,27686,0.0829,1.03,0.087088,[.00
PPO_25000_bzip2__instcount_PLAIN_HYPER,1000,16993,0.9182,1.69,0.070251,[.00
PPO_25000_bzip2__instcount_PLAIN_HYPER,1000,15744,1.0157,1.82,0.074473,[.00
PPO_25000_bzip2__instcount_PLAIN_HYPER,1000,21268,0.5842,1.35,0.089595,[.00
PPO_25000_bzip2__instcount_PLAIN_HYPER,1000,22352,0.4996,1.28,0.067761,[.00
PPO_25000_bzip2__instcount_PLAIN_HYPER,1000,17446,0.8828,1.64,0.082169,[.00
PPO_25000_bzip2__instcount_PLAIN_HYPER,1000,16561,0.9519,1.73,0.069823,[.00
PPO_25000_bzip2__instcount_PLAIN_HYPER,1000,31977,-0.2522,0.89,0.085788,[.00
PPO_25000_bzip2__instcount_PLAIN_HYPER,1000,16817,0.9319,1.70,0.096957,[.00
PPO_25000_bzip2__instcount_PLAIN_HYPER,1000,16136,0.9851,1.78,0.078834,[.00
PPO_25000_bzip2__instcount_PLAIN_HYPER,1000,15870,1.0059,1.81,0.069686,[.00
PPO_25000_bzip2__instcount_PLAIN_HYPER,1000,18980,0.7630,1.51,0.076097,[.00
PPO_25000_bzip2__instcount_PLAIN_HYPER,1000,24784,0.3096,1.15,0.048524,[.00
PPO_25000_bzip2__instcount_PLAIN_HYPER,1000,21967,0.5296,1.30,0.08489,[.00
PPO_25000_bzip2__instcount_PLAIN_HYPER,1000,18370,0.8106,1.56,0.047563,[.00
PPO_25000_bzip2__instcount_PLAIN_HYPER,1000,21651,0.5543,1.32,0.070801,[.00
PPO_25000_bzip2__instcount_PLAIN_HYPER,1000,24530,0.3294,1.17,0.100232,[.00
PPO_25000_bzip2__instcount_PLAIN_HYPER,1000,23477,0.4117,1.22,0.067111,[.00
PPO_25000_bzip2__instcount_PLAIN_HYPER,1000,17197,0.9022,1.67,0.080745,[.00
PPO_25000_bzip2__instcount_PLAIN_HYPER,1000,15056,1.0695,1.90,0.069447,[.00
PPO_25000_bzip2__instcount_PLAIN_HYPER,1000,23094,0.4416,1.24,0.072622,[.00
PPO_25000_bzip2__instcount_PLAIN_HYPER,1000,27924,0.0643,1.02,0.067654,[.00
PPO_25000_bzip2__instcount_PLAIN_HYPER,1000,28215,0.0416,1.01,0.052042,[.00
PPO_25000_bzip2__instcount_PLAIN_HYPER,1000,22856,0.4602,1.25,0.062397,[.00
PPO_25000_bzip2__instcount_PLAIN_HYPER,1000,18442,0.8050,1.55,0.067284,[.00
PPO_25000_bzip2__instcount_PLAIN_HYPER,1000,19325,0.7360,1.48,0.069057,[.00
PPO_25000_bzip2__instcount_PLAIN_HYPER,1000,17109,0.9091,1.68,0.074768,[.00
PPO_25000_bzip2__instcount_PLAIN_HYPER,1000,17750,0.8590,1.61,0.069708,[.00
PPO_25000_bzip2__instcount_PLAIN_HYPER,1000,22642,0.4769,1.26,0.049254,[.00
PPO_25000_bzip2__instcount_PLAIN_HYPER,1000,17375,0.8883,1.65,0.098197,[.00
PPO_25000_bzip2__instcount_PLAIN_HYPER,1000,16753,0.9369,1.71,0.073138,[.00
PPO_25000_bzip2__instcount_PLAIN_HYPER,1000,21350,0.5778,1.34,0.071973,[.00
PPO_25000_bzip2__instcount_PLAIN_HYPER,1000,25973,0.2167,1.10,0.048074,[.00
PPO_25000_bzip2__instcount_PLAIN_HYPER,1000,21474,0.5681,1.33,0.079941,[.00
PPO_25000_bzip2__instcount_PLAIN_HYPER,1000,21617,0.5570,1.32,0.082325,[.00
PPO_25000_bzip2__instcount_PLAIN_HYPER,1000,26972,0.1387,1.06,0.04809,[.00
PPO_25000_bzip2__instcount_PLAIN_HYPER,1000,17101,0.9097,1.68,0.069059,[.00
PPO_25000_bzip2__instcount_PLAIN_HYPER,1000,15548,1.0310,1.84,0.069339,[.00
PPO_25000_bzip2__instcount_PLAIN_HYPER,1000,17205,0.9016,1.67,0.076309,[.00
PPO_25000_bzip2__instcount_PLAIN_HYPER,1000,15321,1.0488,1.87,0.067145,[.00
PPO_25000_bzip2__instcount_PLAIN_HYPER,1000,26263,0.1941,1.09,0.047009,[.00
PPO_25000_bzip2__instcount_PLAIN_HYPER,1000,21932,0.5324,1.31,0.095058,[.00
PPO_25000_bzip2__instcount_PLAIN_HYPER,1000,16337,0.9694,1.75,0.07122,[.00
PPO_25000_bzip2__instcount_PLAIN_HYPER,1000,18797,0.7773,1.52,0.046123,[.00
PPO_25000_bzip2__instcount_PLAIN_HYPER,1000,21871,0.5371,1.31,0.084683,[.00
PPO_25000_bzip2__instcount_PLAIN_HYPER,1000,23667,0.3968,1.21,0.050535,[.00
PPO_25000_bzip2__instcount_PLAIN_HYPER,1000,16276,0.9742,1.76,0.070832,[.00
PPO_25000_bzip2__instcount_PLAIN_HYPER,1000,16748,0.9373,1.71,0.082153,[.00
PPO_25000_bzip2__instcount_PLAIN_HYPER,1000,34508,-0.4499,0.83,0.085154,[.00
PPO_25000_bzip2__instcount_PLAIN_HYPER,1000,34688,-0.4639,0.82,0.050061,[.00
PPO_25000_bzip2__instcount_PLAIN_HYPER,1000,17298,0.8943,1.66,0.069183,[.00
PPO_25000_bzip2__instcount_PLAIN_HYPER,1000,15563,1.0299,1.84,0.066542,[.00
PPO_25000_bzip2__instcount_PLAIN_HYPER,1000,20933,0.6104,1.37,0.044997,[.00
PPO_25000_bzip2__instcount_PLAIN_HYPER,1000,20607,0.6359,1.39,0.071552,[.00
PPO_25000_bzip2__instcount_PLAIN_HYPER,1000,20423,0.6502,1.40,0.046912,[.00
PPO_25000_bzip2__instcount_PLAIN_HYPER,1000,28429,0.0249,1.01,0.049978,[.00
PPO_25000_bzip2__instcount_PLAIN_HYPER,1000,22633,0.4776,1.27,0.084546,[.00
PPO_25000_bzip2__instcount_PLAIN_HYPER,1000,20367,0.6546,1.41,0.054992,[.00
PPO_25000_bzip2__instcount_PLAIN_HYPER,1000,21997,0.5273,1.30,0.045935,[.00
PPO_25000_bzip2__instcount_PLAIN_HYPER,1000,22661,0.4754,1.26,0.046077,[.00
PPO_25000_bzip2__instcount_PLAIN_HYPER,1000,25436,0.2587,1.13,0.048928,[.00
PPO_25000_bzip2__instcount_PLAIN_HYPER,1000,22056,0.5227,1.30,0.046463,[.00
PPO_25000_bzip2__instcount_PLAIN_HYPER,1000,22662,0.4753,1.26,0.0475,[.00
PPO_25000_bzip2__instcount_PLAIN_HYPER,1000,16376,0.9664,1.75,0.083975,[.00
PPO_25000_bzip2__instcount_PLAIN_HYPER,1000,20484,0.6455,1.40,0.0805,[.00
PPO_25000_bzip2__instcount_PLAIN_HYPER,1000,21454,0.5697,1.33,0.047989,[.00
PPO_25000_bzip2__instcount_PLAIN_HYPER,1000,32790,-0.3157,0.87,0.047074,[.00
PPO_25000_bzip2__instcount_PLAIN_HYPER,1000,18268,0.8186,1.57,0.082516,[.00
PPO_25000_bzip2__instcount_PLAIN_HYPER,1000,21809,0.5420,1.31,0.084088,[.00
PPO_25000_bzip2__instcount_PLAIN_HYPER,1000,15360,1.0457,1.87,0.071345,[.00
PPO_25000_bzip2__instcount_PLAIN_HYPER,1000,19915,0.6899,1.44,0.067772,[.00
PPO_25000_bzip2__instcount_PLAIN_HYPER,1000,15345,1.0469,1.87,0.068275,[.00
PPO_25000_bzip2__instcount_PLAIN_HYPER,1000,32867,-0.3217,0.87,0.050322,[.00
PPO_25000_bzip2__instcount_PLAIN_HYPER,1000,19684,0.7080,1.46,0.069884,[.00
PPO_25000_bzip2__instcount_PLAIN_HYPER,1000,18478,0.8022,1.55,0.068397,[.00
PPO_25000_bzip2__instcount_PLAIN_HYPER,1000,29859,-0.0867,0.96,0.081414,[.00
PPO_25000_bzip2__instcount_PLAIN_HYPER,1000,29488,-0.0578,0.97,0.046005,[.00
PPO_25000_bzip2__instcount_PLAIN_HYPER,1000,18415,0.8071,1.56,0.045745,[.00
PPO_25000_bzip2__instcount_PLAIN_HYPER,1000,34432,-0.4439,0.83,0.082218,[.00
PPO_25000_bzip2__instcount_PLAIN_HYPER,1000,22392,0.4964,1.28,0.083047,[.00
PPO_25000_bzip2__instcount_PLAIN_HYPER,1000,20051,0.6793,1.43,0.073,[.00
PPO_25000_bzip2__instcount_PLAIN_HYPER,1000,15280,1.0520,1.88,0.078652,[.00
PPO_25000_bzip2__instcount_PLAIN_HYPER,1000,21673,0.5526,1.32,0.077032,[.00
PPO_25000_bzip2__instcount_PLAIN_HYPER,1000,18500,0.8004,1.55,0.069023,[.00
PPO_25000_bzip2__instcount_PLAIN_HYPER,1000,48143,-1.5149,0.59,0.109708,[.00
PPO_25000_bzip2__instcount_PLAIN_HYPER,1000,17284,0.8954,1.66,0.083163,[.00
PPO_25000_bzip2__instcount_PLAIN_HYPER,1000,14972,1.0760,1.92,0.068647,[.00
PPO_25000_bzip2__instcount_PLAIN_HYPER,1000,15036,1.0710,1.91,0.080459,[.00
PPO_25000_bzip2__instcount_PLAIN_HYPER,1000,22686,0.4735,1.26,0.069577,[.00
PPO_25000_bzip2__instcount_PLAIN_HYPER,1000,19642,0.7112,1.46,0.069264,[.00
PPO_25000_bzip2__instcount_PLAIN_HYPER,1000,20580,0.6380,1.39,0.069243,[.00
PPO_25000_bzip2__instcount_PLAIN_HYPER,1000,16125,0.9860,1.78,0.092255,[.00
PPO_25000_bzip2__instcount_PLAIN_HYPER,1000,15233,1.0556,1.88,0.079905,[.00
PPO_25000_bzip2__instcount_PLAIN_HYPER,1000,16120,0.9864,1.78,0.085057,[.00
PPO_25000_bzip2__instcount_PLAIN_HYPER,1000,19916,0.6898,1.44,0.082427,[.00
PPO_25000_bzip2__instcount_PLAIN_HYPER,1000,16452,0.9604,1.74,0.080333,[.00
PPO_25000_bzip2__instcount_PLAIN_HYPER,1000,19234,0.7431,1.49,0.072062,[.00
PPO_25000_bzip2__instcount_PLAIN_HYPER,1000,19583,0.7159,1.46,0.073514,[.00
PPO_25000_bzip2__instcount_PLAIN_HYPER,2000,15446,1.0390,1.86,0.067746,[.00
PPO_25000_bzip2__instcount_PLAIN_HYPER,2000,17177,0.9038,1.67,0.074588,[.00
PPO_25000_bzip2__instcount_PLAIN_HYPER,2000,15464,1.0376,1.85,0.07968,[.00
PPO_25000_bzip2__instcount_PLAIN_HYPER,2000,19299,0.7380,1.48,0.089368,[.00
PPO_25000_bzip2__instcount_PLAIN_HYPER,2000,14373,1.1228,2.00,0.081422,[.00
PPO_25000_bzip2__instcount_PLAIN_HYPER,2000,15742,1.0159,1.82,0.067114,[.00
PPO_25000_bzip2__instcount_PLAIN_HYPER,2000,17976,0.8414,1.59,0.051601,[.00
PPO_25000_bzip2__instcount_PLAIN_HYPER,2000,13907,1.1592,2.06,0.082318,[.00
PPO_25000_bzip2__instcount_PLAIN_HYPER,2000,16771,0.9355,1.71,0.068818,[.00
PPO_25000_bzip2__instcount_PLAIN_HYPER,2000,16355,0.9680,1.75,0.073526,[.00
PPO_25000_bzip2__instcount_PLAIN_HYPER,2000,16331,0.9699,1.76,0.077126,[.00
PPO_25000_bzip2__instcount_PLAIN_HYPER,2000,15325,1.0485,1.87,0.074143,[.00
PPO_25000_bzip2__instcount_PLAIN_HYPER,2000,14597,1.1053,1.96,0.079445,[.00
PPO_25000_bzip2__instcount_PLAIN_HYPER,2000,39054,-0.8050,0.73,0.051977,[.00
PPO_25000_bzip2__instcount_PLAIN_HYPER,2000,13685,1.1766,2.10,0.083198,[.00
PPO_25000_bzip2__instcount_PLAIN_HYPER,2000,15903,1.0033,1.80,0.070124,[.00
PPO_25000_bzip2__instcount_PLAIN_HYPER,2000,15808,1.0107,1.81,0.068255,[.00
PPO_25000_bzip2__instcount_PLAIN_HYPER,2000,14885,1.0828,1.93,0.083656,[.00
PPO_25000_bzip2__instcount_PLAIN_HYPER,2000,15505,1.0344,1.85,0.068034,[.00
PPO_25000_bzip2__instcount_PLAIN_HYPER,2000,15205,1.0578,1.89,0.068739,[.00
PPO_25000_bzip2__instcount_PLAIN_HYPER,2000,14837,1.0866,1.93,0.071821,[.00
PPO_25000_bzip2__instcount_PLAIN_HYPER,2000,17722,0.8612,1.62,0.071132,[.00
PPO_25000_bzip2__instcount_PLAIN_HYPER,2000,17552,0.8745,1.63,0.048474,[.00
PPO_25000_bzip2__instcount_PLAIN_HYPER,2000,15020,1.0723,1.91,0.075513,[.00
PPO_25000_bzip2__instcount_PLAIN_HYPER,2000,30887,-0.1670,0.93,0.053356,[.00
PPO_25000_bzip2__instcount_PLAIN_HYPER,2000,14447,1.1170,1.98,0.085991,[.00
PPO_25000_bzip2__instcount_PLAIN_HYPER,2000,17414,0.8853,1.65,0.052003,[.00
PPO_25000_bzip2__instcount_PLAIN_HYPER,2000,16579,0.9505,1.73,0.080935,[.00
PPO_25000_bzip2__instcount_PLAIN_HYPER,2000,16733,0.9385,1.71,0.06791,[.00
PPO_25000_bzip2__instcount_PLAIN_HYPER,2000,35678,-0.5413,0.80,0.049537,[.00
PPO_25000_bzip2__instcount_PLAIN_HYPER,2000,15011,1.0730,1.91,0.073049,[.00
PPO_25000_bzip2__instcount_PLAIN_HYPER,2000,38947,-0.7966,0.73,0.081365,[.00
PPO_25000_bzip2__instcount_PLAIN_HYPER,2000,14835,1.0867,1.93,0.083381,[.00
PPO_25000_bzip2__instcount_PLAIN_HYPER,2000,19008,0.7608,1.51,0.069239,[.00
PPO_25000_bzip2__instcount_PLAIN_HYPER,2000,15316,1.0492,1.87,0.071482,[.00
PPO_25000_bzip2__instcount_PLAIN_HYPER,2000,15507,1.0342,1.85,0.069949,[.00
PPO_25000_bzip2__instcount_PLAIN_HYPER,2000,15203,1.0580,1.89,0.070011,[.00
PPO_25000_bzip2__instcount_PLAIN_HYPER,2000,15479,1.0364,1.85,0.070383,[.00
PPO_25000_bzip2__instcount_PLAIN_HYPER,2000,14362,1.1237,2.00,0.083276,[.00
PPO_25000_bzip2__instcount_PLAIN_HYPER,2000,28440,0.0240,1.01,0.050074,[.00
PPO_25000_bzip2__instcount_PLAIN_HYPER,2000,16305,0.9719,1.76,0.077113,[.00
PPO_25000_bzip2__instcount_PLAIN_HYPER,2000,19824,0.6970,1.45,0.044672,[.00
PPO_25000_bzip2__instcount_PLAIN_HYPER,2000,15966,0.9984,1.80,0.081359,[.00
PPO_25000_bzip2__instcount_PLAIN_HYPER,2000,17404,0.8861,1.65,0.073995,[.00
PPO_25000_bzip2__instcount_PLAIN_HYPER,2000,16061,0.9910,1.78,0.079387,[.00
PPO_25000_bzip2__instcount_PLAIN_HYPER,2000,15558,1.0303,1.84,0.070086,[.00
PPO_25000_bzip2__instcount_PLAIN_HYPER,2000,17320,0.8926,1.65,0.084824,[.00
PPO_25000_bzip2__instcount_PLAIN_HYPER,2000,15021,1.0722,1.91,0.06829,[.00
PPO_25000_bzip2__instcount_PLAIN_HYPER,2000,17656,0.8664,1.62,0.069541,[.00
PPO_25000_bzip2__instcount_PLAIN_HYPER,2000,16438,0.9615,1.74,0.090696,[.00
PPO_25000_bzip2__instcount_PLAIN_HYPER,2000,15093,1.0666,1.90,0.083516,[.00
PPO_25000_bzip2__instcount_PLAIN_HYPER,2000,17005,0.9172,1.69,0.082774,[.00
PPO_25000_bzip2__instcount_PLAIN_HYPER,2000,39058,-0.8053,0.73,0.116888,[.00
PPO_25000_bzip2__instcount_PLAIN_HYPER,2000,18870,0.7715,1.52,0.08018,[.00
PPO_25000_bzip2__instcount_PLAIN_HYPER,2000,19103,0.7533,1.50,0.048708,[.00
PPO_25000_bzip2__instcount_PLAIN_HYPER,2000,16409,0.9638,1.75,0.075625,[.00
PPO_25000_bzip2__instcount_PLAIN_HYPER,2000,22239,0.5084,1.29,0.068421,[.00
PPO_25000_bzip2__instcount_PLAIN_HYPER,2000,15841,1.0082,1.81,0.068423,[.00
PPO_25000_bzip2__instcount_PLAIN_HYPER,2000,14842,1.0862,1.93,0.06849,[.00
PPO_25000_bzip2__instcount_PLAIN_HYPER,2000,16320,0.9707,1.76,0.071437,[.00
PPO_25000_bzip2__instcount_PLAIN_HYPER,2000,19509,0.7216,1.47,0.071765,[.00
PPO_25000_bzip2__instcount_PLAIN_HYPER,2000,17327,0.8921,1.65,0.085618,[.00
PPO_25000_bzip2__instcount_PLAIN_HYPER,2000,15618,1.0256,1.84,0.069343,[.00
PPO_25000_bzip2__instcount_PLAIN_HYPER,2000,16028,0.9935,1.79,0.071311,[.00
PPO_25000_bzip2__instcount_PLAIN_HYPER,2000,18381,0.8097,1.56,0.08094,[.00
PPO_25000_bzip2__instcount_PLAIN_HYPER,2000,14585,1.1063,1.97,0.084745,[.00
PPO_25000_bzip2__instcount_PLAIN_HYPER,2000,18558,0.7959,1.54,0.068407,[.00
PPO_25000_bzip2__instcount_PLAIN_HYPER,2000,16850,0.9293,1.70,0.087152,[.00
PPO_25000_bzip2__instcount_PLAIN_HYPER,2000,15923,1.0017,1.80,0.070446,[.00
PPO_25000_bzip2__instcount_PLAIN_HYPER,2000,24720,0.3146,1.16,0.048763,[.00
PPO_25000_bzip2__instcount_PLAIN_HYPER,2000,16325,0.9703,1.76,0.07066,[.00
PPO_25000_bzip2__instcount_PLAIN_HYPER,2000,18217,0.8226,1.57,0.083483,[.00
PPO_25000_bzip2__instcount_PLAIN_HYPER,2000,14899,1.0817,1.92,0.082185,[.00
PPO_25000_bzip2__instcount_PLAIN_HYPER,2000,24651,0.3200,1.16,0.077502,[.00
PPO_25000_bzip2__instcount_PLAIN_HYPER,2000,17273,0.8963,1.66,0.081368,[.00
PPO_25000_bzip2__instcount_PLAIN_HYPER,2000,15543,1.0314,1.84,0.068171,[.00
PPO_25000_bzip2__instcount_PLAIN_HYPER,2000,20067,0.6780,1.43,0.087444,[.00
PPO_25000_bzip2__instcount_PLAIN_HYPER,2000,14618,1.1037,1.96,0.085546,[.00
PPO_25000_bzip2__instcount_PLAIN_HYPER,2000,15784,1.0126,1.82,0.080587,[.00
PPO_25000_bzip2__instcount_PLAIN_HYPER,2000,14723,1.0955,1.95,0.067631,[.00
PPO_25000_bzip2__instcount_PLAIN_HYPER,2000,15644,1.0235,1.83,0.070572,[.00
PPO_25000_bzip2__instcount_PLAIN_HYPER,2000,16343,0.9689,1.75,0.047893,[.00
PPO_25000_bzip2__instcount_PLAIN_HYPER,2000,16139,0.9849,1.78,0.070137,[.00
PPO_25000_bzip2__instcount_PLAIN_HYPER,2000,19083,0.7549,1.50,0.070253,[.00
PPO_25000_bzip2__instcount_PLAIN_HYPER,2000,16310,0.9715,1.76,0.070473,[.00
PPO_25000_bzip2__instcount_PLAIN_HYPER,2000,16221,0.9785,1.77,0.069261,[.00
PPO_25000_bzip2__instcount_PLAIN_HYPER,2000,16406,0.9640,1.75,0.078201,[.00
PPO_25000_bzip2__instcount_PLAIN_HYPER,2000,15778,1.0131,1.82,0.070376,[.00
PPO_25000_bzip2__instcount_PLAIN_HYPER,2000,17032,0.9151,1.68,0.066658,[.00
PPO_25000_bzip2__instcount_PLAIN_HYPER,2000,14946,1.0781,1.92,0.08376,[.00
PPO_25000_bzip2__instcount_PLAIN_HYPER,2000,15675,1.0211,1.83,0.071183,[.00
PPO_25000_bzip2__instcount_PLAIN_HYPER,2000,16981,0.9191,1.69,0.075306,[.00
PPO_25000_bzip2__instcount_PLAIN_HYPER,2000,15568,1.0295,1.84,0.074176,[.00
PPO_25000_bzip2__instcount_PLAIN_HYPER,2000,15870,1.0059,1.81,0.070668,[.00
PPO_25000_bzip2__instcount_PLAIN_HYPER,2000,14936,1.0788,1.92,0.070868,[.00
PPO_25000_bzip2__instcount_PLAIN_HYPER,2000,19552,0.7183,1.47,0.046944,[.00
PPO_25000_bzip2__instcount_PLAIN_HYPER,2000,33882,-0.4010,0.84,0.08424,[.00
PPO_25000_bzip2__instcount_PLAIN_HYPER,2000,14842,1.0862,1.93,0.080403,[.00
PPO_25000_bzip2__instcount_PLAIN_HYPER,2000,19908,0.6905,1.44,0.082695,[.00
PPO_25000_bzip2__instcount_PLAIN_HYPER,2000,55599,-2.0974,0.51,0.126471,[.00
PPO_25000_bzip2__instcount_PLAIN_HYPER,3000,16112,0.9870,1.78,0.079357,[.00
PPO_25000_bzip2__instcount_PLAIN_HYPER,3000,15285,1.0516,1.88,0.085784,[.00
PPO_25000_bzip2__instcount_PLAIN_HYPER,3000,15812,1.0104,1.81,0.071172,[.00
PPO_25000_bzip2__instcount_PLAIN_HYPER,3000,15098,1.0662,1.90,0.072127,[.00
PPO_25000_bzip2__instcount_PLAIN_HYPER,3000,13822,1.1659,2.07,0.079719,[.00
PPO_25000_bzip2__instcount_PLAIN_HYPER,3000,14651,1.1011,1.96,0.081582,[.00
PPO_25000_bzip2__instcount_PLAIN_HYPER,3000,14725,1.0953,1.95,0.086058,[.00
PPO_25000_bzip2__instcount_PLAIN_HYPER,3000,14719,1.0958,1.95,0.068489,[.00
PPO_25000_bzip2__instcount_PLAIN_HYPER,3000,14339,1.1255,2.00,0.081822,[.00
PPO_25000_bzip2__instcount_PLAIN_HYPER,3000,19833,0.6963,1.44,0.07342,[.00
PPO_25000_bzip2__instcount_PLAIN_HYPER,3000,15406,1.0421,1.86,0.073221,[.00
PPO_25000_bzip2__instcount_PLAIN_HYPER,3000,14353,1.1244,2.00,0.086137,[.00
PPO_25000_bzip2__instcount_PLAIN_HYPER,3000,14753,1.0931,1.94,0.081831,[.00
PPO_25000_bzip2__instcount_PLAIN_HYPER,3000,17001,0.9175,1.69,0.08198,[.00
PPO_25000_bzip2__instcount_PLAIN_HYPER,3000,14869,1.0841,1.93,0.072454,[.00
PPO_25000_bzip2__instcount_PLAIN_HYPER,3000,17029,0.9154,1.68,0.081286,[.00
PPO_25000_bzip2__instcount_PLAIN_HYPER,3000,14283,1.1299,2.01,0.081238,[.00
PPO_25000_bzip2__instcount_PLAIN_HYPER,3000,16544,0.9532,1.73,0.082014,[.00
PPO_25000_bzip2__instcount_PLAIN_HYPER,3000,14759,1.0927,1.94,0.071452,[.00
PPO_25000_bzip2__instcount_PLAIN_HYPER,3000,13547,1.1873,2.12,0.080075,[.00
PPO_25000_bzip2__instcount_PLAIN_HYPER,3000,13651,1.1792,2.10,0.08659,[.00
PPO_25000_bzip2__instcount_PLAIN_HYPER,3000,14964,1.0767,1.92,0.070654,[.00
PPO_25000_bzip2__instcount_PLAIN_HYPER,3000,15705,1.0188,1.83,0.084489,[.00
PPO_25000_bzip2__instcount_PLAIN_HYPER,3000,15222,1.0565,1.88,0.070328,[.00
PPO_25000_bzip2__instcount_PLAIN_HYPER,3000,15201,1.0581,1.89,0.077812,[.00
PPO_25000_bzip2__instcount_PLAIN_HYPER,3000,15086,1.0671,1.90,0.068805,[.00
PPO_25000_bzip2__instcount_PLAIN_HYPER,3000,19564,0.7173,1.46,0.045356,[.00
PPO_25000_bzip2__instcount_PLAIN_HYPER,3000,16015,0.9946,1.79,0.06982,[.00
PPO_25000_bzip2__instcount_PLAIN_HYPER,3000,14936,1.0788,1.92,0.07359,[.00
PPO_25000_bzip2__instcount_PLAIN_HYPER,3000,15311,1.0496,1.87,0.070865,[.00
PPO_25000_bzip2__instcount_PLAIN_HYPER,3000,15047,1.0702,1.91,0.070014,[.00
PPO_25000_bzip2__instcount_PLAIN_HYPER,3000,20939,0.6099,1.37,0.047722,[.00
PPO_25000_bzip2__instcount_PLAIN_HYPER,3000,14208,1.1357,2.02,0.082699,[.00
PPO_25000_bzip2__instcount_PLAIN_HYPER,3000,14367,1.1233,2.00,0.081968,[.00
PPO_25000_bzip2__instcount_PLAIN_HYPER,3000,14987,1.0749,1.91,0.069839,[.00
PPO_25000_bzip2__instcount_PLAIN_HYPER,3000,14595,1.1055,1.96,0.068975,[.00
PPO_25000_bzip2__instcount_PLAIN_HYPER,3000,19256,0.7414,1.49,0.071803,[.00
PPO_25000_bzip2__instcount_PLAIN_HYPER,3000,16099,0.9880,1.78,0.069605,[.00
PPO_25000_bzip2__instcount_PLAIN_HYPER,3000,15614,1.0259,1.84,0.079608,[.00
PPO_25000_bzip2__instcount_PLAIN_HYPER,3000,20072,0.6777,1.43,0.048287,[.00
PPO_25000_bzip2__instcount_PLAIN_HYPER,3000,15604,1.0267,1.84,0.075392,[.00
PPO_25000_bzip2__instcount_PLAIN_HYPER,3000,16664,0.9439,1.72,0.080397,[.00
PPO_25000_bzip2__instcount_PLAIN_HYPER,3000,15177,1.0600,1.89,0.06981,[.00
PPO_25000_bzip2__instcount_PLAIN_HYPER,3000,16142,0.9846,1.78,0.082113,[.00
PPO_25000_bzip2__instcount_PLAIN_HYPER,3000,15292,1.0510,1.87,0.068974,[.00
PPO_25000_bzip2__instcount_PLAIN_HYPER,3000,14704,1.0970,1.95,0.069549,[.00
PPO_25000_bzip2__instcount_PLAIN_HYPER,3000,14979,1.0755,1.91,0.067905,[.00
PPO_25000_bzip2__instcount_PLAIN_HYPER,3000,14829,1.0872,1.93,0.097979,[.00
PPO_25000_bzip2__instcount_PLAIN_HYPER,3000,15199,1.0583,1.89,0.069953,[.00
PPO_25000_bzip2__instcount_PLAIN_HYPER,3000,14398,1.1209,1.99,0.079762,[.00
PPO_25000_bzip2__instcount_PLAIN_HYPER,3000,23225,0.4314,1.23,0.045216,[.00
PPO_25000_bzip2__instcount_PLAIN_HYPER,3000,14934,1.0790,1.92,0.08483,[.00
PPO_25000_bzip2__instcount_PLAIN_HYPER,3000,15703,1.0189,1.83,0.076961,[.00
PPO_25000_bzip2__instcount_PLAIN_HYPER,3000,16636,0.9461,1.72,0.065116,[.00
PPO_25000_bzip2__instcount_PLAIN_HYPER,3000,14754,1.0931,1.94,0.081441,[.00
PPO_25000_bzip2__instcount_PLAIN_HYPER,3000,15940,1.0004,1.80,0.068678,[.00
PPO_25000_bzip2__instcount_PLAIN_HYPER,3000,14735,1.0945,1.95,0.068293,[.00
PPO_25000_bzip2__instcount_PLAIN_HYPER,3000,14174,1.1384,2.02,0.080246,[.00
PPO_25000_bzip2__instcount_PLAIN_HYPER,3000,15473,1.0369,1.85,0.076078,[.00
PPO_25000_bzip2__instcount_PLAIN_HYPER,3000,15211,1.0574,1.88,0.083973,[.00
PPO_25000_bzip2__instcount_PLAIN_HYPER,3000,15193,1.0588,1.89,0.072424,[.00
PPO_25000_bzip2__instcount_PLAIN_HYPER,3000,15199,1.0583,1.89,0.079282,[.00
PPO_25000_bzip2__instcount_PLAIN_HYPER,3000,15757,1.0147,1.82,0.068553,[.00
PPO_25000_bzip2__instcount_PLAIN_HYPER,3000,17553,0.8744,1.63,0.076232,[.00
PPO_25000_bzip2__instcount_PLAIN_HYPER,3000,15769,1.0138,1.82,0.068199,[.00
PPO_25000_bzip2__instcount_PLAIN_HYPER,3000,17110,0.9090,1.68,0.083672,[.00
PPO_25000_bzip2__instcount_PLAIN_HYPER,3000,14200,1.1363,2.02,0.067097,[.00
PPO_25000_bzip2__instcount_PLAIN_HYPER,3000,19039,0.7583,1.50,0.08286,[.00
PPO_25000_bzip2__instcount_PLAIN_HYPER,3000,14369,1.1231,2.00,0.078295,[.00
PPO_25000_bzip2__instcount_PLAIN_HYPER,3000,15245,1.0547,1.88,0.069282,[.00
PPO_25000_bzip2__instcount_PLAIN_HYPER,3000,15819,1.0099,1.81,0.067585,[.00
PPO_25000_bzip2__instcount_PLAIN_HYPER,3000,15587,1.0280,1.84,0.07376,[.00
PPO_25000_bzip2__instcount_PLAIN_HYPER,3000,14247,1.1327,2.01,0.069314,[.00
PPO_25000_bzip2__instcount_PLAIN_HYPER,3000,14058,1.1474,2.04,0.083808,[.00
PPO_25000_bzip2__instcount_PLAIN_HYPER,3000,14761,1.0925,1.94,0.083148,[.00
PPO_25000_bzip2__instcount_PLAIN_HYPER,3000,14850,1.0856,1.93,0.066507,[.00
PPO_25000_bzip2__instcount_PLAIN_HYPER,3000,14112,1.1432,2.03,0.07872,[.00
PPO_25000_bzip2__instcount_PLAIN_HYPER,3000,15498,1.0349,1.85,0.072105,[.00
PPO_25000_bzip2__instcount_PLAIN_HYPER,3000,15284,1.0517,1.88,0.070866,[.00
PPO_25000_bzip2__instcount_PLAIN_HYPER,3000,14021,1.1503,2.05,0.090792,[.00
PPO_25000_bzip2__instcount_PLAIN_HYPER,3000,14364,1.1235,2.00,0.086813,[.00
PPO_25000_bzip2__instcount_PLAIN_HYPER,3000,14994,1.0743,1.91,0.077962,[.00
PPO_25000_bzip2__instcount_PLAIN_HYPER,3000,16069,0.9903,1.78,0.067999,[.00
PPO_25000_bzip2__instcount_PLAIN_HYPER,3000,13946,1.1562,2.06,0.081437,[.00
PPO_25000_bzip2__instcount_PLAIN_HYPER,3000,15640,1.0239,1.83,0.086041,[.00
PPO_25000_bzip2__instcount_PLAIN_HYPER,3000,15815,1.0102,1.81,0.070381,[.00
PPO_25000_bzip2__instcount_PLAIN_HYPER,3000,15238,1.0553,1.88,0.06799,[.00
PPO_25000_bzip2__instcount_PLAIN_HYPER,3000,14404,1.1204,1.99,0.069992,[.00
PPO_25000_bzip2__instcount_PLAIN_HYPER,3000,14986,1.0749,1.91,0.067762,[.00
PPO_25000_bzip2__instcount_PLAIN_HYPER,3000,14132,1.1416,2.03,0.081538,[.00
PPO_25000_bzip2__instcount_PLAIN_HYPER,3000,19519,0.7209,1.47,0.068935,[.00
PPO_25000_bzip2__instcount_PLAIN_HYPER,3000,15487,1.0358,1.85,0.071239,[.00
PPO_25000_bzip2__instcount_PLAIN_HYPER,3000,15810,1.0106,1.81,0.072512,[.00
PPO_25000_bzip2__instcount_PLAIN_HYPER,3000,15523,1.0330,1.85,0.072682,[.00
PPO_25000_bzip2__instcount_PLAIN_HYPER,3000,15800,1.0114,1.81,0.062964,[.00
PPO_25000_bzip2__instcount_PLAIN_HYPER,3000,15047,1.0702,1.91,0.072827,[.00
PPO_25000_bzip2__instcount_PLAIN_HYPER,3000,15499,1.0349,1.85,0.069096,[.00
PPO_25000_bzip2__instcount_PLAIN_HYPER,3000,15166,1.0609,1.89,0.076497,[.00
PPO_25000_bzip2__instcount_PLAIN_HYPER,3000,13918,1.1584,2.06,0.080869,[.00
PPO_25000_bzip2__instcount_PLAIN_HYPER,3000,15425,1.0406,1.86,0.0831,[.00
PPO_25000_bzip2__instcount_PLAIN_HYPER,4000,14747,1.0936,1.94,0.066921,[.00
PPO_25000_bzip2__instcount_PLAIN_HYPER,4000,14983,1.0752,1.91,0.069072,[.00
PPO_25000_bzip2__instcount_PLAIN_HYPER,4000,16185,0.9813,1.77,0.084015,[.00
PPO_25000_bzip2__instcount_PLAIN_HYPER,4000,14024,1.1501,2.04,0.081223,[.00
PPO_25000_bzip2__instcount_PLAIN_HYPER,4000,14014,1.1509,2.05,0.07901,[.00
PPO_25000_bzip2__instcount_PLAIN_HYPER,4000,15396,1.0429,1.86,0.070093,[.00
PPO_25000_bzip2__instcount_PLAIN_HYPER,4000,13723,1.1736,2.09,0.08286,[.00
PPO_25000_bzip2__instcount_PLAIN_HYPER,4000,13941,1.1566,2.06,0.083172,[.00
PPO_25000_bzip2__instcount_PLAIN_HYPER,4000,15454,1.0384,1.86,0.071447,[.00
PPO_25000_bzip2__instcount_PLAIN_HYPER,4000,15967,0.9983,1.80,0.080949,[.00
PPO_25000_bzip2__instcount_PLAIN_HYPER,4000,16086,0.9890,1.78,0.073262,[.00
PPO_25000_bzip2__instcount_PLAIN_HYPER,4000,15463,1.0377,1.85,0.070204,[.00
PPO_25000_bzip2__instcount_PLAIN_HYPER,4000,15790,1.0121,1.82,0.075811,[.00
PPO_25000_bzip2__instcount_PLAIN_HYPER,4000,15484,1.0360,1.85,0.080468,[.00
PPO_25000_bzip2__instcount_PLAIN_HYPER,4000,14135,1.1414,2.03,0.087944,[.00
PPO_25000_bzip2__instcount_PLAIN_HYPER,4000,14902,1.0815,1.92,0.06878,[.00
PPO_25000_bzip2__instcount_PLAIN_HYPER,4000,14779,1.0911,1.94,0.082943,[.00
PPO_25000_bzip2__instcount_PLAIN_HYPER,4000,14460,1.1160,1.98,0.0824,[.00
PPO_25000_bzip2__instcount_PLAIN_HYPER,4000,15887,1.0046,1.80,0.080738,[.00
PPO_25000_bzip2__instcount_PLAIN_HYPER,4000,14159,1.1395,2.03,0.079899,[.00
PPO_25000_bzip2__instcount_PLAIN_HYPER,4000,15585,1.0281,1.84,0.071068,[.00
PPO_25000_bzip2__instcount_PLAIN_HYPER,4000,13767,1.1702,2.08,0.085464,[.00
PPO_25000_bzip2__instcount_PLAIN_HYPER,4000,15175,1.0602,1.89,0.066666,[.00
PPO_25000_bzip2__instcount_PLAIN_HYPER,4000,15740,1.0160,1.82,0.083509,[.00
PPO_25000_bzip2__instcount_PLAIN_HYPER,4000,15114,1.0649,1.90,0.070033,[.00
PPO_25000_bzip2__instcount_PLAIN_HYPER,4000,14134,1.1415,2.03,0.084755,[.00
PPO_25000_bzip2__instcount_PLAIN_HYPER,4000,16382,0.9659,1.75,0.07419,[.00
PPO_25000_bzip2__instcount_PLAIN_HYPER,4000,15134,1.0634,1.89,0.085766,[.00
PPO_25000_bzip2__instcount_PLAIN_HYPER,4000,14886,1.0827,1.93,0.068357,[.00
PPO_25000_bzip2__instcount_PLAIN_HYPER,4000,14635,1.1024,1.96,0.083367,[.00
PPO_25000_bzip2__instcount_PLAIN_HYPER,4000,14229,1.1341,2.02,0.077998,[.00
PPO_25000_bzip2__instcount_PLAIN_HYPER,4000,15245,1.0547,1.88,0.075633,[.00
PPO_25000_bzip2__instcount_PLAIN_HYPER,4000,15716,1.0179,1.82,0.068226,[.00
PPO_25000_bzip2__instcount_PLAIN_HYPER,4000,15586,1.0281,1.84,0.071383,[.00
PPO_25000_bzip2__instcount_PLAIN_HYPER,4000,13904,1.1595,2.06,0.084423,[.00
PPO_25000_bzip2__instcount_PLAIN_HYPER,4000,15654,1.0228,1.83,0.083698,[.00
PPO_25000_bzip2__instcount_PLAIN_HYPER,4000,14795,1.0899,1.94,0.086534,[.00
PPO_25000_bzip2__instcount_PLAIN_HYPER,4000,14067,1.1467,2.04,0.081998,[.00
PPO_25000_bzip2__instcount_PLAIN_HYPER,4000,14646,1.1015,1.96,0.073698,[.00
PPO_25000_bzip2__instcount_PLAIN_HYPER,4000,13809,1.1669,2.08,0.082608,[.00
PPO_25000_bzip2__instcount_PLAIN_HYPER,4000,15042,1.0706,1.91,0.074869,[.00
PPO_25000_bzip2__instcount_PLAIN_HYPER,4000,14763,1.0924,1.94,0.069873,[.00
PPO_25000_bzip2__instcount_PLAIN_HYPER,4000,13787,1.1686,2.08,0.083435,[.00
PPO_25000_bzip2__instcount_PLAIN_HYPER,4000,14497,1.1131,1.98,0.081058,[.00
PPO_25000_bzip2__instcount_PLAIN_HYPER,4000,15583,1.0283,1.84,0.071956,[.00
PPO_25000_bzip2__instcount_PLAIN_HYPER,4000,14491,1.1136,1.98,0.079419,[.00
PPO_25000_bzip2__instcount_PLAIN_HYPER,4000,15688,1.0201,1.83,0.085495,[.00
PPO_25000_bzip2__instcount_PLAIN_HYPER,4000,14339,1.1255,2.00,0.08704,[.00
PPO_25000_bzip2__instcount_PLAIN_HYPER,4000,14352,1.1245,2.00,0.085727,[.00
PPO_25000_bzip2__instcount_PLAIN_HYPER,4000,15708,1.0185,1.83,0.070459,[.00
PPO_25000_bzip2__instcount_PLAIN_HYPER,4000,15282,1.0518,1.88,0.0681,[.00
PPO_25000_bzip2__instcount_PLAIN_HYPER,4000,13816,1.1663,2.08,0.079057,[.00
PPO_25000_bzip2__instcount_PLAIN_HYPER,4000,15091,1.0667,1.90,0.070981,[.00
PPO_25000_bzip2__instcount_PLAIN_HYPER,4000,14898,1.0818,1.92,0.078832,[.00
PPO_25000_bzip2__instcount_PLAIN_HYPER,4000,15021,1.0722,1.91,0.07358,[.00
PPO_25000_bzip2__instcount_PLAIN_HYPER,4000,17531,0.8761,1.63,0.070792,[.00
PPO_25000_bzip2__instcount_PLAIN_HYPER,4000,17270,0.8965,1.66,0.07925,[.00
PPO_25000_bzip2__instcount_PLAIN_HYPER,4000,14433,1.1181,1.99,0.07889,[.00
PPO_25000_bzip2__instcount_PLAIN_HYPER,4000,18654,0.7884,1.54,0.073081,[.00
PPO_25000_bzip2__instcount_PLAIN_HYPER,4000,13963,1.1548,2.05,0.085295,[.00
PPO_25000_bzip2__instcount_PLAIN_HYPER,4000,16063,0.9908,1.78,0.072127,[.00
PPO_25000_bzip2__instcount_PLAIN_HYPER,4000,14092,1.1448,2.04,0.077537,[.00
PPO_25000_bzip2__instcount_PLAIN_HYPER,4000,15498,1.0349,1.85,0.081015,[.00
PPO_25000_bzip2__instcount_PLAIN_HYPER,4000,15885,1.0047,1.80,0.080856,[.00
PPO_25000_bzip2__instcount_PLAIN_HYPER,4000,14345,1.1250,2.00,0.082107,[.00
PPO_25000_bzip2__instcount_PLAIN_HYPER,4000,14218,1.1349,2.02,0.084035,[.00
PPO_25000_bzip2__instcount_PLAIN_HYPER,4000,14293,1.1291,2.01,0.068882,[.00
PPO_25000_bzip2__instcount_PLAIN_HYPER,4000,16073,0.9900,1.78,0.075689,[.00
PPO_25000_bzip2__instcount_PLAIN_HYPER,4000,15182,1.0596,1.89,0.07438,[.00
PPO_25000_bzip2__instcount_PLAIN_HYPER,4000,15298,1.0506,1.87,0.069298,[.00
PPO_25000_bzip2__instcount_PLAIN_HYPER,4000,15403,1.0424,1.86,0.069511,[.00
PPO_25000_bzip2__instcount_PLAIN_HYPER,4000,14799,1.0895,1.94,0.067626,[.00
PPO_25000_bzip2__instcount_PLAIN_HYPER,4000,15121,1.0644,1.90,0.072334,[.00
PPO_25000_bzip2__instcount_PLAIN_HYPER,4000,13814,1.1665,2.08,0.083068,[.00
PPO_25000_bzip2__instcount_PLAIN_HYPER,4000,14173,1.1384,2.02,0.082332,[.00
PPO_25000_bzip2__instcount_PLAIN_HYPER,4000,15679,1.0208,1.83,0.092507,[.00
PPO_25000_bzip2__instcount_PLAIN_HYPER,4000,14818,1.0881,1.94,0.079855,[.00
PPO_25000_bzip2__instcount_PLAIN_HYPER,4000,15224,1.0563,1.88,0.070675,[.00
PPO_25000_bzip2__instcount_PLAIN_HYPER,4000,14927,1.0795,1.92,0.071095,[.00
PPO_25000_bzip2__instcount_PLAIN_HYPER,4000,13853,1.1634,2.07,0.086242,[.00
PPO_25000_bzip2__instcount_PLAIN_HYPER,4000,13660,1.1785,2.10,0.079682,[.00
PPO_25000_bzip2__instcount_PLAIN_HYPER,4000,13961,1.1550,2.05,0.082492,[.00
PPO_25000_bzip2__instcount_PLAIN_HYPER,4000,15122,1.0643,1.90,0.067847,[.00
PPO_25000_bzip2__instcount_PLAIN_HYPER,4000,15166,1.0609,1.89,0.068159,[.00
PPO_25000_bzip2__instcount_PLAIN_HYPER,4000,14076,1.1460,2.04,0.078522,[.00
PPO_25000_bzip2__instcount_PLAIN_HYPER,4000,14204,1.1360,2.02,0.082775,[.00
PPO_25000_bzip2__instcount_PLAIN_HYPER,4000,15431,1.0402,1.86,0.069138,[.00
PPO_25000_bzip2__instcount_PLAIN_HYPER,4000,15450,1.0387,1.86,0.083061,[.00
PPO_25000_bzip2__instcount_PLAIN_HYPER,4000,15156,1.0617,1.89,0.076144,[.00
PPO_25000_bzip2__instcount_PLAIN_HYPER,4000,15823,1.0096,1.81,0.072098,[.00
PPO_25000_bzip2__instcount_PLAIN_HYPER,4000,14908,1.0810,1.92,0.072373,[.00
PPO_25000_bzip2__instcount_PLAIN_HYPER,4000,16212,0.9792,1.77,0.070736,[.00
PPO_25000_bzip2__instcount_PLAIN_HYPER,4000,14752,1.0932,1.94,0.069292,[.00
PPO_25000_bzip2__instcount_PLAIN_HYPER,4000,15608,1.0264,1.84,0.070107,[.00
PPO_25000_bzip2__instcount_PLAIN_HYPER,4000,14698,1.0974,1.95,0.071503,[.00
PPO_25000_bzip2__instcount_PLAIN_HYPER,4000,14949,1.0778,1.92,0.068818,[.00
PPO_25000_bzip2__instcount_PLAIN_HYPER,4000,15103,1.0658,1.90,0.071479,[.00
PPO_25000_bzip2__instcount_PLAIN_HYPER,4000,15163,1.0611,1.89,0.070088,[.00
PPO_25000_bzip2__instcount_PLAIN_HYPER,4000,15623,1.0252,1.84,0.081204,[.00
PPO_25000_bzip2__instcount_PLAIN_HYPER,4000,14622,1.1034,1.96,0.081067,[.00
PPO_25000_bzip2__instcount_PLAIN_HYPER,5000,14551,1.1089,1.97,0.070622,[.00
PPO_25000_bzip2__instcount_PLAIN_HYPER,5000,14044,1.1485,2.04,0.098033,[.00
PPO_25000_bzip2__instcount_PLAIN_HYPER,5000,14461,1.1159,1.98,0.081757,[.00
PPO_25000_bzip2__instcount_PLAIN_HYPER,5000,14486,1.1140,1.98,0.084294,[.00
PPO_25000_bzip2__instcount_PLAIN_HYPER,5000,13814,1.1665,2.08,0.085815,[.00
PPO_25000_bzip2__instcount_PLAIN_HYPER,5000,13973,1.1541,2.05,0.080129,[.00
PPO_25000_bzip2__instcount_PLAIN_HYPER,5000,14726,1.0952,1.95,0.079559,[.00
PPO_25000_bzip2__instcount_PLAIN_HYPER,5000,14303,1.1283,2.00,0.084177,[.00
PPO_25000_bzip2__instcount_PLAIN_HYPER,5000,14170,1.1387,2.02,0.087464,[.00
PPO_25000_bzip2__instcount_PLAIN_HYPER,5000,13858,1.1630,2.07,0.083009,[.00
PPO_25000_bzip2__instcount_PLAIN_HYPER,5000,14251,1.1324,2.01,0.08251,[.00
PPO_25000_bzip2__instcount_PLAIN_HYPER,5000,14963,1.0767,1.92,0.070141,[.00
PPO_25000_bzip2__instcount_PLAIN_HYPER,5000,21727,0.5484,1.32,0.072395,[.00
PPO_25000_bzip2__instcount_PLAIN_HYPER,5000,14126,1.1421,2.03,0.080236,[.00
PPO_25000_bzip2__instcount_PLAIN_HYPER,5000,14678,1.0990,1.95,0.071168,[.00
PPO_25000_bzip2__instcount_PLAIN_HYPER,5000,16009,0.9950,1.79,0.072652,[.00
PPO_25000_bzip2__instcount_PLAIN_HYPER,5000,14645,1.1016,1.96,0.097328,[.00
PPO_25000_bzip2__instcount_PLAIN_HYPER,5000,16052,0.9917,1.79,0.070657,[.00
PPO_25000_bzip2__instcount_PLAIN_HYPER,5000,14068,1.1466,2.04,0.084551,[.00
PPO_25000_bzip2__instcount_PLAIN_HYPER,5000,14717,1.0960,1.95,0.067773,[.00
PPO_25000_bzip2__instcount_PLAIN_HYPER,5000,13916,1.1585,2.06,0.082477,[.00
PPO_25000_bzip2__instcount_PLAIN_HYPER,5000,13895,1.1602,2.06,0.082396,[.00
PPO_25000_bzip2__instcount_PLAIN_HYPER,5000,15040,1.0707,1.91,0.067701,[.00
PPO_25000_bzip2__instcount_PLAIN_HYPER,5000,13658,1.1787,2.10,0.083456,[.00
PPO_25000_bzip2__instcount_PLAIN_HYPER,5000,15394,1.0431,1.86,0.07292,[.00
PPO_25000_bzip2__instcount_PLAIN_HYPER,5000,15463,1.0377,1.85,0.068411,[.00
PPO_25000_bzip2__instcount_PLAIN_HYPER,5000,14644,1.1017,1.96,0.071968,[.00
PPO_25000_bzip2__instcount_PLAIN_HYPER,5000,15109,1.0653,1.90,0.092858,[.00
PPO_25000_bzip2__instcount_PLAIN_HYPER,5000,14649,1.1013,1.96,0.069886,[.00
PPO_25000_bzip2__instcount_PLAIN_HYPER,5000,15757,1.0147,1.82,0.084876,[.00
PPO_25000_bzip2__instcount_PLAIN_HYPER,5000,15908,1.0029,1.80,0.083493,[.00
PPO_25000_bzip2__instcount_PLAIN_HYPER,5000,13835,1.1648,2.07,0.077392,[.00
PPO_25000_bzip2__instcount_PLAIN_HYPER,5000,15202,1.0581,1.89,0.072226,[.00
PPO_25000_bzip2__instcount_PLAIN_HYPER,5000,14026,1.1499,2.04,0.078417,[.00
PPO_25000_bzip2__instcount_PLAIN_HYPER,5000,14388,1.1216,1.99,0.078899,[.00
PPO_25000_bzip2__instcount_PLAIN_HYPER,5000,14369,1.1231,2.00,0.081533,[.00
PPO_25000_bzip2__instcount_PLAIN_HYPER,5000,14287,1.1295,2.01,0.082595,[.00
PPO_25000_bzip2__instcount_PLAIN_HYPER,5000,14691,1.0980,1.95,0.082192,[.00
PPO_25000_bzip2__instcount_PLAIN_HYPER,5000,14840,1.0863,1.93,0.068929,[.00
PPO_25000_bzip2__instcount_PLAIN_HYPER,5000,15295,1.0508,1.87,0.067811,[.00
PPO_25000_bzip2__instcount_PLAIN_HYPER,5000,14081,1.1456,2.04,0.082472,[.00
PPO_25000_bzip2__instcount_PLAIN_HYPER,5000,13631,1.1808,2.10,0.082123,[.00
PPO_25000_bzip2__instcount_PLAIN_HYPER,5000,14575,1.1070,1.97,0.085194,[.00
PPO_25000_bzip2__instcount_PLAIN_HYPER,5000,13610,1.1824,2.11,0.080084,[.00
PPO_25000_bzip2__instcount_PLAIN_HYPER,5000,16244,0.9767,1.76,0.083969,[.00
PPO_25000_bzip2__instcount_PLAIN_HYPER,5000,14522,1.1112,1.97,0.064926,[.00
PPO_25000_bzip2__instcount_PLAIN_HYPER,5000,14393,1.1213,1.99,0.070463,[.00
PPO_25000_bzip2__instcount_PLAIN_HYPER,5000,14543,1.1095,1.97,0.086809,[.00
PPO_25000_bzip2__instcount_PLAIN_HYPER,5000,15908,1.0029,1.80,0.077538,[.00
PPO_25000_bzip2__instcount_PLAIN_HYPER,5000,14196,1.1366,2.02,0.082629,[.00
PPO_25000_bzip2__instcount_PLAIN_HYPER,5000,14983,1.0752,1.91,0.069453,[.00
PPO_25000_bzip2__instcount_PLAIN_HYPER,5000,14124,1.1423,2.03,0.079239,[.00
PPO_25000_bzip2__instcount_PLAIN_HYPER,5000,14021,1.1503,2.05,0.080961,[.00
PPO_25000_bzip2__instcount_PLAIN_HYPER,5000,14327,1.1264,2.00,0.079902,[.00
PPO_25000_bzip2__instcount_PLAIN_HYPER,5000,14652,1.1010,1.96,0.076523,[.00
PPO_25000_bzip2__instcount_PLAIN_HYPER,5000,15077,1.0678,1.90,0.076038,[.00
PPO_25000_bzip2__instcount_PLAIN_HYPER,5000,14462,1.1159,1.98,0.067684,[.00
PPO_25000_bzip2__instcount_PLAIN_HYPER,5000,15352,1.0463,1.87,0.075831,[.00
PPO_25000_bzip2__instcount_PLAIN_HYPER,5000,14272,1.1307,2.01,0.080022,[.00
PPO_25000_bzip2__instcount_PLAIN_HYPER,5000,15012,1.0729,1.91,0.067239,[.00
PPO_25000_bzip2__instcount_PLAIN_HYPER,5000,14532,1.1104,1.97,0.066071,[.00
PPO_25000_bzip2__instcount_PLAIN_HYPER,5000,14246,1.1327,2.01,0.066935,[.00
PPO_25000_bzip2__instcount_PLAIN_HYPER,5000,13806,1.1671,2.08,0.080189,[.00
PPO_25000_bzip2__instcount_PLAIN_HYPER,5000,14489,1.1138,1.98,0.067457,[.00
PPO_25000_bzip2__instcount_PLAIN_HYPER,5000,14918,1.0802,1.92,0.071324,[.00
PPO_25000_bzip2__instcount_PLAIN_HYPER,5000,16089,0.9888,1.78,0.070639,[.00
PPO_25000_bzip2__instcount_PLAIN_HYPER,5000,15599,1.0271,1.84,0.070937,[.00
PPO_25000_bzip2__instcount_PLAIN_HYPER,5000,14810,1.0887,1.94,0.068622,[.00
PPO_25000_bzip2__instcount_PLAIN_HYPER,5000,13856,1.1632,2.07,0.080588,[.00
PPO_25000_bzip2__instcount_PLAIN_HYPER,5000,14817,1.0881,1.94,0.066743,[.00
PPO_25000_bzip2__instcount_PLAIN_HYPER,5000,15817,1.0100,1.81,0.0722,[.00
PPO_25000_bzip2__instcount_PLAIN_HYPER,5000,14422,1.1190,1.99,0.079234,[.00
PPO_25000_bzip2__instcount_PLAIN_HYPER,5000,14784,1.0907,1.94,0.072021,[.00
PPO_25000_bzip2__instcount_PLAIN_HYPER,5000,14386,1.1218,1.99,0.079995,[.00
PPO_25000_bzip2__instcount_PLAIN_HYPER,5000,15072,1.0682,1.90,0.076277,[.00
PPO_25000_bzip2__instcount_PLAIN_HYPER,5000,14725,1.0953,1.95,0.076491,[.00
PPO_25000_bzip2__instcount_PLAIN_HYPER,5000,15574,1.0290,1.84,0.067444,[.00
PPO_25000_bzip2__instcount_PLAIN_HYPER,5000,16365,0.9672,1.75,0.080933,[.00
PPO_25000_bzip2__instcount_PLAIN_HYPER,5000,15204,1.0579,1.89,0.062555,[.00
PPO_25000_bzip2__instcount_PLAIN_HYPER,5000,15031,1.0714,1.91,0.07853,[.00
PPO_25000_bzip2__instcount_PLAIN_HYPER,5000,14183,1.1377,2.02,0.081612,[.00
PPO_25000_bzip2__instcount_PLAIN_HYPER,5000,14885,1.0828,1.93,0.073677,[.00
PPO_25000_bzip2__instcount_PLAIN_HYPER,5000,15870,1.0059,1.81,0.071971,[.00
PPO_25000_bzip2__instcount_PLAIN_HYPER,5000,14151,1.1402,2.03,0.079653,[.00
PPO_25000_bzip2__instcount_PLAIN_HYPER,5000,14013,1.1509,2.05,0.082198,[.00
PPO_25000_bzip2__instcount_PLAIN_HYPER,5000,15870,1.0059,1.81,0.073734,[.00
PPO_25000_bzip2__instcount_PLAIN_HYPER,5000,15155,1.0617,1.89,0.078082,[.00
PPO_25000_bzip2__instcount_PLAIN_HYPER,5000,14438,1.1177,1.99,0.068074,[.00
PPO_25000_bzip2__instcount_PLAIN_HYPER,5000,14355,1.1242,2.00,0.088267,[.00
PPO_25000_bzip2__instcount_PLAIN_HYPER,5000,15656,1.0226,1.83,0.067691,[.00
PPO_25000_bzip2__instcount_PLAIN_HYPER,5000,14509,1.1122,1.98,0.068239,[.00
PPO_25000_bzip2__instcount_PLAIN_HYPER,5000,14858,1.0849,1.93,0.088693,[.00
PPO_25000_bzip2__instcount_PLAIN_HYPER,5000,14556,1.1085,1.97,0.067825,[.00
PPO_25000_bzip2__instcount_PLAIN_HYPER,5000,13959,1.1552,2.05,0.08207,[.00
PPO_25000_bzip2__instcount_PLAIN_HYPER,5000,14116,1.1429,2.03,0.082289,[.00
PPO_25000_bzip2__instcount_PLAIN_HYPER,5000,13558,1.1865,2.12,0.078143,[.00
PPO_25000_bzip2__instcount_PLAIN_HYPER,5000,14051,1.1480,2.04,0.091204,[.00
PPO_25000_bzip2__instcount_PLAIN_HYPER,5000,15551,1.0308,1.84,0.070032,[.00
PPO_25000_bzip2__instcount_PLAIN_HYPER,5000,14171,1.1386,2.02,0.082136,[.00
PPO_25000_bzip2__instcount_PLAIN_HYPER,5000,13805,1.1672,2.08,0.081415,[.00
PPO_25000_bzip2__instcount_PLAIN_HYPER,6000,15457,1.0381,1.85,0.069305,[.00
PPO_25000_bzip2__instcount_PLAIN_HYPER,6000,14715,1.0961,1.95,0.079899,[.00
PPO_25000_bzip2__instcount_PLAIN_HYPER,6000,14323,1.1267,2.00,0.082892,[.00
PPO_25000_bzip2__instcount_PLAIN_HYPER,6000,15648,1.0232,1.83,0.091525,[.00
PPO_25000_bzip2__instcount_PLAIN_HYPER,6000,14069,1.1466,2.04,0.081689,[.00
PPO_25000_bzip2__instcount_PLAIN_HYPER,6000,14968,1.0763,1.92,0.070693,[.00
PPO_25000_bzip2__instcount_PLAIN_HYPER,6000,14282,1.1299,2.01,0.080062,[.00
PPO_25000_bzip2__instcount_PLAIN_HYPER,6000,15572,1.0292,1.84,0.067699,[.00
PPO_25000_bzip2__instcount_PLAIN_HYPER,6000,14103,1.1439,2.03,0.082665,[.00
PPO_25000_bzip2__instcount_PLAIN_HYPER,6000,14234,1.1337,2.01,0.083336,[.00
PPO_25000_bzip2__instcount_PLAIN_HYPER,6000,14404,1.1204,1.99,0.074409,[.00
PPO_25000_bzip2__instcount_PLAIN_HYPER,6000,13430,1.1965,2.14,0.082457,[.00
PPO_25000_bzip2__instcount_PLAIN_HYPER,6000,14669,1.0997,1.95,0.09218,[.00
PPO_25000_bzip2__instcount_PLAIN_HYPER,6000,14452,1.1167,1.98,0.08226,[.00
PPO_25000_bzip2__instcount_PLAIN_HYPER,6000,14089,1.1450,2.04,0.078594,[.00
PPO_25000_bzip2__instcount_PLAIN_HYPER,6000,14278,1.1302,2.01,0.08274,[.00
PPO_25000_bzip2__instcount_PLAIN_HYPER,6000,13750,1.1715,2.09,0.083587,[.00
PPO_25000_bzip2__instcount_PLAIN_HYPER,6000,14064,1.1470,2.04,0.096303,[.00
PPO_25000_bzip2__instcount_PLAIN_HYPER,6000,14779,1.0911,1.94,0.088535,[.00
PPO_25000_bzip2__instcount_PLAIN_HYPER,6000,14879,1.0833,1.93,0.06902,[.00
PPO_25000_bzip2__instcount_PLAIN_HYPER,6000,15246,1.0546,1.88,0.071702,[.00
PPO_25000_bzip2__instcount_PLAIN_HYPER,6000,14189,1.1372,2.02,0.080691,[.00
PPO_25000_bzip2__instcount_PLAIN_HYPER,6000,14341,1.1253,2.00,0.069932,[.00
PPO_25000_bzip2__instcount_PLAIN_HYPER,6000,14432,1.1182,1.99,0.078935,[.00
PPO_25000_bzip2__instcount_PLAIN_HYPER,6000,13517,1.1897,2.12,0.08154,[.00
PPO_25000_bzip2__instcount_PLAIN_HYPER,6000,14358,1.1240,2.00,0.090029,[.00
PPO_25000_bzip2__instcount_PLAIN_HYPER,6000,15131,1.0636,1.89,0.069573,[.00
PPO_25000_bzip2__instcount_PLAIN_HYPER,6000,14367,1.1233,2.00,0.080181,[.00
PPO_25000_bzip2__instcount_PLAIN_HYPER,6000,13467,1.1936,2.13,0.081751,[.00
PPO_25000_bzip2__instcount_PLAIN_HYPER,6000,13623,1.1814,2.11,0.077592,[.00
PPO_25000_bzip2__instcount_PLAIN_HYPER,6000,15647,1.0233,1.83,0.076639,[.00
PPO_25000_bzip2__instcount_PLAIN_HYPER,6000,13848,1.1638,2.07,0.079048,[.00
PPO_25000_bzip2__instcount_PLAIN_HYPER,6000,13554,1.1868,2.12,0.082365,[.00
PPO_25000_bzip2__instcount_PLAIN_HYPER,6000,14208,1.1357,2.02,0.085249,[.00
PPO_25000_bzip2__instcount_PLAIN_HYPER,6000,14797,1.0897,1.94,0.083746,[.00
PPO_25000_bzip2__instcount_PLAIN_HYPER,6000,13611,1.1823,2.11,0.077353,[.00
PPO_25000_bzip2__instcount_PLAIN_HYPER,6000,16070,0.9903,1.78,0.074161,[.00
PPO_25000_bzip2__instcount_PLAIN_HYPER,6000,13841,1.1644,2.07,0.084561,[.00
PPO_25000_bzip2__instcount_PLAIN_HYPER,6000,14328,1.1263,2.00,0.080336,[.00
PPO_25000_bzip2__instcount_PLAIN_HYPER,6000,15627,1.0249,1.83,0.071189,[.00
PPO_25000_bzip2__instcount_PLAIN_HYPER,6000,14477,1.1147,1.98,0.083534,[.00
PPO_25000_bzip2__instcount_PLAIN_HYPER,6000,13368,1.2013,2.15,0.080124,[.00
PPO_25000_bzip2__instcount_PLAIN_HYPER,6000,15364,1.0454,1.87,0.069957,[.00
PPO_25000_bzip2__instcount_PLAIN_HYPER,6000,13854,1.1634,2.07,0.080704,[.00
PPO_25000_bzip2__instcount_PLAIN_HYPER,6000,14273,1.1306,2.01,0.077544,[.00
PPO_25000_bzip2__instcount_PLAIN_HYPER,6000,13610,1.1824,2.11,0.082026,[.00
PPO_25000_bzip2__instcount_PLAIN_HYPER,6000,14648,1.1013,1.96,0.084997,[.00
PPO_25000_bzip2__instcount_PLAIN_HYPER,6000,13944,1.1563,2.06,0.079079,[.00
PPO_25000_bzip2__instcount_PLAIN_HYPER,6000,13333,1.2041,2.15,0.082128,[.00
PPO_25000_bzip2__instcount_PLAIN_HYPER,6000,14105,1.1438,2.03,0.081332,[.00
PPO_25000_bzip2__instcount_PLAIN_HYPER,6000,14098,1.1443,2.03,0.08466,[.00
PPO_25000_bzip2__instcount_PLAIN_HYPER,6000,15378,1.0443,1.86,0.070177,[.00
PPO_25000_bzip2__instcount_PLAIN_HYPER,6000,13644,1.1798,2.10,0.07927,[.00
PPO_25000_bzip2__instcount_PLAIN_HYPER,6000,15565,1.0297,1.84,0.086745,[.00
PPO_25000_bzip2__instcount_PLAIN_HYPER,6000,14118,1.1427,2.03,0.079818,[.00
PPO_25000_bzip2__instcount_PLAIN_HYPER,6000,15101,1.0660,1.90,0.067841,[.00
PPO_25000_bzip2__instcount_PLAIN_HYPER,6000,14061,1.1472,2.04,0.086472,[.00
PPO_25000_bzip2__instcount_PLAIN_HYPER,6000,14620,1.1035,1.96,0.083934,[.00
PPO_25000_bzip2__instcount_PLAIN_HYPER,6000,13865,1.1625,2.07,0.07663,[.00
PPO_25000_bzip2__instcount_PLAIN_HYPER,6000,13503,1.1908,2.12,0.082187,[.00
PPO_25000_bzip2__instcount_PLAIN_HYPER,6000,13502,1.1909,2.12,0.082592,[.00
PPO_25000_bzip2__instcount_PLAIN_HYPER,6000,13710,1.1746,2.09,0.082034,[.00
PPO_25000_bzip2__instcount_PLAIN_HYPER,6000,14328,1.1263,2.00,0.086383,[.00
PPO_25000_bzip2__instcount_PLAIN_HYPER,6000,15010,1.0731,1.91,0.069074,[.00
PPO_25000_bzip2__instcount_PLAIN_HYPER,6000,14370,1.1231,2.00,0.078333,[.00
PPO_25000_bzip2__instcount_PLAIN_HYPER,6000,15707,1.0186,1.83,0.071144,[.00
PPO_25000_bzip2__instcount_PLAIN_HYPER,6000,14677,1.0991,1.95,0.087212,[.00
PPO_25000_bzip2__instcount_PLAIN_HYPER,6000,15063,1.0689,1.90,0.069063,[.00
PPO_25000_bzip2__instcount_PLAIN_HYPER,6000,14563,1.1080,1.97,0.085089,[.00
PPO_25000_bzip2__instcount_PLAIN_HYPER,6000,15053,1.0697,1.90,0.068761,[.00
PPO_25000_bzip2__instcount_PLAIN_HYPER,6000,13976,1.1538,2.05,0.084419,[.00
PPO_25000_bzip2__instcount_PLAIN_HYPER,6000,14958,1.0771,1.92,0.07096,[.00
PPO_25000_bzip2__instcount_PLAIN_HYPER,6000,16008,0.9951,1.79,0.071132,[.00
PPO_25000_bzip2__instcount_PLAIN_HYPER,6000,13896,1.1601,2.06,0.079913,[.00
PPO_25000_bzip2__instcount_PLAIN_HYPER,6000,13744,1.1720,2.09,0.082321,[.00
PPO_25000_bzip2__instcount_PLAIN_HYPER,6000,13783,1.1689,2.08,0.082973,[.00
PPO_25000_bzip2__instcount_PLAIN_HYPER,6000,13715,1.1742,2.09,0.091592,[.00
PPO_25000_bzip2__instcount_PLAIN_HYPER,6000,13705,1.1750,2.09,0.083264,[.00
PPO_25000_bzip2__instcount_PLAIN_HYPER,6000,14009,1.1513,2.05,0.077395,[.00
PPO_25000_bzip2__instcount_PLAIN_HYPER,6000,13996,1.1523,2.05,0.08152,[.00
PPO_25000_bzip2__instcount_PLAIN_HYPER,6000,14074,1.1462,2.04,0.08364,[.00
PPO_25000_bzip2__instcount_PLAIN_HYPER,6000,15190,1.0590,1.89,0.081549,[.00
PPO_25000_bzip2__instcount_PLAIN_HYPER,6000,15229,1.0560,1.88,0.083621,[.00
PPO_25000_bzip2__instcount_PLAIN_HYPER,6000,14940,1.0785,1.92,0.069145,[.00
PPO_25000_bzip2__instcount_PLAIN_HYPER,6000,13882,1.1612,2.07,0.079895,[.00
PPO_25000_bzip2__instcount_PLAIN_HYPER,6000,13995,1.1523,2.05,0.083883,[.00
PPO_25000_bzip2__instcount_PLAIN_HYPER,6000,15155,1.0617,1.89,0.079418,[.00
PPO_25000_bzip2__instcount_PLAIN_HYPER,6000,14614,1.1040,1.96,0.068256,[.00
PPO_25000_bzip2__instcount_PLAIN_HYPER,6000,14952,1.0776,1.92,0.071312,[.00
PPO_25000_bzip2__instcount_PLAIN_HYPER,6000,14338,1.1256,2.00,0.086478,[.00
PPO_25000_bzip2__instcount_PLAIN_HYPER,6000,15187,1.0592,1.89,0.071003,[.00
PPO_25000_bzip2__instcount_PLAIN_HYPER,6000,15724,1.0173,1.82,0.070887,[.00
PPO_25000_bzip2__instcount_PLAIN_HYPER,6000,13407,1.1983,2.14,0.08057,[.00
PPO_25000_bzip2__instcount_PLAIN_HYPER,6000,15300,1.0504,1.87,0.070279,[.00
PPO_25000_bzip2__instcount_PLAIN_HYPER,6000,14223,1.1345,2.02,0.079361,[.00
PPO_25000_bzip2__instcount_PLAIN_HYPER,6000,13781,1.1691,2.08,0.080989,[.00
PPO_25000_bzip2__instcount_PLAIN_HYPER,6000,14169,1.1388,2.02,0.080959,[.00
PPO_25000_bzip2__instcount_PLAIN_HYPER,6000,14834,1.0868,1.93,0.070346,[.00
PPO_25000_bzip2__instcount_PLAIN_HYPER,6000,14372,1.1229,2.00,0.083114,[.00
PPO_25000_bzip2__instcount_PLAIN_HYPER,6000,13709,1.1747,2.09,0.081673,[.00
PPO_25000_bzip2__instcount_PLAIN_HYPER,7000,14136,1.1413,2.03,0.078841,[.00
PPO_25000_bzip2__instcount_PLAIN_HYPER,7000,15039,1.0708,1.91,0.069343,[.00
PPO_25000_bzip2__instcount_PLAIN_HYPER,7000,14597,1.1053,1.96,0.090046,[.00
PPO_25000_bzip2__instcount_PLAIN_HYPER,7000,13816,1.1663,2.08,0.080936,[.00
PPO_25000_bzip2__instcount_PLAIN_HYPER,7000,14158,1.1396,2.03,0.082895,[.00
PPO_25000_bzip2__instcount_PLAIN_HYPER,7000,13648,1.1795,2.10,0.080469,[.00
PPO_25000_bzip2__instcount_PLAIN_HYPER,7000,13536,1.1882,2.12,0.082831,[.00
PPO_25000_bzip2__instcount_PLAIN_HYPER,7000,14529,1.1106,1.97,0.068737,[.00
PPO_25000_bzip2__instcount_PLAIN_HYPER,7000,13429,1.1966,2.14,0.08311,[.00
PPO_25000_bzip2__instcount_PLAIN_HYPER,7000,14830,1.0871,1.93,0.07177,[.00
PPO_25000_bzip2__instcount_PLAIN_HYPER,7000,13538,1.1880,2.12,0.077783,[.00
PPO_25000_bzip2__instcount_PLAIN_HYPER,7000,13469,1.1934,2.13,0.083949,[.00
PPO_25000_bzip2__instcount_PLAIN_HYPER,7000,14051,1.1480,2.04,0.080761,[.00
PPO_25000_bzip2__instcount_PLAIN_HYPER,7000,13879,1.1614,2.07,0.083571,[.00
PPO_25000_bzip2__instcount_PLAIN_HYPER,7000,14190,1.1371,2.02,0.068725,[.00
PPO_25000_bzip2__instcount_PLAIN_HYPER,7000,14043,1.1486,2.04,0.082122,[.00
PPO_25000_bzip2__instcount_PLAIN_HYPER,7000,13374,1.2009,2.14,0.082324,[.00
PPO_25000_bzip2__instcount_PLAIN_HYPER,7000,13812,1.1666,2.08,0.077631,[.00
PPO_25000_bzip2__instcount_PLAIN_HYPER,7000,14459,1.1161,1.98,0.067982,[.00
PPO_25000_bzip2__instcount_PLAIN_HYPER,7000,13616,1.1820,2.11,0.080956,[.00
PPO_25000_bzip2__instcount_PLAIN_HYPER,7000,13603,1.1830,2.11,0.078003,[.00
PPO_25000_bzip2__instcount_PLAIN_HYPER,7000,13881,1.1613,2.07,0.079231,[.00
PPO_25000_bzip2__instcount_PLAIN_HYPER,7000,13824,1.1657,2.07,0.07834,[.00
PPO_25000_bzip2__instcount_PLAIN_HYPER,7000,13568,1.1857,2.11,0.07971,[.00
PPO_25000_bzip2__instcount_PLAIN_HYPER,7000,16154,0.9837,1.77,0.080247,[.00
PPO_25000_bzip2__instcount_PLAIN_HYPER,7000,13501,1.1909,2.12,0.083205,[.00
PPO_25000_bzip2__instcount_PLAIN_HYPER,7000,13827,1.1655,2.07,0.082562,[.00
PPO_25000_bzip2__instcount_PLAIN_HYPER,7000,13424,1.1970,2.14,0.079478,[.00
PPO_25000_bzip2__instcount_PLAIN_HYPER,7000,13734,1.1727,2.09,0.081649,[.00
PPO_25000_bzip2__instcount_PLAIN_HYPER,7000,13492,1.1916,2.13,0.082581,[.00
PPO_25000_bzip2__instcount_PLAIN_HYPER,7000,13369,1.2012,2.15,0.082543,[.00
PPO_25000_bzip2__instcount_PLAIN_HYPER,7000,13827,1.1655,2.07,0.081866,[.00
PPO_25000_bzip2__instcount_PLAIN_HYPER,7000,13890,1.1605,2.06,0.083065,[.00
PPO_25000_bzip2__instcount_PLAIN_HYPER,7000,14082,1.1456,2.04,0.080469,[.00
PPO_25000_bzip2__instcount_PLAIN_HYPER,7000,14087,1.1452,2.04,0.081307,[.00
PPO_25000_bzip2__instcount_PLAIN_HYPER,7000,14537,1.1100,1.97,0.06777,[.00
PPO_25000_bzip2__instcount_PLAIN_HYPER,7000,14338,1.1256,2.00,0.082314,[.00
PPO_25000_bzip2__instcount_PLAIN_HYPER,7000,13524,1.1891,2.12,0.08,[.00
PPO_25000_bzip2__instcount_PLAIN_HYPER,7000,14012,1.1510,2.05,0.08579,[.00
PPO_25000_bzip2__instcount_PLAIN_HYPER,7000,14184,1.1376,2.02,0.084771,[.00
PPO_25000_bzip2__instcount_PLAIN_HYPER,7000,14488,1.1138,1.98,0.080157,[.00
PPO_25000_bzip2__instcount_PLAIN_HYPER,7000,14025,1.1500,2.04,0.078933,[.00
PPO_25000_bzip2__instcount_PLAIN_HYPER,7000,14560,1.1082,1.97,0.081261,[.00
PPO_25000_bzip2__instcount_PLAIN_HYPER,7000,14212,1.1354,2.02,0.078638,[.00
PPO_25000_bzip2__instcount_PLAIN_HYPER,7000,13554,1.1868,2.12,0.079336,[.00
PPO_25000_bzip2__instcount_PLAIN_HYPER,7000,14780,1.0910,1.94,0.068613,[.00
PPO_25000_bzip2__instcount_PLAIN_HYPER,7000,13528,1.1888,2.12,0.078054,[.00
PPO_25000_bzip2__instcount_PLAIN_HYPER,7000,14772,1.0917,1.94,0.067922,[.00
PPO_25000_bzip2__instcount_PLAIN_HYPER,7000,14027,1.1498,2.04,0.081035,[.00
PPO_25000_bzip2__instcount_PLAIN_HYPER,7000,14170,1.1387,2.02,0.079602,[.00
PPO_25000_bzip2__instcount_PLAIN_HYPER,7000,14145,1.1406,2.03,0.082115,[.00
PPO_25000_bzip2__instcount_PLAIN_HYPER,7000,14691,1.0980,1.95,0.083219,[.00
PPO_25000_bzip2__instcount_PLAIN_HYPER,7000,13912,1.1588,2.06,0.077975,[.00
PPO_25000_bzip2__instcount_PLAIN_HYPER,7000,13711,1.1745,2.09,0.07775,[.00
PPO_25000_bzip2__instcount_PLAIN_HYPER,7000,14850,1.0856,1.93,0.067043,[.00
PPO_25000_bzip2__instcount_PLAIN_HYPER,7000,13421,1.1972,2.14,0.077977,[.00
PPO_25000_bzip2__instcount_PLAIN_HYPER,7000,13789,1.1684,2.08,0.08025,[.00
PPO_25000_bzip2__instcount_PLAIN_HYPER,7000,13984,1.1532,2.05,0.078814,[.00
PPO_25000_bzip2__instcount_PLAIN_HYPER,7000,13741,1.1722,2.09,0.078322,[.00
PPO_25000_bzip2__instcount_PLAIN_HYPER,7000,14625,1.1031,1.96,0.084714,[.00
PPO_25000_bzip2__instcount_PLAIN_HYPER,7000,17417,0.8850,1.65,0.079665,[.00
PPO_25000_bzip2__instcount_PLAIN_HYPER,7000,13801,1.1675,2.08,0.079299,[.00
PPO_25000_bzip2__instcount_PLAIN_HYPER,7000,14244,1.1329,2.01,0.07743,[.00
PPO_25000_bzip2__instcount_PLAIN_HYPER,7000,14035,1.1492,2.04,0.083713,[.00
PPO_25000_bzip2__instcount_PLAIN_HYPER,7000,14225,1.1344,2.02,0.08578,[.00
PPO_25000_bzip2__instcount_PLAIN_HYPER,7000,13465,1.1937,2.13,0.082196,[.00
PPO_25000_bzip2__instcount_PLAIN_HYPER,7000,14180,1.1379,2.02,0.08189,[.00
PPO_25000_bzip2__instcount_PLAIN_HYPER,7000,13726,1.1734,2.09,0.081239,[.00
PPO_25000_bzip2__instcount_PLAIN_HYPER,7000,14207,1.1358,2.02,0.089752,[.00
PPO_25000_bzip2__instcount_PLAIN_HYPER,7000,13894,1.1602,2.06,0.080389,[.00
PPO_25000_bzip2__instcount_PLAIN_HYPER,7000,13907,1.1592,2.06,0.090574,[.00
PPO_25000_bzip2__instcount_PLAIN_HYPER,7000,14848,1.0857,1.93,0.06759,[.00
PPO_25000_bzip2__instcount_PLAIN_HYPER,7000,13524,1.1891,2.12,0.082222,[.00
PPO_25000_bzip2__instcount_PLAIN_HYPER,7000,13848,1.1638,2.07,0.083026,[.00
PPO_25000_bzip2__instcount_PLAIN_HYPER,7000,13982,1.1534,2.05,0.093415,[.00
PPO_25000_bzip2__instcount_PLAIN_HYPER,7000,14061,1.1472,2.04,0.080909,[.00
PPO_25000_bzip2__instcount_PLAIN_HYPER,7000,13493,1.1916,2.13,0.08278,[.00
PPO_25000_bzip2__instcount_PLAIN_HYPER,7000,15130,1.0637,1.90,0.087801,[.00
PPO_25000_bzip2__instcount_PLAIN_HYPER,7000,14643,1.1017,1.96,0.085271,[.00
PPO_25000_bzip2__instcount_PLAIN_HYPER,7000,14073,1.1463,2.04,0.093758,[.00
PPO_25000_bzip2__instcount_PLAIN_HYPER,7000,13363,1.2017,2.15,0.081695,[.00
PPO_25000_bzip2__instcount_PLAIN_HYPER,7000,14320,1.1270,2.00,0.083417,[.00
PPO_25000_bzip2__instcount_PLAIN_HYPER,7000,15381,1.0441,1.86,0.073902,[.00
PPO_25000_bzip2__instcount_PLAIN_HYPER,7000,14048,1.1482,2.04,0.080658,[.00
PPO_25000_bzip2__instcount_PLAIN_HYPER,7000,14717,1.0960,1.95,0.067879,[.00
PPO_25000_bzip2__instcount_PLAIN_HYPER,7000,13782,1.1690,2.08,0.079281,[.00
PPO_25000_bzip2__instcount_PLAIN_HYPER,7000,13744,1.1720,2.09,0.081709,[.00
PPO_25000_bzip2__instcount_PLAIN_HYPER,7000,14151,1.1402,2.03,0.077513,[.00
PPO_25000_bzip2__instcount_PLAIN_HYPER,7000,14094,1.1446,2.03,0.077096,[.00
PPO_25000_bzip2__instcount_PLAIN_HYPER,7000,13519,1.1895,2.12,0.082725,[.00
PPO_25000_bzip2__instcount_PLAIN_HYPER,7000,14098,1.1443,2.03,0.082161,[.00
PPO_25000_bzip2__instcount_PLAIN_HYPER,7000,13796,1.1679,2.08,0.082421,[.00
PPO_25000_bzip2__instcount_PLAIN_HYPER,7000,13984,1.1532,2.05,0.085926,[.00
PPO_25000_bzip2__instcount_PLAIN_HYPER,7000,13972,1.1541,2.05,0.082279,[.00
PPO_25000_bzip2__instcount_PLAIN_HYPER,7000,14019,1.1505,2.05,0.078492,[.00
PPO_25000_bzip2__instcount_PLAIN_HYPER,7000,13418,1.1974,2.14,0.083431,[.00
PPO_25000_bzip2__instcount_PLAIN_HYPER,7000,14235,1.1336,2.01,0.080589,[.00
PPO_25000_bzip2__instcount_PLAIN_HYPER,7000,14858,1.0849,1.93,0.077143,[.00
PPO_25000_bzip2__instcount_PLAIN_HYPER,7000,14552,1.1088,1.97,0.068906,[.00
PPO_25000_bzip2__instcount_PLAIN_HYPER,7000,13357,1.2022,2.15,0.077945,[.00
PPO_25000_bzip2__instcount_PLAIN_HYPER,8000,13428,1.1966,2.14,0.07888,[.00
PPO_25000_bzip2__instcount_PLAIN_HYPER,8000,14102,1.1440,2.03,0.081779,[.00
PPO_25000_bzip2__instcount_PLAIN_HYPER,8000,13419,1.1973,2.14,0.081246,[.00
PPO_25000_bzip2__instcount_PLAIN_HYPER,8000,14000,1.1520,2.05,0.07756,[.00
PPO_25000_bzip2__instcount_PLAIN_HYPER,8000,13853,1.1634,2.07,0.087548,[.00
PPO_25000_bzip2__instcount_PLAIN_HYPER,8000,14572,1.1073,1.97,0.080136,[.00
PPO_25000_bzip2__instcount_PLAIN_HYPER,8000,13339,1.2036,2.15,0.081657,[.00
PPO_25000_bzip2__instcount_PLAIN_HYPER,8000,14223,1.1345,2.02,0.079082,[.00
PPO_25000_bzip2__instcount_PLAIN_HYPER,8000,13385,1.2000,2.14,0.079949,[.00
PPO_25000_bzip2__instcount_PLAIN_HYPER,8000,13256,1.2101,2.16,0.080316,[.00
PPO_25000_bzip2__instcount_PLAIN_HYPER,8000,13308,1.2060,2.16,0.078878,[.00
PPO_25000_bzip2__instcount_PLAIN_HYPER,8000,13611,1.1823,2.11,0.083734,[.00
PPO_25000_bzip2__instcount_PLAIN_HYPER,8000,13374,1.2009,2.14,0.084038,[.00
PPO_25000_bzip2__instcount_PLAIN_HYPER,8000,14373,1.1228,2.00,0.077909,[.00
PPO_25000_bzip2__instcount_PLAIN_HYPER,8000,13970,1.1543,2.05,0.082412,[.00
PPO_25000_bzip2__instcount_PLAIN_HYPER,8000,13914,1.1587,2.06,0.078798,[.00
PPO_25000_bzip2__instcount_PLAIN_HYPER,8000,14095,1.1445,2.03,0.081075,[.00
PPO_25000_bzip2__instcount_PLAIN_HYPER,8000,13704,1.1751,2.09,0.089671,[.00
PPO_25000_bzip2__instcount_PLAIN_HYPER,8000,14341,1.1253,2.00,0.084125,[.00
PPO_25000_bzip2__instcount_PLAIN_HYPER,8000,13369,1.2012,2.15,0.08372,[.00
PPO_25000_bzip2__instcount_PLAIN_HYPER,8000,14735,1.0945,1.95,0.06944,[.00
PPO_25000_bzip2__instcount_PLAIN_HYPER,8000,13681,1.1769,2.10,0.08423,[.00
PPO_25000_bzip2__instcount_PLAIN_HYPER,8000,14053,1.1478,2.04,0.080468,[.00
PPO_25000_bzip2__instcount_PLAIN_HYPER,8000,13886,1.1609,2.07,0.081594,[.00
PPO_25000_bzip2__instcount_PLAIN_HYPER,8000,13419,1.1973,2.14,0.08294,[.00
PPO_25000_bzip2__instcount_PLAIN_HYPER,8000,14051,1.1480,2.04,0.08169,[.00
PPO_25000_bzip2__instcount_PLAIN_HYPER,8000,13871,1.1620,2.07,0.08304,[.00
PPO_25000_bzip2__instcount_PLAIN_HYPER,8000,13531,1.1886,2.12,0.081092,[.00
PPO_25000_bzip2__instcount_PLAIN_HYPER,8000,13826,1.1655,2.07,0.0821,[.00
PPO_25000_bzip2__instcount_PLAIN_HYPER,8000,13347,1.2030,2.15,0.081076,[.00
PPO_25000_bzip2__instcount_PLAIN_HYPER,8000,13824,1.1657,2.07,0.08039,[.00
PPO_25000_bzip2__instcount_PLAIN_HYPER,8000,13892,1.1604,2.06,0.083786,[.00
PPO_25000_bzip2__instcount_PLAIN_HYPER,8000,13444,1.1954,2.13,0.082495,[.00
PPO_25000_bzip2__instcount_PLAIN_HYPER,8000,13627,1.1811,2.10,0.080801,[.00
PPO_25000_bzip2__instcount_PLAIN_HYPER,8000,14121,1.1425,2.03,0.088847,[.00
PPO_25000_bzip2__instcount_PLAIN_HYPER,8000,13522,1.1893,2.12,0.087957,[.00
PPO_25000_bzip2__instcount_PLAIN_HYPER,8000,14006,1.1515,2.05,0.080041,[.00
PPO_25000_bzip2__instcount_PLAIN_HYPER,8000,14312,1.1276,2.00,0.088401,[.00
PPO_25000_bzip2__instcount_PLAIN_HYPER,8000,14137,1.1413,2.03,0.08061,[.00
PPO_25000_bzip2__instcount_PLAIN_HYPER,8000,13576,1.1851,2.11,0.080806,[.00
PPO_25000_bzip2__instcount_PLAIN_HYPER,8000,14007,1.1514,2.05,0.07917,[.00
PPO_25000_bzip2__instcount_PLAIN_HYPER,8000,14611,1.1042,1.96,0.086564,[.00
PPO_25000_bzip2__instcount_PLAIN_HYPER,8000,14522,1.1112,1.97,0.079223,[.00
PPO_25000_bzip2__instcount_PLAIN_HYPER,8000,15045,1.0703,1.91,0.069401,[.00
PPO_25000_bzip2__instcount_PLAIN_HYPER,8000,13706,1.1749,2.09,0.081456,[.00
PPO_25000_bzip2__instcount_PLAIN_HYPER,8000,13886,1.1609,2.07,0.085385,[.00
PPO_25000_bzip2__instcount_PLAIN_HYPER,8000,13414,1.1977,2.14,0.077892,[.00
PPO_25000_bzip2__instcount_PLAIN_HYPER,8000,14008,1.1513,2.05,0.080095,[.00
PPO_25000_bzip2__instcount_PLAIN_HYPER,8000,13797,1.1678,2.08,0.091168,[.00
PPO_25000_bzip2__instcount_PLAIN_HYPER,8000,14744,1.0938,1.94,0.067629,[.00
PPO_25000_bzip2__instcount_PLAIN_HYPER,8000,13388,1.1998,2.14,0.077909,[.00
PPO_25000_bzip2__instcount_PLAIN_HYPER,8000,13471,1.1933,2.13,0.080867,[.00
PPO_25000_bzip2__instcount_PLAIN_HYPER,8000,13882,1.1612,2.07,0.082415,[.00
PPO_25000_bzip2__instcount_PLAIN_HYPER,8000,14164,1.1391,2.02,0.082492,[.00
PPO_25000_bzip2__instcount_PLAIN_HYPER,8000,13685,1.1766,2.10,0.082156,[.00
PPO_25000_bzip2__instcount_PLAIN_HYPER,8000,13821,1.1659,2.08,0.081841,[.00
PPO_25000_bzip2__instcount_PLAIN_HYPER,8000,13263,1.2095,2.16,0.083216,[.00
PPO_25000_bzip2__instcount_PLAIN_HYPER,8000,13877,1.1616,2.07,0.07949,[.00
PPO_25000_bzip2__instcount_PLAIN_HYPER,8000,15097,1.0663,1.90,0.071964,[.00
PPO_25000_bzip2__instcount_PLAIN_HYPER,8000,17936,0.8445,1.60,0.080283,[.00
PPO_25000_bzip2__instcount_PLAIN_HYPER,8000,13471,1.1933,2.13,0.081525,[.00
PPO_25000_bzip2__instcount_PLAIN_HYPER,8000,13660,1.1785,2.10,0.077806,[.00
PPO_25000_bzip2__instcount_PLAIN_HYPER,8000,13834,1.1649,2.07,0.081688,[.00
PPO_25000_bzip2__instcount_PLAIN_HYPER,8000,14514,1.1118,1.98,0.071188,[.00
PPO_25000_bzip2__instcount_PLAIN_HYPER,8000,13779,1.1692,2.08,0.086773,[.00
PPO_25000_bzip2__instcount_PLAIN_HYPER,8000,14436,1.1179,1.99,0.078811,[.00
PPO_25000_bzip2__instcount_PLAIN_HYPER,8000,13906,1.1593,2.06,0.08028,[.00
PPO_25000_bzip2__instcount_PLAIN_HYPER,8000,13851,1.1636,2.07,0.081889,[.00
PPO_25000_bzip2__instcount_PLAIN_HYPER,8000,14197,1.1366,2.02,0.079878,[.00
PPO_25000_bzip2__instcount_PLAIN_HYPER,8000,13600,1.1832,2.11,0.090355,[.00
PPO_25000_bzip2__instcount_PLAIN_HYPER,8000,13337,1.2037,2.15,0.082638,[.00
PPO_25000_bzip2__instcount_PLAIN_HYPER,8000,14150,1.1402,2.03,0.07145,[.00
PPO_25000_bzip2__instcount_PLAIN_HYPER,8000,13643,1.1798,2.10,0.080657,[.00
PPO_25000_bzip2__instcount_PLAIN_HYPER,8000,13850,1.1637,2.07,0.082971,[.00
PPO_25000_bzip2__instcount_PLAIN_HYPER,8000,13530,1.1887,2.12,0.082448,[.00
PPO_25000_bzip2__instcount_PLAIN_HYPER,8000,13352,1.2026,2.15,0.083075,[.00
PPO_25000_bzip2__instcount_PLAIN_HYPER,8000,13621,1.1816,2.11,0.080921,[.00
PPO_25000_bzip2__instcount_PLAIN_HYPER,8000,13585,1.1844,2.11,0.079409,[.00
PPO_25000_bzip2__instcount_PLAIN_HYPER,8000,13599,1.1833,2.11,0.083345,[.00
PPO_25000_bzip2__instcount_PLAIN_HYPER,8000,14089,1.1450,2.04,0.083531,[.00
PPO_25000_bzip2__instcount_PLAIN_HYPER,8000,13656,1.1788,2.10,0.077949,[.00
PPO_25000_bzip2__instcount_PLAIN_HYPER,8000,14079,1.1458,2.04,0.091739,[.00
PPO_25000_bzip2__instcount_PLAIN_HYPER,8000,13791,1.1683,2.08,0.084352,[.00
PPO_25000_bzip2__instcount_PLAIN_HYPER,8000,14316,1.1273,2.00,0.080794,[.00
PPO_25000_bzip2__instcount_PLAIN_HYPER,8000,13844,1.1641,2.07,0.087068,[.00
PPO_25000_bzip2__instcount_PLAIN_HYPER,8000,13462,1.1940,2.13,0.086565,[.00
PPO_25000_bzip2__instcount_PLAIN_HYPER,8000,14112,1.1432,2.03,0.081947,[.00
PPO_25000_bzip2__instcount_PLAIN_HYPER,8000,13777,1.1694,2.08,0.080174,[.00
PPO_25000_bzip2__instcount_PLAIN_HYPER,8000,13676,1.1773,2.10,0.080491,[.00
PPO_25000_bzip2__instcount_PLAIN_HYPER,8000,13677,1.1772,2.10,0.078956,[.00
PPO_25000_bzip2__instcount_PLAIN_HYPER,8000,13526,1.1890,2.12,0.081061,[.00
PPO_25000_bzip2__instcount_PLAIN_HYPER,8000,13516,1.1898,2.12,0.097704,[.00
PPO_25000_bzip2__instcount_PLAIN_HYPER,8000,15001,1.0738,1.91,0.077724,[.00
PPO_25000_bzip2__instcount_PLAIN_HYPER,8000,13397,1.1991,2.14,0.085656,[.00
PPO_25000_bzip2__instcount_PLAIN_HYPER,8000,13593,1.1837,2.11,0.081178,[.00
PPO_25000_bzip2__instcount_PLAIN_HYPER,8000,13563,1.1861,2.11,0.079657,[.00
PPO_25000_bzip2__instcount_PLAIN_HYPER,8000,13590,1.1840,2.11,0.088087,[.00
PPO_25000_bzip2__instcount_PLAIN_HYPER,8000,14828,1.0873,1.93,0.079314,[.00
PPO_25000_bzip2__instcount_PLAIN_HYPER,8000,14867,1.0842,1.93,0.069285,[.00
PPO_25000_bzip2__instcount_PLAIN_HYPER,8000,13767,1.1702,2.08,0.085657,[.00
PPO_25000_bzip2__instcount_PLAIN_HYPER,9000,14162,1.1393,2.02,0.080312,[.00
PPO_25000_bzip2__instcount_PLAIN_HYPER,9000,14489,1.1138,1.98,0.085659,[.00
PPO_25000_bzip2__instcount_PLAIN_HYPER,9000,13774,1.1696,2.08,0.086481,[.00
PPO_25000_bzip2__instcount_PLAIN_HYPER,9000,13424,1.1970,2.14,0.082244,[.00
PPO_25000_bzip2__instcount_PLAIN_HYPER,9000,13726,1.1734,2.09,0.079965,[.00
PPO_25000_bzip2__instcount_PLAIN_HYPER,9000,13975,1.1539,2.05,0.080563,[.00
PPO_25000_bzip2__instcount_PLAIN_HYPER,9000,13417,1.1975,2.14,0.080171,[.00
PPO_25000_bzip2__instcount_PLAIN_HYPER,9000,13509,1.1903,2.12,0.080046,[.00
PPO_25000_bzip2__instcount_PLAIN_HYPER,9000,13404,1.1985,2.14,0.077503,[.00
PPO_25000_bzip2__instcount_PLAIN_HYPER,9000,13620,1.1816,2.11,0.077815,[.00
PPO_25000_bzip2__instcount_PLAIN_HYPER,9000,13402,1.1987,2.14,0.077893,[.00
PPO_25000_bzip2__instcount_PLAIN_HYPER,9000,13716,1.1741,2.09,0.079993,[.00
PPO_25000_bzip2__instcount_PLAIN_HYPER,9000,13890,1.1605,2.06,0.079678,[.00
PPO_25000_bzip2__instcount_PLAIN_HYPER,9000,13483,1.1923,2.13,0.08339,[.00
PPO_25000_bzip2__instcount_PLAIN_HYPER,9000,13952,1.1557,2.06,0.089266,[.00
PPO_25000_bzip2__instcount_PLAIN_HYPER,9000,13495,1.1914,2.13,0.086285,[.00
PPO_25000_bzip2__instcount_PLAIN_HYPER,9000,14745,1.0938,1.94,0.067576,[.00
PPO_25000_bzip2__instcount_PLAIN_HYPER,9000,13734,1.1727,2.09,0.082961,[.00
PPO_25000_bzip2__instcount_PLAIN_HYPER,9000,13663,1.1783,2.10,0.081252,[.00
PPO_25000_bzip2__instcount_PLAIN_HYPER,9000,13614,1.1821,2.11,0.082392,[.00
PPO_25000_bzip2__instcount_PLAIN_HYPER,9000,14655,1.1008,1.96,0.067518,[.00
PPO_25000_bzip2__instcount_PLAIN_HYPER,9000,13955,1.1555,2.06,0.081061,[.00
PPO_25000_bzip2__instcount_PLAIN_HYPER,9000,13769,1.1700,2.08,0.087246,[.00
PPO_25000_bzip2__instcount_PLAIN_HYPER,9000,13631,1.1808,2.10,0.083428,[.00
PPO_25000_bzip2__instcount_PLAIN_HYPER,9000,13349,1.2028,2.15,0.079618,[.00
PPO_25000_bzip2__instcount_PLAIN_HYPER,9000,13677,1.1772,2.10,0.081769,[.00
PPO_25000_bzip2__instcount_PLAIN_HYPER,9000,14046,1.1484,2.04,0.083534,[.00
PPO_25000_bzip2__instcount_PLAIN_HYPER,9000,13465,1.1937,2.13,0.081492,[.00
PPO_25000_bzip2__instcount_PLAIN_HYPER,9000,13789,1.1684,2.08,0.080443,[.00
PPO_25000_bzip2__instcount_PLAIN_HYPER,9000,13459,1.1942,2.13,0.078495,[.00
PPO_25000_bzip2__instcount_PLAIN_HYPER,9000,14019,1.1505,2.05,0.082087,[.00
PPO_25000_bzip2__instcount_PLAIN_HYPER,9000,13517,1.1897,2.12,0.082228,[.00
PPO_25000_bzip2__instcount_PLAIN_HYPER,9000,14004,1.1516,2.05,0.083535,[.00
PPO_25000_bzip2__instcount_PLAIN_HYPER,9000,13940,1.1566,2.06,0.085283,[.00
PPO_25000_bzip2__instcount_PLAIN_HYPER,9000,14461,1.1159,1.98,0.081315,[.00
PPO_25000_bzip2__instcount_PLAIN_HYPER,9000,13629,1.1809,2.10,0.081146,[.00
PPO_25000_bzip2__instcount_PLAIN_HYPER,9000,14150,1.1402,2.03,0.080784,[.00
PPO_25000_bzip2__instcount_PLAIN_HYPER,9000,13659,1.1786,2.10,0.082987,[.00
PPO_25000_bzip2__instcount_PLAIN_HYPER,9000,14047,1.1483,2.04,0.083704,[.00
PPO_25000_bzip2__instcount_PLAIN_HYPER,9000,13754,1.1712,2.09,0.083306,[.00
PPO_25000_bzip2__instcount_PLAIN_HYPER,9000,13367,1.2014,2.15,0.080728,[.00
PPO_25000_bzip2__instcount_PLAIN_HYPER,9000,16994,0.9181,1.69,0.068861,[.00
PPO_25000_bzip2__instcount_PLAIN_HYPER,9000,13943,1.1564,2.06,0.079648,[.00
PPO_25000_bzip2__instcount_PLAIN_HYPER,9000,13661,1.1784,2.10,0.077888,[.00
PPO_25000_bzip2__instcount_PLAIN_HYPER,9000,13377,1.2006,2.14,0.078607,[.00
PPO_25000_bzip2__instcount_PLAIN_HYPER,9000,13753,1.1713,2.09,0.080284,[.00
PPO_25000_bzip2__instcount_PLAIN_HYPER,9000,13536,1.1882,2.12,0.085524,[.00
PPO_25000_bzip2__instcount_PLAIN_HYPER,9000,13370,1.2012,2.15,0.088391,[.00
PPO_25000_bzip2__instcount_PLAIN_HYPER,9000,13698,1.1755,2.09,0.081401,[.00
PPO_25000_bzip2__instcount_PLAIN_HYPER,9000,13598,1.1834,2.11,0.087235,[.00
PPO_25000_bzip2__instcount_PLAIN_HYPER,9000,13469,1.1934,2.13,0.077483,[.00
PPO_25000_bzip2__instcount_PLAIN_HYPER,9000,13893,1.1603,2.06,0.082521,[.00
PPO_25000_bzip2__instcount_PLAIN_HYPER,9000,13368,1.2013,2.15,0.07991,[.00
PPO_25000_bzip2__instcount_PLAIN_HYPER,9000,13835,1.1648,2.07,0.09657,[.00
PPO_25000_bzip2__instcount_PLAIN_HYPER,9000,13724,1.1735,2.09,0.082755,[.00
PPO_25000_bzip2__instcount_PLAIN_HYPER,9000,13745,1.1719,2.09,0.079766,[.00
PPO_25000_bzip2__instcount_PLAIN_HYPER,9000,14662,1.1002,1.96,0.070863,[.00
PPO_25000_bzip2__instcount_PLAIN_HYPER,9000,13739,1.1723,2.09,0.079312,[.00
PPO_25000_bzip2__instcount_PLAIN_HYPER,9000,13710,1.1746,2.09,0.080971,[.00
PPO_25000_bzip2__instcount_PLAIN_HYPER,9000,13751,1.1714,2.09,0.084432,[.00
PPO_25000_bzip2__instcount_PLAIN_HYPER,9000,13746,1.1718,2.09,0.079988,[.00
PPO_25000_bzip2__instcount_PLAIN_HYPER,9000,14055,1.1477,2.04,0.081149,[.00
PPO_25000_bzip2__instcount_PLAIN_HYPER,9000,13398,1.1990,2.14,0.08261,[.00
PPO_25000_bzip2__instcount_PLAIN_HYPER,9000,13764,1.1704,2.08,0.081388,[.00
PPO_25000_bzip2__instcount_PLAIN_HYPER,9000,14299,1.1286,2.01,0.078468,[.00
PPO_25000_bzip2__instcount_PLAIN_HYPER,9000,13433,1.1962,2.14,0.080942,[.00
PPO_25000_bzip2__instcount_PLAIN_HYPER,9000,13858,1.1630,2.07,0.078571,[.00
PPO_25000_bzip2__instcount_PLAIN_HYPER,9000,13704,1.1751,2.09,0.078519,[.00
PPO_25000_bzip2__instcount_PLAIN_HYPER,9000,13787,1.1686,2.08,0.078898,[.00
PPO_25000_bzip2__instcount_PLAIN_HYPER,9000,13770,1.1699,2.08,0.08016,[.00
PPO_25000_bzip2__instcount_PLAIN_HYPER,9000,13816,1.1663,2.08,0.084412,[.00
PPO_25000_bzip2__instcount_PLAIN_HYPER,9000,13723,1.1736,2.09,0.08371,[.00
PPO_25000_bzip2__instcount_PLAIN_HYPER,9000,13779,1.1692,2.08,0.078649,[.00
PPO_25000_bzip2__instcount_PLAIN_HYPER,9000,13715,1.1742,2.09,0.079113,[.00
PPO_25000_bzip2__instcount_PLAIN_HYPER,9000,13358,1.2021,2.15,0.081367,[.00
PPO_25000_bzip2__instcount_PLAIN_HYPER,9000,13469,1.1934,2.13,0.086824,[.00
PPO_25000_bzip2__instcount_PLAIN_HYPER,9000,13655,1.1789,2.10,0.084888,[.00
PPO_25000_bzip2__instcount_PLAIN_HYPER,9000,13548,1.1873,2.12,0.078919,[.00
PPO_25000_bzip2__instcount_PLAIN_HYPER,9000,13915,1.1586,2.06,0.082777,[.00
PPO_25000_bzip2__instcount_PLAIN_HYPER,9000,13957,1.1553,2.05,0.078562,[.00
PPO_25000_bzip2__instcount_PLAIN_HYPER,9000,13561,1.1862,2.11,0.081876,[.00
PPO_25000_bzip2__instcount_PLAIN_HYPER,9000,13351,1.2027,2.15,0.080488,[.00
PPO_25000_bzip2__instcount_PLAIN_HYPER,9000,13979,1.1536,2.05,0.085435,[.00
PPO_25000_bzip2__instcount_PLAIN_HYPER,9000,14005,1.1516,2.05,0.082854,[.00
PPO_25000_bzip2__instcount_PLAIN_HYPER,9000,13371,1.2011,2.15,0.083153,[.00
PPO_25000_bzip2__instcount_PLAIN_HYPER,9000,13492,1.1916,2.13,0.079152,[.00
PPO_25000_bzip2__instcount_PLAIN_HYPER,9000,13400,1.1988,2.14,0.083141,[.00
PPO_25000_bzip2__instcount_PLAIN_HYPER,9000,13268,1.2091,2.16,0.084914,[.00
PPO_25000_bzip2__instcount_PLAIN_HYPER,9000,13958,1.1552,2.05,0.082878,[.00
PPO_25000_bzip2__instcount_PLAIN_HYPER,9000,13648,1.1795,2.10,0.082792,[.00
PPO_25000_bzip2__instcount_PLAIN_HYPER,9000,13653,1.1791,2.10,0.081707,[.00
PPO_25000_bzip2__instcount_PLAIN_HYPER,9000,14310,1.1277,2.00,0.079084,[.00
PPO_25000_bzip2__instcount_PLAIN_HYPER,9000,14225,1.1344,2.02,0.067735,[.00
PPO_25000_bzip2__instcount_PLAIN_HYPER,9000,13536,1.1882,2.12,0.08129,[.00
PPO_25000_bzip2__instcount_PLAIN_HYPER,9000,13601,1.1831,2.11,0.077764,[.00
PPO_25000_bzip2__instcount_PLAIN_HYPER,9000,13617,1.1819,2.11,0.081116,[.00
PPO_25000_bzip2__instcount_PLAIN_HYPER,9000,13705,1.1750,2.09,0.077099,[.00
PPO_25000_bzip2__instcount_PLAIN_HYPER,9000,13968,1.1545,2.05,0.078866,[.00
PPO_25000_bzip2__instcount_PLAIN_HYPER,9000,13725,1.1734,2.09,0.081937,[.00
PPO_25000_bzip2__instcount_PLAIN_HYPER,9000,13908,1.1591,2.06,0.084061,[.00
PPO_25000_bzip2__instcount_PLAIN_HYPER,10000,13539,1.1880,2.12,0.085197,[.00
PPO_25000_bzip2__instcount_PLAIN_HYPER,10000,13560,1.1863,2.12,0.082142,[.00
PPO_25000_bzip2__instcount_PLAIN_HYPER,10000,13353,1.2025,2.15,0.08094,[.00
PPO_25000_bzip2__instcount_PLAIN_HYPER,10000,13396,1.1991,2.14,0.07822,[.00
PPO_25000_bzip2__instcount_PLAIN_HYPER,10000,13541,1.1878,2.12,0.07825,[.00
PPO_25000_bzip2__instcount_PLAIN_HYPER,10000,13378,1.2005,2.14,0.079761,[.00
PPO_25000_bzip2__instcount_PLAIN_HYPER,10000,13637,1.1803,2.10,0.080972,[.00
PPO_25000_bzip2__instcount_PLAIN_HYPER,10000,13393,1.1994,2.14,0.079385,[.00
PPO_25000_bzip2__instcount_PLAIN_HYPER,10000,14150,1.1402,2.03,0.080982,[.00
PPO_25000_bzip2__instcount_PLAIN_HYPER,10000,13300,1.2066,2.16,0.078771,[.00
PPO_25000_bzip2__instcount_PLAIN_HYPER,10000,13806,1.1671,2.08,0.08049,[.00
PPO_25000_bzip2__instcount_PLAIN_HYPER,10000,13790,1.1684,2.08,0.084778,[.00
PPO_25000_bzip2__instcount_PLAIN_HYPER,10000,13670,1.1777,2.10,0.082919,[.00
PPO_25000_bzip2__instcount_PLAIN_HYPER,10000,13693,1.1759,2.09,0.078853,[.00
PPO_25000_bzip2__instcount_PLAIN_HYPER,10000,13632,1.1807,2.10,0.094571,[.00
PPO_25000_bzip2__instcount_PLAIN_HYPER,10000,13498,1.1912,2.12,0.078881,[.00
PPO_25000_bzip2__instcount_PLAIN_HYPER,10000,13424,1.1970,2.14,0.081804,[.00
PPO_25000_bzip2__instcount_PLAIN_HYPER,10000,13433,1.1962,2.14,0.076914,[.00
PPO_25000_bzip2__instcount_PLAIN_HYPER,10000,13607,1.1827,2.11,0.079822,[.00
PPO_25000_bzip2__instcount_PLAIN_HYPER,10000,13799,1.1677,2.08,0.078872,[.00
PPO_25000_bzip2__instcount_PLAIN_HYPER,10000,13293,1.2072,2.16,0.078131,[.00
PPO_25000_bzip2__instcount_PLAIN_HYPER,10000,13449,1.1950,2.13,0.082537,[.00
PPO_25000_bzip2__instcount_PLAIN_HYPER,10000,14001,1.1519,2.05,0.081043,[.00
PPO_25000_bzip2__instcount_PLAIN_HYPER,10000,13787,1.1686,2.08,0.082663,[.00
PPO_25000_bzip2__instcount_PLAIN_HYPER,10000,13678,1.1771,2.10,0.079167,[.00
PPO_25000_bzip2__instcount_PLAIN_HYPER,10000,13966,1.1546,2.05,0.08588,[.00
PPO_25000_bzip2__instcount_PLAIN_HYPER,10000,13611,1.1823,2.11,0.080724,[.00
PPO_25000_bzip2__instcount_PLAIN_HYPER,10000,13482,1.1924,2.13,0.084565,[.00
PPO_25000_bzip2__instcount_PLAIN_HYPER,10000,13878,1.1615,2.07,0.081869,[.00
PPO_25000_bzip2__instcount_PLAIN_HYPER,10000,13390,1.1996,2.14,0.081222,[.00
PPO_25000_bzip2__instcount_PLAIN_HYPER,10000,13388,1.1998,2.14,0.082486,[.00
PPO_25000_bzip2__instcount_PLAIN_HYPER,10000,13386,1.1999,2.14,0.079161,[.00
PPO_25000_bzip2__instcount_PLAIN_HYPER,10000,13500,1.1910,2.12,0.081433,[.00
PPO_25000_bzip2__instcount_PLAIN_HYPER,10000,13414,1.1977,2.14,0.077112,[.00
PPO_25000_bzip2__instcount_PLAIN_HYPER,10000,13375,1.2008,2.14,0.083924,[.00
PPO_25000_bzip2__instcount_PLAIN_HYPER,10000,13898,1.1599,2.06,0.068537,[.00
PPO_25000_bzip2__instcount_PLAIN_HYPER,10000,13474,1.1930,2.13,0.083092,[.00
PPO_25000_bzip2__instcount_PLAIN_HYPER,10000,13433,1.1962,2.14,0.081064,[.00
PPO_25000_bzip2__instcount_PLAIN_HYPER,10000,13418,1.1974,2.14,0.078996,[.00
PPO_25000_bzip2__instcount_PLAIN_HYPER,10000,13439,1.1958,2.13,0.081714,[.00
PPO_25000_bzip2__instcount_PLAIN_HYPER,10000,13613,1.1822,2.11,0.078068,[.00
PPO_25000_bzip2__instcount_PLAIN_HYPER,10000,13602,1.1830,2.11,0.08504,[.00
PPO_25000_bzip2__instcount_PLAIN_HYPER,10000,13463,1.1939,2.13,0.083857,[.00
PPO_25000_bzip2__instcount_PLAIN_HYPER,10000,13434,1.1962,2.13,0.08361,[.00
PPO_25000_bzip2__instcount_PLAIN_HYPER,10000,13399,1.1989,2.14,0.079638,[.00
PPO_25000_bzip2__instcount_PLAIN_HYPER,10000,13757,1.1709,2.08,0.083487,[.00
PPO_25000_bzip2__instcount_PLAIN_HYPER,10000,13605,1.1828,2.11,0.080419,[.00
PPO_25000_bzip2__instcount_PLAIN_HYPER,10000,13393,1.1994,2.14,0.079101,[.00
PPO_25000_bzip2__instcount_PLAIN_HYPER,10000,13473,1.1931,2.13,0.082364,[.00
PPO_25000_bzip2__instcount_PLAIN_HYPER,10000,13376,1.2007,2.14,0.080149,[.00
PPO_25000_bzip2__instcount_PLAIN_HYPER,10000,13939,1.1567,2.06,0.092351,[.00
PPO_25000_bzip2__instcount_PLAIN_HYPER,10000,13481,1.1925,2.13,0.078122,[.00
PPO_25000_bzip2__instcount_PLAIN_HYPER,10000,13513,1.1900,2.12,0.078795,[.00
PPO_25000_bzip2__instcount_PLAIN_HYPER,10000,13488,1.1920,2.13,0.082088,[.00
PPO_25000_bzip2__instcount_PLAIN_HYPER,10000,13476,1.1929,2.13,0.081956,[.00
PPO_25000_bzip2__instcount_PLAIN_HYPER,10000,13400,1.1988,2.14,0.082006,[.00
PPO_25000_bzip2__instcount_PLAIN_HYPER,10000,13625,1.1812,2.10,0.083788,[.00
PPO_25000_bzip2__instcount_PLAIN_HYPER,10000,13458,1.1943,2.13,0.08224,[.00
PPO_25000_bzip2__instcount_PLAIN_HYPER,10000,13435,1.1961,2.13,0.077853,[.00
PPO_25000_bzip2__instcount_PLAIN_HYPER,10000,13719,1.1739,2.09,0.08092,[.00
PPO_25000_bzip2__instcount_PLAIN_HYPER,10000,13400,1.1988,2.14,0.081936,[.00
PPO_25000_bzip2__instcount_PLAIN_HYPER,10000,13452,1.1948,2.13,0.078362,[.00
PPO_25000_bzip2__instcount_PLAIN_HYPER,10000,13440,1.1957,2.13,0.082065,[.00
PPO_25000_bzip2__instcount_PLAIN_HYPER,10000,13748,1.1716,2.09,0.082348,[.00
PPO_25000_bzip2__instcount_PLAIN_HYPER,10000,14163,1.1392,2.02,0.081381,[.00
PPO_25000_bzip2__instcount_PLAIN_HYPER,10000,15256,1.0538,1.88,0.074392,[.00
PPO_25000_bzip2__instcount_PLAIN_HYPER,10000,13498,1.1912,2.12,0.078068,[.00
PPO_25000_bzip2__instcount_PLAIN_HYPER,10000,14134,1.1415,2.03,0.09595,[.00
PPO_25000_bzip2__instcount_PLAIN_HYPER,10000,13551,1.1870,2.12,0.080566,[.00
PPO_25000_bzip2__instcount_PLAIN_HYPER,10000,13399,1.1989,2.14,0.078651,[.00
PPO_25000_bzip2__instcount_PLAIN_HYPER,10000,13337,1.2037,2.15,0.081588,[.00
PPO_25000_bzip2__instcount_PLAIN_HYPER,10000,13343,1.2033,2.15,0.079235,[.00
PPO_25000_bzip2__instcount_PLAIN_HYPER,10000,14067,1.1467,2.04,0.081303,[.00
PPO_25000_bzip2__instcount_PLAIN_HYPER,10000,17745,0.8594,1.62,0.080039,[.00
PPO_25000_bzip2__instcount_PLAIN_HYPER,10000,13652,1.1791,2.10,0.084712,[.00
PPO_25000_bzip2__instcount_PLAIN_HYPER,10000,14014,1.1509,2.05,0.08051,[.00
PPO_25000_bzip2__instcount_PLAIN_HYPER,10000,13732,1.1729,2.09,0.081107,[.00
PPO_25000_bzip2__instcount_PLAIN_HYPER,10000,13544,1.1876,2.12,0.08338,[.00
PPO_25000_bzip2__instcount_PLAIN_HYPER,10000,13704,1.1751,2.09,0.078931,[.00
PPO_25000_bzip2__instcount_PLAIN_HYPER,10000,13437,1.1959,2.13,0.081584,[.00
PPO_25000_bzip2__instcount_PLAIN_HYPER,10000,13462,1.1940,2.13,0.080111,[.00
PPO_25000_bzip2__instcount_PLAIN_HYPER,10000,13437,1.1959,2.13,0.080737,[.00
PPO_25000_bzip2__instcount_PLAIN_HYPER,10000,13355,1.2023,2.15,0.083125,[.00
PPO_25000_bzip2__instcount_PLAIN_HYPER,10000,13339,1.2036,2.15,0.077938,[.00
PPO_25000_bzip2__instcount_PLAIN_HYPER,10000,13886,1.1609,2.07,0.082637,[.00
PPO_25000_bzip2__instcount_PLAIN_HYPER,10000,13345,1.2031,2.15,0.078033,[.00
PPO_25000_bzip2__instcount_PLAIN_HYPER,10000,13722,1.1737,2.09,0.083322,[.00
PPO_25000_bzip2__instcount_PLAIN_HYPER,10000,13372,1.2010,2.14,0.082054,[.00
PPO_25000_bzip2__instcount_PLAIN_HYPER,10000,13747,1.1717,2.09,0.08334,[.00
PPO_25000_bzip2__instcount_PLAIN_HYPER,10000,14180,1.1379,2.02,0.080597,[.00
PPO_25000_bzip2__instcount_PLAIN_HYPER,10000,13556,1.1866,2.12,0.082815,[.00
PPO_25000_bzip2__instcount_PLAIN_HYPER,10000,13322,1.2049,2.15,0.081899,[.00
PPO_25000_bzip2__instcount_PLAIN_HYPER,10000,13589,1.1841,2.11,0.081375,[.00
PPO_25000_bzip2__instcount_PLAIN_HYPER,10000,13349,1.2028,2.15,0.078503,[.00
PPO_25000_bzip2__instcount_PLAIN_HYPER,10000,13408,1.1982,2.14,0.0782,[.00
PPO_25000_bzip2__instcount_PLAIN_HYPER,10000,13363,1.2017,2.15,0.088101,[.00
PPO_25000_bzip2__instcount_PLAIN_HYPER,10000,13653,1.1791,2.10,0.079021,[.00
PPO_25000_bzip2__instcount_PLAIN_HYPER,10000,13785,1.1688,2.08,0.079967,[.00
PPO_25000_bzip2__instcount_PLAIN_HYPER,10000,13636,1.1804,2.10,0.077694,[.00
PPO_25000_bzip2__instcount_PLAIN_HYPER,10000,14030,1.1496,2.04,0.078294,[.00
PPO_25000_bzip2__instcount_PLAIN_HYPER,11000,13631,1.1808,2.10,0.082231,[.00
PPO_25000_bzip2__instcount_PLAIN_HYPER,11000,14005,1.1516,2.05,0.079916,[.00
PPO_25000_bzip2__instcount_PLAIN_HYPER,11000,13455,1.1945,2.13,0.083895,[.00
PPO_25000_bzip2__instcount_PLAIN_HYPER,11000,13402,1.1987,2.14,0.083091,[.00
PPO_25000_bzip2__instcount_PLAIN_HYPER,11000,13500,1.1910,2.12,0.080898,[.00
PPO_25000_bzip2__instcount_PLAIN_HYPER,11000,13294,1.2071,2.16,0.080181,[.00
PPO_25000_bzip2__instcount_PLAIN_HYPER,11000,13590,1.1840,2.11,0.081135,[.00
PPO_25000_bzip2__instcount_PLAIN_HYPER,11000,13493,1.1916,2.13,0.078688,[.00
PPO_25000_bzip2__instcount_PLAIN_HYPER,11000,13370,1.2012,2.15,0.08313,[.00
PPO_25000_bzip2__instcount_PLAIN_HYPER,11000,13412,1.1979,2.14,0.083417,[.00
PPO_25000_bzip2__instcount_PLAIN_HYPER,11000,13678,1.1771,2.10,0.078026,[.00
PPO_25000_bzip2__instcount_PLAIN_HYPER,11000,13331,1.2042,2.15,0.081098,[.00
PPO_25000_bzip2__instcount_PLAIN_HYPER,11000,13362,1.2018,2.15,0.078262,[.00
PPO_25000_bzip2__instcount_PLAIN_HYPER,11000,13457,1.1944,2.13,0.085802,[.00
PPO_25000_bzip2__instcount_PLAIN_HYPER,11000,13679,1.1770,2.10,0.080662,[.00
PPO_25000_bzip2__instcount_PLAIN_HYPER,11000,13415,1.1977,2.14,0.079369,[.00
PPO_25000_bzip2__instcount_PLAIN_HYPER,11000,13779,1.1692,2.08,0.081629,[.00
PPO_25000_bzip2__instcount_PLAIN_HYPER,11000,13410,1.1980,2.14,0.081584,[.00
PPO_25000_bzip2__instcount_PLAIN_HYPER,11000,14142,1.1409,2.03,0.084705,[.00
PPO_25000_bzip2__instcount_PLAIN_HYPER,11000,13378,1.2005,2.14,0.086934,[.00
PPO_25000_bzip2__instcount_PLAIN_HYPER,11000,13334,1.2040,2.15,0.079525,[.00
PPO_25000_bzip2__instcount_PLAIN_HYPER,11000,13693,1.1759,2.09,0.083982,[.00
PPO_25000_bzip2__instcount_PLAIN_HYPER,11000,13712,1.1745,2.09,0.079536,[.00
PPO_25000_bzip2__instcount_PLAIN_HYPER,11000,13297,1.2069,2.16,0.080857,[.00
PPO_25000_bzip2__instcount_PLAIN_HYPER,11000,14265,1.1313,2.01,0.081891,[.00
PPO_25000_bzip2__instcount_PLAIN_HYPER,11000,13636,1.1804,2.10,0.082467,[.00
PPO_25000_bzip2__instcount_PLAIN_HYPER,11000,13424,1.1970,2.14,0.090015,[.00
PPO_25000_bzip2__instcount_PLAIN_HYPER,11000,13369,1.2012,2.15,0.082221,[.00
PPO_25000_bzip2__instcount_PLAIN_HYPER,11000,13669,1.1778,2.10,0.082169,[.00
PPO_25000_bzip2__instcount_PLAIN_HYPER,11000,13592,1.1838,2.11,0.088111,[.00
PPO_25000_bzip2__instcount_PLAIN_HYPER,11000,13475,1.1930,2.13,0.081124,[.00
PPO_25000_bzip2__instcount_PLAIN_HYPER,11000,14681,1.0988,1.95,0.070313,[.00
PPO_25000_bzip2__instcount_PLAIN_HYPER,11000,13543,1.1877,2.12,0.082976,[.00
PPO_25000_bzip2__instcount_PLAIN_HYPER,11000,13397,1.1991,2.14,0.081943,[.00
PPO_25000_bzip2__instcount_PLAIN_HYPER,11000,13969,1.1544,2.05,0.06726,[.00
PPO_25000_bzip2__instcount_PLAIN_HYPER,11000,13366,1.2015,2.15,0.079892,[.00
PPO_25000_bzip2__instcount_PLAIN_HYPER,11000,13423,1.1970,2.14,0.085952,[.00
PPO_25000_bzip2__instcount_PLAIN_HYPER,11000,13575,1.1852,2.11,0.08192,[.00
PPO_25000_bzip2__instcount_PLAIN_HYPER,11000,13396,1.1991,2.14,0.081276,[.00
PPO_25000_bzip2__instcount_PLAIN_HYPER,11000,13594,1.1837,2.11,0.085624,[.00
PPO_25000_bzip2__instcount_PLAIN_HYPER,11000,13510,1.1902,2.12,0.089385,[.00
PPO_25000_bzip2__instcount_PLAIN_HYPER,11000,13809,1.1669,2.08,0.081036,[.00
PPO_25000_bzip2__instcount_PLAIN_HYPER,11000,13368,1.2013,2.15,0.080142,[.00
PPO_25000_bzip2__instcount_PLAIN_HYPER,11000,13533,1.1884,2.12,0.080353,[.00
PPO_25000_bzip2__instcount_PLAIN_HYPER,11000,15173,1.0603,1.89,0.067678,[.00
PPO_25000_bzip2__instcount_PLAIN_HYPER,11000,13375,1.2008,2.14,0.082311,[.00
PPO_25000_bzip2__instcount_PLAIN_HYPER,11000,14014,1.1509,2.05,0.08625,[.00
PPO_25000_bzip2__instcount_PLAIN_HYPER,11000,13493,1.1916,2.13,0.081424,[.00
PPO_25000_bzip2__instcount_PLAIN_HYPER,11000,13532,1.1885,2.12,0.082841,[.00
PPO_25000_bzip2__instcount_PLAIN_HYPER,11000,14100,1.1441,2.03,0.085734,[.00
PPO_25000_bzip2__instcount_PLAIN_HYPER,11000,13585,1.1844,2.11,0.080219,[.00
PPO_25000_bzip2__instcount_PLAIN_HYPER,11000,13408,1.1982,2.14,0.082596,[.00
PPO_25000_bzip2__instcount_PLAIN_HYPER,11000,13394,1.1993,2.14,0.083433,[.00
PPO_25000_bzip2__instcount_PLAIN_HYPER,11000,13667,1.1780,2.10,0.082311,[.00
PPO_25000_bzip2__instcount_PLAIN_HYPER,11000,13424,1.1970,2.14,0.078872,[.00
PPO_25000_bzip2__instcount_PLAIN_HYPER,11000,13894,1.1602,2.06,0.082009,[.00
PPO_25000_bzip2__instcount_PLAIN_HYPER,11000,13396,1.1991,2.14,0.085529,[.00
PPO_25000_bzip2__instcount_PLAIN_HYPER,11000,13363,1.2017,2.15,0.081477,[.00
PPO_25000_bzip2__instcount_PLAIN_HYPER,11000,13410,1.1980,2.14,0.081957,[.00
PPO_25000_bzip2__instcount_PLAIN_HYPER,11000,13365,1.2016,2.15,0.080631,[.00
PPO_25000_bzip2__instcount_PLAIN_HYPER,11000,14147,1.1405,2.03,0.083371,[.00
PPO_25000_bzip2__instcount_PLAIN_HYPER,11000,13430,1.1965,2.14,0.081095,[.00
PPO_25000_bzip2__instcount_PLAIN_HYPER,11000,13349,1.2028,2.15,0.080757,[.00
PPO_25000_bzip2__instcount_PLAIN_HYPER,11000,13477,1.1928,2.13,0.084278,[.00
PPO_25000_bzip2__instcount_PLAIN_HYPER,11000,13842,1.1643,2.07,0.081861,[.00
PPO_25000_bzip2__instcount_PLAIN_HYPER,11000,13347,1.2030,2.15,0.081977,[.00
PPO_25000_bzip2__instcount_PLAIN_HYPER,11000,13383,1.2002,2.14,0.083997,[.00
PPO_25000_bzip2__instcount_PLAIN_HYPER,11000,13452,1.1948,2.13,0.081444,[.00
PPO_25000_bzip2__instcount_PLAIN_HYPER,11000,13432,1.1963,2.14,0.078257,[.00
PPO_25000_bzip2__instcount_PLAIN_HYPER,11000,13731,1.1730,2.09,0.081194,[.00
PPO_25000_bzip2__instcount_PLAIN_HYPER,11000,13435,1.1961,2.13,0.078696,[.00
PPO_25000_bzip2__instcount_PLAIN_HYPER,11000,13329,1.2044,2.15,0.081454,[.00
PPO_25000_bzip2__instcount_PLAIN_HYPER,11000,14666,1.0999,1.96,0.072659,[.00
PPO_25000_bzip2__instcount_PLAIN_HYPER,11000,13420,1.1973,2.14,0.078209,[.00
PPO_25000_bzip2__instcount_PLAIN_HYPER,11000,13423,1.1970,2.14,0.081886,[.00
PPO_25000_bzip2__instcount_PLAIN_HYPER,11000,13454,1.1946,2.13,0.086306,[.00
PPO_25000_bzip2__instcount_PLAIN_HYPER,11000,14168,1.1388,2.02,0.08176,[.00
PPO_25000_bzip2__instcount_PLAIN_HYPER,11000,13547,1.1873,2.12,0.0821,[.00
PPO_25000_bzip2__instcount_PLAIN_HYPER,11000,13789,1.1684,2.08,0.08078,[.00
PPO_25000_bzip2__instcount_PLAIN_HYPER,11000,13491,1.1917,2.13,0.083693,[.00
PPO_25000_bzip2__instcount_PLAIN_HYPER,11000,13554,1.1868,2.12,0.080036,[.00
PPO_25000_bzip2__instcount_PLAIN_HYPER,11000,13366,1.2015,2.15,0.079963,[.00
PPO_25000_bzip2__instcount_PLAIN_HYPER,11000,13370,1.2012,2.15,0.081549,[.00
PPO_25000_bzip2__instcount_PLAIN_HYPER,11000,13671,1.1777,2.10,0.08115,[.00
PPO_25000_bzip2__instcount_PLAIN_HYPER,11000,13737,1.1725,2.09,0.089363,[.00
PPO_25000_bzip2__instcount_PLAIN_HYPER,11000,13394,1.1993,2.14,0.080763,[.00
PPO_25000_bzip2__instcount_PLAIN_HYPER,11000,13877,1.1616,2.07,0.079508,[.00
PPO_25000_bzip2__instcount_PLAIN_HYPER,11000,13393,1.1994,2.14,0.08257,[.00
PPO_25000_bzip2__instcount_PLAIN_HYPER,11000,13497,1.1912,2.12,0.081943,[.00
PPO_25000_bzip2__instcount_PLAIN_HYPER,11000,13407,1.1983,2.14,0.079888,[.00
PPO_25000_bzip2__instcount_PLAIN_HYPER,11000,17262,0.8972,1.66,0.08426,[.00
PPO_25000_bzip2__instcount_PLAIN_HYPER,11000,13467,1.1936,2.13,0.080821,[.00
PPO_25000_bzip2__instcount_PLAIN_HYPER,11000,13721,1.1738,2.09,0.094843,[.00
PPO_25000_bzip2__instcount_PLAIN_HYPER,11000,14692,1.0979,1.95,0.085329,[.00
PPO_25000_bzip2__instcount_PLAIN_HYPER,11000,13387,1.1998,2.14,0.08084,[.00
PPO_25000_bzip2__instcount_PLAIN_HYPER,11000,13405,1.1984,2.14,0.079462,[.00
PPO_25000_bzip2__instcount_PLAIN_HYPER,11000,13871,1.1620,2.07,0.085862,[.00
PPO_25000_bzip2__instcount_PLAIN_HYPER,11000,13711,1.1745,2.09,0.083852,[.00
PPO_25000_bzip2__instcount_PLAIN_HYPER,11000,13474,1.1930,2.13,0.081958,[.00
PPO_25000_bzip2__instcount_PLAIN_HYPER,11000,13357,1.2022,2.15,0.08075,[.00
PPO_25000_bzip2__instcount_PLAIN_HYPER,12000,13360,1.2019,2.15,0.089107,[.00
PPO_25000_bzip2__instcount_PLAIN_HYPER,12000,13380,1.2004,2.14,0.081477,[.00
PPO_25000_bzip2__instcount_PLAIN_HYPER,12000,13357,1.2022,2.15,0.085057,[.00
PPO_25000_bzip2__instcount_PLAIN_HYPER,12000,13355,1.2023,2.15,0.079022,[.00
PPO_25000_bzip2__instcount_PLAIN_HYPER,12000,13567,1.1858,2.11,0.085156,[.00
PPO_25000_bzip2__instcount_PLAIN_HYPER,12000,13554,1.1868,2.12,0.084909,[.00
PPO_25000_bzip2__instcount_PLAIN_HYPER,12000,13389,1.1997,2.14,0.079133,[.00
PPO_25000_bzip2__instcount_PLAIN_HYPER,12000,13455,1.1945,2.13,0.078579,[.00
PPO_25000_bzip2__instcount_PLAIN_HYPER,12000,13490,1.1918,2.13,0.081963,[.00
PPO_25000_bzip2__instcount_PLAIN_HYPER,12000,13689,1.1763,2.10,0.082099,[.00
PPO_25000_bzip2__instcount_PLAIN_HYPER,12000,13557,1.1866,2.12,0.085287,[.00
PPO_25000_bzip2__instcount_PLAIN_HYPER,12000,13389,1.1997,2.14,0.079332,[.00
PPO_25000_bzip2__instcount_PLAIN_HYPER,12000,13433,1.1962,2.14,0.086187,[.00
PPO_25000_bzip2__instcount_PLAIN_HYPER,12000,13620,1.1816,2.11,0.083704,[.00
PPO_25000_bzip2__instcount_PLAIN_HYPER,12000,13826,1.1655,2.07,0.081831,[.00
PPO_25000_bzip2__instcount_PLAIN_HYPER,12000,13412,1.1979,2.14,0.080077,[.00
PPO_25000_bzip2__instcount_PLAIN_HYPER,12000,13378,1.2005,2.14,0.077747,[.00
PPO_25000_bzip2__instcount_PLAIN_HYPER,12000,13405,1.1984,2.14,0.08243,[.00
PPO_25000_bzip2__instcount_PLAIN_HYPER,12000,13676,1.1773,2.10,0.0786,[.00
PPO_25000_bzip2__instcount_PLAIN_HYPER,12000,13798,1.1677,2.08,0.08465,[.00
PPO_25000_bzip2__instcount_PLAIN_HYPER,12000,13731,1.1730,2.09,0.07863,[.00
PPO_25000_bzip2__instcount_PLAIN_HYPER,12000,13454,1.1946,2.13,0.08152,[.00
PPO_25000_bzip2__instcount_PLAIN_HYPER,12000,13677,1.1772,2.10,0.083288,[.00
PPO_25000_bzip2__instcount_PLAIN_HYPER,12000,13704,1.1751,2.09,0.086015,[.00
PPO_25000_bzip2__instcount_PLAIN_HYPER,12000,13374,1.2009,2.14,0.080223,[.00
PPO_25000_bzip2__instcount_PLAIN_HYPER,12000,13527,1.1889,2.12,0.083644,[.00
PPO_25000_bzip2__instcount_PLAIN_HYPER,12000,13515,1.1898,2.12,0.082874,[.00
PPO_25000_bzip2__instcount_PLAIN_HYPER,12000,13361,1.2019,2.15,0.078115,[.00
PPO_25000_bzip2__instcount_PLAIN_HYPER,12000,13370,1.2012,2.15,0.086242,[.00
PPO_25000_bzip2__instcount_PLAIN_HYPER,12000,13500,1.1910,2.12,0.084636,[.00
PPO_25000_bzip2__instcount_PLAIN_HYPER,12000,13424,1.1970,2.14,0.080833,[.00
PPO_25000_bzip2__instcount_PLAIN_HYPER,12000,13383,1.2002,2.14,0.081675,[.00
PPO_25000_bzip2__instcount_PLAIN_HYPER,12000,13891,1.1605,2.06,0.081071,[.00
PPO_25000_bzip2__instcount_PLAIN_HYPER,12000,13432,1.1963,2.14,0.078216,[.00
PPO_25000_bzip2__instcount_PLAIN_HYPER,12000,13382,1.2002,2.14,0.084714,[.00
PPO_25000_bzip2__instcount_PLAIN_HYPER,12000,13793,1.1681,2.08,0.078512,[.00
PPO_25000_bzip2__instcount_PLAIN_HYPER,12000,13460,1.1941,2.13,0.081854,[.00
PPO_25000_bzip2__instcount_PLAIN_HYPER,12000,13478,1.1927,2.13,0.08365,[.00
PPO_25000_bzip2__instcount_PLAIN_HYPER,12000,13437,1.1959,2.13,0.082857,[.00
PPO_25000_bzip2__instcount_PLAIN_HYPER,12000,13372,1.2010,2.14,0.087395,[.00
PPO_25000_bzip2__instcount_PLAIN_HYPER,12000,13913,1.1588,2.06,0.07982,[.00
PPO_25000_bzip2__instcount_PLAIN_HYPER,12000,13396,1.1991,2.14,0.083321,[.00
PPO_25000_bzip2__instcount_PLAIN_HYPER,12000,13718,1.1740,2.09,0.085184,[.00
PPO_25000_bzip2__instcount_PLAIN_HYPER,12000,13334,1.2040,2.15,0.086393,[.00
PPO_25000_bzip2__instcount_PLAIN_HYPER,12000,13646,1.1796,2.10,0.082474,[.00
PPO_25000_bzip2__instcount_PLAIN_HYPER,12000,13701,1.1753,2.09,0.081606,[.00
PPO_25000_bzip2__instcount_PLAIN_HYPER,12000,13642,1.1799,2.10,0.081022,[.00
PPO_25000_bzip2__instcount_PLAIN_HYPER,12000,13514,1.1899,2.12,0.081786,[.00
PPO_25000_bzip2__instcount_PLAIN_HYPER,12000,13485,1.1922,2.13,0.081254,[.00
PPO_25000_bzip2__instcount_PLAIN_HYPER,12000,13603,1.1830,2.11,0.08031,[.00
PPO_25000_bzip2__instcount_PLAIN_HYPER,12000,13476,1.1929,2.13,0.08599,[.00
PPO_25000_bzip2__instcount_PLAIN_HYPER,12000,13335,1.2039,2.15,0.080017,[.00
PPO_25000_bzip2__instcount_PLAIN_HYPER,12000,13751,1.1714,2.09,0.080749,[.00
PPO_25000_bzip2__instcount_PLAIN_HYPER,12000,13635,1.1805,2.10,0.081045,[.00
PPO_25000_bzip2__instcount_PLAIN_HYPER,12000,13440,1.1957,2.13,0.078335,[.00
PPO_25000_bzip2__instcount_PLAIN_HYPER,12000,13405,1.1984,2.14,0.084865,[.00
PPO_25000_bzip2__instcount_PLAIN_HYPER,12000,13387,1.1998,2.14,0.077892,[.00
PPO_25000_bzip2__instcount_PLAIN_HYPER,12000,13522,1.1893,2.12,0.083122,[.00
PPO_25000_bzip2__instcount_PLAIN_HYPER,12000,13368,1.2013,2.15,0.082509,[.00
PPO_25000_bzip2__instcount_PLAIN_HYPER,12000,13410,1.1980,2.14,0.083198,[.00
PPO_25000_bzip2__instcount_PLAIN_HYPER,12000,13398,1.1990,2.14,0.081224,[.00
PPO_25000_bzip2__instcount_PLAIN_HYPER,12000,13379,1.2005,2.14,0.081061,[.00
PPO_25000_bzip2__instcount_PLAIN_HYPER,12000,13686,1.1765,2.10,0.080237,[.00
PPO_25000_bzip2__instcount_PLAIN_HYPER,12000,13652,1.1791,2.10,0.082547,[.00
PPO_25000_bzip2__instcount_PLAIN_HYPER,12000,13417,1.1975,2.14,0.078571,[.00
PPO_25000_bzip2__instcount_PLAIN_HYPER,12000,13384,1.2001,2.14,0.081479,[.00
PPO_25000_bzip2__instcount_PLAIN_HYPER,12000,13382,1.2002,2.14,0.0796,[.00
PPO_25000_bzip2__instcount_PLAIN_HYPER,12000,13514,1.1899,2.12,0.0813,[.00
PPO_25000_bzip2__instcount_PLAIN_HYPER,12000,13587,1.1842,2.11,0.081103,[.00
PPO_25000_bzip2__instcount_PLAIN_HYPER,12000,13394,1.1993,2.14,0.08497,[.00
PPO_25000_bzip2__instcount_PLAIN_HYPER,12000,13399,1.1989,2.14,0.079363,[.00
PPO_25000_bzip2__instcount_PLAIN_HYPER,12000,13428,1.1966,2.14,0.085635,[.00
PPO_25000_bzip2__instcount_PLAIN_HYPER,12000,13370,1.2012,2.15,0.077944,[.00
PPO_25000_bzip2__instcount_PLAIN_HYPER,12000,13439,1.1958,2.13,0.081504,[.00
PPO_25000_bzip2__instcount_PLAIN_HYPER,12000,13466,1.1937,2.13,0.080483,[.00
PPO_25000_bzip2__instcount_PLAIN_HYPER,12000,13373,1.2009,2.14,0.094947,[.00
PPO_25000_bzip2__instcount_PLAIN_HYPER,12000,13433,1.1962,2.14,0.08168,[.00
PPO_25000_bzip2__instcount_PLAIN_HYPER,12000,13527,1.1889,2.12,0.079714,[.00
PPO_25000_bzip2__instcount_PLAIN_HYPER,12000,13593,1.1837,2.11,0.084731,[.00
PPO_25000_bzip2__instcount_PLAIN_HYPER,12000,13674,1.1774,2.10,0.086061,[.00
PPO_25000_bzip2__instcount_PLAIN_HYPER,12000,13662,1.1784,2.10,0.087402,[.00
PPO_25000_bzip2__instcount_PLAIN_HYPER,12000,13422,1.1971,2.14,0.08591,[.00
PPO_25000_bzip2__instcount_PLAIN_HYPER,12000,13402,1.1987,2.14,0.082527,[.00
PPO_25000_bzip2__instcount_PLAIN_HYPER,12000,13471,1.1933,2.13,0.084629,[.00
PPO_25000_bzip2__instcount_PLAIN_HYPER,12000,13852,1.1635,2.07,0.075633,[.00
PPO_25000_bzip2__instcount_PLAIN_HYPER,12000,13406,1.1984,2.14,0.079492,[.00
PPO_25000_bzip2__instcount_PLAIN_HYPER,12000,13505,1.1906,2.12,0.079076,[.00
PPO_25000_bzip2__instcount_PLAIN_HYPER,12000,14230,1.1340,2.02,0.07001,[.00
PPO_25000_bzip2__instcount_PLAIN_HYPER,12000,13491,1.1917,2.13,0.081426,[.00
PPO_25000_bzip2__instcount_PLAIN_HYPER,12000,13412,1.1979,2.14,0.084415,[.00
PPO_25000_bzip2__instcount_PLAIN_HYPER,12000,14002,1.1518,2.05,0.082953,[.00
PPO_25000_bzip2__instcount_PLAIN_HYPER,12000,13341,1.2034,2.15,0.079348,[.00
PPO_25000_bzip2__instcount_PLAIN_HYPER,12000,13488,1.1920,2.13,0.080745,[.00
PPO_25000_bzip2__instcount_PLAIN_HYPER,12000,13968,1.1545,2.05,0.082862,[.00
PPO_25000_bzip2__instcount_PLAIN_HYPER,12000,13449,1.1950,2.13,0.077813,[.00
PPO_25000_bzip2__instcount_PLAIN_HYPER,12000,13337,1.2037,2.15,0.078593,[.00
PPO_25000_bzip2__instcount_PLAIN_HYPER,12000,13549,1.1872,2.12,0.08067,[.00
PPO_25000_bzip2__instcount_PLAIN_HYPER,12000,13786,1.1687,2.08,0.082211,[.00
PPO_25000_bzip2__instcount_PLAIN_HYPER,12000,13762,1.1705,2.08,0.079352,[.00
PPO_25000_bzip2__instcount_PLAIN_HYPER,12000,13541,1.1878,2.12,0.086303,[.00
PPO_25000_bzip2__instcount_PLAIN_HYPER,13000,13433,1.1962,2.14,0.08157,[.00
PPO_25000_bzip2__instcount_PLAIN_HYPER,13000,13780,1.1691,2.08,0.080081,[.00
PPO_25000_bzip2__instcount_PLAIN_HYPER,13000,13380,1.2004,2.14,0.08007,[.00
PPO_25000_bzip2__instcount_PLAIN_HYPER,13000,13997,1.1522,2.05,0.079347,[.00
PPO_25000_bzip2__instcount_PLAIN_HYPER,13000,13518,1.1896,2.12,0.082274,[.00
PPO_25000_bzip2__instcount_PLAIN_HYPER,13000,13276,1.2085,2.16,0.08128,[.00
PPO_25000_bzip2__instcount_PLAIN_HYPER,13000,13373,1.2009,2.14,0.085205,[.00
PPO_25000_bzip2__instcount_PLAIN_HYPER,13000,13558,1.1865,2.12,0.081567,[.00
PPO_25000_bzip2__instcount_PLAIN_HYPER,13000,13530,1.1887,2.12,0.080462,[.00
PPO_25000_bzip2__instcount_PLAIN_HYPER,13000,13371,1.2011,2.15,0.083492,[.00
PPO_25000_bzip2__instcount_PLAIN_HYPER,13000,13384,1.2001,2.14,0.078304,[.00
PPO_25000_bzip2__instcount_PLAIN_HYPER,13000,13446,1.1952,2.13,0.087107,[.00
PPO_25000_bzip2__instcount_PLAIN_HYPER,13000,13624,1.1813,2.11,0.081855,[.00
PPO_25000_bzip2__instcount_PLAIN_HYPER,13000,13378,1.2005,2.14,0.082156,[.00
PPO_25000_bzip2__instcount_PLAIN_HYPER,13000,13497,1.1912,2.12,0.079705,[.00
PPO_25000_bzip2__instcount_PLAIN_HYPER,13000,14495,1.1133,1.98,0.078826,[.00
PPO_25000_bzip2__instcount_PLAIN_HYPER,13000,13381,1.2003,2.14,0.080057,[.00
PPO_25000_bzip2__instcount_PLAIN_HYPER,13000,13699,1.1755,2.09,0.084081,[.00
PPO_25000_bzip2__instcount_PLAIN_HYPER,13000,14457,1.1163,1.98,0.078423,[.00
PPO_25000_bzip2__instcount_PLAIN_HYPER,13000,13418,1.1974,2.14,0.087055,[.00
PPO_25000_bzip2__instcount_PLAIN_HYPER,13000,13372,1.2010,2.14,0.082422,[.00
PPO_25000_bzip2__instcount_PLAIN_HYPER,13000,13638,1.1802,2.10,0.080086,[.00
PPO_25000_bzip2__instcount_PLAIN_HYPER,13000,13412,1.1979,2.14,0.086501,[.00
PPO_25000_bzip2__instcount_PLAIN_HYPER,13000,13589,1.1841,2.11,0.081741,[.00
PPO_25000_bzip2__instcount_PLAIN_HYPER,13000,13422,1.1971,2.14,0.081052,[.00
PPO_25000_bzip2__instcount_PLAIN_HYPER,13000,13743,1.1720,2.09,0.080021,[.00
PPO_25000_bzip2__instcount_PLAIN_HYPER,13000,13510,1.1902,2.12,0.082079,[.00
PPO_25000_bzip2__instcount_PLAIN_HYPER,13000,13365,1.2016,2.15,0.081637,[.00
PPO_25000_bzip2__instcount_PLAIN_HYPER,13000,13464,1.1938,2.13,0.086094,[.00
PPO_25000_bzip2__instcount_PLAIN_HYPER,13000,13396,1.1991,2.14,0.093774,[.00
PPO_25000_bzip2__instcount_PLAIN_HYPER,13000,13373,1.2009,2.14,0.084267,[.00
PPO_25000_bzip2__instcount_PLAIN_HYPER,13000,13294,1.2071,2.16,0.079221,[.00
PPO_25000_bzip2__instcount_PLAIN_HYPER,13000,13374,1.2009,2.14,0.080987,[.00
PPO_25000_bzip2__instcount_PLAIN_HYPER,13000,13365,1.2016,2.15,0.07954,[.00
PPO_25000_bzip2__instcount_PLAIN_HYPER,13000,13385,1.2000,2.14,0.079465,[.00
PPO_25000_bzip2__instcount_PLAIN_HYPER,13000,13664,1.1782,2.10,0.080032,[.00
PPO_25000_bzip2__instcount_PLAIN_HYPER,13000,13396,1.1991,2.14,0.085798,[.00
PPO_25000_bzip2__instcount_PLAIN_HYPER,13000,13404,1.1985,2.14,0.083718,[.00
PPO_25000_bzip2__instcount_PLAIN_HYPER,13000,13498,1.1912,2.12,0.078488,[.00
PPO_25000_bzip2__instcount_PLAIN_HYPER,13000,13382,1.2002,2.14,0.084253,[.00
PPO_25000_bzip2__instcount_PLAIN_HYPER,13000,13570,1.1855,2.11,0.076897,[.00
PPO_25000_bzip2__instcount_PLAIN_HYPER,13000,13678,1.1771,2.10,0.079135,[.00
PPO_25000_bzip2__instcount_PLAIN_HYPER,13000,13395,1.1992,2.14,0.079635,[.00
PPO_25000_bzip2__instcount_PLAIN_HYPER,13000,13407,1.1983,2.14,0.079158,[.00
PPO_25000_bzip2__instcount_PLAIN_HYPER,13000,13394,1.1993,2.14,0.081325,[.00
PPO_25000_bzip2__instcount_PLAIN_HYPER,13000,13450,1.1949,2.13,0.079821,[.00
PPO_25000_bzip2__instcount_PLAIN_HYPER,13000,13360,1.2019,2.15,0.079067,[.00
PPO_25000_bzip2__instcount_PLAIN_HYPER,13000,13458,1.1943,2.13,0.079829,[.00
PPO_25000_bzip2__instcount_PLAIN_HYPER,13000,13751,1.1714,2.09,0.080397,[.00
PPO_25000_bzip2__instcount_PLAIN_HYPER,13000,13419,1.1973,2.14,0.080801,[.00
PPO_25000_bzip2__instcount_PLAIN_HYPER,13000,14060,1.1473,2.04,0.081735,[.00
PPO_25000_bzip2__instcount_PLAIN_HYPER,13000,13538,1.1880,2.12,0.083343,[.00
PPO_25000_bzip2__instcount_PLAIN_HYPER,13000,13397,1.1991,2.14,0.082092,[.00
PPO_25000_bzip2__instcount_PLAIN_HYPER,13000,13421,1.1972,2.14,0.082984,[.00
PPO_25000_bzip2__instcount_PLAIN_HYPER,13000,14058,1.1474,2.04,0.082763,[.00
PPO_25000_bzip2__instcount_PLAIN_HYPER,13000,13394,1.1993,2.14,0.079867,[.00
PPO_25000_bzip2__instcount_PLAIN_HYPER,13000,13726,1.1734,2.09,0.083422,[.00
PPO_25000_bzip2__instcount_PLAIN_HYPER,13000,13584,1.1845,2.11,0.083448,[.00
PPO_25000_bzip2__instcount_PLAIN_HYPER,13000,13430,1.1965,2.14,0.081207,[.00
PPO_25000_bzip2__instcount_PLAIN_HYPER,13000,13415,1.1977,2.14,0.084829,[.00
PPO_25000_bzip2__instcount_PLAIN_HYPER,13000,13348,1.2029,2.15,0.078144,[.00
PPO_25000_bzip2__instcount_PLAIN_HYPER,13000,13560,1.1863,2.12,0.082393,[.00
PPO_25000_bzip2__instcount_PLAIN_HYPER,13000,16780,0.9348,1.71,0.07881,[.00
PPO_25000_bzip2__instcount_PLAIN_HYPER,13000,13368,1.2013,2.15,0.078023,[.00
PPO_25000_bzip2__instcount_PLAIN_HYPER,13000,13355,1.2023,2.15,0.083615,[.00
PPO_25000_bzip2__instcount_PLAIN_HYPER,13000,13524,1.1891,2.12,0.081582,[.00
PPO_25000_bzip2__instcount_PLAIN_HYPER,13000,13773,1.1697,2.08,0.080873,[.00
PPO_25000_bzip2__instcount_PLAIN_HYPER,13000,13537,1.1881,2.12,0.085281,[.00
PPO_25000_bzip2__instcount_PLAIN_HYPER,13000,13468,1.1935,2.13,0.08131,[.00
PPO_25000_bzip2__instcount_PLAIN_HYPER,13000,13388,1.1998,2.14,0.079684,[.00
PPO_25000_bzip2__instcount_PLAIN_HYPER,13000,13391,1.1995,2.14,0.082022,[.00
PPO_25000_bzip2__instcount_PLAIN_HYPER,13000,13405,1.1984,2.14,0.081871,[.00
PPO_25000_bzip2__instcount_PLAIN_HYPER,13000,13513,1.1900,2.12,0.085531,[.00
PPO_25000_bzip2__instcount_PLAIN_HYPER,13000,13598,1.1834,2.11,0.078034,[.00
PPO_25000_bzip2__instcount_PLAIN_HYPER,13000,13385,1.2000,2.14,0.078057,[.00
PPO_25000_bzip2__instcount_PLAIN_HYPER,13000,13369,1.2012,2.15,0.080773,[.00
PPO_25000_bzip2__instcount_PLAIN_HYPER,13000,14094,1.1446,2.03,0.081853,[.00
PPO_25000_bzip2__instcount_PLAIN_HYPER,13000,13375,1.2008,2.14,0.081948,[.00
PPO_25000_bzip2__instcount_PLAIN_HYPER,13000,13621,1.1816,2.11,0.082778,[.00
PPO_25000_bzip2__instcount_PLAIN_HYPER,13000,13399,1.1989,2.14,0.082486,[.00
PPO_25000_bzip2__instcount_PLAIN_HYPER,13000,13519,1.1895,2.12,0.081671,[.00
PPO_25000_bzip2__instcount_PLAIN_HYPER,13000,13395,1.1992,2.14,0.080007,[.00
PPO_25000_bzip2__instcount_PLAIN_HYPER,13000,13880,1.1613,2.07,0.079665,[.00
PPO_25000_bzip2__instcount_PLAIN_HYPER,13000,13719,1.1739,2.09,0.080147,[.00
PPO_25000_bzip2__instcount_PLAIN_HYPER,13000,13485,1.1922,2.13,0.085252,[.00
PPO_25000_bzip2__instcount_PLAIN_HYPER,13000,13634,1.1805,2.10,0.084523,[.00
PPO_25000_bzip2__instcount_PLAIN_HYPER,13000,13727,1.1733,2.09,0.08075,[.00
PPO_25000_bzip2__instcount_PLAIN_HYPER,13000,13408,1.1982,2.14,0.081458,[.00
PPO_25000_bzip2__instcount_PLAIN_HYPER,13000,13444,1.1954,2.13,0.083021,[.00
PPO_25000_bzip2__instcount_PLAIN_HYPER,13000,13732,1.1729,2.09,0.078719,[.00
PPO_25000_bzip2__instcount_PLAIN_HYPER,13000,13365,1.2016,2.15,0.080395,[.00
PPO_25000_bzip2__instcount_PLAIN_HYPER,13000,13524,1.1891,2.12,0.076984,[.00
PPO_25000_bzip2__instcount_PLAIN_HYPER,13000,13420,1.1973,2.14,0.081332,[.00
PPO_25000_bzip2__instcount_PLAIN_HYPER,13000,13588,1.1841,2.11,0.089555,[.00
PPO_25000_bzip2__instcount_PLAIN_HYPER,13000,13730,1.1730,2.09,0.080179,[.00
PPO_25000_bzip2__instcount_PLAIN_HYPER,13000,13865,1.1625,2.07,0.087336,[.00
PPO_25000_bzip2__instcount_PLAIN_HYPER,13000,13637,1.1803,2.10,0.07836,[.00
PPO_25000_bzip2__instcount_PLAIN_HYPER,13000,13419,1.1973,2.14,0.080052,[.00
PPO_25000_bzip2__instcount_PLAIN_HYPER,13000,13630,1.1809,2.10,0.080908,[.00
PPO_25000_bzip2__instcount_PLAIN_HYPER,13000,13367,1.2014,2.15,0.078869,[.00
PPO_25000_bzip2__instcount_PLAIN_HYPER,14000,14767,1.0920,1.94,0.080441,[.00
PPO_25000_bzip2__instcount_PLAIN_HYPER,14000,13385,1.2000,2.14,0.078583,[.00
PPO_25000_bzip2__instcount_PLAIN_HYPER,14000,13598,1.1834,2.11,0.077447,[.00
PPO_25000_bzip2__instcount_PLAIN_HYPER,14000,13427,1.1967,2.14,0.081258,[.00
PPO_25000_bzip2__instcount_PLAIN_HYPER,14000,13358,1.2021,2.15,0.082957,[.00
PPO_25000_bzip2__instcount_PLAIN_HYPER,14000,13469,1.1934,2.13,0.07925,[.00
PPO_25000_bzip2__instcount_PLAIN_HYPER,14000,13427,1.1967,2.14,0.079584,[.00
PPO_25000_bzip2__instcount_PLAIN_HYPER,14000,13374,1.2009,2.14,0.078708,[.00
PPO_25000_bzip2__instcount_PLAIN_HYPER,14000,13333,1.2041,2.15,0.080978,[.00
PPO_25000_bzip2__instcount_PLAIN_HYPER,14000,13382,1.2002,2.14,0.078653,[.00
PPO_25000_bzip2__instcount_PLAIN_HYPER,14000,13469,1.1934,2.13,0.081234,[.00
PPO_25000_bzip2__instcount_PLAIN_HYPER,14000,13437,1.1959,2.13,0.090671,[.00
PPO_25000_bzip2__instcount_PLAIN_HYPER,14000,13556,1.1866,2.12,0.08292,[.00
PPO_25000_bzip2__instcount_PLAIN_HYPER,14000,13395,1.1992,2.14,0.078888,[.00
PPO_25000_bzip2__instcount_PLAIN_HYPER,14000,13384,1.2001,2.14,0.07805,[.00
PPO_25000_bzip2__instcount_PLAIN_HYPER,14000,13677,1.1772,2.10,0.082102,[.00
PPO_25000_bzip2__instcount_PLAIN_HYPER,14000,13420,1.1973,2.14,0.078898,[.00
PPO_25000_bzip2__instcount_PLAIN_HYPER,14000,13404,1.1985,2.14,0.079471,[.00
PPO_25000_bzip2__instcount_PLAIN_HYPER,14000,13457,1.1944,2.13,0.081208,[.00
PPO_25000_bzip2__instcount_PLAIN_HYPER,14000,13399,1.1989,2.14,0.080631,[.00
PPO_25000_bzip2__instcount_PLAIN_HYPER,14000,13383,1.2002,2.14,0.079819,[.00
PPO_25000_bzip2__instcount_PLAIN_HYPER,14000,13406,1.1984,2.14,0.084939,[.00
PPO_25000_bzip2__instcount_PLAIN_HYPER,14000,13434,1.1962,2.13,0.081939,[.00
PPO_25000_bzip2__instcount_PLAIN_HYPER,14000,13353,1.2025,2.15,0.079109,[.00
PPO_25000_bzip2__instcount_PLAIN_HYPER,14000,13702,1.1752,2.09,0.080133,[.00
PPO_25000_bzip2__instcount_PLAIN_HYPER,14000,14600,1.1051,1.96,0.077847,[.00
PPO_25000_bzip2__instcount_PLAIN_HYPER,14000,13352,1.2026,2.15,0.081863,[.00
PPO_25000_bzip2__instcount_PLAIN_HYPER,14000,13449,1.1950,2.13,0.079041,[.00
PPO_25000_bzip2__instcount_PLAIN_HYPER,14000,13443,1.1955,2.13,0.082351,[.00
PPO_25000_bzip2__instcount_PLAIN_HYPER,14000,13357,1.2022,2.15,0.08004,[.00
PPO_25000_bzip2__instcount_PLAIN_HYPER,14000,13382,1.2002,2.14,0.080125,[.00
PPO_25000_bzip2__instcount_PLAIN_HYPER,14000,13405,1.1984,2.14,0.080176,[.00
PPO_25000_bzip2__instcount_PLAIN_HYPER,14000,13417,1.1975,2.14,0.078734,[.00
PPO_25000_bzip2__instcount_PLAIN_HYPER,14000,13374,1.2009,2.14,0.079498,[.00
PPO_25000_bzip2__instcount_PLAIN_HYPER,14000,13628,1.1810,2.10,0.078365,[.00
PPO_25000_bzip2__instcount_PLAIN_HYPER,14000,13472,1.1932,2.13,0.097147,[.00
PPO_25000_bzip2__instcount_PLAIN_HYPER,14000,13397,1.1991,2.14,0.082355,[.00
PPO_25000_bzip2__instcount_PLAIN_HYPER,14000,13454,1.1946,2.13,0.082119,[.00
PPO_25000_bzip2__instcount_PLAIN_HYPER,14000,13398,1.1990,2.14,0.080875,[.00
PPO_25000_bzip2__instcount_PLAIN_HYPER,14000,13391,1.1995,2.14,0.080213,[.00
PPO_25000_bzip2__instcount_PLAIN_HYPER,14000,13430,1.1965,2.14,0.078385,[.00
PPO_25000_bzip2__instcount_PLAIN_HYPER,14000,13481,1.1925,2.13,0.080268,[.00
PPO_25000_bzip2__instcount_PLAIN_HYPER,14000,13454,1.1946,2.13,0.079642,[.00
PPO_25000_bzip2__instcount_PLAIN_HYPER,14000,13633,1.1806,2.10,0.081974,[.00
PPO_25000_bzip2__instcount_PLAIN_HYPER,14000,13415,1.1977,2.14,0.082751,[.00
PPO_25000_bzip2__instcount_PLAIN_HYPER,14000,13479,1.1927,2.13,0.083912,[.00
PPO_25000_bzip2__instcount_PLAIN_HYPER,14000,13366,1.2015,2.15,0.0824,[.00
PPO_25000_bzip2__instcount_PLAIN_HYPER,14000,13365,1.2016,2.15,0.078454,[.00
PPO_25000_bzip2__instcount_PLAIN_HYPER,14000,13402,1.1987,2.14,0.083057,[.00
PPO_25000_bzip2__instcount_PLAIN_HYPER,14000,13779,1.1692,2.08,0.083595,[.00
PPO_25000_bzip2__instcount_PLAIN_HYPER,14000,13455,1.1945,2.13,0.080376,[.00
PPO_25000_bzip2__instcount_PLAIN_HYPER,14000,13907,1.1592,2.06,0.078122,[.00
PPO_25000_bzip2__instcount_PLAIN_HYPER,14000,13965,1.1547,2.05,0.084206,[.00
PPO_25000_bzip2__instcount_PLAIN_HYPER,14000,13637,1.1803,2.10,0.081923,[.00
PPO_25000_bzip2__instcount_PLAIN_HYPER,14000,13431,1.1964,2.14,0.080956,[.00
PPO_25000_bzip2__instcount_PLAIN_HYPER,14000,13395,1.1992,2.14,0.079406,[.00
PPO_25000_bzip2__instcount_PLAIN_HYPER,14000,13553,1.1869,2.12,0.078696,[.00
PPO_25000_bzip2__instcount_PLAIN_HYPER,14000,13712,1.1745,2.09,0.081045,[.00
PPO_25000_bzip2__instcount_PLAIN_HYPER,14000,13384,1.2001,2.14,0.081853,[.00
PPO_25000_bzip2__instcount_PLAIN_HYPER,14000,13496,1.1913,2.13,0.082547,[.00
PPO_25000_bzip2__instcount_PLAIN_HYPER,14000,13296,1.2069,2.16,0.083267,[.00
PPO_25000_bzip2__instcount_PLAIN_HYPER,14000,13650,1.1793,2.10,0.078201,[.00
PPO_25000_bzip2__instcount_PLAIN_HYPER,14000,13578,1.1849,2.11,0.079753,[.00
PPO_25000_bzip2__instcount_PLAIN_HYPER,14000,13776,1.1695,2.08,0.082602,[.00
PPO_25000_bzip2__instcount_PLAIN_HYPER,14000,14229,1.1341,2.02,0.078028,[.00
PPO_25000_bzip2__instcount_PLAIN_HYPER,14000,13543,1.1877,2.12,0.083078,[.00
PPO_25000_bzip2__instcount_PLAIN_HYPER,14000,13407,1.1983,2.14,0.078056,[.00
PPO_25000_bzip2__instcount_PLAIN_HYPER,14000,13701,1.1753,2.09,0.077692,[.00
PPO_25000_bzip2__instcount_PLAIN_HYPER,14000,13386,1.1999,2.14,0.078917,[.00
PPO_25000_bzip2__instcount_PLAIN_HYPER,14000,13290,1.2074,2.16,0.08034,[.00
PPO_25000_bzip2__instcount_PLAIN_HYPER,14000,13408,1.1982,2.14,0.080007,[.00
PPO_25000_bzip2__instcount_PLAIN_HYPER,14000,13592,1.1838,2.11,0.085166,[.00
PPO_25000_bzip2__instcount_PLAIN_HYPER,14000,13445,1.1953,2.13,0.078445,[.00
PPO_25000_bzip2__instcount_PLAIN_HYPER,14000,13620,1.1816,2.11,0.078977,[.00
PPO_25000_bzip2__instcount_PLAIN_HYPER,14000,13375,1.2008,2.14,0.080431,[.00
PPO_25000_bzip2__instcount_PLAIN_HYPER,14000,13291,1.2073,2.16,0.081006,[.00
PPO_25000_bzip2__instcount_PLAIN_HYPER,14000,13786,1.1687,2.08,0.0822,[.00
PPO_25000_bzip2__instcount_PLAIN_HYPER,14000,13369,1.2012,2.15,0.082353,[.00
PPO_25000_bzip2__instcount_PLAIN_HYPER,14000,13329,1.2044,2.15,0.08152,[.00
PPO_25000_bzip2__instcount_PLAIN_HYPER,14000,13624,1.1813,2.11,0.077002,[.00
PPO_25000_bzip2__instcount_PLAIN_HYPER,14000,13813,1.1666,2.08,0.078859,[.00
PPO_25000_bzip2__instcount_PLAIN_HYPER,14000,13565,1.1859,2.11,0.07827,[.00
PPO_25000_bzip2__instcount_PLAIN_HYPER,14000,13529,1.1887,2.12,0.083888,[.00
PPO_25000_bzip2__instcount_PLAIN_HYPER,14000,13482,1.1924,2.13,0.086699,[.00
PPO_25000_bzip2__instcount_PLAIN_HYPER,14000,13370,1.2012,2.15,0.081805,[.00
PPO_25000_bzip2__instcount_PLAIN_HYPER,14000,13386,1.1999,2.14,0.082426,[.00
PPO_25000_bzip2__instcount_PLAIN_HYPER,14000,13512,1.1901,2.12,0.079664,[.00
PPO_25000_bzip2__instcount_PLAIN_HYPER,14000,13511,1.1902,2.12,0.080474,[.00
PPO_25000_bzip2__instcount_PLAIN_HYPER,14000,13383,1.2002,2.14,0.078285,[.00
PPO_25000_bzip2__instcount_PLAIN_HYPER,14000,13542,1.1877,2.12,0.091147,[.00
PPO_25000_bzip2__instcount_PLAIN_HYPER,14000,13495,1.1914,2.13,0.08738,[.00
PPO_25000_bzip2__instcount_PLAIN_HYPER,14000,13481,1.1925,2.13,0.081774,[.00
PPO_25000_bzip2__instcount_PLAIN_HYPER,14000,13363,1.2017,2.15,0.080963,[.00
PPO_25000_bzip2__instcount_PLAIN_HYPER,14000,13413,1.1978,2.14,0.081584,[.00
PPO_25000_bzip2__instcount_PLAIN_HYPER,14000,13982,1.1534,2.05,0.080052,[.00
PPO_25000_bzip2__instcount_PLAIN_HYPER,14000,13408,1.1982,2.14,0.081208,[.00
PPO_25000_bzip2__instcount_PLAIN_HYPER,14000,13402,1.1987,2.14,0.083944,[.00
PPO_25000_bzip2__instcount_PLAIN_HYPER,14000,13346,1.2030,2.15,0.079033,[.00
PPO_25000_bzip2__instcount_PLAIN_HYPER,14000,13461,1.1941,2.13,0.078122,[.00
PPO_25000_bzip2__instcount_PLAIN_HYPER,14000,13366,1.2015,2.15,0.078576,[.00
PPO_25000_bzip2__instcount_PLAIN_HYPER,15000,17603,0.8705,1.63,0.080026,[.00
PPO_25000_bzip2__instcount_PLAIN_HYPER,15000,13489,1.1919,2.13,0.081161,[.00
PPO_25000_bzip2__instcount_PLAIN_HYPER,15000,13396,1.1991,2.14,0.092248,[.00
PPO_25000_bzip2__instcount_PLAIN_HYPER,15000,13489,1.1919,2.13,0.082061,[.00
PPO_25000_bzip2__instcount_PLAIN_HYPER,15000,13345,1.2031,2.15,0.078803,[.00
PPO_25000_bzip2__instcount_PLAIN_HYPER,15000,13601,1.1831,2.11,0.083653,[.00
PPO_25000_bzip2__instcount_PLAIN_HYPER,15000,13483,1.1923,2.13,0.082038,[.00
PPO_25000_bzip2__instcount_PLAIN_HYPER,15000,13368,1.2013,2.15,0.078491,[.00
PPO_25000_bzip2__instcount_PLAIN_HYPER,15000,13395,1.1992,2.14,0.080577,[.00
PPO_25000_bzip2__instcount_PLAIN_HYPER,15000,14093,1.1447,2.03,0.080421,[.00
PPO_25000_bzip2__instcount_PLAIN_HYPER,15000,13366,1.2015,2.15,0.080048,[.00
PPO_25000_bzip2__instcount_PLAIN_HYPER,15000,13380,1.2004,2.14,0.081594,[.00
PPO_25000_bzip2__instcount_PLAIN_HYPER,15000,13363,1.2017,2.15,0.08178,[.00
PPO_25000_bzip2__instcount_PLAIN_HYPER,15000,13486,1.1921,2.13,0.086565,[.00
PPO_25000_bzip2__instcount_PLAIN_HYPER,15000,13350,1.2027,2.15,0.083362,[.00
PPO_25000_bzip2__instcount_PLAIN_HYPER,15000,13370,1.2012,2.15,0.082454,[.00
PPO_25000_bzip2__instcount_PLAIN_HYPER,15000,13335,1.2039,2.15,0.078687,[.00
PPO_25000_bzip2__instcount_PLAIN_HYPER,15000,13479,1.1927,2.13,0.088506,[.00
PPO_25000_bzip2__instcount_PLAIN_HYPER,15000,13541,1.1878,2.12,0.081023,[.00
PPO_25000_bzip2__instcount_PLAIN_HYPER,15000,13555,1.1867,2.12,0.083037,[.00
PPO_25000_bzip2__instcount_PLAIN_HYPER,15000,13449,1.1950,2.13,0.081954,[.00
PPO_25000_bzip2__instcount_PLAIN_HYPER,15000,13451,1.1948,2.13,0.081572,[.00
PPO_25000_bzip2__instcount_PLAIN_HYPER,15000,13418,1.1974,2.14,0.086558,[.00
PPO_25000_bzip2__instcount_PLAIN_HYPER,15000,13369,1.2012,2.15,0.086164,[.00
PPO_25000_bzip2__instcount_PLAIN_HYPER,15000,13362,1.2018,2.15,0.080068,[.00
PPO_25000_bzip2__instcount_PLAIN_HYPER,15000,13704,1.1751,2.09,0.078417,[.00
PPO_25000_bzip2__instcount_PLAIN_HYPER,15000,13464,1.1938,2.13,0.081353,[.00
PPO_25000_bzip2__instcount_PLAIN_HYPER,15000,13420,1.1973,2.14,0.078362,[.00
PPO_25000_bzip2__instcount_PLAIN_HYPER,15000,13628,1.1810,2.10,0.081367,[.00
PPO_25000_bzip2__instcount_PLAIN_HYPER,15000,14557,1.1084,1.97,0.079052,[.00
PPO_25000_bzip2__instcount_PLAIN_HYPER,15000,13997,1.1522,2.05,0.086224,[.00
PPO_25000_bzip2__instcount_PLAIN_HYPER,15000,13403,1.1986,2.14,0.079809,[.00
PPO_25000_bzip2__instcount_PLAIN_HYPER,15000,13467,1.1936,2.13,0.082675,[.00
PPO_25000_bzip2__instcount_PLAIN_HYPER,15000,13400,1.1988,2.14,0.093644,[.00
PPO_25000_bzip2__instcount_PLAIN_HYPER,15000,13416,1.1976,2.14,0.082109,[.00
PPO_25000_bzip2__instcount_PLAIN_HYPER,15000,13389,1.1997,2.14,0.082335,[.00
PPO_25000_bzip2__instcount_PLAIN_HYPER,15000,13647,1.1795,2.10,0.080711,[.00
PPO_25000_bzip2__instcount_PLAIN_HYPER,15000,13388,1.1998,2.14,0.080162,[.00
PPO_25000_bzip2__instcount_PLAIN_HYPER,15000,13422,1.1971,2.14,0.083207,[.00
PPO_25000_bzip2__instcount_PLAIN_HYPER,15000,13590,1.1840,2.11,0.082198,[.00
PPO_25000_bzip2__instcount_PLAIN_HYPER,15000,13537,1.1881,2.12,0.080427,[.00
PPO_25000_bzip2__instcount_PLAIN_HYPER,15000,13390,1.1996,2.14,0.077266,[.00
PPO_25000_bzip2__instcount_PLAIN_HYPER,15000,13472,1.1932,2.13,0.085735,[.00
PPO_25000_bzip2__instcount_PLAIN_HYPER,15000,13387,1.1998,2.14,0.079469,[.00
PPO_25000_bzip2__instcount_PLAIN_HYPER,15000,13368,1.2013,2.15,0.080497,[.00
PPO_25000_bzip2__instcount_PLAIN_HYPER,15000,13394,1.1993,2.14,0.084105,[.00
PPO_25000_bzip2__instcount_PLAIN_HYPER,15000,13566,1.1859,2.11,0.085231,[.00
PPO_25000_bzip2__instcount_PLAIN_HYPER,15000,13470,1.1934,2.13,0.083277,[.00
PPO_25000_bzip2__instcount_PLAIN_HYPER,15000,13495,1.1914,2.13,0.084791,[.00
PPO_25000_bzip2__instcount_PLAIN_HYPER,15000,13362,1.2018,2.15,0.076942,[.00
PPO_25000_bzip2__instcount_PLAIN_HYPER,15000,13349,1.2028,2.15,0.088845,[.00
PPO_25000_bzip2__instcount_PLAIN_HYPER,15000,13402,1.1987,2.14,0.07741,[.00
PPO_25000_bzip2__instcount_PLAIN_HYPER,15000,13413,1.1978,2.14,0.082372,[.00
PPO_25000_bzip2__instcount_PLAIN_HYPER,15000,13378,1.2005,2.14,0.078211,[.00
PPO_25000_bzip2__instcount_PLAIN_HYPER,15000,13376,1.2007,2.14,0.080235,[.00
PPO_25000_bzip2__instcount_PLAIN_HYPER,15000,13402,1.1987,2.14,0.079238,[.00
PPO_25000_bzip2__instcount_PLAIN_HYPER,15000,13600,1.1832,2.11,0.082085,[.00
PPO_25000_bzip2__instcount_PLAIN_HYPER,15000,13637,1.1803,2.10,0.079917,[.00
PPO_25000_bzip2__instcount_PLAIN_HYPER,15000,13347,1.2030,2.15,0.085264,[.00
PPO_25000_bzip2__instcount_PLAIN_HYPER,15000,13320,1.2051,2.15,0.079726,[.00
PPO_25000_bzip2__instcount_PLAIN_HYPER,15000,13584,1.1845,2.11,0.078884,[.00
PPO_25000_bzip2__instcount_PLAIN_HYPER,15000,13421,1.1972,2.14,0.080897,[.00
PPO_25000_bzip2__instcount_PLAIN_HYPER,15000,13660,1.1785,2.10,0.080342,[.00
PPO_25000_bzip2__instcount_PLAIN_HYPER,15000,13410,1.1980,2.14,0.078437,[.00
PPO_25000_bzip2__instcount_PLAIN_HYPER,15000,13503,1.1908,2.12,0.083379,[.00
PPO_25000_bzip2__instcount_PLAIN_HYPER,15000,13508,1.1904,2.12,0.080913,[.00
PPO_25000_bzip2__instcount_PLAIN_HYPER,15000,13393,1.1994,2.14,0.078195,[.00
PPO_25000_bzip2__instcount_PLAIN_HYPER,15000,13419,1.1973,2.14,0.077579,[.00
PPO_25000_bzip2__instcount_PLAIN_HYPER,15000,13903,1.1595,2.06,0.084229,[.00
PPO_25000_bzip2__instcount_PLAIN_HYPER,15000,13331,1.2042,2.15,0.079966,[.00
PPO_25000_bzip2__instcount_PLAIN_HYPER,15000,13400,1.1988,2.14,0.079519,[.00
PPO_25000_bzip2__instcount_PLAIN_HYPER,15000,13334,1.2040,2.15,0.081483,[.00
PPO_25000_bzip2__instcount_PLAIN_HYPER,15000,13438,1.1959,2.13,0.078832,[.00
PPO_25000_bzip2__instcount_PLAIN_HYPER,15000,13395,1.1992,2.14,0.099183,[.00
PPO_25000_bzip2__instcount_PLAIN_HYPER,15000,13639,1.1802,2.10,0.095455,[.00
PPO_25000_bzip2__instcount_PLAIN_HYPER,15000,13483,1.1923,2.13,0.103092,[.00
PPO_25000_bzip2__instcount_PLAIN_HYPER,15000,13448,1.1951,2.13,0.093583,[.00
PPO_25000_bzip2__instcount_PLAIN_HYPER,15000,13516,1.1898,2.12,0.10202,[.00
PPO_25000_bzip2__instcount_PLAIN_HYPER,15000,13383,1.2002,2.14,0.094279,[.00
PPO_25000_bzip2__instcount_PLAIN_HYPER,15000,14663,1.1002,1.96,0.106154,[.00
PPO_25000_bzip2__instcount_PLAIN_HYPER,15000,13422,1.1971,2.14,0.088732,[.00
PPO_25000_bzip2__instcount_PLAIN_HYPER,15000,13429,1.1966,2.14,0.089034,[.00
PPO_25000_bzip2__instcount_PLAIN_HYPER,15000,13393,1.1994,2.14,0.093778,[.00
PPO_25000_bzip2__instcount_PLAIN_HYPER,15000,13678,1.1771,2.10,0.092908,[.00
PPO_25000_bzip2__instcount_PLAIN_HYPER,15000,13421,1.1972,2.14,0.090062,[.00
PPO_25000_bzip2__instcount_PLAIN_HYPER,15000,13370,1.2012,2.15,0.092602,[.00
PPO_25000_bzip2__instcount_PLAIN_HYPER,15000,13382,1.2002,2.14,0.094626,[.00
PPO_25000_bzip2__instcount_PLAIN_HYPER,15000,13414,1.1977,2.14,0.099289,[.00
PPO_25000_bzip2__instcount_PLAIN_HYPER,15000,13447,1.1952,2.13,0.087706,[.00
PPO_25000_bzip2__instcount_PLAIN_HYPER,15000,13430,1.1965,2.14,0.130447,[.00
PPO_25000_bzip2__instcount_PLAIN_HYPER,15000,13401,1.1987,2.14,0.09275,[.00
PPO_25000_bzip2__instcount_PLAIN_HYPER,15000,13383,1.2002,2.14,0.090206,[.00
PPO_25000_bzip2__instcount_PLAIN_HYPER,15000,13397,1.1991,2.14,0.091898,[.00
PPO_25000_bzip2__instcount_PLAIN_HYPER,15000,13410,1.1980,2.14,0.127606,[.00
PPO_25000_bzip2__instcount_PLAIN_HYPER,15000,13396,1.1991,2.14,0.084448,[.00
PPO_25000_bzip2__instcount_PLAIN_HYPER,15000,13726,1.1734,2.09,0.086847,[.00
PPO_25000_bzip2__instcount_PLAIN_HYPER,15000,13418,1.1974,2.14,0.091436,[.00
PPO_25000_bzip2__instcount_PLAIN_HYPER,15000,13381,1.2003,2.14,0.091133,[.00
PPO_25000_bzip2__instcount_PLAIN_HYPER,15000,13457,1.1944,2.13,0.092738,[.00
PPO_25000_bzip2__instcount_PLAIN_HYPER,15000,13397,1.1991,2.14,0.088691,[.00
PPO_25000_bzip2__instcount_PLAIN_HYPER,16000,13396,1.1991,2.14,0.091673,[.00
PPO_25000_bzip2__instcount_PLAIN_HYPER,16000,13362,1.2018,2.15,0.091541,[.00
PPO_25000_bzip2__instcount_PLAIN_HYPER,16000,13327,1.2045,2.15,0.091502,[.00
PPO_25000_bzip2__instcount_PLAIN_HYPER,16000,13365,1.2016,2.15,0.089043,[.00
PPO_25000_bzip2__instcount_PLAIN_HYPER,16000,13388,1.1998,2.14,0.10392,[.00
PPO_25000_bzip2__instcount_PLAIN_HYPER,16000,13379,1.2005,2.14,0.094385,[.00
PPO_25000_bzip2__instcount_PLAIN_HYPER,16000,13378,1.2005,2.14,0.099583,[.00
PPO_25000_bzip2__instcount_PLAIN_HYPER,16000,13415,1.1977,2.14,0.077993,[.00
PPO_25000_bzip2__instcount_PLAIN_HYPER,16000,13466,1.1937,2.13,0.079412,[.00
PPO_25000_bzip2__instcount_PLAIN_HYPER,16000,13385,1.2000,2.14,0.081117,[.00
PPO_25000_bzip2__instcount_PLAIN_HYPER,16000,13368,1.2013,2.15,0.081376,[.00
PPO_25000_bzip2__instcount_PLAIN_HYPER,16000,13443,1.1955,2.13,0.080357,[.00
PPO_25000_bzip2__instcount_PLAIN_HYPER,16000,13536,1.1882,2.12,0.084945,[.00
PPO_25000_bzip2__instcount_PLAIN_HYPER,16000,13400,1.1988,2.14,0.079038,[.00
PPO_25000_bzip2__instcount_PLAIN_HYPER,16000,13539,1.1880,2.12,0.081577,[.00
PPO_25000_bzip2__instcount_PLAIN_HYPER,16000,13443,1.1955,2.13,0.078728,[.00
PPO_25000_bzip2__instcount_PLAIN_HYPER,16000,13374,1.2009,2.14,0.081783,[.00
PPO_25000_bzip2__instcount_PLAIN_HYPER,16000,13478,1.1927,2.13,0.081693,[.00
PPO_25000_bzip2__instcount_PLAIN_HYPER,16000,13413,1.1978,2.14,0.082958,[.00
PPO_25000_bzip2__instcount_PLAIN_HYPER,16000,13359,1.2020,2.15,0.083265,[.00
PPO_25000_bzip2__instcount_PLAIN_HYPER,16000,13416,1.1976,2.14,0.081192,[.00
PPO_25000_bzip2__instcount_PLAIN_HYPER,16000,13455,1.1945,2.13,0.078215,[.00
PPO_25000_bzip2__instcount_PLAIN_HYPER,16000,13476,1.1929,2.13,0.081432,[.00
PPO_25000_bzip2__instcount_PLAIN_HYPER,16000,13389,1.1997,2.14,0.080902,[.00
PPO_25000_bzip2__instcount_PLAIN_HYPER,16000,13398,1.1990,2.14,0.078468,[.00
PPO_25000_bzip2__instcount_PLAIN_HYPER,16000,13447,1.1952,2.13,0.078858,[.00
PPO_25000_bzip2__instcount_PLAIN_HYPER,16000,13352,1.2026,2.15,0.081151,[.00
PPO_25000_bzip2__instcount_PLAIN_HYPER,16000,13688,1.1763,2.10,0.080098,[.00
PPO_25000_bzip2__instcount_PLAIN_HYPER,16000,13400,1.1988,2.14,0.079691,[.00
PPO_25000_bzip2__instcount_PLAIN_HYPER,16000,13542,1.1877,2.12,0.08105,[.00
PPO_25000_bzip2__instcount_PLAIN_HYPER,16000,13395,1.1992,2.14,0.081994,[.00
PPO_25000_bzip2__instcount_PLAIN_HYPER,16000,13388,1.1998,2.14,0.080543,[.00
PPO_25000_bzip2__instcount_PLAIN_HYPER,16000,13488,1.1920,2.13,0.086377,[.00
PPO_25000_bzip2__instcount_PLAIN_HYPER,16000,13428,1.1966,2.14,0.089017,[.00
PPO_25000_bzip2__instcount_PLAIN_HYPER,16000,13396,1.1991,2.14,0.07936,[.00
PPO_25000_bzip2__instcount_PLAIN_HYPER,16000,13528,1.1888,2.12,0.08153,[.00
PPO_25000_bzip2__instcount_PLAIN_HYPER,16000,13495,1.1914,2.13,0.083282,[.00
PPO_25000_bzip2__instcount_PLAIN_HYPER,16000,13365,1.2016,2.15,0.082571,[.00
PPO_25000_bzip2__instcount_PLAIN_HYPER,16000,13529,1.1887,2.12,0.079367,[.00
PPO_25000_bzip2__instcount_PLAIN_HYPER,16000,13382,1.2002,2.14,0.081718,[.00
PPO_25000_bzip2__instcount_PLAIN_HYPER,16000,13504,1.1907,2.12,0.080461,[.00
PPO_25000_bzip2__instcount_PLAIN_HYPER,16000,13368,1.2013,2.15,0.082585,[.00
PPO_25000_bzip2__instcount_PLAIN_HYPER,16000,13490,1.1918,2.13,0.082102,[.00
PPO_25000_bzip2__instcount_PLAIN_HYPER,16000,13539,1.1880,2.12,0.090069,[.00
PPO_25000_bzip2__instcount_PLAIN_HYPER,16000,13620,1.1816,2.11,0.091101,[.00
PPO_25000_bzip2__instcount_PLAIN_HYPER,16000,13453,1.1947,2.13,0.080991,[.00
PPO_25000_bzip2__instcount_PLAIN_HYPER,16000,13366,1.2015,2.15,0.08249,[.00
PPO_25000_bzip2__instcount_PLAIN_HYPER,16000,13558,1.1865,2.12,0.084952,[.00
PPO_25000_bzip2__instcount_PLAIN_HYPER,16000,13405,1.1984,2.14,0.079903,[.00
PPO_25000_bzip2__instcount_PLAIN_HYPER,16000,13456,1.1945,2.13,0.08452,[.00
PPO_25000_bzip2__instcount_PLAIN_HYPER,16000,13394,1.1993,2.14,0.080321,[.00
PPO_25000_bzip2__instcount_PLAIN_HYPER,16000,13368,1.2013,2.15,0.078315,[.00
PPO_25000_bzip2__instcount_PLAIN_HYPER,16000,13541,1.1878,2.12,0.083644,[.00
PPO_25000_bzip2__instcount_PLAIN_HYPER,16000,13412,1.1979,2.14,0.081622,[.00
PPO_25000_bzip2__instcount_PLAIN_HYPER,16000,13396,1.1991,2.14,0.083646,[.00
PPO_25000_bzip2__instcount_PLAIN_HYPER,16000,13552,1.1870,2.12,0.081241,[.00
PPO_25000_bzip2__instcount_PLAIN_HYPER,16000,13489,1.1919,2.13,0.086556,[.00
PPO_25000_bzip2__instcount_PLAIN_HYPER,16000,13365,1.2016,2.15,0.080952,[.00
PPO_25000_bzip2__instcount_PLAIN_HYPER,16000,13415,1.1977,2.14,0.083483,[.00
PPO_25000_bzip2__instcount_PLAIN_HYPER,16000,13399,1.1989,2.14,0.086091,[.00
PPO_25000_bzip2__instcount_PLAIN_HYPER,16000,13375,1.2008,2.14,0.088428,[.00
PPO_25000_bzip2__instcount_PLAIN_HYPER,16000,13399,1.1989,2.14,0.082476,[.00
PPO_25000_bzip2__instcount_PLAIN_HYPER,16000,13392,1.1995,2.14,0.080633,[.00
PPO_25000_bzip2__instcount_PLAIN_HYPER,16000,13512,1.1901,2.12,0.080402,[.00
PPO_25000_bzip2__instcount_PLAIN_HYPER,16000,13530,1.1887,2.12,0.08395,[.00
PPO_25000_bzip2__instcount_PLAIN_HYPER,16000,13458,1.1943,2.13,0.081846,[.00
PPO_25000_bzip2__instcount_PLAIN_HYPER,16000,13388,1.1998,2.14,0.080332,[.00
PPO_25000_bzip2__instcount_PLAIN_HYPER,16000,13426,1.1968,2.14,0.082124,[.00
PPO_25000_bzip2__instcount_PLAIN_HYPER,16000,13373,1.2009,2.14,0.078863,[.00
PPO_25000_bzip2__instcount_PLAIN_HYPER,16000,13375,1.2008,2.14,0.083049,[.00
PPO_25000_bzip2__instcount_PLAIN_HYPER,16000,13496,1.1913,2.13,0.086296,[.00
PPO_25000_bzip2__instcount_PLAIN_HYPER,16000,14860,1.0848,1.93,0.083243,[.00
PPO_25000_bzip2__instcount_PLAIN_HYPER,16000,13557,1.1866,2.12,0.08643,[.00
PPO_25000_bzip2__instcount_PLAIN_HYPER,16000,13360,1.2019,2.15,0.081537,[.00
PPO_25000_bzip2__instcount_PLAIN_HYPER,16000,13421,1.1972,2.14,0.080346,[.00
PPO_25000_bzip2__instcount_PLAIN_HYPER,16000,13400,1.1988,2.14,0.078158,[.00
PPO_25000_bzip2__instcount_PLAIN_HYPER,16000,13578,1.1849,2.11,0.08254,[.00
PPO_25000_bzip2__instcount_PLAIN_HYPER,16000,13476,1.1929,2.13,0.08087,[.00
PPO_25000_bzip2__instcount_PLAIN_HYPER,16000,13572,1.1854,2.11,0.084998,[.00
PPO_25000_bzip2__instcount_PLAIN_HYPER,16000,13650,1.1793,2.10,0.081681,[.00
PPO_25000_bzip2__instcount_PLAIN_HYPER,16000,13453,1.1947,2.13,0.080536,[.00
PPO_25000_bzip2__instcount_PLAIN_HYPER,16000,13353,1.2025,2.15,0.07992,[.00
PPO_25000_bzip2__instcount_PLAIN_HYPER,16000,13396,1.1991,2.14,0.083737,[.00
PPO_25000_bzip2__instcount_PLAIN_HYPER,16000,13400,1.1988,2.14,0.079972,[.00
PPO_25000_bzip2__instcount_PLAIN_HYPER,16000,13392,1.1995,2.14,0.07832,[.00
PPO_25000_bzip2__instcount_PLAIN_HYPER,16000,13607,1.1827,2.11,0.079074,[.00
PPO_25000_bzip2__instcount_PLAIN_HYPER,16000,13365,1.2016,2.15,0.081501,[.00
PPO_25000_bzip2__instcount_PLAIN_HYPER,16000,13412,1.1979,2.14,0.081582,[.00
PPO_25000_bzip2__instcount_PLAIN_HYPER,16000,13422,1.1971,2.14,0.080614,[.00
PPO_25000_bzip2__instcount_PLAIN_HYPER,16000,13995,1.1523,2.05,0.079347,[.00
PPO_25000_bzip2__instcount_PLAIN_HYPER,16000,13379,1.2005,2.14,0.081198,[.00
PPO_25000_bzip2__instcount_PLAIN_HYPER,16000,13408,1.1982,2.14,0.08121,[.00
PPO_25000_bzip2__instcount_PLAIN_HYPER,16000,13396,1.1991,2.14,0.082581,[.00
PPO_25000_bzip2__instcount_PLAIN_HYPER,16000,13368,1.2013,2.15,0.079973,[.00
PPO_25000_bzip2__instcount_PLAIN_HYPER,16000,13395,1.1992,2.14,0.080539,[.00
PPO_25000_bzip2__instcount_PLAIN_HYPER,16000,13369,1.2012,2.15,0.080104,[.00
PPO_25000_bzip2__instcount_PLAIN_HYPER,16000,13422,1.1971,2.14,0.083227,[.00
PPO_25000_bzip2__instcount_PLAIN_HYPER,16000,13439,1.1958,2.13,0.086014,[.00
PPO_25000_bzip2__instcount_PLAIN_HYPER,16000,13481,1.1925,2.13,0.083018,[.00
PPO_25000_bzip2__instcount_PLAIN_HYPER,16000,13462,1.1940,2.13,0.085319,[.00
PPO_25000_bzip2__instcount_PLAIN_HYPER,17000,13432,1.1963,2.14,0.082027,[.00
PPO_25000_bzip2__instcount_PLAIN_HYPER,17000,13400,1.1988,2.14,0.085967,[.00
PPO_25000_bzip2__instcount_PLAIN_HYPER,17000,13400,1.1988,2.14,0.093444,[.00
PPO_25000_bzip2__instcount_PLAIN_HYPER,17000,13380,1.2004,2.14,0.085135,[.00
PPO_25000_bzip2__instcount_PLAIN_HYPER,17000,13476,1.1929,2.13,0.083185,[.00
PPO_25000_bzip2__instcount_PLAIN_HYPER,17000,13499,1.1911,2.12,0.084011,[.00
PPO_25000_bzip2__instcount_PLAIN_HYPER,17000,13771,1.1698,2.08,0.078872,[.00
PPO_25000_bzip2__instcount_PLAIN_HYPER,17000,13486,1.1921,2.13,0.083813,[.00
PPO_25000_bzip2__instcount_PLAIN_HYPER,17000,13544,1.1876,2.12,0.08255,[.00
PPO_25000_bzip2__instcount_PLAIN_HYPER,17000,13395,1.1992,2.14,0.079408,[.00
PPO_25000_bzip2__instcount_PLAIN_HYPER,17000,13414,1.1977,2.14,0.08492,[.00
PPO_25000_bzip2__instcount_PLAIN_HYPER,17000,13424,1.1970,2.14,0.079263,[.00
PPO_25000_bzip2__instcount_PLAIN_HYPER,17000,13552,1.1870,2.12,0.085091,[.00
PPO_25000_bzip2__instcount_PLAIN_HYPER,17000,13370,1.2012,2.15,0.080016,[.00
PPO_25000_bzip2__instcount_PLAIN_HYPER,17000,13396,1.1991,2.14,0.078172,[.00
PPO_25000_bzip2__instcount_PLAIN_HYPER,17000,13345,1.2031,2.15,0.082466,[.00
PPO_25000_bzip2__instcount_PLAIN_HYPER,17000,13475,1.1930,2.13,0.081711,[.00
PPO_25000_bzip2__instcount_PLAIN_HYPER,17000,13383,1.2002,2.14,0.078304,[.00
PPO_25000_bzip2__instcount_PLAIN_HYPER,17000,13849,1.1638,2.07,0.078382,[.00
PPO_25000_bzip2__instcount_PLAIN_HYPER,17000,13411,1.1980,2.14,0.081715,[.00
PPO_25000_bzip2__instcount_PLAIN_HYPER,17000,13393,1.1994,2.14,0.077757,[.00
PPO_25000_bzip2__instcount_PLAIN_HYPER,17000,13422,1.1971,2.14,0.08441,[.00
PPO_25000_bzip2__instcount_PLAIN_HYPER,17000,13595,1.1836,2.11,0.080261,[.00
PPO_25000_bzip2__instcount_PLAIN_HYPER,17000,13885,1.1609,2.07,0.085405,[.00
PPO_25000_bzip2__instcount_PLAIN_HYPER,17000,13542,1.1877,2.12,0.083517,[.00
PPO_25000_bzip2__instcount_PLAIN_HYPER,17000,13526,1.1890,2.12,0.080098,[.00
PPO_25000_bzip2__instcount_PLAIN_HYPER,17000,13342,1.2034,2.15,0.082698,[.00
PPO_25000_bzip2__instcount_PLAIN_HYPER,17000,13598,1.1834,2.11,0.083192,[.00
PPO_25000_bzip2__instcount_PLAIN_HYPER,17000,13524,1.1891,2.12,0.085795,[.00
PPO_25000_bzip2__instcount_PLAIN_HYPER,17000,13513,1.1900,2.12,0.080899,[.00
PPO_25000_bzip2__instcount_PLAIN_HYPER,17000,13344,1.2032,2.15,0.079087,[.00
PPO_25000_bzip2__instcount_PLAIN_HYPER,17000,13642,1.1799,2.10,0.084435,[.00
PPO_25000_bzip2__instcount_PLAIN_HYPER,17000,13375,1.2008,2.14,0.08226,[.00
PPO_25000_bzip2__instcount_PLAIN_HYPER,17000,13400,1.1988,2.14,0.082187,[.00
PPO_25000_bzip2__instcount_PLAIN_HYPER,17000,13560,1.1863,2.12,0.082401,[.00
PPO_25000_bzip2__instcount_PLAIN_HYPER,17000,13372,1.2010,2.14,0.078963,[.00
PPO_25000_bzip2__instcount_PLAIN_HYPER,17000,13376,1.2007,2.14,0.081551,[.00
PPO_25000_bzip2__instcount_PLAIN_HYPER,17000,13393,1.1994,2.14,0.079287,[.00
PPO_25000_bzip2__instcount_PLAIN_HYPER,17000,13418,1.1974,2.14,0.081352,[.00
PPO_25000_bzip2__instcount_PLAIN_HYPER,17000,13399,1.1989,2.14,0.081419,[.00
PPO_25000_bzip2__instcount_PLAIN_HYPER,17000,13367,1.2014,2.15,0.082398,[.00
PPO_25000_bzip2__instcount_PLAIN_HYPER,17000,13544,1.1876,2.12,0.085166,[.00
PPO_25000_bzip2__instcount_PLAIN_HYPER,17000,13362,1.2018,2.15,0.07879,[.00
PPO_25000_bzip2__instcount_PLAIN_HYPER,17000,13379,1.2005,2.14,0.078694,[.00
PPO_25000_bzip2__instcount_PLAIN_HYPER,17000,13287,1.2077,2.16,0.081773,[.00
PPO_25000_bzip2__instcount_PLAIN_HYPER,17000,13347,1.2030,2.15,0.080734,[.00
PPO_25000_bzip2__instcount_PLAIN_HYPER,17000,13570,1.1855,2.11,0.082022,[.00
PPO_25000_bzip2__instcount_PLAIN_HYPER,17000,13429,1.1966,2.14,0.083116,[.00
PPO_25000_bzip2__instcount_PLAIN_HYPER,17000,13306,1.2062,2.16,0.084214,[.00
PPO_25000_bzip2__instcount_PLAIN_HYPER,17000,13377,1.2006,2.14,0.084101,[.00
PPO_25000_bzip2__instcount_PLAIN_HYPER,17000,13370,1.2012,2.15,0.081856,[.00
PPO_25000_bzip2__instcount_PLAIN_HYPER,17000,13511,1.1902,2.12,0.084995,[.00
PPO_25000_bzip2__instcount_PLAIN_HYPER,17000,13422,1.1971,2.14,0.085884,[.00
PPO_25000_bzip2__instcount_PLAIN_HYPER,17000,13400,1.1988,2.14,0.078123,[.00
PPO_25000_bzip2__instcount_PLAIN_HYPER,17000,13397,1.1991,2.14,0.081357,[.00
PPO_25000_bzip2__instcount_PLAIN_HYPER,17000,13394,1.1993,2.14,0.081687,[.00
PPO_25000_bzip2__instcount_PLAIN_HYPER,17000,13309,1.2059,2.16,0.084437,[.00
PPO_25000_bzip2__instcount_PLAIN_HYPER,17000,13488,1.1920,2.13,0.080163,[.00
PPO_25000_bzip2__instcount_PLAIN_HYPER,17000,13374,1.2009,2.14,0.082004,[.00
PPO_25000_bzip2__instcount_PLAIN_HYPER,17000,13693,1.1759,2.09,0.081913,[.00
PPO_25000_bzip2__instcount_PLAIN_HYPER,17000,13605,1.1828,2.11,0.085508,[.00
PPO_25000_bzip2__instcount_PLAIN_HYPER,17000,13348,1.2029,2.15,0.083986,[.00
PPO_25000_bzip2__instcount_PLAIN_HYPER,17000,13438,1.1959,2.13,0.078865,[.00
PPO_25000_bzip2__instcount_PLAIN_HYPER,17000,13386,1.1999,2.14,0.078562,[.00
PPO_25000_bzip2__instcount_PLAIN_HYPER,17000,13392,1.1995,2.14,0.082725,[.00
PPO_25000_bzip2__instcount_PLAIN_HYPER,17000,13390,1.1996,2.14,0.083113,[.00
PPO_25000_bzip2__instcount_PLAIN_HYPER,17000,13375,1.2008,2.14,0.081727,[.00
PPO_25000_bzip2__instcount_PLAIN_HYPER,17000,13364,1.2016,2.15,0.083226,[.00
PPO_25000_bzip2__instcount_PLAIN_HYPER,17000,13366,1.2015,2.15,0.079906,[.00
PPO_25000_bzip2__instcount_PLAIN_HYPER,17000,13389,1.1997,2.14,0.079569,[.00
PPO_25000_bzip2__instcount_PLAIN_HYPER,17000,13387,1.1998,2.14,0.078817,[.00
PPO_25000_bzip2__instcount_PLAIN_HYPER,17000,13387,1.1998,2.14,0.083347,[.00
PPO_25000_bzip2__instcount_PLAIN_HYPER,17000,13386,1.1999,2.14,0.078365,[.00
PPO_25000_bzip2__instcount_PLAIN_HYPER,17000,13460,1.1941,2.13,0.079932,[.00
PPO_25000_bzip2__instcount_PLAIN_HYPER,17000,13501,1.1909,2.12,0.078235,[.00
PPO_25000_bzip2__instcount_PLAIN_HYPER,17000,13369,1.2012,2.15,0.081553,[.00
PPO_25000_bzip2__instcount_PLAIN_HYPER,17000,13472,1.1932,2.13,0.08686,[.00
PPO_25000_bzip2__instcount_PLAIN_HYPER,17000,13744,1.1720,2.09,0.080046,[.00
PPO_25000_bzip2__instcount_PLAIN_HYPER,17000,13392,1.1995,2.14,0.081615,[.00
PPO_25000_bzip2__instcount_PLAIN_HYPER,17000,13259,1.2098,2.16,0.082299,[.00
PPO_25000_bzip2__instcount_PLAIN_HYPER,17000,13366,1.2015,2.15,0.079801,[.00
PPO_25000_bzip2__instcount_PLAIN_HYPER,17000,13380,1.2004,2.14,0.081414,[.00
PPO_25000_bzip2__instcount_PLAIN_HYPER,17000,13338,1.2037,2.15,0.080568,[.00
PPO_25000_bzip2__instcount_PLAIN_HYPER,17000,13696,1.1757,2.09,0.083585,[.00
PPO_25000_bzip2__instcount_PLAIN_HYPER,17000,13387,1.1998,2.14,0.078035,[.00
PPO_25000_bzip2__instcount_PLAIN_HYPER,17000,13377,1.2006,2.14,0.078983,[.00
PPO_25000_bzip2__instcount_PLAIN_HYPER,17000,13418,1.1974,2.14,0.078144,[.00
PPO_25000_bzip2__instcount_PLAIN_HYPER,17000,13418,1.1974,2.14,0.077385,[.00
PPO_25000_bzip2__instcount_PLAIN_HYPER,17000,13560,1.1863,2.12,0.086038,[.00
PPO_25000_bzip2__instcount_PLAIN_HYPER,17000,13390,1.1996,2.14,0.077963,[.00
PPO_25000_bzip2__instcount_PLAIN_HYPER,17000,13405,1.1984,2.14,0.082866,[.00
PPO_25000_bzip2__instcount_PLAIN_HYPER,17000,13482,1.1924,2.13,0.083882,[.00
PPO_25000_bzip2__instcount_PLAIN_HYPER,17000,13435,1.1961,2.13,0.089556,[.00
PPO_25000_bzip2__instcount_PLAIN_HYPER,17000,13378,1.2005,2.14,0.083367,[.00
PPO_25000_bzip2__instcount_PLAIN_HYPER,17000,13957,1.1553,2.05,0.086864,[.00
PPO_25000_bzip2__instcount_PLAIN_HYPER,17000,13397,1.1991,2.14,0.080813,[.00
PPO_25000_bzip2__instcount_PLAIN_HYPER,17000,13397,1.1991,2.14,0.085873,[.00
PPO_25000_bzip2__instcount_PLAIN_HYPER,17000,13398,1.1990,2.14,0.080672,[.00
PPO_25000_bzip2__instcount_PLAIN_HYPER,17000,13365,1.2016,2.15,0.07997,[.00
PPO_25000_bzip2__instcount_PLAIN_HYPER,17000,14392,1.1213,1.99,0.083634,[.00
PPO_25000_bzip2__instcount_PLAIN_HYPER,18000,13382,1.2002,2.14,0.081986,[.00
PPO_25000_bzip2__instcount_PLAIN_HYPER,18000,13379,1.2005,2.14,0.081196,[.00
PPO_25000_bzip2__instcount_PLAIN_HYPER,18000,13414,1.1977,2.14,0.078206,[.00
PPO_25000_bzip2__instcount_PLAIN_HYPER,18000,13393,1.1994,2.14,0.082765,[.00
PPO_25000_bzip2__instcount_PLAIN_HYPER,18000,13386,1.1999,2.14,0.084558,[.00
PPO_25000_bzip2__instcount_PLAIN_HYPER,18000,13474,1.1930,2.13,0.084011,[.00
PPO_25000_bzip2__instcount_PLAIN_HYPER,18000,13475,1.1930,2.13,0.082816,[.00
PPO_25000_bzip2__instcount_PLAIN_HYPER,18000,13440,1.1957,2.13,0.078076,[.00
PPO_25000_bzip2__instcount_PLAIN_HYPER,18000,13407,1.1983,2.14,0.078082,[.00
PPO_25000_bzip2__instcount_PLAIN_HYPER,18000,13396,1.1991,2.14,0.079071,[.00
PPO_25000_bzip2__instcount_PLAIN_HYPER,18000,13368,1.2013,2.15,0.082972,[.00
PPO_25000_bzip2__instcount_PLAIN_HYPER,18000,13396,1.1991,2.14,0.080983,[.00
PPO_25000_bzip2__instcount_PLAIN_HYPER,18000,13448,1.1951,2.13,0.078237,[.00
PPO_25000_bzip2__instcount_PLAIN_HYPER,18000,13487,1.1920,2.13,0.080516,[.00
PPO_25000_bzip2__instcount_PLAIN_HYPER,18000,13389,1.1997,2.14,0.079611,[.00
PPO_25000_bzip2__instcount_PLAIN_HYPER,18000,13367,1.2014,2.15,0.078435,[.00
PPO_25000_bzip2__instcount_PLAIN_HYPER,18000,13439,1.1958,2.13,0.079319,[.00
PPO_25000_bzip2__instcount_PLAIN_HYPER,18000,13312,1.2057,2.15,0.082565,[.00
PPO_25000_bzip2__instcount_PLAIN_HYPER,18000,13506,1.1905,2.12,0.081731,[.00
PPO_25000_bzip2__instcount_PLAIN_HYPER,18000,13335,1.2039,2.15,0.079187,[.00
PPO_25000_bzip2__instcount_PLAIN_HYPER,18000,13712,1.1745,2.09,0.080993,[.00
PPO_25000_bzip2__instcount_PLAIN_HYPER,18000,13408,1.1982,2.14,0.079121,[.00
PPO_25000_bzip2__instcount_PLAIN_HYPER,18000,13646,1.1796,2.10,0.077464,[.00
PPO_25000_bzip2__instcount_PLAIN_HYPER,18000,13779,1.1692,2.08,0.081815,[.00
PPO_25000_bzip2__instcount_PLAIN_HYPER,18000,13358,1.2021,2.15,0.078665,[.00
PPO_25000_bzip2__instcount_PLAIN_HYPER,18000,13572,1.1854,2.11,0.081218,[.00
PPO_25000_bzip2__instcount_PLAIN_HYPER,18000,13397,1.1991,2.14,0.077477,[.00
PPO_25000_bzip2__instcount_PLAIN_HYPER,18000,13580,1.1848,2.11,0.078803,[.00
PPO_25000_bzip2__instcount_PLAIN_HYPER,18000,13372,1.2010,2.14,0.082291,[.00
PPO_25000_bzip2__instcount_PLAIN_HYPER,18000,13504,1.1907,2.12,0.078182,[.00
PPO_25000_bzip2__instcount_PLAIN_HYPER,18000,13382,1.2002,2.14,0.080185,[.00
PPO_25000_bzip2__instcount_PLAIN_HYPER,18000,13380,1.2004,2.14,0.085947,[.00
PPO_25000_bzip2__instcount_PLAIN_HYPER,18000,13487,1.1920,2.13,0.082263,[.00
PPO_25000_bzip2__instcount_PLAIN_HYPER,18000,13512,1.1901,2.12,0.079906,[.00
PPO_25000_bzip2__instcount_PLAIN_HYPER,18000,13509,1.1903,2.12,0.083304,[.00
PPO_25000_bzip2__instcount_PLAIN_HYPER,18000,13399,1.1989,2.14,0.077944,[.00
PPO_25000_bzip2__instcount_PLAIN_HYPER,18000,13479,1.1927,2.13,0.086341,[.00
PPO_25000_bzip2__instcount_PLAIN_HYPER,18000,13434,1.1962,2.13,0.083019,[.00
PPO_25000_bzip2__instcount_PLAIN_HYPER,18000,13449,1.1950,2.13,0.078416,[.00
PPO_25000_bzip2__instcount_PLAIN_HYPER,18000,13387,1.1998,2.14,0.083482,[.00
PPO_25000_bzip2__instcount_PLAIN_HYPER,18000,13409,1.1981,2.14,0.085717,[.00
PPO_25000_bzip2__instcount_PLAIN_HYPER,18000,13406,1.1984,2.14,0.079407,[.00
PPO_25000_bzip2__instcount_PLAIN_HYPER,18000,13373,1.2009,2.14,0.07848,[.00
PPO_25000_bzip2__instcount_PLAIN_HYPER,18000,13374,1.2009,2.14,0.083508,[.00
PPO_25000_bzip2__instcount_PLAIN_HYPER,18000,13392,1.1995,2.14,0.082306,[.00
PPO_25000_bzip2__instcount_PLAIN_HYPER,18000,17208,0.9014,1.67,0.078384,[.00
PPO_25000_bzip2__instcount_PLAIN_HYPER,18000,13369,1.2012,2.15,0.08245,[.00
PPO_25000_bzip2__instcount_PLAIN_HYPER,18000,13368,1.2013,2.15,0.077627,[.00
PPO_25000_bzip2__instcount_PLAIN_HYPER,18000,13500,1.1910,2.12,0.078512,[.00
PPO_25000_bzip2__instcount_PLAIN_HYPER,18000,13396,1.1991,2.14,0.078045,[.00
PPO_25000_bzip2__instcount_PLAIN_HYPER,18000,13396,1.1991,2.14,0.084094,[.00
PPO_25000_bzip2__instcount_PLAIN_HYPER,18000,13379,1.2005,2.14,0.082664,[.00
PPO_25000_bzip2__instcount_PLAIN_HYPER,18000,13426,1.1968,2.14,0.080913,[.00
PPO_25000_bzip2__instcount_PLAIN_HYPER,18000,13336,1.2038,2.15,0.07763,[.00
PPO_25000_bzip2__instcount_PLAIN_HYPER,18000,13534,1.1884,2.12,0.083224,[.00
PPO_25000_bzip2__instcount_PLAIN_HYPER,18000,13396,1.1991,2.14,0.082135,[.00
PPO_25000_bzip2__instcount_PLAIN_HYPER,18000,13454,1.1946,2.13,0.084677,[.00
PPO_25000_bzip2__instcount_PLAIN_HYPER,18000,13411,1.1980,2.14,0.080964,[.00
PPO_25000_bzip2__instcount_PLAIN_HYPER,18000,13373,1.2009,2.14,0.080524,[.00
PPO_25000_bzip2__instcount_PLAIN_HYPER,18000,13647,1.1795,2.10,0.083569,[.00
PPO_25000_bzip2__instcount_PLAIN_HYPER,18000,13597,1.1834,2.11,0.086557,[.00
PPO_25000_bzip2__instcount_PLAIN_HYPER,18000,13419,1.1973,2.14,0.081815,[.00
PPO_25000_bzip2__instcount_PLAIN_HYPER,18000,13399,1.1989,2.14,0.077951,[.00
PPO_25000_bzip2__instcount_PLAIN_HYPER,18000,13384,1.2001,2.14,0.08472,[.00
PPO_25000_bzip2__instcount_PLAIN_HYPER,18000,13553,1.1869,2.12,0.077681,[.00
PPO_25000_bzip2__instcount_PLAIN_HYPER,18000,13430,1.1965,2.14,0.079245,[.00
PPO_25000_bzip2__instcount_PLAIN_HYPER,18000,13952,1.1557,2.06,0.080709,[.00
PPO_25000_bzip2__instcount_PLAIN_HYPER,18000,13429,1.1966,2.14,0.082424,[.00
PPO_25000_bzip2__instcount_PLAIN_HYPER,18000,13483,1.1923,2.13,0.083001,[.00
PPO_25000_bzip2__instcount_PLAIN_HYPER,18000,13399,1.1989,2.14,0.079886,[.00
PPO_25000_bzip2__instcount_PLAIN_HYPER,18000,13402,1.1987,2.14,0.077085,[.00
PPO_25000_bzip2__instcount_PLAIN_HYPER,18000,13480,1.1926,2.13,0.080465,[.00
PPO_25000_bzip2__instcount_PLAIN_HYPER,18000,13415,1.1977,2.14,0.080333,[.00
PPO_25000_bzip2__instcount_PLAIN_HYPER,18000,13427,1.1967,2.14,0.079894,[.00
PPO_25000_bzip2__instcount_PLAIN_HYPER,18000,13395,1.1992,2.14,0.080885,[.00
PPO_25000_bzip2__instcount_PLAIN_HYPER,18000,13397,1.1991,2.14,0.08186,[.00
PPO_25000_bzip2__instcount_PLAIN_HYPER,18000,13334,1.2040,2.15,0.087277,[.00
PPO_25000_bzip2__instcount_PLAIN_HYPER,18000,13437,1.1959,2.13,0.078486,[.00
PPO_25000_bzip2__instcount_PLAIN_HYPER,18000,13481,1.1925,2.13,0.082339,[.00
PPO_25000_bzip2__instcount_PLAIN_HYPER,18000,13374,1.2009,2.14,0.078741,[.00
PPO_25000_bzip2__instcount_PLAIN_HYPER,18000,13669,1.1778,2.10,0.08001,[.00
PPO_25000_bzip2__instcount_PLAIN_HYPER,18000,13388,1.1998,2.14,0.092823,[.00
PPO_25000_bzip2__instcount_PLAIN_HYPER,18000,13954,1.1556,2.06,0.082061,[.00
PPO_25000_bzip2__instcount_PLAIN_HYPER,18000,13383,1.2002,2.14,0.081771,[.00
PPO_25000_bzip2__instcount_PLAIN_HYPER,18000,13740,1.1723,2.09,0.083015,[.00
PPO_25000_bzip2__instcount_PLAIN_HYPER,18000,13397,1.1991,2.14,0.079542,[.00
PPO_25000_bzip2__instcount_PLAIN_HYPER,18000,13454,1.1946,2.13,0.077865,[.00
PPO_25000_bzip2__instcount_PLAIN_HYPER,18000,13395,1.1992,2.14,0.087536,[.00
PPO_25000_bzip2__instcount_PLAIN_HYPER,18000,13386,1.1999,2.14,0.081412,[.00
PPO_25000_bzip2__instcount_PLAIN_HYPER,18000,13484,1.1923,2.13,0.100358,[.00
PPO_25000_bzip2__instcount_PLAIN_HYPER,18000,13383,1.2002,2.14,0.07976,[.00
PPO_25000_bzip2__instcount_PLAIN_HYPER,18000,13338,1.2037,2.15,0.077932,[.00
PPO_25000_bzip2__instcount_PLAIN_HYPER,18000,14182,1.1377,2.02,0.08285,[.00
PPO_25000_bzip2__instcount_PLAIN_HYPER,18000,13432,1.1963,2.14,0.079123,[.00
PPO_25000_bzip2__instcount_PLAIN_HYPER,18000,13430,1.1965,2.14,0.08371,[.00
PPO_25000_bzip2__instcount_PLAIN_HYPER,18000,13405,1.1984,2.14,0.083556,[.00
PPO_25000_bzip2__instcount_PLAIN_HYPER,18000,13651,1.1792,2.10,0.081762,[.00
PPO_25000_bzip2__instcount_PLAIN_HYPER,18000,13355,1.2023,2.15,0.077375,[.00
PPO_25000_bzip2__instcount_PLAIN_HYPER,18000,13507,1.1905,2.12,0.083197,[.00
PPO_25000_bzip2__instcount_PLAIN_HYPER,18000,13358,1.2021,2.15,0.082978,[.00
PPO_25000_bzip2__instcount_PLAIN_HYPER,19000,13410,1.1980,2.14,0.077834,[.00
PPO_25000_bzip2__instcount_PLAIN_HYPER,19000,13406,1.1984,2.14,0.082721,[.00
PPO_25000_bzip2__instcount_PLAIN_HYPER,19000,13365,1.2016,2.15,0.082359,[.00
PPO_25000_bzip2__instcount_PLAIN_HYPER,19000,13459,1.1942,2.13,0.088619,[.00
PPO_25000_bzip2__instcount_PLAIN_HYPER,19000,13492,1.1916,2.13,0.082017,[.00
PPO_25000_bzip2__instcount_PLAIN_HYPER,19000,13474,1.1930,2.13,0.080638,[.00
PPO_25000_bzip2__instcount_PLAIN_HYPER,19000,13391,1.1995,2.14,0.075975,[.00
PPO_25000_bzip2__instcount_PLAIN_HYPER,19000,13402,1.1987,2.14,0.078817,[.00
PPO_25000_bzip2__instcount_PLAIN_HYPER,19000,13432,1.1963,2.14,0.084498,[.00
PPO_25000_bzip2__instcount_PLAIN_HYPER,19000,13389,1.1997,2.14,0.086338,[.00
PPO_25000_bzip2__instcount_PLAIN_HYPER,19000,13380,1.2004,2.14,0.095974,[.00
PPO_25000_bzip2__instcount_PLAIN_HYPER,19000,13732,1.1729,2.09,0.081655,[.00
PPO_25000_bzip2__instcount_PLAIN_HYPER,19000,14330,1.1262,2.00,0.079898,[.00
PPO_25000_bzip2__instcount_PLAIN_HYPER,19000,13397,1.1991,2.14,0.080695,[.00
PPO_25000_bzip2__instcount_PLAIN_HYPER,19000,13469,1.1934,2.13,0.081461,[.00
PPO_25000_bzip2__instcount_PLAIN_HYPER,19000,13398,1.1990,2.14,0.086149,[.00
PPO_25000_bzip2__instcount_PLAIN_HYPER,19000,13465,1.1937,2.13,0.082633,[.00
PPO_25000_bzip2__instcount_PLAIN_HYPER,19000,13706,1.1749,2.09,0.081216,[.00
PPO_25000_bzip2__instcount_PLAIN_HYPER,19000,13427,1.1967,2.14,0.081572,[.00
PPO_25000_bzip2__instcount_PLAIN_HYPER,19000,13403,1.1986,2.14,0.077611,[.00
PPO_25000_bzip2__instcount_PLAIN_HYPER,19000,13559,1.1864,2.12,0.085415,[.00
PPO_25000_bzip2__instcount_PLAIN_HYPER,19000,13421,1.1972,2.14,0.079674,[.00
PPO_25000_bzip2__instcount_PLAIN_HYPER,19000,13701,1.1753,2.09,0.084728,[.00
PPO_25000_bzip2__instcount_PLAIN_HYPER,19000,13655,1.1789,2.10,0.079971,[.00
PPO_25000_bzip2__instcount_PLAIN_HYPER,19000,13393,1.1994,2.14,0.082639,[.00
PPO_25000_bzip2__instcount_PLAIN_HYPER,19000,13336,1.2038,2.15,0.081843,[.00
PPO_25000_bzip2__instcount_PLAIN_HYPER,19000,13366,1.2015,2.15,0.079979,[.00
PPO_25000_bzip2__instcount_PLAIN_HYPER,19000,13370,1.2012,2.15,0.080034,[.00
PPO_25000_bzip2__instcount_PLAIN_HYPER,19000,13508,1.1904,2.12,0.083794,[.00
PPO_25000_bzip2__instcount_PLAIN_HYPER,19000,13378,1.2005,2.14,0.080038,[.00
PPO_25000_bzip2__instcount_PLAIN_HYPER,19000,13627,1.1811,2.10,0.085798,[.00
PPO_25000_bzip2__instcount_PLAIN_HYPER,19000,13284,1.2079,2.16,0.080797,[.00
PPO_25000_bzip2__instcount_PLAIN_HYPER,19000,13389,1.1997,2.14,0.085695,[.00
PPO_25000_bzip2__instcount_PLAIN_HYPER,19000,13336,1.2038,2.15,0.077644,[.00
PPO_25000_bzip2__instcount_PLAIN_HYPER,19000,13743,1.1720,2.09,0.086093,[.00
PPO_25000_bzip2__instcount_PLAIN_HYPER,19000,13408,1.1982,2.14,0.078486,[.00
PPO_25000_bzip2__instcount_PLAIN_HYPER,19000,13485,1.1922,2.13,0.082083,[.00
PPO_25000_bzip2__instcount_PLAIN_HYPER,19000,13366,1.2015,2.15,0.087613,[.00
PPO_25000_bzip2__instcount_PLAIN_HYPER,19000,13370,1.2012,2.15,0.081673,[.00
PPO_25000_bzip2__instcount_PLAIN_HYPER,19000,13392,1.1995,2.14,0.081296,[.00
PPO_25000_bzip2__instcount_PLAIN_HYPER,19000,13473,1.1931,2.13,0.082149,[.00
PPO_25000_bzip2__instcount_PLAIN_HYPER,19000,13494,1.1915,2.13,0.086646,[.00
PPO_25000_bzip2__instcount_PLAIN_HYPER,19000,13350,1.2027,2.15,0.08506,[.00
PPO_25000_bzip2__instcount_PLAIN_HYPER,19000,13527,1.1889,2.12,0.086407,[.00
PPO_25000_bzip2__instcount_PLAIN_HYPER,19000,13367,1.2014,2.15,0.078862,[.00
PPO_25000_bzip2__instcount_PLAIN_HYPER,19000,13371,1.2011,2.15,0.081296,[.00
PPO_25000_bzip2__instcount_PLAIN_HYPER,19000,13529,1.1887,2.12,0.082987,[.00
PPO_25000_bzip2__instcount_PLAIN_HYPER,19000,13506,1.1905,2.12,0.078371,[.00
PPO_25000_bzip2__instcount_PLAIN_HYPER,19000,13387,1.1998,2.14,0.078171,[.00
PPO_25000_bzip2__instcount_PLAIN_HYPER,19000,13422,1.1971,2.14,0.081489,[.00
PPO_25000_bzip2__instcount_PLAIN_HYPER,19000,13396,1.1991,2.14,0.082316,[.00
PPO_25000_bzip2__instcount_PLAIN_HYPER,19000,13371,1.2011,2.15,0.078486,[.00
PPO_25000_bzip2__instcount_PLAIN_HYPER,19000,13397,1.1991,2.14,0.079363,[.00
PPO_25000_bzip2__instcount_PLAIN_HYPER,19000,13398,1.1990,2.14,0.08119,[.00
PPO_25000_bzip2__instcount_PLAIN_HYPER,19000,13370,1.2012,2.15,0.080783,[.00
PPO_25000_bzip2__instcount_PLAIN_HYPER,19000,13525,1.1891,2.12,0.085717,[.00
PPO_25000_bzip2__instcount_PLAIN_HYPER,19000,13397,1.1991,2.14,0.079012,[.00
PPO_25000_bzip2__instcount_PLAIN_HYPER,19000,13398,1.1990,2.14,0.079842,[.00
PPO_25000_bzip2__instcount_PLAIN_HYPER,19000,13407,1.1983,2.14,0.080609,[.00
PPO_25000_bzip2__instcount_PLAIN_HYPER,19000,13397,1.1991,2.14,0.079451,[.00
PPO_25000_bzip2__instcount_PLAIN_HYPER,19000,13392,1.1995,2.14,0.079196,[.00
PPO_25000_bzip2__instcount_PLAIN_HYPER,19000,13490,1.1918,2.13,0.086323,[.00
PPO_25000_bzip2__instcount_PLAIN_HYPER,19000,13433,1.1962,2.14,0.087083,[.00
PPO_25000_bzip2__instcount_PLAIN_HYPER,19000,13392,1.1995,2.14,0.078634,[.00
PPO_25000_bzip2__instcount_PLAIN_HYPER,19000,13336,1.2038,2.15,0.079435,[.00
PPO_25000_bzip2__instcount_PLAIN_HYPER,19000,13723,1.1736,2.09,0.081015,[.00
PPO_25000_bzip2__instcount_PLAIN_HYPER,19000,13528,1.1888,2.12,0.08175,[.00
PPO_25000_bzip2__instcount_PLAIN_HYPER,19000,13624,1.1813,2.11,0.081669,[.00
PPO_25000_bzip2__instcount_PLAIN_HYPER,19000,13402,1.1987,2.14,0.079971,[.00
PPO_25000_bzip2__instcount_PLAIN_HYPER,19000,13457,1.1944,2.13,0.080564,[.00
PPO_25000_bzip2__instcount_PLAIN_HYPER,19000,13649,1.1794,2.10,0.081794,[.00
PPO_25000_bzip2__instcount_PLAIN_HYPER,19000,13487,1.1920,2.13,0.082768,[.00
PPO_25000_bzip2__instcount_PLAIN_HYPER,19000,13362,1.2018,2.15,0.077903,[.00
PPO_25000_bzip2__instcount_PLAIN_HYPER,19000,13386,1.1999,2.14,0.084359,[.00
PPO_25000_bzip2__instcount_PLAIN_HYPER,19000,13360,1.2019,2.15,0.078338,[.00
PPO_25000_bzip2__instcount_PLAIN_HYPER,19000,13417,1.1975,2.14,0.081861,[.00
PPO_25000_bzip2__instcount_PLAIN_HYPER,19000,13425,1.1969,2.14,0.081587,[.00
PPO_25000_bzip2__instcount_PLAIN_HYPER,19000,13423,1.1970,2.14,0.080459,[.00
PPO_25000_bzip2__instcount_PLAIN_HYPER,19000,13390,1.1996,2.14,0.078384,[.00
PPO_25000_bzip2__instcount_PLAIN_HYPER,19000,13391,1.1995,2.14,0.078394,[.00
PPO_25000_bzip2__instcount_PLAIN_HYPER,19000,13411,1.1980,2.14,0.082158,[.00
PPO_25000_bzip2__instcount_PLAIN_HYPER,19000,13397,1.1991,2.14,0.079838,[.00
PPO_25000_bzip2__instcount_PLAIN_HYPER,19000,13482,1.1924,2.13,0.082481,[.00
PPO_25000_bzip2__instcount_PLAIN_HYPER,19000,13401,1.1987,2.14,0.084767,[.00
PPO_25000_bzip2__instcount_PLAIN_HYPER,19000,13376,1.2007,2.14,0.080389,[.00
PPO_25000_bzip2__instcount_PLAIN_HYPER,19000,13462,1.1940,2.13,0.079557,[.00
PPO_25000_bzip2__instcount_PLAIN_HYPER,19000,13357,1.2022,2.15,0.080936,[.00
PPO_25000_bzip2__instcount_PLAIN_HYPER,19000,13404,1.1985,2.14,0.082184,[.00
PPO_25000_bzip2__instcount_PLAIN_HYPER,19000,13420,1.1973,2.14,0.086587,[.00
PPO_25000_bzip2__instcount_PLAIN_HYPER,19000,13382,1.2002,2.14,0.07918,[.00
PPO_25000_bzip2__instcount_PLAIN_HYPER,19000,13400,1.1988,2.14,0.078316,[.00
PPO_25000_bzip2__instcount_PLAIN_HYPER,19000,13385,1.2000,2.14,0.081448,[.00
PPO_25000_bzip2__instcount_PLAIN_HYPER,19000,13377,1.2006,2.14,0.078244,[.00
PPO_25000_bzip2__instcount_PLAIN_HYPER,19000,13569,1.1856,2.11,0.086651,[.00
PPO_25000_bzip2__instcount_PLAIN_HYPER,19000,13372,1.2010,2.14,0.082923,[.00
PPO_25000_bzip2__instcount_PLAIN_HYPER,19000,13369,1.2012,2.15,0.081713,[.00
PPO_25000_bzip2__instcount_PLAIN_HYPER,19000,13438,1.1959,2.13,0.082495,[.00
PPO_25000_bzip2__instcount_PLAIN_HYPER,19000,13396,1.1991,2.14,0.080225,[.00
PPO_25000_bzip2__instcount_PLAIN_HYPER,19000,13423,1.1970,2.14,0.082544,[.00
PPO_25000_bzip2__instcount_PLAIN_HYPER,19000,13450,1.1949,2.13,0.082563,[.00
PPO_25000_bzip2__instcount_PLAIN_HYPER,20000,13411,1.1980,2.14,0.079794,[.00
PPO_25000_bzip2__instcount_PLAIN_HYPER,20000,13376,1.2007,2.14,0.084897,[.00
PPO_25000_bzip2__instcount_PLAIN_HYPER,20000,13680,1.1770,2.10,0.079521,[.00
PPO_25000_bzip2__instcount_PLAIN_HYPER,20000,13402,1.1987,2.14,0.079669,[.00
PPO_25000_bzip2__instcount_PLAIN_HYPER,20000,13401,1.1987,2.14,0.079571,[.00
PPO_25000_bzip2__instcount_PLAIN_HYPER,20000,13411,1.1980,2.14,0.078781,[.00
PPO_25000_bzip2__instcount_PLAIN_HYPER,20000,13344,1.2032,2.15,0.080616,[.00
PPO_25000_bzip2__instcount_PLAIN_HYPER,20000,13481,1.1925,2.13,0.08611,[.00
PPO_25000_bzip2__instcount_PLAIN_HYPER,20000,13396,1.1991,2.14,0.080533,[.00
PPO_25000_bzip2__instcount_PLAIN_HYPER,20000,13389,1.1997,2.14,0.077187,[.00
PPO_25000_bzip2__instcount_PLAIN_HYPER,20000,13396,1.1991,2.14,0.08183,[.00
PPO_25000_bzip2__instcount_PLAIN_HYPER,20000,13378,1.2005,2.14,0.081781,[.00
PPO_25000_bzip2__instcount_PLAIN_HYPER,20000,13372,1.2010,2.14,0.080043,[.00
PPO_25000_bzip2__instcount_PLAIN_HYPER,20000,13681,1.1769,2.10,0.086886,[.00
PPO_25000_bzip2__instcount_PLAIN_HYPER,20000,13708,1.1748,2.09,0.07834,[.00
PPO_25000_bzip2__instcount_PLAIN_HYPER,20000,13476,1.1929,2.13,0.083191,[.00
PPO_25000_bzip2__instcount_PLAIN_HYPER,20000,13397,1.1991,2.14,0.079905,[.00
PPO_25000_bzip2__instcount_PLAIN_HYPER,20000,13591,1.1839,2.11,0.078445,[.00
PPO_25000_bzip2__instcount_PLAIN_HYPER,20000,13357,1.2022,2.15,0.087324,[.00
PPO_25000_bzip2__instcount_PLAIN_HYPER,20000,13348,1.2029,2.15,0.080117,[.00
PPO_25000_bzip2__instcount_PLAIN_HYPER,20000,13389,1.1997,2.14,0.079884,[.00
PPO_25000_bzip2__instcount_PLAIN_HYPER,20000,13396,1.1991,2.14,0.081571,[.00
PPO_25000_bzip2__instcount_PLAIN_HYPER,20000,13395,1.1992,2.14,0.081832,[.00
PPO_25000_bzip2__instcount_PLAIN_HYPER,20000,13364,1.2016,2.15,0.078821,[.00
PPO_25000_bzip2__instcount_PLAIN_HYPER,20000,13535,1.1883,2.12,0.083036,[.00
PPO_25000_bzip2__instcount_PLAIN_HYPER,20000,13379,1.2005,2.14,0.077667,[.00
PPO_25000_bzip2__instcount_PLAIN_HYPER,20000,13847,1.1639,2.07,0.089617,[.00
PPO_25000_bzip2__instcount_PLAIN_HYPER,20000,13670,1.1777,2.10,0.081102,[.00
PPO_25000_bzip2__instcount_PLAIN_HYPER,20000,13652,1.1791,2.10,0.078682,[.00
PPO_25000_bzip2__instcount_PLAIN_HYPER,20000,13430,1.1965,2.14,0.082184,[.00
PPO_25000_bzip2__instcount_PLAIN_HYPER,20000,13374,1.2009,2.14,0.079185,[.00
PPO_25000_bzip2__instcount_PLAIN_HYPER,20000,13404,1.1985,2.14,0.078977,[.00
PPO_25000_bzip2__instcount_PLAIN_HYPER,20000,13401,1.1987,2.14,0.079437,[.00
PPO_25000_bzip2__instcount_PLAIN_HYPER,20000,13416,1.1976,2.14,0.078466,[.00
PPO_25000_bzip2__instcount_PLAIN_HYPER,20000,13388,1.1998,2.14,0.081025,[.00
PPO_25000_bzip2__instcount_PLAIN_HYPER,20000,13429,1.1966,2.14,0.080954,[.00
PPO_25000_bzip2__instcount_PLAIN_HYPER,20000,13499,1.1911,2.12,0.0835,[.00
PPO_25000_bzip2__instcount_PLAIN_HYPER,20000,13405,1.1984,2.14,0.081329,[.00
PPO_25000_bzip2__instcount_PLAIN_HYPER,20000,13448,1.1951,2.13,0.082376,[.00
PPO_25000_bzip2__instcount_PLAIN_HYPER,20000,13407,1.1983,2.14,0.082814,[.00
PPO_25000_bzip2__instcount_PLAIN_HYPER,20000,13379,1.2005,2.14,0.080672,[.00
PPO_25000_bzip2__instcount_PLAIN_HYPER,20000,13398,1.1990,2.14,0.081627,[.00
PPO_25000_bzip2__instcount_PLAIN_HYPER,20000,13408,1.1982,2.14,0.078541,[.00
PPO_25000_bzip2__instcount_PLAIN_HYPER,20000,13425,1.1969,2.14,0.07909,[.00
PPO_25000_bzip2__instcount_PLAIN_HYPER,20000,13370,1.2012,2.15,0.078863,[.00
PPO_25000_bzip2__instcount_PLAIN_HYPER,20000,13414,1.1977,2.14,0.078854,[.00
PPO_25000_bzip2__instcount_PLAIN_HYPER,20000,13549,1.1872,2.12,0.081736,[.00
PPO_25000_bzip2__instcount_PLAIN_HYPER,20000,13491,1.1917,2.13,0.08641,[.00
PPO_25000_bzip2__instcount_PLAIN_HYPER,20000,13383,1.2002,2.14,0.083156,[.00
PPO_25000_bzip2__instcount_PLAIN_HYPER,20000,13374,1.2009,2.14,0.07917,[.00
PPO_25000_bzip2__instcount_PLAIN_HYPER,20000,13579,1.1848,2.11,0.084839,[.00
PPO_25000_bzip2__instcount_PLAIN_HYPER,20000,13398,1.1990,2.14,0.079285,[.00
PPO_25000_bzip2__instcount_PLAIN_HYPER,20000,13294,1.2071,2.16,0.085109,[.00
PPO_25000_bzip2__instcount_PLAIN_HYPER,20000,13464,1.1938,2.13,0.077827,[.00
PPO_25000_bzip2__instcount_PLAIN_HYPER,20000,13484,1.1923,2.13,0.083777,[.00
PPO_25000_bzip2__instcount_PLAIN_HYPER,20000,13536,1.1882,2.12,0.078332,[.00
PPO_25000_bzip2__instcount_PLAIN_HYPER,20000,13367,1.2014,2.15,0.085123,[.00
PPO_25000_bzip2__instcount_PLAIN_HYPER,20000,13393,1.1994,2.14,0.082069,[.00
PPO_25000_bzip2__instcount_PLAIN_HYPER,20000,13388,1.1998,2.14,0.08113,[.00
PPO_25000_bzip2__instcount_PLAIN_HYPER,20000,13483,1.1923,2.13,0.08784,[.00
PPO_25000_bzip2__instcount_PLAIN_HYPER,20000,13352,1.2026,2.15,0.085125,[.00
PPO_25000_bzip2__instcount_PLAIN_HYPER,20000,13380,1.2004,2.14,0.09858,[.00
PPO_25000_bzip2__instcount_PLAIN_HYPER,20000,13396,1.1991,2.14,0.081701,[.00
PPO_25000_bzip2__instcount_PLAIN_HYPER,20000,13342,1.2034,2.15,0.081946,[.00
PPO_25000_bzip2__instcount_PLAIN_HYPER,20000,13703,1.1752,2.09,0.082739,[.00
PPO_25000_bzip2__instcount_PLAIN_HYPER,20000,13407,1.1983,2.14,0.081436,[.00
PPO_25000_bzip2__instcount_PLAIN_HYPER,20000,13411,1.1980,2.14,0.082602,[.00
PPO_25000_bzip2__instcount_PLAIN_HYPER,20000,13411,1.1980,2.14,0.0782,[.00
PPO_25000_bzip2__instcount_PLAIN_HYPER,20000,13385,1.2000,2.14,0.081535,[.00
PPO_25000_bzip2__instcount_PLAIN_HYPER,20000,13447,1.1952,2.13,0.082139,[.00
PPO_25000_bzip2__instcount_PLAIN_HYPER,20000,13415,1.1977,2.14,0.078995,[.00
PPO_25000_bzip2__instcount_PLAIN_HYPER,20000,13414,1.1977,2.14,0.080261,[.00
PPO_25000_bzip2__instcount_PLAIN_HYPER,20000,13393,1.1994,2.14,0.07862,[.00
PPO_25000_bzip2__instcount_PLAIN_HYPER,20000,13375,1.2008,2.14,0.084824,[.00
PPO_25000_bzip2__instcount_PLAIN_HYPER,20000,13394,1.1993,2.14,0.077046,[.00
PPO_25000_bzip2__instcount_PLAIN_HYPER,20000,13458,1.1943,2.13,0.078919,[.00
PPO_25000_bzip2__instcount_PLAIN_HYPER,20000,13687,1.1764,2.10,0.08308,[.00
PPO_25000_bzip2__instcount_PLAIN_HYPER,20000,13396,1.1991,2.14,0.08174,[.00
PPO_25000_bzip2__instcount_PLAIN_HYPER,20000,13398,1.1990,2.14,0.078838,[.00
PPO_25000_bzip2__instcount_PLAIN_HYPER,20000,13396,1.1991,2.14,0.083049,[.00
PPO_25000_bzip2__instcount_PLAIN_HYPER,20000,13422,1.1971,2.14,0.079226,[.00
PPO_25000_bzip2__instcount_PLAIN_HYPER,20000,13406,1.1984,2.14,0.080691,[.00
PPO_25000_bzip2__instcount_PLAIN_HYPER,20000,13677,1.1772,2.10,0.084124,[.00
PPO_25000_bzip2__instcount_PLAIN_HYPER,20000,13386,1.1999,2.14,0.077456,[.00
PPO_25000_bzip2__instcount_PLAIN_HYPER,20000,13437,1.1959,2.13,0.081721,[.00
PPO_25000_bzip2__instcount_PLAIN_HYPER,20000,13390,1.1996,2.14,0.082353,[.00
PPO_25000_bzip2__instcount_PLAIN_HYPER,20000,13821,1.1659,2.08,0.091302,[.00
PPO_25000_bzip2__instcount_PLAIN_HYPER,20000,13406,1.1984,2.14,0.081578,[.00
PPO_25000_bzip2__instcount_PLAIN_HYPER,20000,13555,1.1867,2.12,0.08245,[.00
PPO_25000_bzip2__instcount_PLAIN_HYPER,20000,13425,1.1969,2.14,0.077462,[.00
PPO_25000_bzip2__instcount_PLAIN_HYPER,20000,13370,1.2012,2.15,0.081515,[.00
PPO_25000_bzip2__instcount_PLAIN_HYPER,20000,13376,1.2007,2.14,0.08399,[.00
PPO_25000_bzip2__instcount_PLAIN_HYPER,20000,13504,1.1907,2.12,0.07935,[.00
PPO_25000_bzip2__instcount_PLAIN_HYPER,20000,13391,1.1995,2.14,0.078155,[.00
PPO_25000_bzip2__instcount_PLAIN_HYPER,20000,13425,1.1969,2.14,0.080565,[.00
PPO_25000_bzip2__instcount_PLAIN_HYPER,20000,13368,1.2013,2.15,0.083251,[.00
PPO_25000_bzip2__instcount_PLAIN_HYPER,20000,13395,1.1992,2.14,0.078013,[.00
PPO_25000_bzip2__instcount_PLAIN_HYPER,20000,13388,1.1998,2.14,0.077069,[.00
PPO_25000_bzip2__instcount_PLAIN_HYPER,20000,13396,1.1991,2.14,0.082232,[.00
PPO_25000_bzip2__instcount_PLAIN_HYPER,20000,13375,1.2008,2.14,0.08378,[.00
PPO_25000_bzip2__instcount_PLAIN_HYPER,21000,13415,1.1977,2.14,0.080237,[.00
PPO_25000_bzip2__instcount_PLAIN_HYPER,21000,13383,1.2002,2.14,0.084854,[.00
PPO_25000_bzip2__instcount_PLAIN_HYPER,21000,13738,1.1724,2.09,0.081471,[.00
PPO_25000_bzip2__instcount_PLAIN_HYPER,21000,13645,1.1797,2.10,0.079496,[.00
PPO_25000_bzip2__instcount_PLAIN_HYPER,21000,13397,1.1991,2.14,0.081876,[.00
PPO_25000_bzip2__instcount_PLAIN_HYPER,21000,13382,1.2002,2.14,0.079056,[.00
PPO_25000_bzip2__instcount_PLAIN_HYPER,21000,13605,1.1828,2.11,0.08303,[.00
PPO_25000_bzip2__instcount_PLAIN_HYPER,21000,13412,1.1979,2.14,0.078062,[.00
PPO_25000_bzip2__instcount_PLAIN_HYPER,21000,13717,1.1741,2.09,0.086337,[.00
PPO_25000_bzip2__instcount_PLAIN_HYPER,21000,13393,1.1994,2.14,0.081656,[.00
PPO_25000_bzip2__instcount_PLAIN_HYPER,21000,13384,1.2001,2.14,0.083506,[.00
PPO_25000_bzip2__instcount_PLAIN_HYPER,21000,13398,1.1990,2.14,0.082185,[.00
PPO_25000_bzip2__instcount_PLAIN_HYPER,21000,13361,1.2019,2.15,0.082003,[.00
PPO_25000_bzip2__instcount_PLAIN_HYPER,21000,13417,1.1975,2.14,0.080912,[.00
PPO_25000_bzip2__instcount_PLAIN_HYPER,21000,13505,1.1906,2.12,0.081143,[.00
PPO_25000_bzip2__instcount_PLAIN_HYPER,21000,13374,1.2009,2.14,0.078562,[.00
PPO_25000_bzip2__instcount_PLAIN_HYPER,21000,13393,1.1994,2.14,0.081898,[.00
PPO_25000_bzip2__instcount_PLAIN_HYPER,21000,13385,1.2000,2.14,0.081394,[.00
PPO_25000_bzip2__instcount_PLAIN_HYPER,21000,13483,1.1923,2.13,0.083765,[.00
PPO_25000_bzip2__instcount_PLAIN_HYPER,21000,13756,1.1710,2.08,0.082308,[.00
PPO_25000_bzip2__instcount_PLAIN_HYPER,21000,13365,1.2016,2.15,0.081072,[.00
PPO_25000_bzip2__instcount_PLAIN_HYPER,21000,13374,1.2009,2.14,0.082438,[.00
PPO_25000_bzip2__instcount_PLAIN_HYPER,21000,13746,1.1718,2.09,0.082105,[.00
PPO_25000_bzip2__instcount_PLAIN_HYPER,21000,13461,1.1941,2.13,0.08177,[.00
PPO_25000_bzip2__instcount_PLAIN_HYPER,21000,13468,1.1935,2.13,0.085858,[.00
PPO_25000_bzip2__instcount_PLAIN_HYPER,21000,13365,1.2016,2.15,0.081689,[.00
PPO_25000_bzip2__instcount_PLAIN_HYPER,21000,13407,1.1983,2.14,0.078509,[.00
PPO_25000_bzip2__instcount_PLAIN_HYPER,21000,13400,1.1988,2.14,0.079033,[.00
PPO_25000_bzip2__instcount_PLAIN_HYPER,21000,13645,1.1797,2.10,0.080921,[.00
PPO_25000_bzip2__instcount_PLAIN_HYPER,21000,13359,1.2020,2.15,0.08256,[.00
PPO_25000_bzip2__instcount_PLAIN_HYPER,21000,13416,1.1976,2.14,0.079298,[.00
PPO_25000_bzip2__instcount_PLAIN_HYPER,21000,13291,1.2073,2.16,0.08324,[.00
PPO_25000_bzip2__instcount_PLAIN_HYPER,21000,13642,1.1799,2.10,0.082747,[.00
PPO_25000_bzip2__instcount_PLAIN_HYPER,21000,13366,1.2015,2.15,0.078903,[.00
PPO_25000_bzip2__instcount_PLAIN_HYPER,21000,13336,1.2038,2.15,0.083507,[.00
PPO_25000_bzip2__instcount_PLAIN_HYPER,21000,13399,1.1989,2.14,0.084205,[.00
PPO_25000_bzip2__instcount_PLAIN_HYPER,21000,13370,1.2012,2.15,0.076733,[.00
PPO_25000_bzip2__instcount_PLAIN_HYPER,21000,13547,1.1873,2.12,0.083455,[.00
PPO_25000_bzip2__instcount_PLAIN_HYPER,21000,13378,1.2005,2.14,0.082128,[.00
PPO_25000_bzip2__instcount_PLAIN_HYPER,21000,13481,1.1925,2.13,0.082477,[.00
PPO_25000_bzip2__instcount_PLAIN_HYPER,21000,13378,1.2005,2.14,0.082016,[.00
PPO_25000_bzip2__instcount_PLAIN_HYPER,21000,13433,1.1962,2.14,0.078472,[.00
PPO_25000_bzip2__instcount_PLAIN_HYPER,21000,13708,1.1748,2.09,0.082668,[.00
PPO_25000_bzip2__instcount_PLAIN_HYPER,21000,13378,1.2005,2.14,0.082454,[.00
PPO_25000_bzip2__instcount_PLAIN_HYPER,21000,13369,1.2012,2.15,0.086485,[.00
PPO_25000_bzip2__instcount_PLAIN_HYPER,21000,13380,1.2004,2.14,0.083217,[.00
PPO_25000_bzip2__instcount_PLAIN_HYPER,21000,13370,1.2012,2.15,0.080971,[.00
PPO_25000_bzip2__instcount_PLAIN_HYPER,21000,13430,1.1965,2.14,0.078575,[.00
PPO_25000_bzip2__instcount_PLAIN_HYPER,21000,13400,1.1988,2.14,0.081014,[.00
PPO_25000_bzip2__instcount_PLAIN_HYPER,21000,13410,1.1980,2.14,0.08533,[.00
PPO_25000_bzip2__instcount_PLAIN_HYPER,21000,13569,1.1856,2.11,0.082193,[.00
PPO_25000_bzip2__instcount_PLAIN_HYPER,21000,13378,1.2005,2.14,0.0807,[.00
PPO_25000_bzip2__instcount_PLAIN_HYPER,21000,13358,1.2021,2.15,0.091013,[.00
PPO_25000_bzip2__instcount_PLAIN_HYPER,21000,13734,1.1727,2.09,0.080161,[.00
PPO_25000_bzip2__instcount_PLAIN_HYPER,21000,13535,1.1883,2.12,0.081747,[.00
PPO_25000_bzip2__instcount_PLAIN_HYPER,21000,13363,1.2017,2.15,0.079786,[.00
PPO_25000_bzip2__instcount_PLAIN_HYPER,21000,13421,1.1972,2.14,0.080804,[.00
PPO_25000_bzip2__instcount_PLAIN_HYPER,21000,13703,1.1752,2.09,0.077208,[.00
PPO_25000_bzip2__instcount_PLAIN_HYPER,21000,13547,1.1873,2.12,0.084111,[.00
PPO_25000_bzip2__instcount_PLAIN_HYPER,21000,13402,1.1987,2.14,0.078772,[.00
PPO_25000_bzip2__instcount_PLAIN_HYPER,21000,13528,1.1888,2.12,0.080345,[.00
PPO_25000_bzip2__instcount_PLAIN_HYPER,21000,13415,1.1977,2.14,0.081978,[.00
PPO_25000_bzip2__instcount_PLAIN_HYPER,21000,13393,1.1994,2.14,0.079789,[.00
PPO_25000_bzip2__instcount_PLAIN_HYPER,21000,13395,1.1992,2.14,0.077593,[.00
PPO_25000_bzip2__instcount_PLAIN_HYPER,21000,13370,1.2012,2.15,0.082948,[.00
PPO_25000_bzip2__instcount_PLAIN_HYPER,21000,13391,1.1995,2.14,0.081902,[.00
PPO_25000_bzip2__instcount_PLAIN_HYPER,21000,13395,1.1992,2.14,0.078054,[.00
PPO_25000_bzip2__instcount_PLAIN_HYPER,21000,13393,1.1994,2.14,0.078284,[.00
PPO_25000_bzip2__instcount_PLAIN_HYPER,21000,13386,1.1999,2.14,0.080009,[.00
PPO_25000_bzip2__instcount_PLAIN_HYPER,21000,13387,1.1998,2.14,0.083938,[.00
PPO_25000_bzip2__instcount_PLAIN_HYPER,21000,13370,1.2012,2.15,0.081881,[.00
PPO_25000_bzip2__instcount_PLAIN_HYPER,21000,13376,1.2007,2.14,0.089689,[.00
PPO_25000_bzip2__instcount_PLAIN_HYPER,21000,13395,1.1992,2.14,0.080953,[.00
PPO_25000_bzip2__instcount_PLAIN_HYPER,21000,13407,1.1983,2.14,0.079726,[.00
PPO_25000_bzip2__instcount_PLAIN_HYPER,21000,13424,1.1970,2.14,0.079078,[.00
PPO_25000_bzip2__instcount_PLAIN_HYPER,21000,13376,1.2007,2.14,0.084364,[.00
PPO_25000_bzip2__instcount_PLAIN_HYPER,21000,13365,1.2016,2.15,0.08063,[.00
PPO_25000_bzip2__instcount_PLAIN_HYPER,21000,13429,1.1966,2.14,0.081299,[.00
PPO_25000_bzip2__instcount_PLAIN_HYPER,21000,13348,1.2029,2.15,0.077594,[.00
PPO_25000_bzip2__instcount_PLAIN_HYPER,21000,13304,1.2063,2.16,0.079484,[.00
PPO_25000_bzip2__instcount_PLAIN_HYPER,21000,13702,1.1752,2.09,0.081602,[.00
PPO_25000_bzip2__instcount_PLAIN_HYPER,21000,13474,1.1930,2.13,0.085727,[.00
PPO_25000_bzip2__instcount_PLAIN_HYPER,21000,13382,1.2002,2.14,0.08281,[.00
PPO_25000_bzip2__instcount_PLAIN_HYPER,21000,13508,1.1904,2.12,0.079545,[.00
PPO_25000_bzip2__instcount_PLAIN_HYPER,21000,13410,1.1980,2.14,0.079623,[.00
PPO_25000_bzip2__instcount_PLAIN_HYPER,21000,13389,1.1997,2.14,0.080115,[.00
PPO_25000_bzip2__instcount_PLAIN_HYPER,21000,13370,1.2012,2.15,0.081405,[.00
PPO_25000_bzip2__instcount_PLAIN_HYPER,21000,13491,1.1917,2.13,0.079677,[.00
PPO_25000_bzip2__instcount_PLAIN_HYPER,21000,13380,1.2004,2.14,0.081339,[.00
PPO_25000_bzip2__instcount_PLAIN_HYPER,21000,13421,1.1972,2.14,0.079562,[.00
PPO_25000_bzip2__instcount_PLAIN_HYPER,21000,13407,1.1983,2.14,0.082841,[.00
PPO_25000_bzip2__instcount_PLAIN_HYPER,21000,13397,1.1991,2.14,0.079311,[.00
PPO_25000_bzip2__instcount_PLAIN_HYPER,21000,13382,1.2002,2.14,0.07768,[.00
PPO_25000_bzip2__instcount_PLAIN_HYPER,21000,13400,1.1988,2.14,0.079633,[.00
PPO_25000_bzip2__instcount_PLAIN_HYPER,21000,13402,1.1987,2.14,0.083155,[.00
PPO_25000_bzip2__instcount_PLAIN_HYPER,21000,13395,1.1992,2.14,0.077526,[.00
PPO_25000_bzip2__instcount_PLAIN_HYPER,21000,13393,1.1994,2.14,0.077537,[.00
PPO_25000_bzip2__instcount_PLAIN_HYPER,21000,13416,1.1976,2.14,0.077853,[.00
PPO_25000_bzip2__instcount_PLAIN_HYPER,21000,13430,1.1965,2.14,0.078348,[.00
PPO_25000_bzip2__instcount_PLAIN_HYPER,21000,13397,1.1991,2.14,0.083315,[.00
PPO_25000_bzip2__instcount_PLAIN_HYPER,22000,13363,1.2017,2.15,0.078718,[.00
PPO_25000_bzip2__instcount_PLAIN_HYPER,22000,13393,1.1994,2.14,0.086481,[.00
PPO_25000_bzip2__instcount_PLAIN_HYPER,22000,13411,1.1980,2.14,0.079775,[.00
PPO_25000_bzip2__instcount_PLAIN_HYPER,22000,13422,1.1971,2.14,0.082129,[.00
PPO_25000_bzip2__instcount_PLAIN_HYPER,22000,13383,1.2002,2.14,0.079883,[.00
PPO_25000_bzip2__instcount_PLAIN_HYPER,22000,13837,1.1647,2.07,0.082892,[.00
PPO_25000_bzip2__instcount_PLAIN_HYPER,22000,13341,1.2034,2.15,0.083883,[.00
PPO_25000_bzip2__instcount_PLAIN_HYPER,22000,13393,1.1994,2.14,0.081153,[.00
PPO_25000_bzip2__instcount_PLAIN_HYPER,22000,13351,1.2027,2.15,0.084278,[.00
PPO_25000_bzip2__instcount_PLAIN_HYPER,22000,13395,1.1992,2.14,0.08155,[.00
PPO_25000_bzip2__instcount_PLAIN_HYPER,22000,13396,1.1991,2.14,0.078018,[.00
PPO_25000_bzip2__instcount_PLAIN_HYPER,22000,13369,1.2012,2.15,0.079722,[.00
PPO_25000_bzip2__instcount_PLAIN_HYPER,22000,13406,1.1984,2.14,0.078934,[.00
PPO_25000_bzip2__instcount_PLAIN_HYPER,22000,13399,1.1989,2.14,0.081837,[.00
PPO_25000_bzip2__instcount_PLAIN_HYPER,22000,13270,1.2090,2.16,0.086282,[.00
PPO_25000_bzip2__instcount_PLAIN_HYPER,22000,13411,1.1980,2.14,0.079637,[.00
PPO_25000_bzip2__instcount_PLAIN_HYPER,22000,13419,1.1973,2.14,0.078719,[.00
PPO_25000_bzip2__instcount_PLAIN_HYPER,22000,13340,1.2035,2.15,0.07853,[.00
PPO_25000_bzip2__instcount_PLAIN_HYPER,22000,13485,1.1922,2.13,0.082448,[.00
PPO_25000_bzip2__instcount_PLAIN_HYPER,22000,13382,1.2002,2.14,0.078848,[.00
PPO_25000_bzip2__instcount_PLAIN_HYPER,22000,13408,1.1982,2.14,0.079596,[.00
PPO_25000_bzip2__instcount_PLAIN_HYPER,22000,13514,1.1899,2.12,0.085818,[.00
PPO_25000_bzip2__instcount_PLAIN_HYPER,22000,13402,1.1987,2.14,0.081559,[.00
PPO_25000_bzip2__instcount_PLAIN_HYPER,22000,13779,1.1692,2.08,0.082977,[.00
PPO_25000_bzip2__instcount_PLAIN_HYPER,22000,13410,1.1980,2.14,0.079285,[.00
PPO_25000_bzip2__instcount_PLAIN_HYPER,22000,13370,1.2012,2.15,0.081787,[.00
PPO_25000_bzip2__instcount_PLAIN_HYPER,22000,13470,1.1934,2.13,0.086824,[.00
PPO_25000_bzip2__instcount_PLAIN_HYPER,22000,13678,1.1771,2.10,0.081464,[.00
PPO_25000_bzip2__instcount_PLAIN_HYPER,22000,13401,1.1987,2.14,0.081029,[.00
PPO_25000_bzip2__instcount_PLAIN_HYPER,22000,13409,1.1981,2.14,0.080424,[.00
PPO_25000_bzip2__instcount_PLAIN_HYPER,22000,13374,1.2009,2.14,0.078867,[.00
PPO_25000_bzip2__instcount_PLAIN_HYPER,22000,13367,1.2014,2.15,0.078067,[.00
PPO_25000_bzip2__instcount_PLAIN_HYPER,22000,13538,1.1880,2.12,0.08459,[.00
PPO_25000_bzip2__instcount_PLAIN_HYPER,22000,13363,1.2017,2.15,0.07727,[.00
PPO_25000_bzip2__instcount_PLAIN_HYPER,22000,13483,1.1923,2.13,0.082151,[.00
PPO_25000_bzip2__instcount_PLAIN_HYPER,22000,13406,1.1984,2.14,0.078981,[.00
PPO_25000_bzip2__instcount_PLAIN_HYPER,22000,13391,1.1995,2.14,0.078828,[.00
PPO_25000_bzip2__instcount_PLAIN_HYPER,22000,13370,1.2012,2.15,0.078898,[.00
PPO_25000_bzip2__instcount_PLAIN_HYPER,22000,13695,1.1758,2.09,0.07986,[.00
PPO_25000_bzip2__instcount_PLAIN_HYPER,22000,13387,1.1998,2.14,0.08031,[.00
PPO_25000_bzip2__instcount_PLAIN_HYPER,22000,13522,1.1893,2.12,0.084557,[.00
PPO_25000_bzip2__instcount_PLAIN_HYPER,22000,13392,1.1995,2.14,0.078926,[.00
PPO_25000_bzip2__instcount_PLAIN_HYPER,22000,13466,1.1937,2.13,0.091444,[.00
PPO_25000_bzip2__instcount_PLAIN_HYPER,22000,13387,1.1998,2.14,0.078313,[.00
PPO_25000_bzip2__instcount_PLAIN_HYPER,22000,13395,1.1992,2.14,0.079851,[.00
PPO_25000_bzip2__instcount_PLAIN_HYPER,22000,13669,1.1778,2.10,0.079839,[.00
PPO_25000_bzip2__instcount_PLAIN_HYPER,22000,13396,1.1991,2.14,0.084465,[.00
PPO_25000_bzip2__instcount_PLAIN_HYPER,22000,13406,1.1984,2.14,0.079153,[.00
PPO_25000_bzip2__instcount_PLAIN_HYPER,22000,13376,1.2007,2.14,0.081988,[.00
PPO_25000_bzip2__instcount_PLAIN_HYPER,22000,13377,1.2006,2.14,0.08131,[.00
PPO_25000_bzip2__instcount_PLAIN_HYPER,22000,14013,1.1509,2.05,0.081592,[.00
PPO_25000_bzip2__instcount_PLAIN_HYPER,22000,13411,1.1980,2.14,0.086412,[.00
PPO_25000_bzip2__instcount_PLAIN_HYPER,22000,13408,1.1982,2.14,0.078039,[.00
PPO_25000_bzip2__instcount_PLAIN_HYPER,22000,13432,1.1963,2.14,0.084974,[.00
PPO_25000_bzip2__instcount_PLAIN_HYPER,22000,13432,1.1963,2.14,0.080671,[.00
PPO_25000_bzip2__instcount_PLAIN_HYPER,22000,13404,1.1985,2.14,0.080994,[.00
PPO_25000_bzip2__instcount_PLAIN_HYPER,22000,13396,1.1991,2.14,0.08344,[.00
PPO_25000_bzip2__instcount_PLAIN_HYPER,22000,13370,1.2012,2.15,0.078758,[.00
PPO_25000_bzip2__instcount_PLAIN_HYPER,22000,13413,1.1978,2.14,0.082653,[.00
PPO_25000_bzip2__instcount_PLAIN_HYPER,22000,13355,1.2023,2.15,0.08042,[.00
PPO_25000_bzip2__instcount_PLAIN_HYPER,22000,13399,1.1989,2.14,0.082275,[.00
PPO_25000_bzip2__instcount_PLAIN_HYPER,22000,13425,1.1969,2.14,0.083882,[.00
PPO_25000_bzip2__instcount_PLAIN_HYPER,22000,13396,1.1991,2.14,0.083665,[.00
PPO_25000_bzip2__instcount_PLAIN_HYPER,22000,13754,1.1712,2.09,0.082046,[.00
PPO_25000_bzip2__instcount_PLAIN_HYPER,22000,13425,1.1969,2.14,0.082047,[.00
PPO_25000_bzip2__instcount_PLAIN_HYPER,22000,13366,1.2015,2.15,0.078905,[.00
PPO_25000_bzip2__instcount_PLAIN_HYPER,22000,13424,1.1970,2.14,0.082919,[.00
PPO_25000_bzip2__instcount_PLAIN_HYPER,22000,13375,1.2008,2.14,0.082878,[.00
PPO_25000_bzip2__instcount_PLAIN_HYPER,22000,13410,1.1980,2.14,0.081155,[.00
PPO_25000_bzip2__instcount_PLAIN_HYPER,22000,13332,1.2041,2.15,0.078224,[.00
PPO_25000_bzip2__instcount_PLAIN_HYPER,22000,13506,1.1905,2.12,0.083827,[.00
PPO_25000_bzip2__instcount_PLAIN_HYPER,22000,13391,1.1995,2.14,0.078369,[.00
PPO_25000_bzip2__instcount_PLAIN_HYPER,22000,13411,1.1980,2.14,0.087154,[.00
PPO_25000_bzip2__instcount_PLAIN_HYPER,22000,13394,1.1993,2.14,0.078501,[.00
PPO_25000_bzip2__instcount_PLAIN_HYPER,22000,13370,1.2012,2.15,0.083821,[.00
PPO_25000_bzip2__instcount_PLAIN_HYPER,22000,13397,1.1991,2.14,0.077794,[.00
PPO_25000_bzip2__instcount_PLAIN_HYPER,22000,13399,1.1989,2.14,0.081928,[.00
PPO_25000_bzip2__instcount_PLAIN_HYPER,22000,13425,1.1969,2.14,0.083781,[.00
PPO_25000_bzip2__instcount_PLAIN_HYPER,22000,13631,1.1808,2.10,0.08123,[.00
PPO_25000_bzip2__instcount_PLAIN_HYPER,22000,13378,1.2005,2.14,0.078201,[.00
PPO_25000_bzip2__instcount_PLAIN_HYPER,22000,13375,1.2008,2.14,0.083086,[.00
PPO_25000_bzip2__instcount_PLAIN_HYPER,22000,13379,1.2005,2.14,0.08233,[.00
PPO_25000_bzip2__instcount_PLAIN_HYPER,22000,13399,1.1989,2.14,0.08368,[.00
PPO_25000_bzip2__instcount_PLAIN_HYPER,22000,13406,1.1984,2.14,0.089551,[.00
PPO_25000_bzip2__instcount_PLAIN_HYPER,22000,13370,1.2012,2.15,0.078161,[.00
PPO_25000_bzip2__instcount_PLAIN_HYPER,22000,13419,1.1973,2.14,0.079328,[.00
PPO_25000_bzip2__instcount_PLAIN_HYPER,22000,13367,1.2014,2.15,0.07988,[.00
PPO_25000_bzip2__instcount_PLAIN_HYPER,22000,13388,1.1998,2.14,0.079227,[.00
PPO_25000_bzip2__instcount_PLAIN_HYPER,22000,13293,1.2072,2.16,0.079048,[.00
PPO_25000_bzip2__instcount_PLAIN_HYPER,22000,13391,1.1995,2.14,0.077263,[.00
PPO_25000_bzip2__instcount_PLAIN_HYPER,22000,13373,1.2009,2.14,0.078566,[.00
PPO_25000_bzip2__instcount_PLAIN_HYPER,22000,13386,1.1999,2.14,0.085907,[.00
PPO_25000_bzip2__instcount_PLAIN_HYPER,22000,13385,1.2000,2.14,0.080829,[.00
PPO_25000_bzip2__instcount_PLAIN_HYPER,22000,13388,1.1998,2.14,0.082241,[.00
PPO_25000_bzip2__instcount_PLAIN_HYPER,22000,13373,1.2009,2.14,0.080131,[.00
PPO_25000_bzip2__instcount_PLAIN_HYPER,22000,13389,1.1997,2.14,0.08056,[.00
PPO_25000_bzip2__instcount_PLAIN_HYPER,22000,13293,1.2072,2.16,0.0778,[.00
PPO_25000_bzip2__instcount_PLAIN_HYPER,22000,13402,1.1987,2.14,0.08165,[.00
PPO_25000_bzip2__instcount_PLAIN_HYPER,22000,13395,1.1992,2.14,0.080725,[.00
PPO_25000_bzip2__instcount_PLAIN_HYPER,22000,13393,1.1994,2.14,0.080537,[.00
PPO_25000_bzip2__instcount_PLAIN_HYPER,23000,13371,1.2011,2.15,0.086778,[.00
PPO_25000_bzip2__instcount_PLAIN_HYPER,23000,13393,1.1994,2.14,0.080917,[.00
PPO_25000_bzip2__instcount_PLAIN_HYPER,23000,13922,1.1581,2.06,0.083336,[.00
PPO_25000_bzip2__instcount_PLAIN_HYPER,23000,13359,1.2020,2.15,0.079072,[.00
PPO_25000_bzip2__instcount_PLAIN_HYPER,23000,13370,1.2012,2.15,0.07961,[.00
PPO_25000_bzip2__instcount_PLAIN_HYPER,23000,13369,1.2012,2.15,0.079164,[.00
PPO_25000_bzip2__instcount_PLAIN_HYPER,23000,13380,1.2004,2.14,0.08111,[.00
PPO_25000_bzip2__instcount_PLAIN_HYPER,23000,13835,1.1648,2.07,0.082219,[.00
PPO_25000_bzip2__instcount_PLAIN_HYPER,23000,13374,1.2009,2.14,0.077865,[.00
PPO_25000_bzip2__instcount_PLAIN_HYPER,23000,13289,1.2075,2.16,0.088511,[.00
PPO_25000_bzip2__instcount_PLAIN_HYPER,23000,13380,1.2004,2.14,0.084246,[.00
PPO_25000_bzip2__instcount_PLAIN_HYPER,23000,13388,1.1998,2.14,0.078641,[.00
PPO_25000_bzip2__instcount_PLAIN_HYPER,23000,13434,1.1962,2.13,0.078185,[.00
PPO_25000_bzip2__instcount_PLAIN_HYPER,23000,13686,1.1765,2.10,0.081534,[.00
PPO_25000_bzip2__instcount_PLAIN_HYPER,23000,13477,1.1928,2.13,0.087401,[.00
PPO_25000_bzip2__instcount_PLAIN_HYPER,23000,13408,1.1982,2.14,0.080293,[.00
PPO_25000_bzip2__instcount_PLAIN_HYPER,23000,13376,1.2007,2.14,0.083895,[.00
PPO_25000_bzip2__instcount_PLAIN_HYPER,23000,13541,1.1878,2.12,0.080498,[.00
PPO_25000_bzip2__instcount_PLAIN_HYPER,23000,13629,1.1809,2.10,0.093676,[.00
PPO_25000_bzip2__instcount_PLAIN_HYPER,23000,13407,1.1983,2.14,0.085093,[.00
PPO_25000_bzip2__instcount_PLAIN_HYPER,23000,13398,1.1990,2.14,0.083588,[.00
PPO_25000_bzip2__instcount_PLAIN_HYPER,23000,13334,1.2040,2.15,0.078878,[.00
PPO_25000_bzip2__instcount_PLAIN_HYPER,23000,13417,1.1975,2.14,0.079686,[.00
PPO_25000_bzip2__instcount_PLAIN_HYPER,23000,13376,1.2007,2.14,0.084567,[.00
PPO_25000_bzip2__instcount_PLAIN_HYPER,23000,13373,1.2009,2.14,0.082189,[.00
PPO_25000_bzip2__instcount_PLAIN_HYPER,23000,13397,1.1991,2.14,0.084787,[.00
PPO_25000_bzip2__instcount_PLAIN_HYPER,23000,13683,1.1767,2.10,0.083237,[.00
PPO_25000_bzip2__instcount_PLAIN_HYPER,23000,13419,1.1973,2.14,0.078453,[.00
PPO_25000_bzip2__instcount_PLAIN_HYPER,23000,13565,1.1859,2.11,0.090371,[.00
PPO_25000_bzip2__instcount_PLAIN_HYPER,23000,13317,1.2053,2.15,0.077799,[.00
PPO_25000_bzip2__instcount_PLAIN_HYPER,23000,13399,1.1989,2.14,0.079329,[.00
PPO_25000_bzip2__instcount_PLAIN_HYPER,23000,13400,1.1988,2.14,0.082979,[.00
PPO_25000_bzip2__instcount_PLAIN_HYPER,23000,13864,1.1626,2.07,0.083906,[.00
PPO_25000_bzip2__instcount_PLAIN_HYPER,23000,13396,1.1991,2.14,0.081038,[.00
PPO_25000_bzip2__instcount_PLAIN_HYPER,23000,13913,1.1588,2.06,0.082742,[.00
PPO_25000_bzip2__instcount_PLAIN_HYPER,23000,13387,1.1998,2.14,0.08405,[.00
PPO_25000_bzip2__instcount_PLAIN_HYPER,23000,13388,1.1998,2.14,0.077869,[.00
PPO_25000_bzip2__instcount_PLAIN_HYPER,23000,13391,1.1995,2.14,0.080296,[.00
PPO_25000_bzip2__instcount_PLAIN_HYPER,23000,13429,1.1966,2.14,0.081944,[.00
PPO_25000_bzip2__instcount_PLAIN_HYPER,23000,13418,1.1974,2.14,0.081068,[.00
PPO_25000_bzip2__instcount_PLAIN_HYPER,23000,13426,1.1968,2.14,0.078094,[.00
PPO_25000_bzip2__instcount_PLAIN_HYPER,23000,13524,1.1891,2.12,0.080468,[.00
PPO_25000_bzip2__instcount_PLAIN_HYPER,23000,13778,1.1693,2.08,0.085728,[.00
PPO_25000_bzip2__instcount_PLAIN_HYPER,23000,13401,1.1987,2.14,0.081025,[.00
PPO_25000_bzip2__instcount_PLAIN_HYPER,23000,13684,1.1766,2.10,0.082506,[.00
PPO_25000_bzip2__instcount_PLAIN_HYPER,23000,13462,1.1940,2.13,0.083638,[.00
PPO_25000_bzip2__instcount_PLAIN_HYPER,23000,13406,1.1984,2.14,0.083179,[.00
PPO_25000_bzip2__instcount_PLAIN_HYPER,23000,13370,1.2012,2.15,0.081331,[.00
PPO_25000_bzip2__instcount_PLAIN_HYPER,23000,13471,1.1933,2.13,0.081173,[.00
PPO_25000_bzip2__instcount_PLAIN_HYPER,23000,13393,1.1994,2.14,0.080264,[.00
PPO_25000_bzip2__instcount_PLAIN_HYPER,23000,13394,1.1993,2.14,0.082017,[.00
PPO_25000_bzip2__instcount_PLAIN_HYPER,23000,13395,1.1992,2.14,0.079989,[.00
PPO_25000_bzip2__instcount_PLAIN_HYPER,23000,13421,1.1972,2.14,0.078809,[.00
PPO_25000_bzip2__instcount_PLAIN_HYPER,23000,13350,1.2027,2.15,0.080093,[.00
PPO_25000_bzip2__instcount_PLAIN_HYPER,23000,13402,1.1987,2.14,0.080211,[.00
PPO_25000_bzip2__instcount_PLAIN_HYPER,23000,13385,1.2000,2.14,0.084727,[.00
PPO_25000_bzip2__instcount_PLAIN_HYPER,23000,13559,1.1864,2.12,0.081725,[.00
PPO_25000_bzip2__instcount_PLAIN_HYPER,23000,13480,1.1926,2.13,0.084592,[.00
PPO_25000_bzip2__instcount_PLAIN_HYPER,23000,13406,1.1984,2.14,0.083064,[.00
PPO_25000_bzip2__instcount_PLAIN_HYPER,23000,13385,1.2000,2.14,0.082095,[.00
PPO_25000_bzip2__instcount_PLAIN_HYPER,23000,13393,1.1994,2.14,0.078428,[.00
PPO_25000_bzip2__instcount_PLAIN_HYPER,23000,13366,1.2015,2.15,0.082493,[.00
PPO_25000_bzip2__instcount_PLAIN_HYPER,23000,13480,1.1926,2.13,0.082104,[.00
PPO_25000_bzip2__instcount_PLAIN_HYPER,23000,13400,1.1988,2.14,0.085111,[.00
PPO_25000_bzip2__instcount_PLAIN_HYPER,23000,13353,1.2025,2.15,0.076417,[.00
PPO_25000_bzip2__instcount_PLAIN_HYPER,23000,13390,1.1996,2.14,0.082859,[.00
PPO_25000_bzip2__instcount_PLAIN_HYPER,23000,13705,1.1750,2.09,0.080026,[.00
PPO_25000_bzip2__instcount_PLAIN_HYPER,23000,13410,1.1980,2.14,0.078351,[.00
PPO_25000_bzip2__instcount_PLAIN_HYPER,23000,13379,1.2005,2.14,0.080344,[.00
PPO_25000_bzip2__instcount_PLAIN_HYPER,23000,13365,1.2016,2.15,0.08236,[.00
PPO_25000_bzip2__instcount_PLAIN_HYPER,23000,13485,1.1922,2.13,0.081291,[.00
PPO_25000_bzip2__instcount_PLAIN_HYPER,23000,13375,1.2008,2.14,0.078303,[.00
PPO_25000_bzip2__instcount_PLAIN_HYPER,23000,13358,1.2021,2.15,0.07958,[.00
PPO_25000_bzip2__instcount_PLAIN_HYPER,23000,13393,1.1994,2.14,0.08239,[.00
PPO_25000_bzip2__instcount_PLAIN_HYPER,23000,13368,1.2013,2.15,0.079885,[.00
PPO_25000_bzip2__instcount_PLAIN_HYPER,23000,13382,1.2002,2.14,0.07777,[.00
PPO_25000_bzip2__instcount_PLAIN_HYPER,23000,13408,1.1982,2.14,0.081322,[.00
PPO_25000_bzip2__instcount_PLAIN_HYPER,23000,13388,1.1998,2.14,0.081549,[.00
PPO_25000_bzip2__instcount_PLAIN_HYPER,23000,13388,1.1998,2.14,0.08141,[.00
PPO_25000_bzip2__instcount_PLAIN_HYPER,23000,13382,1.2002,2.14,0.08367,[.00
PPO_25000_bzip2__instcount_PLAIN_HYPER,23000,13563,1.1861,2.11,0.080568,[.00
PPO_25000_bzip2__instcount_PLAIN_HYPER,23000,13536,1.1882,2.12,0.085113,[.00
PPO_25000_bzip2__instcount_PLAIN_HYPER,23000,13296,1.2069,2.16,0.079478,[.00
PPO_25000_bzip2__instcount_PLAIN_HYPER,23000,13420,1.1973,2.14,0.083053,[.00
PPO_25000_bzip2__instcount_PLAIN_HYPER,23000,13413,1.1978,2.14,0.083054,[.00
PPO_25000_bzip2__instcount_PLAIN_HYPER,23000,13368,1.2013,2.15,0.079041,[.00
PPO_25000_bzip2__instcount_PLAIN_HYPER,23000,13383,1.2002,2.14,0.084142,[.00
PPO_25000_bzip2__instcount_PLAIN_HYPER,23000,13531,1.1886,2.12,0.083051,[.00
PPO_25000_bzip2__instcount_PLAIN_HYPER,23000,13412,1.1979,2.14,0.081703,[.00
PPO_25000_bzip2__instcount_PLAIN_HYPER,23000,13428,1.1966,2.14,0.084181,[.00
PPO_25000_bzip2__instcount_PLAIN_HYPER,23000,13477,1.1928,2.13,0.082879,[.00
PPO_25000_bzip2__instcount_PLAIN_HYPER,23000,13496,1.1913,2.13,0.083787,[.00
PPO_25000_bzip2__instcount_PLAIN_HYPER,23000,13374,1.2009,2.14,0.080159,[.00
PPO_25000_bzip2__instcount_PLAIN_HYPER,23000,13505,1.1906,2.12,0.082827,[.00
PPO_25000_bzip2__instcount_PLAIN_HYPER,23000,13564,1.1860,2.11,0.085611,[.00
PPO_25000_bzip2__instcount_PLAIN_HYPER,23000,13379,1.2005,2.14,0.084312,[.00
PPO_25000_bzip2__instcount_PLAIN_HYPER,23000,13406,1.1984,2.14,0.08008,[.00
PPO_25000_bzip2__instcount_PLAIN_HYPER,23000,13386,1.1999,2.14,0.084722,[.00
PPO_25000_bzip2__instcount_PLAIN_HYPER,23000,13422,1.1971,2.14,0.078289,[.00
PPO_25000_bzip2__instcount_PLAIN_HYPER,23000,13436,1.1960,2.13,0.078027,[.00
PPO_25000_bzip2__instcount_PLAIN_HYPER,24000,13379,1.2005,2.14,0.085957,[.00
PPO_25000_bzip2__instcount_PLAIN_HYPER,24000,13370,1.2012,2.15,0.082094,[.00
PPO_25000_bzip2__instcount_PLAIN_HYPER,24000,13377,1.2006,2.14,0.08394,[.00
PPO_25000_bzip2__instcount_PLAIN_HYPER,24000,13400,1.1988,2.14,0.082764,[.00
PPO_25000_bzip2__instcount_PLAIN_HYPER,24000,13714,1.1743,2.09,0.082512,[.00
PPO_25000_bzip2__instcount_PLAIN_HYPER,24000,13398,1.1990,2.14,0.082228,[.00
PPO_25000_bzip2__instcount_PLAIN_HYPER,24000,13399,1.1989,2.14,0.077956,[.00
PPO_25000_bzip2__instcount_PLAIN_HYPER,24000,13439,1.1958,2.13,0.085836,[.00
PPO_25000_bzip2__instcount_PLAIN_HYPER,24000,13390,1.1996,2.14,0.082047,[.00
PPO_25000_bzip2__instcount_PLAIN_HYPER,24000,13341,1.2034,2.15,0.083497,[.00
PPO_25000_bzip2__instcount_PLAIN_HYPER,24000,13396,1.1991,2.14,0.082886,[.00
PPO_25000_bzip2__instcount_PLAIN_HYPER,24000,13427,1.1967,2.14,0.081974,[.00
PPO_25000_bzip2__instcount_PLAIN_HYPER,24000,13396,1.1991,2.14,0.080476,[.00
PPO_25000_bzip2__instcount_PLAIN_HYPER,24000,13460,1.1941,2.13,0.085586,[.00
PPO_25000_bzip2__instcount_PLAIN_HYPER,24000,13389,1.1997,2.14,0.089188,[.00
PPO_25000_bzip2__instcount_PLAIN_HYPER,24000,13671,1.1777,2.10,0.088969,[.00
PPO_25000_bzip2__instcount_PLAIN_HYPER,24000,13413,1.1978,2.14,0.089424,[.00
PPO_25000_bzip2__instcount_PLAIN_HYPER,24000,13369,1.2012,2.15,0.082938,[.00
PPO_25000_bzip2__instcount_PLAIN_HYPER,24000,13376,1.2007,2.14,0.091181,[.00
PPO_25000_bzip2__instcount_PLAIN_HYPER,24000,13388,1.1998,2.14,0.085866,[.00
PPO_25000_bzip2__instcount_PLAIN_HYPER,24000,13401,1.1987,2.14,0.079106,[.00
PPO_25000_bzip2__instcount_PLAIN_HYPER,24000,13368,1.2013,2.15,0.078688,[.00
PPO_25000_bzip2__instcount_PLAIN_HYPER,24000,13471,1.1933,2.13,0.083541,[.00
PPO_25000_bzip2__instcount_PLAIN_HYPER,24000,13367,1.2014,2.15,0.079666,[.00
PPO_25000_bzip2__instcount_PLAIN_HYPER,24000,13396,1.1991,2.14,0.08059,[.00
PPO_25000_bzip2__instcount_PLAIN_HYPER,24000,13396,1.1991,2.14,0.080943,[.00
PPO_25000_bzip2__instcount_PLAIN_HYPER,24000,13396,1.1991,2.14,0.092246,[.00
PPO_25000_bzip2__instcount_PLAIN_HYPER,24000,13400,1.1988,2.14,0.081147,[.00
PPO_25000_bzip2__instcount_PLAIN_HYPER,24000,13406,1.1984,2.14,0.081234,[.00
PPO_25000_bzip2__instcount_PLAIN_HYPER,24000,13398,1.1990,2.14,0.078338,[.00
PPO_25000_bzip2__instcount_PLAIN_HYPER,24000,13602,1.1830,2.11,0.080564,[.00
PPO_25000_bzip2__instcount_PLAIN_HYPER,24000,13382,1.2002,2.14,0.077262,[.00
PPO_25000_bzip2__instcount_PLAIN_HYPER,24000,13824,1.1657,2.07,0.085132,[.00
PPO_25000_bzip2__instcount_PLAIN_HYPER,24000,13360,1.2019,2.15,0.080022,[.00
PPO_25000_bzip2__instcount_PLAIN_HYPER,24000,13375,1.2008,2.14,0.084325,[.00
PPO_25000_bzip2__instcount_PLAIN_HYPER,24000,13414,1.1977,2.14,0.076851,[.00
PPO_25000_bzip2__instcount_PLAIN_HYPER,24000,13418,1.1974,2.14,0.082065,[.00
PPO_25000_bzip2__instcount_PLAIN_HYPER,24000,13391,1.1995,2.14,0.080248,[.00
PPO_25000_bzip2__instcount_PLAIN_HYPER,24000,13347,1.2030,2.15,0.081435,[.00
PPO_25000_bzip2__instcount_PLAIN_HYPER,24000,13468,1.1935,2.13,0.08187,[.00
PPO_25000_bzip2__instcount_PLAIN_HYPER,24000,13398,1.1990,2.14,0.077672,[.00
PPO_25000_bzip2__instcount_PLAIN_HYPER,24000,13469,1.1934,2.13,0.083993,[.00
PPO_25000_bzip2__instcount_PLAIN_HYPER,24000,13408,1.1982,2.14,0.077788,[.00
PPO_25000_bzip2__instcount_PLAIN_HYPER,24000,13370,1.2012,2.15,0.081067,[.00
PPO_25000_bzip2__instcount_PLAIN_HYPER,24000,13387,1.1998,2.14,0.081977,[.00
PPO_25000_bzip2__instcount_PLAIN_HYPER,24000,13398,1.1990,2.14,0.083018,[.00
PPO_25000_bzip2__instcount_PLAIN_HYPER,24000,13458,1.1943,2.13,0.089013,[.00
PPO_25000_bzip2__instcount_PLAIN_HYPER,24000,13395,1.1992,2.14,0.077343,[.00
PPO_25000_bzip2__instcount_PLAIN_HYPER,24000,13406,1.1984,2.14,0.07912,[.00
PPO_25000_bzip2__instcount_PLAIN_HYPER,24000,13391,1.1995,2.14,0.081133,[.00
PPO_25000_bzip2__instcount_PLAIN_HYPER,24000,13389,1.1997,2.14,0.080017,[.00
PPO_25000_bzip2__instcount_PLAIN_HYPER,24000,13648,1.1795,2.10,0.082786,[.00
PPO_25000_bzip2__instcount_PLAIN_HYPER,24000,13406,1.1984,2.14,0.079293,[.00
PPO_25000_bzip2__instcount_PLAIN_HYPER,24000,13320,1.2051,2.15,0.082015,[.00
PPO_25000_bzip2__instcount_PLAIN_HYPER,24000,13652,1.1791,2.10,0.083976,[.00
PPO_25000_bzip2__instcount_PLAIN_HYPER,24000,13332,1.2041,2.15,0.083816,[.00
PPO_25000_bzip2__instcount_PLAIN_HYPER,24000,13424,1.1970,2.14,0.080703,[.00
PPO_25000_bzip2__instcount_PLAIN_HYPER,24000,13369,1.2012,2.15,0.081821,[.00
PPO_25000_bzip2__instcount_PLAIN_HYPER,24000,13352,1.2026,2.15,0.082516,[.00
PPO_25000_bzip2__instcount_PLAIN_HYPER,24000,13438,1.1959,2.13,0.080213,[.00
PPO_25000_bzip2__instcount_PLAIN_HYPER,24000,13407,1.1983,2.14,0.079294,[.00
PPO_25000_bzip2__instcount_PLAIN_HYPER,24000,13361,1.2019,2.15,0.081027,[.00
PPO_25000_bzip2__instcount_PLAIN_HYPER,24000,14005,1.1516,2.05,0.082136,[.00
PPO_25000_bzip2__instcount_PLAIN_HYPER,24000,13815,1.1664,2.08,0.084613,[.00
PPO_25000_bzip2__instcount_PLAIN_HYPER,24000,13385,1.2000,2.14,0.084287,[.00
PPO_25000_bzip2__instcount_PLAIN_HYPER,24000,13405,1.1984,2.14,0.07971,[.00
PPO_25000_bzip2__instcount_PLAIN_HYPER,24000,13456,1.1945,2.13,0.083842,[.00
PPO_25000_bzip2__instcount_PLAIN_HYPER,24000,13543,1.1877,2.12,0.083478,[.00
PPO_25000_bzip2__instcount_PLAIN_HYPER,24000,13424,1.1970,2.14,0.080828,[.00
PPO_25000_bzip2__instcount_PLAIN_HYPER,24000,13387,1.1998,2.14,0.078358,[.00
PPO_25000_bzip2__instcount_PLAIN_HYPER,24000,13349,1.2028,2.15,0.08737,[.00
PPO_25000_bzip2__instcount_PLAIN_HYPER,24000,13396,1.1991,2.14,0.085509,[.00
PPO_25000_bzip2__instcount_PLAIN_HYPER,24000,13479,1.1927,2.13,0.083465,[.00
PPO_25000_bzip2__instcount_PLAIN_HYPER,24000,13385,1.2000,2.14,0.08151,[.00
PPO_25000_bzip2__instcount_PLAIN_HYPER,24000,13497,1.1912,2.12,0.083905,[.00
PPO_25000_bzip2__instcount_PLAIN_HYPER,24000,13375,1.2008,2.14,0.084939,[.00
PPO_25000_bzip2__instcount_PLAIN_HYPER,24000,13394,1.1993,2.14,0.086593,[.00
PPO_25000_bzip2__instcount_PLAIN_HYPER,24000,13308,1.2060,2.16,0.081813,[.00
PPO_25000_bzip2__instcount_PLAIN_HYPER,24000,13398,1.1990,2.14,0.08151,[.00
PPO_25000_bzip2__instcount_PLAIN_HYPER,24000,13386,1.1999,2.14,0.087865,[.00
PPO_25000_bzip2__instcount_PLAIN_HYPER,24000,13368,1.2013,2.15,0.081018,[.00
PPO_25000_bzip2__instcount_PLAIN_HYPER,24000,13340,1.2035,2.15,0.084518,[.00
PPO_25000_bzip2__instcount_PLAIN_HYPER,24000,13368,1.2013,2.15,0.08288,[.00
PPO_25000_bzip2__instcount_PLAIN_HYPER,24000,13421,1.1972,2.14,0.078361,[.00
PPO_25000_bzip2__instcount_PLAIN_HYPER,24000,13383,1.2002,2.14,0.081588,[.00
PPO_25000_bzip2__instcount_PLAIN_HYPER,24000,13365,1.2016,2.15,0.077996,[.00
PPO_25000_bzip2__instcount_PLAIN_HYPER,24000,13478,1.1927,2.13,0.083438,[.00
PPO_25000_bzip2__instcount_PLAIN_HYPER,24000,13441,1.1956,2.13,0.082748,[.00
PPO_25000_bzip2__instcount_PLAIN_HYPER,24000,13334,1.2040,2.15,0.079013,[.00
PPO_25000_bzip2__instcount_PLAIN_HYPER,24000,13376,1.2007,2.14,0.084105,[.00
PPO_25000_bzip2__instcount_PLAIN_HYPER,24000,13319,1.2052,2.15,0.084728,[.00
PPO_25000_bzip2__instcount_PLAIN_HYPER,24000,13370,1.2012,2.15,0.083766,[.00
PPO_25000_bzip2__instcount_PLAIN_HYPER,24000,13368,1.2013,2.15,0.079102,[.00
PPO_25000_bzip2__instcount_PLAIN_HYPER,24000,13444,1.1954,2.13,0.079441,[.00
PPO_25000_bzip2__instcount_PLAIN_HYPER,24000,13421,1.1972,2.14,0.079119,[.00
PPO_25000_bzip2__instcount_PLAIN_HYPER,24000,13398,1.1990,2.14,0.081739,[.00
PPO_25000_bzip2__instcount_PLAIN_HYPER,24000,13382,1.2002,2.14,0.087055,[.00
PPO_25000_bzip2__instcount_PLAIN_HYPER,24000,13399,1.1989,2.14,0.078557,[.00
PPO_25000_bzip2__instcount_PLAIN_HYPER,24000,13630,1.1809,2.10,0.084141,[.00
PPO_25000_bzip2__instcount_PLAIN_HYPER,24000,13334,1.2040,2.15,0.082815,[.00
PPO_25000_bzip2__instcount_PLAIN_HYPER,25000,13424,1.1970,2.14,0.081343,[.00
PPO_25000_bzip2__instcount_PLAIN_HYPER,25000,13393,1.1994,2.14,0.082369,[.00
PPO_25000_bzip2__instcount_PLAIN_HYPER,25000,13413,1.1978,2.14,0.082011,[.00
PPO_25000_bzip2__instcount_PLAIN_HYPER,25000,13395,1.1992,2.14,0.080852,[.00
PPO_25000_bzip2__instcount_PLAIN_HYPER,25000,13385,1.2000,2.14,0.077231,[.00
PPO_25000_bzip2__instcount_PLAIN_HYPER,25000,13480,1.1926,2.13,0.082385,[.00
PPO_25000_bzip2__instcount_PLAIN_HYPER,25000,13400,1.1988,2.14,0.082538,[.00
PPO_25000_bzip2__instcount_PLAIN_HYPER,25000,13395,1.1992,2.14,0.079495,[.00
PPO_25000_bzip2__instcount_PLAIN_HYPER,25000,13397,1.1991,2.14,0.08464,[.00
PPO_25000_bzip2__instcount_PLAIN_HYPER,25000,13395,1.1992,2.14,0.091335,[.00
PPO_25000_bzip2__instcount_PLAIN_HYPER,25000,13392,1.1995,2.14,0.082153,[.00
PPO_25000_bzip2__instcount_PLAIN_HYPER,25000,13428,1.1966,2.14,0.079782,[.00
PPO_25000_bzip2__instcount_PLAIN_HYPER,25000,13363,1.2017,2.15,0.080806,[.00
PPO_25000_bzip2__instcount_PLAIN_HYPER,25000,13374,1.2009,2.14,0.081588,[.00
PPO_25000_bzip2__instcount_PLAIN_HYPER,25000,13385,1.2000,2.14,0.079656,[.00
PPO_25000_bzip2__instcount_PLAIN_HYPER,25000,13677,1.1772,2.10,0.077898,[.00
PPO_25000_bzip2__instcount_PLAIN_HYPER,25000,13392,1.1995,2.14,0.081373,[.00
PPO_25000_bzip2__instcount_PLAIN_HYPER,25000,13393,1.1994,2.14,0.083585,[.00
PPO_25000_bzip2__instcount_PLAIN_HYPER,25000,13366,1.2015,2.15,0.079244,[.00
PPO_25000_bzip2__instcount_PLAIN_HYPER,25000,13587,1.1842,2.11,0.081563,[.00
PPO_25000_bzip2__instcount_PLAIN_HYPER,25000,13388,1.1998,2.14,0.078615,[.00
PPO_25000_bzip2__instcount_PLAIN_HYPER,25000,13363,1.2017,2.15,0.08306,[.00
PPO_25000_bzip2__instcount_PLAIN_HYPER,25000,13431,1.1964,2.14,0.082557,[.00
PPO_25000_bzip2__instcount_PLAIN_HYPER,25000,13387,1.1998,2.14,0.080341,[.00
PPO_25000_bzip2__instcount_PLAIN_HYPER,25000,13602,1.1830,2.11,0.083873,[.00
PPO_25000_bzip2__instcount_PLAIN_HYPER,25000,13450,1.1949,2.13,0.085759,[.00
PPO_25000_bzip2__instcount_PLAIN_HYPER,25000,13402,1.1987,2.14,0.077853,[.00
PPO_25000_bzip2__instcount_PLAIN_HYPER,25000,13365,1.2016,2.15,0.076698,[.00
PPO_25000_bzip2__instcount_PLAIN_HYPER,25000,13376,1.2007,2.14,0.081098,[.00
PPO_25000_bzip2__instcount_PLAIN_HYPER,25000,13386,1.1999,2.14,0.081573,[.00
PPO_25000_bzip2__instcount_PLAIN_HYPER,25000,13363,1.2017,2.15,0.077991,[.00
PPO_25000_bzip2__instcount_PLAIN_HYPER,25000,13393,1.1994,2.14,0.078992,[.00
PPO_25000_bzip2__instcount_PLAIN_HYPER,25000,13470,1.1934,2.13,0.085193,[.00
PPO_25000_bzip2__instcount_PLAIN_HYPER,25000,13370,1.2012,2.15,0.081983,[.00
PPO_25000_bzip2__instcount_PLAIN_HYPER,25000,13371,1.2011,2.15,0.080007,[.00
PPO_25000_bzip2__instcount_PLAIN_HYPER,25000,13389,1.1997,2.14,0.090137,[.00
PPO_25000_bzip2__instcount_PLAIN_HYPER,25000,13394,1.1993,2.14,0.082873,[.00
PPO_25000_bzip2__instcount_PLAIN_HYPER,25000,13334,1.2040,2.15,0.078668,[.00
PPO_25000_bzip2__instcount_PLAIN_HYPER,25000,13380,1.2004,2.14,0.080971,[.00
PPO_25000_bzip2__instcount_PLAIN_HYPER,25000,13373,1.2009,2.14,0.082711,[.00
PPO_25000_bzip2__instcount_PLAIN_HYPER,25000,13395,1.1992,2.14,0.081552,[.00
PPO_25000_bzip2__instcount_PLAIN_HYPER,25000,13397,1.1991,2.14,0.07939,[.00
PPO_25000_bzip2__instcount_PLAIN_HYPER,25000,13403,1.1986,2.14,0.084222,[.00
PPO_25000_bzip2__instcount_PLAIN_HYPER,25000,13397,1.1991,2.14,0.082592,[.00
PPO_25000_bzip2__instcount_PLAIN_HYPER,25000,13476,1.1929,2.13,0.084099,[.00
PPO_25000_bzip2__instcount_PLAIN_HYPER,25000,13390,1.1996,2.14,0.081941,[.00
PPO_25000_bzip2__instcount_PLAIN_HYPER,25000,13384,1.2001,2.14,0.080167,[.00
PPO_25000_bzip2__instcount_PLAIN_HYPER,25000,13392,1.1995,2.14,0.079575,[.00
PPO_25000_bzip2__instcount_PLAIN_HYPER,25000,13395,1.1992,2.14,0.078737,[.00
PPO_25000_bzip2__instcount_PLAIN_HYPER,25000,13525,1.1891,2.12,0.079661,[.00
PPO_25000_bzip2__instcount_PLAIN_HYPER,25000,13390,1.1996,2.14,0.077721,[.00
PPO_25000_bzip2__instcount_PLAIN_HYPER,25000,13374,1.2009,2.14,0.084417,[.00
PPO_25000_bzip2__instcount_PLAIN_HYPER,25000,13390,1.1996,2.14,0.081245,[.00
PPO_25000_bzip2__instcount_PLAIN_HYPER,25000,13393,1.1994,2.14,0.079994,[.00
PPO_25000_bzip2__instcount_PLAIN_HYPER,25000,13559,1.1864,2.12,0.084264,[.00
PPO_25000_bzip2__instcount_PLAIN_HYPER,25000,13416,1.1976,2.14,0.084409,[.00
PPO_25000_bzip2__instcount_PLAIN_HYPER,25000,13379,1.2005,2.14,0.084839,[.00
PPO_25000_bzip2__instcount_PLAIN_HYPER,25000,13370,1.2012,2.15,0.079167,[.00
PPO_25000_bzip2__instcount_PLAIN_HYPER,25000,13487,1.1920,2.13,0.083832,[.00
PPO_25000_bzip2__instcount_PLAIN_HYPER,25000,13407,1.1983,2.14,0.079729,[.00
PPO_25000_bzip2__instcount_PLAIN_HYPER,25000,13366,1.2015,2.15,0.078483,[.00
PPO_25000_bzip2__instcount_PLAIN_HYPER,25000,13674,1.1774,2.10,0.083229,[.00
PPO_25000_bzip2__instcount_PLAIN_HYPER,25000,13402,1.1987,2.14,0.083663,[.00
PPO_25000_bzip2__instcount_PLAIN_HYPER,25000,13703,1.1752,2.09,0.085444,[.00
PPO_25000_bzip2__instcount_PLAIN_HYPER,25000,13385,1.2000,2.14,0.082215,[.00
PPO_25000_bzip2__instcount_PLAIN_HYPER,25000,13379,1.2005,2.14,0.081981,[.00
PPO_25000_bzip2__instcount_PLAIN_HYPER,25000,13392,1.1995,2.14,0.085594,[.00
PPO_25000_bzip2__instcount_PLAIN_HYPER,25000,13398,1.1990,2.14,0.080713,[.00
PPO_25000_bzip2__instcount_PLAIN_HYPER,25000,13556,1.1866,2.12,0.086017,[.00
PPO_25000_bzip2__instcount_PLAIN_HYPER,25000,13386,1.1999,2.14,0.081161,[.00
PPO_25000_bzip2__instcount_PLAIN_HYPER,25000,13367,1.2014,2.15,0.08005,[.00
PPO_25000_bzip2__instcount_PLAIN_HYPER,25000,13384,1.2001,2.14,0.081924,[.00
PPO_25000_bzip2__instcount_PLAIN_HYPER,25000,13375,1.2008,2.14,0.076928,[.00
PPO_25000_bzip2__instcount_PLAIN_HYPER,25000,13395,1.1992,2.14,0.08254,[.00
PPO_25000_bzip2__instcount_PLAIN_HYPER,25000,13426,1.1968,2.14,0.082296,[.00
PPO_25000_bzip2__instcount_PLAIN_HYPER,25000,13375,1.2008,2.14,0.083816,[.00
PPO_25000_bzip2__instcount_PLAIN_HYPER,25000,13378,1.2005,2.14,0.078582,[.00
PPO_25000_bzip2__instcount_PLAIN_HYPER,25000,13434,1.1962,2.13,0.082682,[.00
PPO_25000_bzip2__instcount_PLAIN_HYPER,25000,13407,1.1983,2.14,0.080047,[.00
PPO_25000_bzip2__instcount_PLAIN_HYPER,25000,13387,1.1998,2.14,0.078884,[.00
PPO_25000_bzip2__instcount_PLAIN_HYPER,25000,13421,1.1972,2.14,0.078597,[.00
PPO_25000_bzip2__instcount_PLAIN_HYPER,25000,13380,1.2004,2.14,0.081135,[.00
PPO_25000_bzip2__instcount_PLAIN_HYPER,25000,13450,1.1949,2.13,0.079741,[.00
PPO_25000_bzip2__instcount_PLAIN_HYPER,25000,13395,1.1992,2.14,0.07942,[.00
PPO_25000_bzip2__instcount_PLAIN_HYPER,25000,13361,1.2019,2.15,0.081179,[.00
PPO_25000_bzip2__instcount_PLAIN_HYPER,25000,13541,1.1878,2.12,0.084855,[.00
PPO_25000_bzip2__instcount_PLAIN_HYPER,25000,13420,1.1973,2.14,0.080772,[.00
PPO_25000_bzip2__instcount_PLAIN_HYPER,25000,13366,1.2015,2.15,0.079281,[.00
PPO_25000_bzip2__instcount_PLAIN_HYPER,25000,13393,1.1994,2.14,0.078681,[.00
PPO_25000_bzip2__instcount_PLAIN_HYPER,25000,13386,1.1999,2.14,0.08082,[.00
PPO_25000_bzip2__instcount_PLAIN_HYPER,25000,13389,1.1997,2.14,0.079097,[.00
PPO_25000_bzip2__instcount_PLAIN_HYPER,25000,13400,1.1988,2.14,0.082112,[.00
PPO_25000_bzip2__instcount_PLAIN_HYPER,25000,13393,1.1994,2.14,0.0827,[.00
PPO_25000_bzip2__instcount_PLAIN_HYPER,25000,13367,1.2014,2.15,0.08404,[.00
PPO_25000_bzip2__instcount_PLAIN_HYPER,25000,13398,1.1990,2.14,0.079528,[.00
PPO_25000_bzip2__instcount_PLAIN_HYPER,25000,13396,1.1991,2.14,0.081685,[.00
PPO_25000_bzip2__instcount_PLAIN_HYPER,25000,13357,1.2022,2.15,0.083022,[.00
PPO_25000_bzip2__instcount_PLAIN_HYPER,25000,13372,1.2010,2.14,0.085844,[.00
PPO_25000_bzip2__instcount_PLAIN_HYPER,25000,13464,1.1938,2.13,0.081879,[.00
PPO_25000_bzip2__instcount_PLAIN_HYPER,25000,13388,1.1998,2.14,0.082415,[.00
