PPO_25000_bzip2__instcount_128,1000,19010,0.7606,1.51,0.079397,[.00
PPO_25000_bzip2__instcount_128,1000,19977,0.6851,1.43,0.082979,[.00
PPO_25000_bzip2__instcount_128,1000,16243,0.9768,1.76,0.090053,[.00
PPO_25000_bzip2__instcount_128,1000,18083,0.8330,1.58,0.066484,[.00
PPO_25000_bzip2__instcount_128,1000,16663,0.9439,1.72,0.069054,[.00
PPO_25000_bzip2__instcount_128,1000,22907,0.4562,1.25,0.047995,[.00
PPO_25000_bzip2__instcount_128,1000,21891,0.5356,1.31,0.068435,[.00
PPO_25000_bzip2__instcount_128,1000,17005,0.9172,1.69,0.073305,[.00
PPO_25000_bzip2__instcount_128,1000,29033,-0.0222,0.99,0.049583,[.00
PPO_25000_bzip2__instcount_128,1000,25722,0.2363,1.11,0.05037,[.00
PPO_25000_bzip2__instcount_128,1000,23043,0.4456,1.24,0.047358,[.00
PPO_25000_bzip2__instcount_128,1000,19364,0.7330,1.48,0.067653,[.00
PPO_25000_bzip2__instcount_128,1000,18304,0.8158,1.57,0.070119,[.00
PPO_25000_bzip2__instcount_128,1000,30827,-0.1623,0.93,0.046179,[.00
PPO_25000_bzip2__instcount_128,1000,14946,1.0781,1.92,0.079004,[.00
PPO_25000_bzip2__instcount_128,1000,21200,0.5895,1.35,0.046735,[.00
PPO_25000_bzip2__instcount_128,1000,16114,0.9868,1.78,0.094301,[.00
PPO_25000_bzip2__instcount_128,1000,21029,0.6029,1.36,0.046724,[.00
PPO_25000_bzip2__instcount_128,1000,18461,0.8035,1.55,0.049639,[.00
PPO_25000_bzip2__instcount_128,1000,18401,0.8082,1.56,0.068833,[.00
PPO_25000_bzip2__instcount_128,1000,16757,0.9366,1.71,0.067751,[.00
PPO_25000_bzip2__instcount_128,1000,16408,0.9639,1.75,0.072854,[.00
PPO_25000_bzip2__instcount_128,1000,19266,0.7406,1.49,0.078828,[.00
PPO_25000_bzip2__instcount_128,1000,29209,-0.0360,0.98,0.050707,[.00
PPO_25000_bzip2__instcount_128,1000,16461,0.9597,1.74,0.073481,[.00
PPO_25000_bzip2__instcount_128,1000,16284,0.9735,1.76,0.075003,[.00
PPO_25000_bzip2__instcount_128,1000,17368,0.8889,1.65,0.069007,[.00
PPO_25000_bzip2__instcount_128,1000,18856,0.7726,1.52,0.084516,[.00
PPO_25000_bzip2__instcount_128,1000,15599,1.0271,1.84,0.088006,[.00
PPO_25000_bzip2__instcount_128,1000,19651,0.7105,1.46,0.068527,[.00
PPO_25000_bzip2__instcount_128,1000,24202,0.3551,1.18,0.074483,[.00
PPO_25000_bzip2__instcount_128,1000,25227,0.2750,1.13,0.048551,[.00
PPO_25000_bzip2__instcount_128,1000,16995,0.9180,1.69,0.071206,[.00
PPO_25000_bzip2__instcount_128,1000,28913,-0.0128,0.99,0.083902,[.00
PPO_25000_bzip2__instcount_128,1000,33736,-0.3896,0.85,0.078536,[.00
PPO_25000_bzip2__instcount_128,1000,27228,0.1187,1.05,0.046873,[.00
PPO_25000_bzip2__instcount_128,1000,21845,0.5392,1.31,0.047899,[.00
PPO_25000_bzip2__instcount_128,1000,16061,0.9910,1.78,0.093914,[.00
PPO_25000_bzip2__instcount_128,1000,15415,1.0414,1.86,0.07147,[.00
PPO_25000_bzip2__instcount_128,1000,22482,0.4894,1.27,0.078648,[.00
PPO_25000_bzip2__instcount_128,1000,21203,0.5893,1.35,0.074825,[.00
PPO_25000_bzip2__instcount_128,1000,29865,-0.0872,0.96,0.04959,[.00
PPO_25000_bzip2__instcount_128,1000,18664,0.7876,1.54,0.071567,[.00
PPO_25000_bzip2__instcount_128,1000,31420,-0.2087,0.91,0.083716,[.00
PPO_25000_bzip2__instcount_128,1000,21663,0.5534,1.32,0.08198,[.00
PPO_25000_bzip2__instcount_128,1000,16018,0.9943,1.79,0.071921,[.00
PPO_25000_bzip2__instcount_128,1000,23904,0.3783,1.20,0.045685,[.00
PPO_25000_bzip2__instcount_128,1000,17091,0.9105,1.68,0.081285,[.00
PPO_25000_bzip2__instcount_128,1000,20622,0.6347,1.39,0.045234,[.00
PPO_25000_bzip2__instcount_128,1000,22291,0.5043,1.28,0.08297,[.00
PPO_25000_bzip2__instcount_128,1000,18906,0.7687,1.52,0.045958,[.00
PPO_25000_bzip2__instcount_128,1000,22796,0.4649,1.26,0.070069,[.00
PPO_25000_bzip2__instcount_128,1000,17396,0.8867,1.65,0.068421,[.00
PPO_25000_bzip2__instcount_128,1000,16292,0.9729,1.76,0.070396,[.00
PPO_25000_bzip2__instcount_128,1000,18480,0.8020,1.55,0.10102,[.00
PPO_25000_bzip2__instcount_128,1000,17216,0.9007,1.66,0.116443,[.00
PPO_25000_bzip2__instcount_128,1000,17744,0.8595,1.62,0.080664,[.00
PPO_25000_bzip2__instcount_128,1000,27709,0.0811,1.03,0.046756,[.00
PPO_25000_bzip2__instcount_128,1000,21822,0.5410,1.31,0.072006,[.00
PPO_25000_bzip2__instcount_128,1000,20802,0.6206,1.38,0.047198,[.00
PPO_25000_bzip2__instcount_128,1000,22016,0.5258,1.30,0.045496,[.00
PPO_25000_bzip2__instcount_128,1000,25567,0.2484,1.12,0.050936,[.00
PPO_25000_bzip2__instcount_128,1000,19169,0.7482,1.49,0.089037,[.00
PPO_25000_bzip2__instcount_128,1000,29488,-0.0578,0.97,0.091963,[.00
PPO_25000_bzip2__instcount_128,1000,20182,0.6691,1.42,0.046283,[.00
PPO_25000_bzip2__instcount_128,1000,31293,-0.1987,0.91,0.048811,[.00
PPO_25000_bzip2__instcount_128,1000,19358,0.7334,1.48,0.077496,[.00
PPO_25000_bzip2__instcount_128,1000,15762,1.0143,1.82,0.070966,[.00
PPO_25000_bzip2__instcount_128,1000,31840,-0.2415,0.90,0.088123,[.00
PPO_25000_bzip2__instcount_128,1000,22890,0.4575,1.25,0.080428,[.00
PPO_25000_bzip2__instcount_128,1000,16080,0.9895,1.78,0.071481,[.00
PPO_25000_bzip2__instcount_128,1000,19713,0.7057,1.45,0.079143,[.00
PPO_25000_bzip2__instcount_128,1000,16858,0.9287,1.70,0.074259,[.00
PPO_25000_bzip2__instcount_128,1000,37836,-0.7098,0.75,0.050434,[.00
PPO_25000_bzip2__instcount_128,1000,15073,1.0681,1.90,0.08421,[.00
PPO_25000_bzip2__instcount_128,1000,29790,-0.0813,0.96,0.07826,[.00
PPO_25000_bzip2__instcount_128,1000,16569,0.9513,1.73,0.083849,[.00
PPO_25000_bzip2__instcount_128,1000,15772,1.0135,1.82,0.070023,[.00
PPO_25000_bzip2__instcount_128,1000,25695,0.2384,1.11,0.049833,[.00
PPO_25000_bzip2__instcount_128,1000,17578,0.8725,1.63,0.069129,[.00
PPO_25000_bzip2__instcount_128,1000,20828,0.6186,1.38,0.044982,[.00
PPO_25000_bzip2__instcount_128,1000,24371,0.3418,1.17,0.04771,[.00
PPO_25000_bzip2__instcount_128,1000,19548,0.7186,1.47,0.069274,[.00
PPO_25000_bzip2__instcount_128,1000,19690,0.7075,1.46,0.083546,[.00
PPO_25000_bzip2__instcount_128,1000,16811,0.9324,1.71,0.06932,[.00
PPO_25000_bzip2__instcount_128,1000,15347,1.0467,1.87,0.06926,[.00
PPO_25000_bzip2__instcount_128,1000,15117,1.0647,1.90,0.082581,[.00
PPO_25000_bzip2__instcount_128,1000,15679,1.0208,1.83,0.082605,[.00
PPO_25000_bzip2__instcount_128,1000,15405,1.0422,1.86,0.081813,[.00
PPO_25000_bzip2__instcount_128,1000,16378,0.9662,1.75,0.067383,[.00
PPO_25000_bzip2__instcount_128,1000,27524,0.0956,1.04,0.049322,[.00
PPO_25000_bzip2__instcount_128,1000,25588,0.2468,1.12,0.047794,[.00
PPO_25000_bzip2__instcount_128,1000,35509,-0.5281,0.80,0.083335,[.00
PPO_25000_bzip2__instcount_128,1000,31078,-0.1820,0.92,0.049435,[.00
PPO_25000_bzip2__instcount_128,1000,15755,1.0149,1.82,0.07077,[.00
PPO_25000_bzip2__instcount_128,1000,19869,0.6935,1.44,0.079851,[.00
PPO_25000_bzip2__instcount_128,1000,23379,0.4193,1.22,0.046664,[.00
PPO_25000_bzip2__instcount_128,1000,30436,-0.1318,0.94,0.077838,[.00
PPO_25000_bzip2__instcount_128,1000,17173,0.9041,1.67,0.06913,[.00
PPO_25000_bzip2__instcount_128,1000,16210,0.9793,1.77,0.08273,[.00
PPO_25000_bzip2__instcount_128,2000,17221,0.9004,1.66,0.080551,[.00
PPO_25000_bzip2__instcount_128,2000,15610,1.0262,1.84,0.086716,[.00
PPO_25000_bzip2__instcount_128,2000,23074,0.4432,1.24,0.045396,[.00
PPO_25000_bzip2__instcount_128,2000,19735,0.7040,1.45,0.085231,[.00
PPO_25000_bzip2__instcount_128,2000,27870,0.0685,1.03,0.104803,[.00
PPO_25000_bzip2__instcount_128,2000,22588,0.4811,1.27,0.080038,[.00
PPO_25000_bzip2__instcount_128,2000,21681,0.5520,1.32,0.046314,[.00
PPO_25000_bzip2__instcount_128,2000,14708,1.0967,1.95,0.081179,[.00
PPO_25000_bzip2__instcount_128,2000,15735,1.0164,1.82,0.072498,[.00
PPO_25000_bzip2__instcount_128,2000,18058,0.8350,1.59,0.06683,[.00
PPO_25000_bzip2__instcount_128,2000,23695,0.3947,1.21,0.081409,[.00
PPO_25000_bzip2__instcount_128,2000,25309,0.2686,1.13,0.067854,[.00
PPO_25000_bzip2__instcount_128,2000,38902,-0.7931,0.73,0.107552,[.00
PPO_25000_bzip2__instcount_128,2000,32801,-0.3165,0.87,0.088236,[.00
PPO_25000_bzip2__instcount_128,2000,18503,0.8002,1.55,0.04809,[.00
PPO_25000_bzip2__instcount_128,2000,19660,0.7098,1.46,0.086262,[.00
PPO_25000_bzip2__instcount_128,2000,16268,0.9748,1.76,0.072051,[.00
PPO_25000_bzip2__instcount_128,2000,15945,1.0000,1.80,0.076711,[.00
PPO_25000_bzip2__instcount_128,2000,17825,0.8532,1.61,0.051174,[.00
PPO_25000_bzip2__instcount_128,2000,16543,0.9533,1.73,0.072626,[.00
PPO_25000_bzip2__instcount_128,2000,18739,0.7818,1.53,0.047417,[.00
PPO_25000_bzip2__instcount_128,2000,26252,0.1949,1.09,0.047452,[.00
PPO_25000_bzip2__instcount_128,2000,22338,0.5007,1.28,0.051358,[.00
PPO_25000_bzip2__instcount_128,2000,15610,1.0262,1.84,0.066815,[.00
PPO_25000_bzip2__instcount_128,2000,15088,1.0670,1.90,0.078824,[.00
PPO_25000_bzip2__instcount_128,2000,17447,0.8827,1.64,0.072989,[.00
PPO_25000_bzip2__instcount_128,2000,22020,0.5255,1.30,0.07766,[.00
PPO_25000_bzip2__instcount_128,2000,17474,0.8806,1.64,0.079785,[.00
PPO_25000_bzip2__instcount_128,2000,20852,0.6167,1.37,0.075071,[.00
PPO_25000_bzip2__instcount_128,2000,15698,1.0193,1.83,0.071049,[.00
PPO_25000_bzip2__instcount_128,2000,18563,0.7955,1.54,0.068193,[.00
PPO_25000_bzip2__instcount_128,2000,19620,0.7130,1.46,0.080466,[.00
PPO_25000_bzip2__instcount_128,2000,15812,1.0104,1.81,0.080569,[.00
PPO_25000_bzip2__instcount_128,2000,14807,1.0889,1.94,0.086629,[.00
PPO_25000_bzip2__instcount_128,2000,16895,0.9258,1.70,0.07078,[.00
PPO_25000_bzip2__instcount_128,2000,30943,-0.1714,0.92,0.052617,[.00
PPO_25000_bzip2__instcount_128,2000,16625,0.9469,1.72,0.085928,[.00
PPO_25000_bzip2__instcount_128,2000,22736,0.4696,1.26,0.045857,[.00
PPO_25000_bzip2__instcount_128,2000,17799,0.8552,1.61,0.082894,[.00
PPO_25000_bzip2__instcount_128,2000,16161,0.9832,1.77,0.082567,[.00
PPO_25000_bzip2__instcount_128,2000,14734,1.0946,1.95,0.081729,[.00
PPO_25000_bzip2__instcount_128,2000,17012,0.9167,1.68,0.07553,[.00
PPO_25000_bzip2__instcount_128,2000,19060,0.7567,1.50,0.068076,[.00
PPO_25000_bzip2__instcount_128,2000,19898,0.6912,1.44,0.070222,[.00
PPO_25000_bzip2__instcount_128,2000,15302,1.0503,1.87,0.082398,[.00
PPO_25000_bzip2__instcount_128,2000,15716,1.0179,1.82,0.070344,[.00
PPO_25000_bzip2__instcount_128,2000,16845,0.9297,1.70,0.06899,[.00
PPO_25000_bzip2__instcount_128,2000,19805,0.6985,1.45,0.045498,[.00
PPO_25000_bzip2__instcount_128,2000,19829,0.6966,1.44,0.088315,[.00
PPO_25000_bzip2__instcount_128,2000,18972,0.7636,1.51,0.074264,[.00
PPO_25000_bzip2__instcount_128,2000,25535,0.2509,1.12,0.045945,[.00
PPO_25000_bzip2__instcount_128,2000,20481,0.6457,1.40,0.067521,[.00
PPO_25000_bzip2__instcount_128,2000,14544,1.1095,1.97,0.083665,[.00
PPO_25000_bzip2__instcount_128,2000,20159,0.6709,1.42,0.07662,[.00
PPO_25000_bzip2__instcount_128,2000,15678,1.0209,1.83,0.079147,[.00
PPO_25000_bzip2__instcount_128,2000,23865,0.3814,1.20,0.05072,[.00
PPO_25000_bzip2__instcount_128,2000,14841,1.0863,1.93,0.082708,[.00
PPO_25000_bzip2__instcount_128,2000,16832,0.9307,1.70,0.069503,[.00
PPO_25000_bzip2__instcount_128,2000,35345,-0.5153,0.81,0.081706,[.00
PPO_25000_bzip2__instcount_128,2000,16221,0.9785,1.77,0.082687,[.00
PPO_25000_bzip2__instcount_128,2000,33292,-0.3549,0.86,0.089095,[.00
PPO_25000_bzip2__instcount_128,2000,20614,0.6353,1.39,0.04811,[.00
PPO_25000_bzip2__instcount_128,2000,28588,0.0124,1.00,0.045435,[.00
PPO_25000_bzip2__instcount_128,2000,23675,0.3962,1.21,0.046601,[.00
PPO_25000_bzip2__instcount_128,2000,19226,0.7437,1.49,0.082641,[.00
PPO_25000_bzip2__instcount_128,2000,15716,1.0179,1.82,0.069234,[.00
PPO_25000_bzip2__instcount_128,2000,20237,0.6648,1.42,0.048878,[.00
PPO_25000_bzip2__instcount_128,2000,18057,0.8351,1.59,0.086059,[.00
PPO_25000_bzip2__instcount_128,2000,18018,0.8381,1.59,0.074636,[.00
PPO_25000_bzip2__instcount_128,2000,19920,0.6895,1.44,0.068085,[.00
PPO_25000_bzip2__instcount_128,2000,20808,0.6202,1.38,0.102342,[.00
PPO_25000_bzip2__instcount_128,2000,16868,0.9279,1.70,0.096759,[.00
PPO_25000_bzip2__instcount_128,2000,24717,0.3148,1.16,0.085342,[.00
PPO_25000_bzip2__instcount_128,2000,17954,0.8431,1.60,0.07058,[.00
PPO_25000_bzip2__instcount_128,2000,21747,0.5468,1.32,0.072551,[.00
PPO_25000_bzip2__instcount_128,2000,15243,1.0549,1.88,0.090016,[.00
PPO_25000_bzip2__instcount_128,2000,29342,-0.0463,0.97,0.047657,[.00
PPO_25000_bzip2__instcount_128,2000,23854,0.3822,1.20,0.052792,[.00
PPO_25000_bzip2__instcount_128,2000,15701,1.0191,1.83,0.069692,[.00
PPO_25000_bzip2__instcount_128,2000,21456,0.5695,1.33,0.072003,[.00
PPO_25000_bzip2__instcount_128,2000,19198,0.7459,1.49,0.078092,[.00
PPO_25000_bzip2__instcount_128,2000,16100,0.9879,1.78,0.088504,[.00
PPO_25000_bzip2__instcount_128,2000,18378,0.8100,1.56,0.082218,[.00
PPO_25000_bzip2__instcount_128,2000,19918,0.6897,1.44,0.071548,[.00
PPO_25000_bzip2__instcount_128,2000,22438,0.4928,1.28,0.049749,[.00
PPO_25000_bzip2__instcount_128,2000,22005,0.5267,1.30,0.047737,[.00
PPO_25000_bzip2__instcount_128,2000,37177,-0.6584,0.77,0.049233,[.00
PPO_25000_bzip2__instcount_128,2000,16636,0.9461,1.72,0.078534,[.00
PPO_25000_bzip2__instcount_128,2000,18841,0.7738,1.52,0.046029,[.00
PPO_25000_bzip2__instcount_128,2000,15818,1.0099,1.81,0.095668,[.00
PPO_25000_bzip2__instcount_128,2000,19068,0.7561,1.50,0.046769,[.00
PPO_25000_bzip2__instcount_128,2000,38094,-0.7300,0.75,0.092134,[.00
PPO_25000_bzip2__instcount_128,2000,19317,0.7366,1.48,0.070815,[.00
PPO_25000_bzip2__instcount_128,2000,22409,0.4951,1.28,0.047629,[.00
PPO_25000_bzip2__instcount_128,2000,19774,0.7009,1.45,0.045982,[.00
PPO_25000_bzip2__instcount_128,2000,24829,0.3061,1.15,0.074292,[.00
PPO_25000_bzip2__instcount_128,2000,29773,-0.0800,0.96,0.084438,[.00
PPO_25000_bzip2__instcount_128,2000,28285,0.0361,1.01,0.046347,[.00
PPO_25000_bzip2__instcount_128,2000,16100,0.9879,1.78,0.068838,[.00
PPO_25000_bzip2__instcount_128,2000,18090,0.8325,1.58,0.068962,[.00
PPO_25000_bzip2__instcount_128,3000,15559,1.0302,1.84,0.087188,[.00
PPO_25000_bzip2__instcount_128,3000,19179,0.7474,1.49,0.048192,[.00
PPO_25000_bzip2__instcount_128,3000,18509,0.7997,1.55,0.050355,[.00
PPO_25000_bzip2__instcount_128,3000,15477,1.0366,1.85,0.080139,[.00
PPO_25000_bzip2__instcount_128,3000,20012,0.6823,1.43,0.067863,[.00
PPO_25000_bzip2__instcount_128,3000,19491,0.7230,1.47,0.08954,[.00
PPO_25000_bzip2__instcount_128,3000,17425,0.8844,1.64,0.073196,[.00
PPO_25000_bzip2__instcount_128,3000,16878,0.9271,1.70,0.070051,[.00
PPO_25000_bzip2__instcount_128,3000,15011,1.0730,1.91,0.068769,[.00
PPO_25000_bzip2__instcount_128,3000,21232,0.5870,1.35,0.09449,[.00
PPO_25000_bzip2__instcount_128,3000,17042,0.9143,1.68,0.069891,[.00
PPO_25000_bzip2__instcount_128,3000,19832,0.6964,1.44,0.071215,[.00
PPO_25000_bzip2__instcount_128,3000,17287,0.8952,1.66,0.069973,[.00
PPO_25000_bzip2__instcount_128,3000,30526,-0.1388,0.94,0.093667,[.00
PPO_25000_bzip2__instcount_128,3000,16017,0.9944,1.79,0.074095,[.00
PPO_25000_bzip2__instcount_128,3000,17667,0.8655,1.62,0.085642,[.00
PPO_25000_bzip2__instcount_128,3000,15077,1.0678,1.90,0.081945,[.00
PPO_25000_bzip2__instcount_128,3000,20728,0.6264,1.38,0.049307,[.00
PPO_25000_bzip2__instcount_128,3000,15335,1.0477,1.87,0.082248,[.00
PPO_25000_bzip2__instcount_128,3000,16793,0.9338,1.71,0.045512,[.00
PPO_25000_bzip2__instcount_128,3000,21238,0.5866,1.35,0.046159,[.00
PPO_25000_bzip2__instcount_128,3000,15547,1.0311,1.84,0.085584,[.00
PPO_25000_bzip2__instcount_128,3000,38250,-0.7422,0.75,0.092894,[.00
PPO_25000_bzip2__instcount_128,3000,36207,-0.5826,0.79,0.0886,[.00
PPO_25000_bzip2__instcount_128,3000,16530,0.9543,1.73,0.067776,[.00
PPO_25000_bzip2__instcount_128,3000,16459,0.9599,1.74,0.064912,[.00
PPO_25000_bzip2__instcount_128,3000,17194,0.9025,1.67,0.068714,[.00
PPO_25000_bzip2__instcount_128,3000,15950,0.9996,1.80,0.082254,[.00
PPO_25000_bzip2__instcount_128,3000,22751,0.4684,1.26,0.082906,[.00
PPO_25000_bzip2__instcount_128,3000,15787,1.0124,1.82,0.083724,[.00
PPO_25000_bzip2__instcount_128,3000,14878,1.0834,1.93,0.083797,[.00
PPO_25000_bzip2__instcount_128,3000,21457,0.5695,1.33,0.080635,[.00
PPO_25000_bzip2__instcount_128,3000,17688,0.8639,1.62,0.088661,[.00
PPO_25000_bzip2__instcount_128,3000,16700,0.9411,1.72,0.073025,[.00
PPO_25000_bzip2__instcount_128,3000,28469,0.0217,1.00,0.091112,[.00
PPO_25000_bzip2__instcount_128,3000,16072,0.9901,1.78,0.06954,[.00
PPO_25000_bzip2__instcount_128,3000,14529,1.1106,1.97,0.088575,[.00
PPO_25000_bzip2__instcount_128,3000,28456,0.0228,1.01,0.110793,[.00
PPO_25000_bzip2__instcount_128,3000,19281,0.7394,1.49,0.084525,[.00
PPO_25000_bzip2__instcount_128,3000,22294,0.5041,1.28,0.064822,[.00
PPO_25000_bzip2__instcount_128,3000,25977,0.2164,1.10,0.046529,[.00
PPO_25000_bzip2__instcount_128,3000,16664,0.9439,1.72,0.06954,[.00
PPO_25000_bzip2__instcount_128,3000,14657,1.1006,1.96,0.08121,[.00
PPO_25000_bzip2__instcount_128,3000,14042,1.1487,2.04,0.078224,[.00
PPO_25000_bzip2__instcount_128,3000,15291,1.0511,1.88,0.070655,[.00
PPO_25000_bzip2__instcount_128,3000,14323,1.1267,2.00,0.082429,[.00
PPO_25000_bzip2__instcount_128,3000,22697,0.4726,1.26,0.069811,[.00
PPO_25000_bzip2__instcount_128,3000,16884,0.9267,1.70,0.071265,[.00
PPO_25000_bzip2__instcount_128,3000,15775,1.0133,1.82,0.08076,[.00
PPO_25000_bzip2__instcount_128,3000,25416,0.2602,1.13,0.049501,[.00
PPO_25000_bzip2__instcount_128,3000,16992,0.9182,1.69,0.069873,[.00
PPO_25000_bzip2__instcount_128,3000,21980,0.5286,1.30,0.045945,[.00
PPO_25000_bzip2__instcount_128,3000,15442,1.0393,1.86,0.08042,[.00
PPO_25000_bzip2__instcount_128,3000,17224,0.9001,1.66,0.07033,[.00
PPO_25000_bzip2__instcount_128,3000,21890,0.5356,1.31,0.047315,[.00
PPO_25000_bzip2__instcount_128,3000,15698,1.0193,1.83,0.070931,[.00
PPO_25000_bzip2__instcount_128,3000,15305,1.0500,1.87,0.069166,[.00
PPO_25000_bzip2__instcount_128,3000,15892,1.0042,1.80,0.06879,[.00
PPO_25000_bzip2__instcount_128,3000,20042,0.6800,1.43,0.083112,[.00
PPO_25000_bzip2__instcount_128,3000,21595,0.5587,1.33,0.077126,[.00
PPO_25000_bzip2__instcount_128,3000,16391,0.9652,1.75,0.076807,[.00
PPO_25000_bzip2__instcount_128,3000,16718,0.9396,1.71,0.072048,[.00
PPO_25000_bzip2__instcount_128,3000,35234,-0.5066,0.81,0.085957,[.00
PPO_25000_bzip2__instcount_128,3000,16012,0.9948,1.79,0.082937,[.00
PPO_25000_bzip2__instcount_128,3000,24750,0.3122,1.16,0.090324,[.00
PPO_25000_bzip2__instcount_128,3000,16848,0.9295,1.70,0.094002,[.00
PPO_25000_bzip2__instcount_128,3000,16673,0.9432,1.72,0.070401,[.00
PPO_25000_bzip2__instcount_128,3000,18683,0.7862,1.53,0.049418,[.00
PPO_25000_bzip2__instcount_128,3000,15107,1.0655,1.90,0.067559,[.00
PPO_25000_bzip2__instcount_128,3000,17327,0.8921,1.65,0.086595,[.00
PPO_25000_bzip2__instcount_128,3000,16817,0.9319,1.70,0.071427,[.00
PPO_25000_bzip2__instcount_128,3000,16179,0.9817,1.77,0.068938,[.00
PPO_25000_bzip2__instcount_128,3000,21520,0.5645,1.33,0.070164,[.00
PPO_25000_bzip2__instcount_128,3000,19320,0.7364,1.48,0.047196,[.00
PPO_25000_bzip2__instcount_128,3000,21256,0.5852,1.35,0.044873,[.00
PPO_25000_bzip2__instcount_128,3000,21214,0.5885,1.35,0.051168,[.00
PPO_25000_bzip2__instcount_128,3000,22957,0.4523,1.25,0.046831,[.00
PPO_25000_bzip2__instcount_128,3000,17707,0.8624,1.62,0.047262,[.00
PPO_25000_bzip2__instcount_128,3000,14423,1.1189,1.99,0.069968,[.00
PPO_25000_bzip2__instcount_128,3000,20269,0.6623,1.41,0.046,[.00
PPO_25000_bzip2__instcount_128,3000,14880,1.0832,1.93,0.080883,[.00
PPO_25000_bzip2__instcount_128,3000,14582,1.1065,1.97,0.090371,[.00
PPO_25000_bzip2__instcount_128,3000,17819,0.8536,1.61,0.049021,[.00
PPO_25000_bzip2__instcount_128,3000,16073,0.9900,1.78,0.082916,[.00
PPO_25000_bzip2__instcount_128,3000,16320,0.9707,1.76,0.06882,[.00
PPO_25000_bzip2__instcount_128,3000,35970,-0.5641,0.79,0.083432,[.00
PPO_25000_bzip2__instcount_128,3000,15470,1.0371,1.85,0.080325,[.00
PPO_25000_bzip2__instcount_128,3000,15882,1.0049,1.81,0.06715,[.00
PPO_25000_bzip2__instcount_128,3000,16484,0.9579,1.74,0.089961,[.00
PPO_25000_bzip2__instcount_128,3000,16379,0.9661,1.75,0.080755,[.00
PPO_25000_bzip2__instcount_128,3000,17228,0.8998,1.66,0.080767,[.00
PPO_25000_bzip2__instcount_128,3000,14640,1.1020,1.96,0.074668,[.00
PPO_25000_bzip2__instcount_128,3000,18033,0.8369,1.59,0.082014,[.00
PPO_25000_bzip2__instcount_128,3000,28339,0.0319,1.01,0.050253,[.00
PPO_25000_bzip2__instcount_128,3000,19421,0.7285,1.48,0.081058,[.00
PPO_25000_bzip2__instcount_128,3000,17896,0.8476,1.60,0.07898,[.00
PPO_25000_bzip2__instcount_128,3000,22880,0.4583,1.25,0.04934,[.00
PPO_25000_bzip2__instcount_128,3000,17750,0.8590,1.61,0.08659,[.00
PPO_25000_bzip2__instcount_128,3000,26729,0.1577,1.07,0.047276,[.00
PPO_25000_bzip2__instcount_128,3000,16008,0.9951,1.79,0.082897,[.00
PPO_25000_bzip2__instcount_128,4000,22760,0.4677,1.26,0.069902,[.00
PPO_25000_bzip2__instcount_128,4000,15659,1.0224,1.83,0.074146,[.00
PPO_25000_bzip2__instcount_128,4000,17149,0.9060,1.67,0.071047,[.00
PPO_25000_bzip2__instcount_128,4000,15241,1.0550,1.88,0.072373,[.00
PPO_25000_bzip2__instcount_128,4000,35917,-0.5599,0.80,0.084199,[.00
PPO_25000_bzip2__instcount_128,4000,15735,1.0164,1.82,0.070446,[.00
PPO_25000_bzip2__instcount_128,4000,17052,0.9136,1.68,0.083816,[.00
PPO_25000_bzip2__instcount_128,4000,14604,1.1048,1.96,0.080459,[.00
PPO_25000_bzip2__instcount_128,4000,17392,0.8870,1.65,0.073272,[.00
PPO_25000_bzip2__instcount_128,4000,37826,-0.7091,0.76,0.113617,[.00
PPO_25000_bzip2__instcount_128,4000,19849,0.6951,1.44,0.047484,[.00
PPO_25000_bzip2__instcount_128,4000,29263,-0.0402,0.98,0.090136,[.00
PPO_25000_bzip2__instcount_128,4000,20630,0.6341,1.39,0.085549,[.00
PPO_25000_bzip2__instcount_128,4000,14994,1.0743,1.91,0.080236,[.00
PPO_25000_bzip2__instcount_128,4000,15175,1.0602,1.89,0.080787,[.00
PPO_25000_bzip2__instcount_128,4000,15214,1.0571,1.88,0.081533,[.00
PPO_25000_bzip2__instcount_128,4000,22399,0.4959,1.28,0.046589,[.00
PPO_25000_bzip2__instcount_128,4000,24292,0.3480,1.18,0.050069,[.00
PPO_25000_bzip2__instcount_128,4000,14144,1.1407,2.03,0.079851,[.00
PPO_25000_bzip2__instcount_128,4000,16368,0.9670,1.75,0.071834,[.00
PPO_25000_bzip2__instcount_128,4000,34822,-0.4744,0.82,0.0865,[.00
PPO_25000_bzip2__instcount_128,4000,20238,0.6647,1.42,0.047884,[.00
PPO_25000_bzip2__instcount_128,4000,17474,0.8806,1.64,0.074969,[.00
PPO_25000_bzip2__instcount_128,4000,18845,0.7735,1.52,0.045957,[.00
PPO_25000_bzip2__instcount_128,4000,15189,1.0591,1.89,0.080925,[.00
PPO_25000_bzip2__instcount_128,4000,16429,0.9622,1.74,0.080061,[.00
PPO_25000_bzip2__instcount_128,4000,15138,1.0631,1.89,0.080985,[.00
PPO_25000_bzip2__instcount_128,4000,14980,1.0754,1.91,0.077331,[.00
PPO_25000_bzip2__instcount_128,4000,16624,0.9470,1.72,0.083275,[.00
PPO_25000_bzip2__instcount_128,4000,14826,1.0874,1.93,0.082842,[.00
PPO_25000_bzip2__instcount_128,4000,15634,1.0243,1.83,0.072764,[.00
PPO_25000_bzip2__instcount_128,4000,16361,0.9675,1.75,0.072054,[.00
PPO_25000_bzip2__instcount_128,4000,20260,0.6630,1.41,0.080989,[.00
PPO_25000_bzip2__instcount_128,4000,18483,0.8018,1.55,0.07006,[.00
PPO_25000_bzip2__instcount_128,4000,15105,1.0656,1.90,0.07998,[.00
PPO_25000_bzip2__instcount_128,4000,14686,1.0984,1.95,0.080734,[.00
PPO_25000_bzip2__instcount_128,4000,17800,0.8551,1.61,0.082302,[.00
PPO_25000_bzip2__instcount_128,4000,17847,0.8515,1.61,0.044721,[.00
PPO_25000_bzip2__instcount_128,4000,15189,1.0591,1.89,0.08409,[.00
PPO_25000_bzip2__instcount_128,4000,16573,0.9510,1.73,0.073756,[.00
PPO_25000_bzip2__instcount_128,4000,15577,1.0288,1.84,0.085241,[.00
PPO_25000_bzip2__instcount_128,4000,20158,0.6709,1.42,0.070971,[.00
PPO_25000_bzip2__instcount_128,4000,14460,1.1160,1.98,0.080341,[.00
PPO_25000_bzip2__instcount_128,4000,15820,1.0098,1.81,0.069026,[.00
PPO_25000_bzip2__instcount_128,4000,18261,0.8191,1.57,0.047491,[.00
PPO_25000_bzip2__instcount_128,4000,15817,1.0100,1.81,0.086033,[.00
PPO_25000_bzip2__instcount_128,4000,14652,1.1010,1.96,0.083028,[.00
PPO_25000_bzip2__instcount_128,4000,18739,0.7818,1.53,0.08592,[.00
PPO_25000_bzip2__instcount_128,4000,20599,0.6365,1.39,0.047447,[.00
PPO_25000_bzip2__instcount_128,4000,16193,0.9807,1.77,0.08209,[.00
PPO_25000_bzip2__instcount_128,4000,15696,1.0195,1.83,0.096185,[.00
PPO_25000_bzip2__instcount_128,4000,14887,1.0827,1.93,0.106912,[.00
PPO_25000_bzip2__instcount_128,4000,15083,1.0674,1.90,0.085227,[.00
PPO_25000_bzip2__instcount_128,4000,16759,0.9364,1.71,0.073597,[.00
PPO_25000_bzip2__instcount_128,4000,15663,1.0221,1.83,0.069835,[.00
PPO_25000_bzip2__instcount_128,4000,16556,0.9523,1.73,0.084584,[.00
PPO_25000_bzip2__instcount_128,4000,19808,0.6983,1.45,0.046889,[.00
PPO_25000_bzip2__instcount_128,4000,17357,0.8897,1.65,0.070463,[.00
PPO_25000_bzip2__instcount_128,4000,28532,0.0168,1.00,0.086214,[.00
PPO_25000_bzip2__instcount_128,4000,14888,1.0826,1.93,0.080906,[.00
PPO_25000_bzip2__instcount_128,4000,15399,1.0427,1.86,0.084625,[.00
PPO_25000_bzip2__instcount_128,4000,15802,1.0112,1.81,0.080654,[.00
PPO_25000_bzip2__instcount_128,4000,13656,1.1788,2.10,0.084869,[.00
PPO_25000_bzip2__instcount_128,4000,17267,0.8968,1.66,0.051069,[.00
PPO_25000_bzip2__instcount_128,4000,18071,0.8340,1.59,0.076941,[.00
PPO_25000_bzip2__instcount_128,4000,15402,1.0424,1.86,0.082232,[.00
PPO_25000_bzip2__instcount_128,4000,14936,1.0788,1.92,0.080486,[.00
PPO_25000_bzip2__instcount_128,4000,15307,1.0499,1.87,0.077202,[.00
PPO_25000_bzip2__instcount_128,4000,19553,0.7182,1.47,0.046148,[.00
PPO_25000_bzip2__instcount_128,4000,16304,0.9720,1.76,0.074518,[.00
PPO_25000_bzip2__instcount_128,4000,14932,1.0792,1.92,0.078115,[.00
PPO_25000_bzip2__instcount_128,4000,15965,0.9985,1.80,0.081644,[.00
PPO_25000_bzip2__instcount_128,4000,15054,1.0696,1.90,0.082108,[.00
PPO_25000_bzip2__instcount_128,4000,14313,1.1275,2.00,0.081112,[.00
PPO_25000_bzip2__instcount_128,4000,19388,0.7311,1.48,0.07135,[.00
PPO_25000_bzip2__instcount_128,4000,14086,1.1452,2.04,0.081136,[.00
PPO_25000_bzip2__instcount_128,4000,19536,0.7195,1.47,0.045812,[.00
PPO_25000_bzip2__instcount_128,4000,18107,0.8311,1.58,0.046252,[.00
PPO_25000_bzip2__instcount_128,4000,14689,1.0981,1.95,0.082434,[.00
PPO_25000_bzip2__instcount_128,4000,14768,1.0920,1.94,0.079885,[.00
PPO_25000_bzip2__instcount_128,4000,15624,1.0251,1.83,0.069039,[.00
PPO_25000_bzip2__instcount_128,4000,28624,0.0096,1.00,0.046032,[.00
PPO_25000_bzip2__instcount_128,4000,15392,1.0432,1.86,0.08242,[.00
PPO_25000_bzip2__instcount_128,4000,15219,1.0567,1.88,0.077887,[.00
PPO_25000_bzip2__instcount_128,4000,15751,1.0152,1.82,0.068274,[.00
PPO_25000_bzip2__instcount_128,4000,36797,-0.6287,0.78,0.09313,[.00
PPO_25000_bzip2__instcount_128,4000,17097,0.9100,1.68,0.071264,[.00
PPO_25000_bzip2__instcount_128,4000,19726,0.7047,1.45,0.046,[.00
PPO_25000_bzip2__instcount_128,4000,17970,0.8418,1.59,0.072467,[.00
PPO_25000_bzip2__instcount_128,4000,14522,1.1112,1.97,0.083257,[.00
PPO_25000_bzip2__instcount_128,4000,15338,1.0474,1.87,0.066513,[.00
PPO_25000_bzip2__instcount_128,4000,15157,1.0616,1.89,0.075344,[.00
PPO_25000_bzip2__instcount_128,4000,17045,0.9141,1.68,0.06841,[.00
PPO_25000_bzip2__instcount_128,4000,16051,0.9917,1.79,0.072761,[.00
PPO_25000_bzip2__instcount_128,4000,14900,1.0817,1.92,0.069584,[.00
PPO_25000_bzip2__instcount_128,4000,17412,0.8854,1.65,0.071548,[.00
PPO_25000_bzip2__instcount_128,4000,16056,0.9914,1.79,0.072887,[.00
PPO_25000_bzip2__instcount_128,4000,14291,1.1292,2.01,0.082834,[.00
PPO_25000_bzip2__instcount_128,4000,15842,1.0081,1.81,0.067315,[.00
PPO_25000_bzip2__instcount_128,4000,14165,1.1391,2.02,0.079045,[.00
PPO_25000_bzip2__instcount_128,5000,14082,1.1456,2.04,0.088327,[.00
PPO_25000_bzip2__instcount_128,5000,18850,0.7731,1.52,0.073779,[.00
PPO_25000_bzip2__instcount_128,5000,19044,0.7580,1.50,0.084272,[.00
PPO_25000_bzip2__instcount_128,5000,15914,1.0024,1.80,0.064155,[.00
PPO_25000_bzip2__instcount_128,5000,14532,1.1104,1.97,0.082229,[.00
PPO_25000_bzip2__instcount_128,5000,15957,0.9991,1.80,0.086474,[.00
PPO_25000_bzip2__instcount_128,5000,15637,1.0241,1.83,0.06875,[.00
PPO_25000_bzip2__instcount_128,5000,14106,1.1437,2.03,0.083252,[.00
PPO_25000_bzip2__instcount_128,5000,15602,1.0268,1.84,0.08078,[.00
PPO_25000_bzip2__instcount_128,5000,15756,1.0148,1.82,0.085101,[.00
PPO_25000_bzip2__instcount_128,5000,14188,1.1373,2.02,0.081454,[.00
PPO_25000_bzip2__instcount_128,5000,18716,0.7836,1.53,0.109867,[.00
PPO_25000_bzip2__instcount_128,5000,14240,1.1332,2.01,0.082302,[.00
PPO_25000_bzip2__instcount_128,5000,14036,1.1491,2.04,0.080434,[.00
PPO_25000_bzip2__instcount_128,5000,14348,1.1248,2.00,0.080551,[.00
PPO_25000_bzip2__instcount_128,5000,14176,1.1382,2.02,0.082567,[.00
PPO_25000_bzip2__instcount_128,5000,14288,1.1295,2.01,0.081802,[.00
PPO_25000_bzip2__instcount_128,5000,15112,1.0651,1.90,0.067617,[.00
PPO_25000_bzip2__instcount_128,5000,17880,0.8489,1.60,0.078571,[.00
PPO_25000_bzip2__instcount_128,5000,23972,0.3730,1.19,0.067967,[.00
PPO_25000_bzip2__instcount_128,5000,18092,0.8323,1.58,0.070307,[.00
PPO_25000_bzip2__instcount_128,5000,14459,1.1161,1.98,0.084573,[.00
PPO_25000_bzip2__instcount_128,5000,15666,1.0218,1.83,0.070524,[.00
PPO_25000_bzip2__instcount_128,5000,15522,1.0331,1.85,0.083597,[.00
PPO_25000_bzip2__instcount_128,5000,14374,1.1227,2.00,0.078989,[.00
PPO_25000_bzip2__instcount_128,5000,15628,1.0248,1.83,0.079771,[.00
PPO_25000_bzip2__instcount_128,5000,21155,0.5931,1.35,0.079696,[.00
PPO_25000_bzip2__instcount_128,5000,14438,1.1177,1.99,0.081601,[.00
PPO_25000_bzip2__instcount_128,5000,14213,1.1353,2.02,0.082196,[.00
PPO_25000_bzip2__instcount_128,5000,16660,0.9442,1.72,0.07151,[.00
PPO_25000_bzip2__instcount_128,5000,15489,1.0356,1.85,0.077666,[.00
PPO_25000_bzip2__instcount_128,5000,16535,0.9539,1.73,0.082302,[.00
PPO_25000_bzip2__instcount_128,5000,15542,1.0315,1.84,0.085186,[.00
PPO_25000_bzip2__instcount_128,5000,18966,0.7640,1.51,0.04725,[.00
PPO_25000_bzip2__instcount_128,5000,16506,0.9562,1.74,0.070941,[.00
PPO_25000_bzip2__instcount_128,5000,14355,1.1242,2.00,0.080579,[.00
PPO_25000_bzip2__instcount_128,5000,15625,1.0250,1.83,0.070696,[.00
PPO_25000_bzip2__instcount_128,5000,15053,1.0697,1.90,0.082597,[.00
PPO_25000_bzip2__instcount_128,5000,17192,0.9026,1.67,0.080336,[.00
PPO_25000_bzip2__instcount_128,5000,14472,1.1151,1.98,0.085004,[.00
PPO_25000_bzip2__instcount_128,5000,15601,1.0269,1.84,0.09667,[.00
PPO_25000_bzip2__instcount_128,5000,16341,0.9691,1.75,0.068479,[.00
PPO_25000_bzip2__instcount_128,5000,13958,1.1552,2.05,0.085924,[.00
PPO_25000_bzip2__instcount_128,5000,14768,1.0920,1.94,0.071812,[.00
PPO_25000_bzip2__instcount_128,5000,13873,1.1619,2.07,0.077689,[.00
PPO_25000_bzip2__instcount_128,5000,15448,1.0389,1.86,0.075599,[.00
PPO_25000_bzip2__instcount_128,5000,13714,1.1743,2.09,0.084905,[.00
PPO_25000_bzip2__instcount_128,5000,15904,1.0032,1.80,0.081085,[.00
PPO_25000_bzip2__instcount_128,5000,14252,1.1323,2.01,0.082465,[.00
PPO_25000_bzip2__instcount_128,5000,15073,1.0681,1.90,0.065286,[.00
PPO_25000_bzip2__instcount_128,5000,16629,0.9466,1.72,0.068951,[.00
PPO_25000_bzip2__instcount_128,5000,16300,0.9723,1.76,0.073696,[.00
PPO_25000_bzip2__instcount_128,5000,14122,1.1424,2.03,0.081633,[.00
PPO_25000_bzip2__instcount_128,5000,15082,1.0674,1.90,0.079662,[.00
PPO_25000_bzip2__instcount_128,5000,15123,1.0642,1.90,0.082742,[.00
PPO_25000_bzip2__instcount_128,5000,15172,1.0604,1.89,0.089102,[.00
PPO_25000_bzip2__instcount_128,5000,16351,0.9683,1.75,0.071745,[.00
PPO_25000_bzip2__instcount_128,5000,15291,1.0511,1.88,0.08399,[.00
PPO_25000_bzip2__instcount_128,5000,14195,1.1367,2.02,0.082179,[.00
PPO_25000_bzip2__instcount_128,5000,14297,1.1288,2.01,0.080018,[.00
PPO_25000_bzip2__instcount_128,5000,24974,0.2947,1.15,0.06569,[.00
PPO_25000_bzip2__instcount_128,5000,17726,0.8609,1.62,0.04766,[.00
PPO_25000_bzip2__instcount_128,5000,19030,0.7591,1.51,0.069988,[.00
PPO_25000_bzip2__instcount_128,5000,18234,0.8212,1.57,0.084394,[.00
PPO_25000_bzip2__instcount_128,5000,15906,1.0031,1.80,0.081637,[.00
PPO_25000_bzip2__instcount_128,5000,16002,0.9956,1.79,0.072083,[.00
PPO_25000_bzip2__instcount_128,5000,14058,1.1474,2.04,0.083179,[.00
PPO_25000_bzip2__instcount_128,5000,14422,1.1190,1.99,0.081533,[.00
PPO_25000_bzip2__instcount_128,5000,15741,1.0160,1.82,0.069224,[.00
PPO_25000_bzip2__instcount_128,5000,18933,0.7666,1.51,0.047001,[.00
PPO_25000_bzip2__instcount_128,5000,15416,1.0413,1.86,0.082468,[.00
PPO_25000_bzip2__instcount_128,5000,35079,-0.4945,0.81,0.085469,[.00
PPO_25000_bzip2__instcount_128,5000,15991,0.9964,1.79,0.083636,[.00
PPO_25000_bzip2__instcount_128,5000,16413,0.9635,1.75,0.070345,[.00
PPO_25000_bzip2__instcount_128,5000,16917,0.9241,1.69,0.071269,[.00
PPO_25000_bzip2__instcount_128,5000,16532,0.9542,1.73,0.086865,[.00
PPO_25000_bzip2__instcount_128,5000,16916,0.9242,1.69,0.073911,[.00
PPO_25000_bzip2__instcount_128,5000,14778,1.0912,1.94,0.082968,[.00
PPO_25000_bzip2__instcount_128,5000,14781,1.0910,1.94,0.083354,[.00
PPO_25000_bzip2__instcount_128,5000,18449,0.8044,1.55,0.082475,[.00
PPO_25000_bzip2__instcount_128,5000,15499,1.0349,1.85,0.076018,[.00
PPO_25000_bzip2__instcount_128,5000,13971,1.1542,2.05,0.08429,[.00
PPO_25000_bzip2__instcount_128,5000,16378,0.9662,1.75,0.070652,[.00
PPO_25000_bzip2__instcount_128,5000,16006,0.9953,1.79,0.086965,[.00
PPO_25000_bzip2__instcount_128,5000,14788,1.0904,1.94,0.084652,[.00
PPO_25000_bzip2__instcount_128,5000,15432,1.0401,1.86,0.071738,[.00
PPO_25000_bzip2__instcount_128,5000,14832,1.0870,1.93,0.078032,[.00
PPO_25000_bzip2__instcount_128,5000,16479,0.9583,1.74,0.073712,[.00
PPO_25000_bzip2__instcount_128,5000,15616,1.0257,1.84,0.083748,[.00
PPO_25000_bzip2__instcount_128,5000,15465,1.0375,1.85,0.070299,[.00
PPO_25000_bzip2__instcount_128,5000,14437,1.1178,1.99,0.082434,[.00
PPO_25000_bzip2__instcount_128,5000,15006,1.0734,1.91,0.083263,[.00
PPO_25000_bzip2__instcount_128,5000,15031,1.0714,1.91,0.082764,[.00
PPO_25000_bzip2__instcount_128,5000,15429,1.0403,1.86,0.0847,[.00
PPO_25000_bzip2__instcount_128,5000,17450,0.8825,1.64,0.082835,[.00
PPO_25000_bzip2__instcount_128,5000,14625,1.1031,1.96,0.083161,[.00
PPO_25000_bzip2__instcount_128,5000,14346,1.1249,2.00,0.079947,[.00
PPO_25000_bzip2__instcount_128,5000,19185,0.7469,1.49,0.047268,[.00
PPO_25000_bzip2__instcount_128,5000,15036,1.0710,1.91,0.084071,[.00
PPO_25000_bzip2__instcount_128,5000,15728,1.0170,1.82,0.083367,[.00
PPO_25000_bzip2__instcount_128,6000,14765,1.0922,1.94,0.080692,[.00
PPO_25000_bzip2__instcount_128,6000,14143,1.1408,2.03,0.081517,[.00
PPO_25000_bzip2__instcount_128,6000,16164,0.9829,1.77,0.082072,[.00
PPO_25000_bzip2__instcount_128,6000,14493,1.1134,1.98,0.082209,[.00
PPO_25000_bzip2__instcount_128,6000,16153,0.9838,1.77,0.07415,[.00
PPO_25000_bzip2__instcount_128,6000,13958,1.1552,2.05,0.082703,[.00
PPO_25000_bzip2__instcount_128,6000,14179,1.1380,2.02,0.080698,[.00
PPO_25000_bzip2__instcount_128,6000,16675,0.9430,1.72,0.078321,[.00
PPO_25000_bzip2__instcount_128,6000,16022,0.9940,1.79,0.069753,[.00
PPO_25000_bzip2__instcount_128,6000,14630,1.1027,1.96,0.08054,[.00
PPO_25000_bzip2__instcount_128,6000,15769,1.0138,1.82,0.066869,[.00
PPO_25000_bzip2__instcount_128,6000,14256,1.1320,2.01,0.075038,[.00
PPO_25000_bzip2__instcount_128,6000,15169,1.0606,1.89,0.083353,[.00
PPO_25000_bzip2__instcount_128,6000,13992,1.1526,2.05,0.081093,[.00
PPO_25000_bzip2__instcount_128,6000,17775,0.8571,1.61,0.085394,[.00
PPO_25000_bzip2__instcount_128,6000,14794,1.0899,1.94,0.081358,[.00
PPO_25000_bzip2__instcount_128,6000,16280,0.9739,1.76,0.082561,[.00
PPO_25000_bzip2__instcount_128,6000,16546,0.9531,1.73,0.079893,[.00
PPO_25000_bzip2__instcount_128,6000,15219,1.0567,1.88,0.081274,[.00
PPO_25000_bzip2__instcount_128,6000,15556,1.0304,1.84,0.091903,[.00
PPO_25000_bzip2__instcount_128,6000,14518,1.1115,1.98,0.081324,[.00
PPO_25000_bzip2__instcount_128,6000,15321,1.0488,1.87,0.074587,[.00
PPO_25000_bzip2__instcount_128,6000,13888,1.1607,2.06,0.079195,[.00
PPO_25000_bzip2__instcount_128,6000,17570,0.8731,1.63,0.078156,[.00
PPO_25000_bzip2__instcount_128,6000,16218,0.9787,1.77,0.069642,[.00
PPO_25000_bzip2__instcount_128,6000,15973,0.9978,1.79,0.079891,[.00
PPO_25000_bzip2__instcount_128,6000,16911,0.9246,1.69,0.080509,[.00
PPO_25000_bzip2__instcount_128,6000,15445,1.0391,1.86,0.077084,[.00
PPO_25000_bzip2__instcount_128,6000,14869,1.0841,1.93,0.076062,[.00
PPO_25000_bzip2__instcount_128,6000,14603,1.1049,1.96,0.080908,[.00
PPO_25000_bzip2__instcount_128,6000,14666,1.0999,1.96,0.087194,[.00
PPO_25000_bzip2__instcount_128,6000,14755,1.0930,1.94,0.085104,[.00
PPO_25000_bzip2__instcount_128,6000,16347,0.9686,1.75,0.085035,[.00
PPO_25000_bzip2__instcount_128,6000,15472,1.0370,1.85,0.07108,[.00
PPO_25000_bzip2__instcount_128,6000,15095,1.0664,1.90,0.078806,[.00
PPO_25000_bzip2__instcount_128,6000,14829,1.0872,1.93,0.077367,[.00
PPO_25000_bzip2__instcount_128,6000,16443,0.9611,1.74,0.081905,[.00
PPO_25000_bzip2__instcount_128,6000,15797,1.0116,1.81,0.082097,[.00
PPO_25000_bzip2__instcount_128,6000,18133,0.8291,1.58,0.077166,[.00
PPO_25000_bzip2__instcount_128,6000,14669,1.0997,1.95,0.081025,[.00
PPO_25000_bzip2__instcount_128,6000,13503,1.1908,2.12,0.082073,[.00
PPO_25000_bzip2__instcount_128,6000,13812,1.1666,2.08,0.080905,[.00
PPO_25000_bzip2__instcount_128,6000,14680,1.0988,1.95,0.083846,[.00
PPO_25000_bzip2__instcount_128,6000,15543,1.0314,1.84,0.082152,[.00
PPO_25000_bzip2__instcount_128,6000,20673,0.6307,1.39,0.08206,[.00
PPO_25000_bzip2__instcount_128,6000,14582,1.1065,1.97,0.092051,[.00
PPO_25000_bzip2__instcount_128,6000,15912,1.0026,1.80,0.081663,[.00
PPO_25000_bzip2__instcount_128,6000,15957,0.9991,1.80,0.083862,[.00
PPO_25000_bzip2__instcount_128,6000,22899,0.4568,1.25,0.092627,[.00
PPO_25000_bzip2__instcount_128,6000,14611,1.1042,1.96,0.066407,[.00
PPO_25000_bzip2__instcount_128,6000,15376,1.0445,1.86,0.079284,[.00
PPO_25000_bzip2__instcount_128,6000,15270,1.0528,1.88,0.079214,[.00
PPO_25000_bzip2__instcount_128,6000,15657,1.0225,1.83,0.074242,[.00
PPO_25000_bzip2__instcount_128,6000,14015,1.1508,2.05,0.08212,[.00
PPO_25000_bzip2__instcount_128,6000,14718,1.0959,1.95,0.083072,[.00
PPO_25000_bzip2__instcount_128,6000,15208,1.0576,1.89,0.081181,[.00
PPO_25000_bzip2__instcount_128,6000,15465,1.0375,1.85,0.080932,[.00
PPO_25000_bzip2__instcount_128,6000,16276,0.9742,1.76,0.083114,[.00
PPO_25000_bzip2__instcount_128,6000,14431,1.1183,1.99,0.097236,[.00
PPO_25000_bzip2__instcount_128,6000,14180,1.1379,2.02,0.079676,[.00
PPO_25000_bzip2__instcount_128,6000,16238,0.9771,1.77,0.083004,[.00
PPO_25000_bzip2__instcount_128,6000,14200,1.1363,2.02,0.078588,[.00
PPO_25000_bzip2__instcount_128,6000,14259,1.1317,2.01,0.08388,[.00
PPO_25000_bzip2__instcount_128,6000,15210,1.0574,1.89,0.085038,[.00
PPO_25000_bzip2__instcount_128,6000,15736,1.0164,1.82,0.08013,[.00
PPO_25000_bzip2__instcount_128,6000,14988,1.0748,1.91,0.088074,[.00
PPO_25000_bzip2__instcount_128,6000,14442,1.1174,1.99,0.078652,[.00
PPO_25000_bzip2__instcount_128,6000,14435,1.1180,1.99,0.079835,[.00
PPO_25000_bzip2__instcount_128,6000,14044,1.1485,2.04,0.084722,[.00
PPO_25000_bzip2__instcount_128,6000,14089,1.1450,2.04,0.083963,[.00
PPO_25000_bzip2__instcount_128,6000,15627,1.0249,1.83,0.082274,[.00
PPO_25000_bzip2__instcount_128,6000,15842,1.0081,1.81,0.076782,[.00
PPO_25000_bzip2__instcount_128,6000,15638,1.0240,1.83,0.085986,[.00
PPO_25000_bzip2__instcount_128,6000,14478,1.1146,1.98,0.079093,[.00
PPO_25000_bzip2__instcount_128,6000,17063,0.9127,1.68,0.091554,[.00
PPO_25000_bzip2__instcount_128,6000,15091,1.0667,1.90,0.071439,[.00
PPO_25000_bzip2__instcount_128,6000,14413,1.1197,1.99,0.084528,[.00
PPO_25000_bzip2__instcount_128,6000,14231,1.1339,2.02,0.079078,[.00
PPO_25000_bzip2__instcount_128,6000,15013,1.0728,1.91,0.084011,[.00
PPO_25000_bzip2__instcount_128,6000,15370,1.0449,1.87,0.079759,[.00
PPO_25000_bzip2__instcount_128,6000,15554,1.0306,1.84,0.069809,[.00
PPO_25000_bzip2__instcount_128,6000,14087,1.1452,2.04,0.083784,[.00
PPO_25000_bzip2__instcount_128,6000,16202,0.9800,1.77,0.079781,[.00
PPO_25000_bzip2__instcount_128,6000,17069,0.9122,1.68,0.046089,[.00
PPO_25000_bzip2__instcount_128,6000,14458,1.1162,1.98,0.079914,[.00
PPO_25000_bzip2__instcount_128,6000,14639,1.1020,1.96,0.090191,[.00
PPO_25000_bzip2__instcount_128,6000,15597,1.0272,1.84,0.070961,[.00
PPO_25000_bzip2__instcount_128,6000,14267,1.1311,2.01,0.082348,[.00
PPO_25000_bzip2__instcount_128,6000,14333,1.1259,2.00,0.080655,[.00
PPO_25000_bzip2__instcount_128,6000,13891,1.1605,2.06,0.078785,[.00
PPO_25000_bzip2__instcount_128,6000,16265,0.9750,1.76,0.067602,[.00
PPO_25000_bzip2__instcount_128,6000,15047,1.0702,1.91,0.088295,[.00
PPO_25000_bzip2__instcount_128,6000,14028,1.1498,2.04,0.078519,[.00
PPO_25000_bzip2__instcount_128,6000,16796,0.9336,1.71,0.047977,[.00
PPO_25000_bzip2__instcount_128,6000,14570,1.1074,1.97,0.082893,[.00
PPO_25000_bzip2__instcount_128,6000,14035,1.1492,2.04,0.082384,[.00
PPO_25000_bzip2__instcount_128,6000,14308,1.1279,2.00,0.084562,[.00
PPO_25000_bzip2__instcount_128,6000,14788,1.0904,1.94,0.084271,[.00
PPO_25000_bzip2__instcount_128,6000,16151,0.9839,1.77,0.087693,[.00
PPO_25000_bzip2__instcount_128,6000,32348,-0.2812,0.88,0.084126,[.00
PPO_25000_bzip2__instcount_128,7000,14314,1.1274,2.00,0.078977,[.00
PPO_25000_bzip2__instcount_128,7000,15477,1.0366,1.85,0.080642,[.00
PPO_25000_bzip2__instcount_128,7000,15459,1.0380,1.85,0.083369,[.00
PPO_25000_bzip2__instcount_128,7000,14877,1.0835,1.93,0.07884,[.00
PPO_25000_bzip2__instcount_128,7000,14494,1.1134,1.98,0.084365,[.00
PPO_25000_bzip2__instcount_128,7000,13620,1.1816,2.11,0.080295,[.00
PPO_25000_bzip2__instcount_128,7000,15255,1.0539,1.88,0.077564,[.00
PPO_25000_bzip2__instcount_128,7000,15608,1.0264,1.84,0.085308,[.00
PPO_25000_bzip2__instcount_128,7000,14132,1.1416,2.03,0.082019,[.00
PPO_25000_bzip2__instcount_128,7000,15970,0.9981,1.80,0.082582,[.00
PPO_25000_bzip2__instcount_128,7000,15249,1.0544,1.88,0.085822,[.00
PPO_25000_bzip2__instcount_128,7000,15988,0.9967,1.79,0.075202,[.00
PPO_25000_bzip2__instcount_128,7000,13508,1.1904,2.12,0.093246,[.00
PPO_25000_bzip2__instcount_128,7000,20627,0.6343,1.39,0.079033,[.00
PPO_25000_bzip2__instcount_128,7000,16115,0.9867,1.78,0.073124,[.00
PPO_25000_bzip2__instcount_128,7000,14283,1.1299,2.01,0.077755,[.00
PPO_25000_bzip2__instcount_128,7000,13459,1.1942,2.13,0.083272,[.00
PPO_25000_bzip2__instcount_128,7000,14271,1.1308,2.01,0.088181,[.00
PPO_25000_bzip2__instcount_128,7000,14203,1.1361,2.02,0.083817,[.00
PPO_25000_bzip2__instcount_128,7000,19542,0.7191,1.47,0.084091,[.00
PPO_25000_bzip2__instcount_128,7000,13641,1.1800,2.10,0.079943,[.00
PPO_25000_bzip2__instcount_128,7000,15007,1.0733,1.91,0.072319,[.00
PPO_25000_bzip2__instcount_128,7000,13894,1.1602,2.06,0.081,[.00
PPO_25000_bzip2__instcount_128,7000,14668,1.0998,1.95,0.086325,[.00
PPO_25000_bzip2__instcount_128,7000,14460,1.1160,1.98,0.081093,[.00
PPO_25000_bzip2__instcount_128,7000,17204,0.9017,1.67,0.079374,[.00
PPO_25000_bzip2__instcount_128,7000,14495,1.1133,1.98,0.07901,[.00
PPO_25000_bzip2__instcount_128,7000,17711,0.8621,1.62,0.075602,[.00
PPO_25000_bzip2__instcount_128,7000,13915,1.1586,2.06,0.07841,[.00
PPO_25000_bzip2__instcount_128,7000,15622,1.0253,1.84,0.071984,[.00
PPO_25000_bzip2__instcount_128,7000,14637,1.1022,1.96,0.081573,[.00
PPO_25000_bzip2__instcount_128,7000,13508,1.1904,2.12,0.079483,[.00
PPO_25000_bzip2__instcount_128,7000,14271,1.1308,2.01,0.082298,[.00
PPO_25000_bzip2__instcount_128,7000,14044,1.1485,2.04,0.081008,[.00
PPO_25000_bzip2__instcount_128,7000,13860,1.1629,2.07,0.084415,[.00
PPO_25000_bzip2__instcount_128,7000,15602,1.0268,1.84,0.071456,[.00
PPO_25000_bzip2__instcount_128,7000,14397,1.1209,1.99,0.073227,[.00
PPO_25000_bzip2__instcount_128,7000,13933,1.1572,2.06,0.099503,[.00
PPO_25000_bzip2__instcount_128,7000,15212,1.0573,1.88,0.081854,[.00
PPO_25000_bzip2__instcount_128,7000,18029,0.8372,1.59,0.071573,[.00
PPO_25000_bzip2__instcount_128,7000,17698,0.8631,1.62,0.078245,[.00
PPO_25000_bzip2__instcount_128,7000,14230,1.1340,2.02,0.081783,[.00
PPO_25000_bzip2__instcount_128,7000,14894,1.0821,1.93,0.08338,[.00
PPO_25000_bzip2__instcount_128,7000,18278,0.8178,1.57,0.081632,[.00
PPO_25000_bzip2__instcount_128,7000,14347,1.1249,2.00,0.082923,[.00
PPO_25000_bzip2__instcount_128,7000,15077,1.0678,1.90,0.080573,[.00
PPO_25000_bzip2__instcount_128,7000,19300,0.7380,1.48,0.074382,[.00
PPO_25000_bzip2__instcount_128,7000,14747,1.0936,1.94,0.080446,[.00
PPO_25000_bzip2__instcount_128,7000,14855,1.0852,1.93,0.086359,[.00
PPO_25000_bzip2__instcount_128,7000,15366,1.0453,1.87,0.083504,[.00
PPO_25000_bzip2__instcount_128,7000,14587,1.1061,1.97,0.082528,[.00
PPO_25000_bzip2__instcount_128,7000,17042,0.9143,1.68,0.081572,[.00
PPO_25000_bzip2__instcount_128,7000,14462,1.1159,1.98,0.082577,[.00
PPO_25000_bzip2__instcount_128,7000,13768,1.1701,2.08,0.082231,[.00
PPO_25000_bzip2__instcount_128,7000,14933,1.0791,1.92,0.083237,[.00
PPO_25000_bzip2__instcount_128,7000,16001,0.9957,1.79,0.08594,[.00
PPO_25000_bzip2__instcount_128,7000,14505,1.1125,1.98,0.090578,[.00
PPO_25000_bzip2__instcount_128,7000,14344,1.1251,2.00,0.082312,[.00
PPO_25000_bzip2__instcount_128,7000,16231,0.9777,1.77,0.084842,[.00
PPO_25000_bzip2__instcount_128,7000,14436,1.1179,1.99,0.075501,[.00
PPO_25000_bzip2__instcount_128,7000,14287,1.1295,2.01,0.078486,[.00
PPO_25000_bzip2__instcount_128,7000,22317,0.5023,1.28,0.077642,[.00
PPO_25000_bzip2__instcount_128,7000,14295,1.1289,2.01,0.079397,[.00
PPO_25000_bzip2__instcount_128,7000,14284,1.1298,2.01,0.086018,[.00
PPO_25000_bzip2__instcount_128,7000,13844,1.1641,2.07,0.081342,[.00
PPO_25000_bzip2__instcount_128,7000,15007,1.0733,1.91,0.071018,[.00
PPO_25000_bzip2__instcount_128,7000,15153,1.0619,1.89,0.083152,[.00
PPO_25000_bzip2__instcount_128,7000,14261,1.1316,2.01,0.079186,[.00
PPO_25000_bzip2__instcount_128,7000,14188,1.1373,2.02,0.083274,[.00
PPO_25000_bzip2__instcount_128,7000,14592,1.1057,1.97,0.083714,[.00
PPO_25000_bzip2__instcount_128,7000,13922,1.1581,2.06,0.083187,[.00
PPO_25000_bzip2__instcount_128,7000,17882,0.8487,1.60,0.048453,[.00
PPO_25000_bzip2__instcount_128,7000,13430,1.1965,2.14,0.07839,[.00
PPO_25000_bzip2__instcount_128,7000,14006,1.1515,2.05,0.086532,[.00
PPO_25000_bzip2__instcount_128,7000,15562,1.0299,1.84,0.073064,[.00
PPO_25000_bzip2__instcount_128,7000,14057,1.1475,2.04,0.082486,[.00
PPO_25000_bzip2__instcount_128,7000,16530,0.9543,1.73,0.078835,[.00
PPO_25000_bzip2__instcount_128,7000,14580,1.1067,1.97,0.081991,[.00
PPO_25000_bzip2__instcount_128,7000,14590,1.1059,1.97,0.082097,[.00
PPO_25000_bzip2__instcount_128,7000,14846,1.0859,1.93,0.084657,[.00
PPO_25000_bzip2__instcount_128,7000,13934,1.1571,2.06,0.081339,[.00
PPO_25000_bzip2__instcount_128,7000,13927,1.1577,2.06,0.078851,[.00
PPO_25000_bzip2__instcount_128,7000,14486,1.1140,1.98,0.073377,[.00
PPO_25000_bzip2__instcount_128,7000,13945,1.1563,2.06,0.081878,[.00
PPO_25000_bzip2__instcount_128,7000,13887,1.1608,2.07,0.084018,[.00
PPO_25000_bzip2__instcount_128,7000,14609,1.1044,1.96,0.093055,[.00
PPO_25000_bzip2__instcount_128,7000,14052,1.1479,2.04,0.084225,[.00
PPO_25000_bzip2__instcount_128,7000,14654,1.1009,1.96,0.07938,[.00
PPO_25000_bzip2__instcount_128,7000,14403,1.1205,1.99,0.077511,[.00
PPO_25000_bzip2__instcount_128,7000,14782,1.0909,1.94,0.080279,[.00
PPO_25000_bzip2__instcount_128,7000,15943,1.0002,1.80,0.093519,[.00
PPO_25000_bzip2__instcount_128,7000,14567,1.1077,1.97,0.079611,[.00
PPO_25000_bzip2__instcount_128,7000,13833,1.1650,2.07,0.077977,[.00
PPO_25000_bzip2__instcount_128,7000,14488,1.1138,1.98,0.08508,[.00
PPO_25000_bzip2__instcount_128,7000,14003,1.1517,2.05,0.082472,[.00
PPO_25000_bzip2__instcount_128,7000,15463,1.0377,1.85,0.087001,[.00
PPO_25000_bzip2__instcount_128,7000,14209,1.1356,2.02,0.082896,[.00
PPO_25000_bzip2__instcount_128,7000,16048,0.9920,1.79,0.078867,[.00
PPO_25000_bzip2__instcount_128,7000,15110,1.0653,1.90,0.07165,[.00
PPO_25000_bzip2__instcount_128,8000,13918,1.1584,2.06,0.078258,[.00
PPO_25000_bzip2__instcount_128,8000,13534,1.1884,2.12,0.078149,[.00
PPO_25000_bzip2__instcount_128,8000,14926,1.0796,1.92,0.074304,[.00
PPO_25000_bzip2__instcount_128,8000,14371,1.1230,2.00,0.081651,[.00
PPO_25000_bzip2__instcount_128,8000,13585,1.1844,2.11,0.077752,[.00
PPO_25000_bzip2__instcount_128,8000,13839,1.1645,2.07,0.081767,[.00
PPO_25000_bzip2__instcount_128,8000,14524,1.1110,1.97,0.078916,[.00
PPO_25000_bzip2__instcount_128,8000,16258,0.9756,1.76,0.077642,[.00
PPO_25000_bzip2__instcount_128,8000,14937,1.0788,1.92,0.080945,[.00
PPO_25000_bzip2__instcount_128,8000,14461,1.1159,1.98,0.09214,[.00
PPO_25000_bzip2__instcount_128,8000,14786,1.0906,1.94,0.081268,[.00
PPO_25000_bzip2__instcount_128,8000,14724,1.0954,1.95,0.074791,[.00
PPO_25000_bzip2__instcount_128,8000,14377,1.1225,1.99,0.09311,[.00
PPO_25000_bzip2__instcount_128,8000,15331,1.0480,1.87,0.086796,[.00
PPO_25000_bzip2__instcount_128,8000,15150,1.0621,1.89,0.081714,[.00
PPO_25000_bzip2__instcount_128,8000,13564,1.1860,2.11,0.081054,[.00
PPO_25000_bzip2__instcount_128,8000,15518,1.0334,1.85,0.077467,[.00
PPO_25000_bzip2__instcount_128,8000,15131,1.0636,1.89,0.083889,[.00
PPO_25000_bzip2__instcount_128,8000,14228,1.1341,2.02,0.081419,[.00
PPO_25000_bzip2__instcount_128,8000,13619,1.1817,2.11,0.090451,[.00
PPO_25000_bzip2__instcount_128,8000,14702,1.0971,1.95,0.082289,[.00
PPO_25000_bzip2__instcount_128,8000,14946,1.0781,1.92,0.083006,[.00
PPO_25000_bzip2__instcount_128,8000,14780,1.0910,1.94,0.079097,[.00
PPO_25000_bzip2__instcount_128,8000,14356,1.1241,2.00,0.083558,[.00
PPO_25000_bzip2__instcount_128,8000,13957,1.1553,2.05,0.077413,[.00
PPO_25000_bzip2__instcount_128,8000,13948,1.1560,2.06,0.07711,[.00
PPO_25000_bzip2__instcount_128,8000,15238,1.0553,1.88,0.066003,[.00
PPO_25000_bzip2__instcount_128,8000,13743,1.1720,2.09,0.079586,[.00
PPO_25000_bzip2__instcount_128,8000,14278,1.1302,2.01,0.084516,[.00
PPO_25000_bzip2__instcount_128,8000,16646,0.9453,1.72,0.082314,[.00
PPO_25000_bzip2__instcount_128,8000,16210,0.9793,1.77,0.044837,[.00
PPO_25000_bzip2__instcount_128,8000,13744,1.1720,2.09,0.08102,[.00
PPO_25000_bzip2__instcount_128,8000,14438,1.1177,1.99,0.082155,[.00
PPO_25000_bzip2__instcount_128,8000,14202,1.1362,2.02,0.07894,[.00
PPO_25000_bzip2__instcount_128,8000,13519,1.1895,2.12,0.086403,[.00
PPO_25000_bzip2__instcount_128,8000,15325,1.0485,1.87,0.083154,[.00
PPO_25000_bzip2__instcount_128,8000,15269,1.0528,1.88,0.087218,[.00
PPO_25000_bzip2__instcount_128,8000,14188,1.1373,2.02,0.082939,[.00
PPO_25000_bzip2__instcount_128,8000,13683,1.1767,2.10,0.083493,[.00
PPO_25000_bzip2__instcount_128,8000,13882,1.1612,2.07,0.079639,[.00
PPO_25000_bzip2__instcount_128,8000,14371,1.1230,2.00,0.082235,[.00
PPO_25000_bzip2__instcount_128,8000,14371,1.1230,2.00,0.079237,[.00
PPO_25000_bzip2__instcount_128,8000,13839,1.1645,2.07,0.081099,[.00
PPO_25000_bzip2__instcount_128,8000,14164,1.1391,2.02,0.083654,[.00
PPO_25000_bzip2__instcount_128,8000,14746,1.0937,1.94,0.082041,[.00
PPO_25000_bzip2__instcount_128,8000,13780,1.1691,2.08,0.088577,[.00
PPO_25000_bzip2__instcount_128,8000,14060,1.1473,2.04,0.081585,[.00
PPO_25000_bzip2__instcount_128,8000,13927,1.1577,2.06,0.077151,[.00
PPO_25000_bzip2__instcount_128,8000,19193,0.7463,1.49,0.085107,[.00
PPO_25000_bzip2__instcount_128,8000,14703,1.0970,1.95,0.075287,[.00
PPO_25000_bzip2__instcount_128,8000,14509,1.1122,1.98,0.085828,[.00
PPO_25000_bzip2__instcount_128,8000,14052,1.1479,2.04,0.08001,[.00
PPO_25000_bzip2__instcount_128,8000,14344,1.1251,2.00,0.082023,[.00
PPO_25000_bzip2__instcount_128,8000,14750,1.0934,1.94,0.083515,[.00
PPO_25000_bzip2__instcount_128,8000,14286,1.1296,2.01,0.079258,[.00
PPO_25000_bzip2__instcount_128,8000,14353,1.1244,2.00,0.083328,[.00
PPO_25000_bzip2__instcount_128,8000,14720,1.0957,1.95,0.080738,[.00
PPO_25000_bzip2__instcount_128,8000,13677,1.1772,2.10,0.081897,[.00
PPO_25000_bzip2__instcount_128,8000,14171,1.1386,2.02,0.082143,[.00
PPO_25000_bzip2__instcount_128,8000,13719,1.1739,2.09,0.079759,[.00
PPO_25000_bzip2__instcount_128,8000,14768,1.0920,1.94,0.08231,[.00
PPO_25000_bzip2__instcount_128,8000,14543,1.1095,1.97,0.084766,[.00
PPO_25000_bzip2__instcount_128,8000,14052,1.1479,2.04,0.075685,[.00
PPO_25000_bzip2__instcount_128,8000,14294,1.1290,2.01,0.081057,[.00
PPO_25000_bzip2__instcount_128,8000,14884,1.0829,1.93,0.068819,[.00
PPO_25000_bzip2__instcount_128,8000,15295,1.0508,1.87,0.079008,[.00
PPO_25000_bzip2__instcount_128,8000,14840,1.0863,1.93,0.081327,[.00
PPO_25000_bzip2__instcount_128,8000,14080,1.1457,2.04,0.084523,[.00
PPO_25000_bzip2__instcount_128,8000,14117,1.1428,2.03,0.090795,[.00
PPO_25000_bzip2__instcount_128,8000,14235,1.1336,2.01,0.098338,[.00
PPO_25000_bzip2__instcount_128,8000,13770,1.1699,2.08,0.084771,[.00
PPO_25000_bzip2__instcount_128,8000,14155,1.1399,2.03,0.077931,[.00
PPO_25000_bzip2__instcount_128,8000,14061,1.1472,2.04,0.079961,[.00
PPO_25000_bzip2__instcount_128,8000,14567,1.1077,1.97,0.083319,[.00
PPO_25000_bzip2__instcount_128,8000,13896,1.1601,2.06,0.079422,[.00
PPO_25000_bzip2__instcount_128,8000,14785,1.0906,1.94,0.083074,[.00
PPO_25000_bzip2__instcount_128,8000,13909,1.1591,2.06,0.086096,[.00
PPO_25000_bzip2__instcount_128,8000,14033,1.1494,2.04,0.081775,[.00
PPO_25000_bzip2__instcount_128,8000,15121,1.0644,1.90,0.079474,[.00
PPO_25000_bzip2__instcount_128,8000,14783,1.0908,1.94,0.086296,[.00
PPO_25000_bzip2__instcount_128,8000,14008,1.1513,2.05,0.080046,[.00
PPO_25000_bzip2__instcount_128,8000,15057,1.0694,1.90,0.066188,[.00
PPO_25000_bzip2__instcount_128,8000,15511,1.0339,1.85,0.081832,[.00
PPO_25000_bzip2__instcount_128,8000,14729,1.0950,1.95,0.080335,[.00
PPO_25000_bzip2__instcount_128,8000,14008,1.1513,2.05,0.08303,[.00
PPO_25000_bzip2__instcount_128,8000,13993,1.1525,2.05,0.080011,[.00
PPO_25000_bzip2__instcount_128,8000,15307,1.0499,1.87,0.079566,[.00
PPO_25000_bzip2__instcount_128,8000,14377,1.1225,1.99,0.083978,[.00
PPO_25000_bzip2__instcount_128,8000,13416,1.1976,2.14,0.078462,[.00
PPO_25000_bzip2__instcount_128,8000,14492,1.1135,1.98,0.08582,[.00
PPO_25000_bzip2__instcount_128,8000,14209,1.1356,2.02,0.081935,[.00
PPO_25000_bzip2__instcount_128,8000,14077,1.1459,2.04,0.090439,[.00
PPO_25000_bzip2__instcount_128,8000,14388,1.1216,1.99,0.081672,[.00
PPO_25000_bzip2__instcount_128,8000,13764,1.1704,2.08,0.082436,[.00
PPO_25000_bzip2__instcount_128,8000,13894,1.1602,2.06,0.087426,[.00
PPO_25000_bzip2__instcount_128,8000,14055,1.1477,2.04,0.092858,[.00
PPO_25000_bzip2__instcount_128,8000,14519,1.1114,1.98,0.078878,[.00
PPO_25000_bzip2__instcount_128,8000,15651,1.0230,1.83,0.083525,[.00
PPO_25000_bzip2__instcount_128,8000,14287,1.1295,2.01,0.079318,[.00
PPO_25000_bzip2__instcount_128,8000,14327,1.1264,2.00,0.082622,[.00
PPO_25000_bzip2__instcount_128,9000,14462,1.1159,1.98,0.084098,[.00
PPO_25000_bzip2__instcount_128,9000,13834,1.1649,2.07,0.080605,[.00
PPO_25000_bzip2__instcount_128,9000,15183,1.0596,1.89,0.079674,[.00
PPO_25000_bzip2__instcount_128,9000,13935,1.1570,2.06,0.082685,[.00
PPO_25000_bzip2__instcount_128,9000,14028,1.1498,2.04,0.082481,[.00
PPO_25000_bzip2__instcount_128,9000,15741,1.0160,1.82,0.078728,[.00
PPO_25000_bzip2__instcount_128,9000,14666,1.0999,1.96,0.073989,[.00
PPO_25000_bzip2__instcount_128,9000,15106,1.0656,1.90,0.083427,[.00
PPO_25000_bzip2__instcount_128,9000,14465,1.1156,1.98,0.078409,[.00
PPO_25000_bzip2__instcount_128,9000,14058,1.1474,2.04,0.078749,[.00
PPO_25000_bzip2__instcount_128,9000,13932,1.1573,2.06,0.08196,[.00
PPO_25000_bzip2__instcount_128,9000,15265,1.0531,1.88,0.067828,[.00
PPO_25000_bzip2__instcount_128,9000,14439,1.1177,1.99,0.083474,[.00
PPO_25000_bzip2__instcount_128,9000,14094,1.1446,2.03,0.080324,[.00
PPO_25000_bzip2__instcount_128,9000,13981,1.1534,2.05,0.080656,[.00
PPO_25000_bzip2__instcount_128,9000,15371,1.0449,1.87,0.083265,[.00
PPO_25000_bzip2__instcount_128,9000,14033,1.1494,2.04,0.083534,[.00
PPO_25000_bzip2__instcount_128,9000,14769,1.0919,1.94,0.078794,[.00
PPO_25000_bzip2__instcount_128,9000,14288,1.1295,2.01,0.081486,[.00
PPO_25000_bzip2__instcount_128,9000,16811,0.9324,1.71,0.083821,[.00
PPO_25000_bzip2__instcount_128,9000,15169,1.0606,1.89,0.08339,[.00
PPO_25000_bzip2__instcount_128,9000,13717,1.1741,2.09,0.078609,[.00
PPO_25000_bzip2__instcount_128,9000,14610,1.1043,1.96,0.077554,[.00
PPO_25000_bzip2__instcount_128,9000,13841,1.1644,2.07,0.081802,[.00
PPO_25000_bzip2__instcount_128,9000,13969,1.1544,2.05,0.082293,[.00
PPO_25000_bzip2__instcount_128,9000,15145,1.0625,1.89,0.070591,[.00
PPO_25000_bzip2__instcount_128,9000,14668,1.0998,1.95,0.080297,[.00
PPO_25000_bzip2__instcount_128,9000,14481,1.1144,1.98,0.091934,[.00
PPO_25000_bzip2__instcount_128,9000,15083,1.0674,1.90,0.06963,[.00
PPO_25000_bzip2__instcount_128,9000,13773,1.1697,2.08,0.080973,[.00
PPO_25000_bzip2__instcount_128,9000,13931,1.1573,2.06,0.081225,[.00
PPO_25000_bzip2__instcount_128,9000,13945,1.1563,2.06,0.079545,[.00
PPO_25000_bzip2__instcount_128,9000,15294,1.0509,1.87,0.079892,[.00
PPO_25000_bzip2__instcount_128,9000,15563,1.0299,1.84,0.092193,[.00
PPO_25000_bzip2__instcount_128,9000,14983,1.0752,1.91,0.077852,[.00
PPO_25000_bzip2__instcount_128,9000,14539,1.1099,1.97,0.079693,[.00
PPO_25000_bzip2__instcount_128,9000,14072,1.1463,2.04,0.085678,[.00
PPO_25000_bzip2__instcount_128,9000,14008,1.1513,2.05,0.080174,[.00
PPO_25000_bzip2__instcount_128,9000,15345,1.0469,1.87,0.081029,[.00
PPO_25000_bzip2__instcount_128,9000,14608,1.1045,1.96,0.079072,[.00
PPO_25000_bzip2__instcount_128,9000,14932,1.0792,1.92,0.069235,[.00
PPO_25000_bzip2__instcount_128,9000,15223,1.0564,1.88,0.073072,[.00
PPO_25000_bzip2__instcount_128,9000,14384,1.1220,1.99,0.078351,[.00
PPO_25000_bzip2__instcount_128,9000,14250,1.1324,2.01,0.085561,[.00
PPO_25000_bzip2__instcount_128,9000,13831,1.1652,2.07,0.07996,[.00
PPO_25000_bzip2__instcount_128,9000,15658,1.0224,1.83,0.090984,[.00
PPO_25000_bzip2__instcount_128,9000,13924,1.1579,2.06,0.084006,[.00
PPO_25000_bzip2__instcount_128,9000,15688,1.0201,1.83,0.080063,[.00
PPO_25000_bzip2__instcount_128,9000,14325,1.1266,2.00,0.079844,[.00
PPO_25000_bzip2__instcount_128,9000,14040,1.1488,2.04,0.085833,[.00
PPO_25000_bzip2__instcount_128,9000,14737,1.0944,1.95,0.084116,[.00
PPO_25000_bzip2__instcount_128,9000,14067,1.1467,2.04,0.078852,[.00
PPO_25000_bzip2__instcount_128,9000,13631,1.1808,2.10,0.08002,[.00
PPO_25000_bzip2__instcount_128,9000,14894,1.0821,1.93,0.069303,[.00
PPO_25000_bzip2__instcount_128,9000,13777,1.1694,2.08,0.083069,[.00
PPO_25000_bzip2__instcount_128,9000,13853,1.1634,2.07,0.081902,[.00
PPO_25000_bzip2__instcount_128,9000,13841,1.1644,2.07,0.083294,[.00
PPO_25000_bzip2__instcount_128,9000,14039,1.1489,2.04,0.086622,[.00
PPO_25000_bzip2__instcount_128,9000,13875,1.1617,2.07,0.0789,[.00
PPO_25000_bzip2__instcount_128,9000,17661,0.8660,1.62,0.080688,[.00
PPO_25000_bzip2__instcount_128,9000,13869,1.1622,2.07,0.080322,[.00
PPO_25000_bzip2__instcount_128,9000,13356,1.2023,2.15,0.087571,[.00
PPO_25000_bzip2__instcount_128,9000,14126,1.1421,2.03,0.08128,[.00
PPO_25000_bzip2__instcount_128,9000,13939,1.1567,2.06,0.080802,[.00
PPO_25000_bzip2__instcount_128,9000,14429,1.1184,1.99,0.081343,[.00
PPO_25000_bzip2__instcount_128,9000,13799,1.1677,2.08,0.081139,[.00
PPO_25000_bzip2__instcount_128,9000,15412,1.0417,1.86,0.082546,[.00
PPO_25000_bzip2__instcount_128,9000,14602,1.1049,1.96,0.079154,[.00
PPO_25000_bzip2__instcount_128,9000,13937,1.1569,2.06,0.085286,[.00
PPO_25000_bzip2__instcount_128,9000,13952,1.1557,2.06,0.080362,[.00
PPO_25000_bzip2__instcount_128,9000,14393,1.1213,1.99,0.08664,[.00
PPO_25000_bzip2__instcount_128,9000,13565,1.1859,2.11,0.078567,[.00
PPO_25000_bzip2__instcount_128,9000,14051,1.1480,2.04,0.079972,[.00
PPO_25000_bzip2__instcount_128,9000,14078,1.1459,2.04,0.074196,[.00
PPO_25000_bzip2__instcount_128,9000,19380,0.7317,1.48,0.080174,[.00
PPO_25000_bzip2__instcount_128,9000,19139,0.7505,1.50,0.063936,[.00
PPO_25000_bzip2__instcount_128,9000,14329,1.1263,2.00,0.082071,[.00
PPO_25000_bzip2__instcount_128,9000,14810,1.0887,1.94,0.071486,[.00
PPO_25000_bzip2__instcount_128,9000,14594,1.1056,1.96,0.078194,[.00
PPO_25000_bzip2__instcount_128,9000,13931,1.1573,2.06,0.078291,[.00
PPO_25000_bzip2__instcount_128,9000,14141,1.1409,2.03,0.082759,[.00
PPO_25000_bzip2__instcount_128,9000,14539,1.1099,1.97,0.083789,[.00
PPO_25000_bzip2__instcount_128,9000,13746,1.1718,2.09,0.082284,[.00
PPO_25000_bzip2__instcount_128,9000,14693,1.0978,1.95,0.077411,[.00
PPO_25000_bzip2__instcount_128,9000,13801,1.1675,2.08,0.084315,[.00
PPO_25000_bzip2__instcount_128,9000,15256,1.0538,1.88,0.069982,[.00
PPO_25000_bzip2__instcount_128,9000,14087,1.1452,2.04,0.086225,[.00
PPO_25000_bzip2__instcount_128,9000,14669,1.0997,1.95,0.082064,[.00
PPO_25000_bzip2__instcount_128,9000,14809,1.0888,1.94,0.082769,[.00
PPO_25000_bzip2__instcount_128,9000,13827,1.1655,2.07,0.077851,[.00
PPO_25000_bzip2__instcount_128,9000,13670,1.1777,2.10,0.08571,[.00
PPO_25000_bzip2__instcount_128,9000,15011,1.0730,1.91,0.084005,[.00
PPO_25000_bzip2__instcount_128,9000,13747,1.1717,2.09,0.08461,[.00
PPO_25000_bzip2__instcount_128,9000,14511,1.1120,1.98,0.079862,[.00
PPO_25000_bzip2__instcount_128,9000,14349,1.1247,2.00,0.084053,[.00
PPO_25000_bzip2__instcount_128,9000,14105,1.1438,2.03,0.078345,[.00
PPO_25000_bzip2__instcount_128,9000,14226,1.1343,2.02,0.08423,[.00
PPO_25000_bzip2__instcount_128,9000,15432,1.0401,1.86,0.070399,[.00
PPO_25000_bzip2__instcount_128,9000,14361,1.1238,2.00,0.081537,[.00
PPO_25000_bzip2__instcount_128,9000,13728,1.1732,2.09,0.085188,[.00
PPO_25000_bzip2__instcount_128,10000,13841,1.1644,2.07,0.084741,[.00
PPO_25000_bzip2__instcount_128,10000,13601,1.1831,2.11,0.080451,[.00
PPO_25000_bzip2__instcount_128,10000,15717,1.0178,1.82,0.08129,[.00
PPO_25000_bzip2__instcount_128,10000,17903,0.8471,1.60,0.076815,[.00
PPO_25000_bzip2__instcount_128,10000,13717,1.1741,2.09,0.083041,[.00
PPO_25000_bzip2__instcount_128,10000,14048,1.1482,2.04,0.081778,[.00
PPO_25000_bzip2__instcount_128,10000,14068,1.1466,2.04,0.078987,[.00
PPO_25000_bzip2__instcount_128,10000,14956,1.0773,1.92,0.064815,[.00
PPO_25000_bzip2__instcount_128,10000,14493,1.1134,1.98,0.087302,[.00
PPO_25000_bzip2__instcount_128,10000,15543,1.0314,1.84,0.069659,[.00
PPO_25000_bzip2__instcount_128,10000,14397,1.1209,1.99,0.081892,[.00
PPO_25000_bzip2__instcount_128,10000,15304,1.0501,1.87,0.086185,[.00
PPO_25000_bzip2__instcount_128,10000,14202,1.1362,2.02,0.082062,[.00
PPO_25000_bzip2__instcount_128,10000,14199,1.1364,2.02,0.080655,[.00
PPO_25000_bzip2__instcount_128,10000,13908,1.1591,2.06,0.081672,[.00
PPO_25000_bzip2__instcount_128,10000,14575,1.1070,1.97,0.085816,[.00
PPO_25000_bzip2__instcount_128,10000,14578,1.1068,1.97,0.078075,[.00
PPO_25000_bzip2__instcount_128,10000,13988,1.1529,2.05,0.08237,[.00
PPO_25000_bzip2__instcount_128,10000,15975,0.9977,1.79,0.084723,[.00
PPO_25000_bzip2__instcount_128,10000,14777,1.0913,1.94,0.074894,[.00
PPO_25000_bzip2__instcount_128,10000,13715,1.1742,2.09,0.082877,[.00
PPO_25000_bzip2__instcount_128,10000,13879,1.1614,2.07,0.080196,[.00
PPO_25000_bzip2__instcount_128,10000,14262,1.1315,2.01,0.084701,[.00
PPO_25000_bzip2__instcount_128,10000,14216,1.1351,2.02,0.077394,[.00
PPO_25000_bzip2__instcount_128,10000,14249,1.1325,2.01,0.073699,[.00
PPO_25000_bzip2__instcount_128,10000,14060,1.1473,2.04,0.08103,[.00
PPO_25000_bzip2__instcount_128,10000,15027,1.0717,1.91,0.064078,[.00
PPO_25000_bzip2__instcount_128,10000,14063,1.1470,2.04,0.072797,[.00
PPO_25000_bzip2__instcount_128,10000,14397,1.1209,1.99,0.090545,[.00
PPO_25000_bzip2__instcount_128,10000,14007,1.1514,2.05,0.078539,[.00
PPO_25000_bzip2__instcount_128,10000,13365,1.2016,2.15,0.083436,[.00
PPO_25000_bzip2__instcount_128,10000,15411,1.0417,1.86,0.076137,[.00
PPO_25000_bzip2__instcount_128,10000,14780,1.0910,1.94,0.08454,[.00
PPO_25000_bzip2__instcount_128,10000,14212,1.1354,2.02,0.088134,[.00
PPO_25000_bzip2__instcount_128,10000,15242,1.0549,1.88,0.095723,[.00
PPO_25000_bzip2__instcount_128,10000,14485,1.1141,1.98,0.075354,[.00
PPO_25000_bzip2__instcount_128,10000,14277,1.1303,2.01,0.080694,[.00
PPO_25000_bzip2__instcount_128,10000,14065,1.1469,2.04,0.079081,[.00
PPO_25000_bzip2__instcount_128,10000,13343,1.2033,2.15,0.08765,[.00
PPO_25000_bzip2__instcount_128,10000,14041,1.1488,2.04,0.081022,[.00
PPO_25000_bzip2__instcount_128,10000,14069,1.1466,2.04,0.081574,[.00
PPO_25000_bzip2__instcount_128,10000,13849,1.1638,2.07,0.082154,[.00
PPO_25000_bzip2__instcount_128,10000,14876,1.0835,1.93,0.081817,[.00
PPO_25000_bzip2__instcount_128,10000,13655,1.1789,2.10,0.079837,[.00
PPO_25000_bzip2__instcount_128,10000,14976,1.0757,1.91,0.087563,[.00
PPO_25000_bzip2__instcount_128,10000,14618,1.1037,1.96,0.094995,[.00
PPO_25000_bzip2__instcount_128,10000,14767,1.0920,1.94,0.078747,[.00
PPO_25000_bzip2__instcount_128,10000,14229,1.1341,2.02,0.084206,[.00
PPO_25000_bzip2__instcount_128,10000,13848,1.1638,2.07,0.078614,[.00
PPO_25000_bzip2__instcount_128,10000,13871,1.1620,2.07,0.081153,[.00
PPO_25000_bzip2__instcount_128,10000,14582,1.1065,1.97,0.079593,[.00
PPO_25000_bzip2__instcount_128,10000,14206,1.1359,2.02,0.080339,[.00
PPO_25000_bzip2__instcount_128,10000,13761,1.1706,2.08,0.081457,[.00
PPO_25000_bzip2__instcount_128,10000,17521,0.8769,1.64,0.078536,[.00
PPO_25000_bzip2__instcount_128,10000,14132,1.1416,2.03,0.079697,[.00
PPO_25000_bzip2__instcount_128,10000,13374,1.2009,2.14,0.082427,[.00
PPO_25000_bzip2__instcount_128,10000,14608,1.1045,1.96,0.083492,[.00
PPO_25000_bzip2__instcount_128,10000,15003,1.0736,1.91,0.078667,[.00
PPO_25000_bzip2__instcount_128,10000,13915,1.1586,2.06,0.078755,[.00
PPO_25000_bzip2__instcount_128,10000,14496,1.1132,1.98,0.077712,[.00
PPO_25000_bzip2__instcount_128,10000,14393,1.1213,1.99,0.079731,[.00
PPO_25000_bzip2__instcount_128,10000,14091,1.1448,2.04,0.07805,[.00
PPO_25000_bzip2__instcount_128,10000,13902,1.1596,2.06,0.084418,[.00
PPO_25000_bzip2__instcount_128,10000,14032,1.1495,2.04,0.078883,[.00
PPO_25000_bzip2__instcount_128,10000,14231,1.1339,2.02,0.080171,[.00
PPO_25000_bzip2__instcount_128,10000,14299,1.1286,2.01,0.078154,[.00
PPO_25000_bzip2__instcount_128,10000,14519,1.1114,1.98,0.079232,[.00
PPO_25000_bzip2__instcount_128,10000,13973,1.1541,2.05,0.078722,[.00
PPO_25000_bzip2__instcount_128,10000,14094,1.1446,2.03,0.079175,[.00
PPO_25000_bzip2__instcount_128,10000,14355,1.1242,2.00,0.080766,[.00
PPO_25000_bzip2__instcount_128,10000,13997,1.1522,2.05,0.081428,[.00
PPO_25000_bzip2__instcount_128,10000,14454,1.1165,1.98,0.084698,[.00
PPO_25000_bzip2__instcount_128,10000,14722,1.0956,1.95,0.084609,[.00
PPO_25000_bzip2__instcount_128,10000,14077,1.1459,2.04,0.082551,[.00
PPO_25000_bzip2__instcount_128,10000,14171,1.1386,2.02,0.085367,[.00
PPO_25000_bzip2__instcount_128,10000,13734,1.1727,2.09,0.08211,[.00
PPO_25000_bzip2__instcount_128,10000,14194,1.1368,2.02,0.080879,[.00
PPO_25000_bzip2__instcount_128,10000,14607,1.1045,1.96,0.082055,[.00
PPO_25000_bzip2__instcount_128,10000,14661,1.1003,1.96,0.090624,[.00
PPO_25000_bzip2__instcount_128,10000,14024,1.1501,2.04,0.07875,[.00
PPO_25000_bzip2__instcount_128,10000,25093,0.2855,1.14,0.105017,[.00
PPO_25000_bzip2__instcount_128,10000,14450,1.1168,1.98,0.083857,[.00
PPO_25000_bzip2__instcount_128,10000,14272,1.1307,2.01,0.078587,[.00
PPO_25000_bzip2__instcount_128,10000,13880,1.1613,2.07,0.085483,[.00
PPO_25000_bzip2__instcount_128,10000,13967,1.1545,2.05,0.078782,[.00
PPO_25000_bzip2__instcount_128,10000,13893,1.1603,2.06,0.079573,[.00
PPO_25000_bzip2__instcount_128,10000,14305,1.1281,2.00,0.082271,[.00
PPO_25000_bzip2__instcount_128,10000,15048,1.0701,1.91,0.089512,[.00
PPO_25000_bzip2__instcount_128,10000,13772,1.1698,2.08,0.082253,[.00
PPO_25000_bzip2__instcount_128,10000,19211,0.7449,1.49,0.072106,[.00
PPO_25000_bzip2__instcount_128,10000,13689,1.1763,2.10,0.081777,[.00
PPO_25000_bzip2__instcount_128,10000,13839,1.1645,2.07,0.079319,[.00
PPO_25000_bzip2__instcount_128,10000,15342,1.0471,1.87,0.079492,[.00
PPO_25000_bzip2__instcount_128,10000,14623,1.1033,1.96,0.079591,[.00
PPO_25000_bzip2__instcount_128,10000,14305,1.1281,2.00,0.082816,[.00
PPO_25000_bzip2__instcount_128,10000,13988,1.1529,2.05,0.078182,[.00
PPO_25000_bzip2__instcount_128,10000,13696,1.1757,2.09,0.081589,[.00
PPO_25000_bzip2__instcount_128,10000,13718,1.1740,2.09,0.088299,[.00
PPO_25000_bzip2__instcount_128,10000,14375,1.1227,1.99,0.089693,[.00
PPO_25000_bzip2__instcount_128,10000,13560,1.1863,2.12,0.080087,[.00
PPO_25000_bzip2__instcount_128,11000,14067,1.1467,2.04,0.081641,[.00
PPO_25000_bzip2__instcount_128,11000,14028,1.1498,2.04,0.081094,[.00
PPO_25000_bzip2__instcount_128,11000,14227,1.1342,2.02,0.078874,[.00
PPO_25000_bzip2__instcount_128,11000,13915,1.1586,2.06,0.079159,[.00
PPO_25000_bzip2__instcount_128,11000,13713,1.1744,2.09,0.083154,[.00
PPO_25000_bzip2__instcount_128,11000,13914,1.1587,2.06,0.07943,[.00
PPO_25000_bzip2__instcount_128,11000,15259,1.0536,1.88,0.079562,[.00
PPO_25000_bzip2__instcount_128,11000,14023,1.1502,2.05,0.082807,[.00
PPO_25000_bzip2__instcount_128,11000,13724,1.1735,2.09,0.083166,[.00
PPO_25000_bzip2__instcount_128,11000,15302,1.0503,1.87,0.082361,[.00
PPO_25000_bzip2__instcount_128,11000,13672,1.1776,2.10,0.082072,[.00
PPO_25000_bzip2__instcount_128,11000,14648,1.1013,1.96,0.086018,[.00
PPO_25000_bzip2__instcount_128,11000,14407,1.1202,1.99,0.088777,[.00
PPO_25000_bzip2__instcount_128,11000,14178,1.1381,2.02,0.082883,[.00
PPO_25000_bzip2__instcount_128,11000,14249,1.1325,2.01,0.088816,[.00
PPO_25000_bzip2__instcount_128,11000,13820,1.1660,2.08,0.084488,[.00
PPO_25000_bzip2__instcount_128,11000,13846,1.1640,2.07,0.081714,[.00
PPO_25000_bzip2__instcount_128,11000,14230,1.1340,2.02,0.077669,[.00
PPO_25000_bzip2__instcount_128,11000,13744,1.1720,2.09,0.085424,[.00
PPO_25000_bzip2__instcount_128,11000,14440,1.1176,1.99,0.087024,[.00
PPO_25000_bzip2__instcount_128,11000,13632,1.1807,2.10,0.092818,[.00
PPO_25000_bzip2__instcount_128,11000,13862,1.1627,2.07,0.0843,[.00
PPO_25000_bzip2__instcount_128,11000,13961,1.1550,2.05,0.082871,[.00
PPO_25000_bzip2__instcount_128,11000,14071,1.1464,2.04,0.079623,[.00
PPO_25000_bzip2__instcount_128,11000,14549,1.1091,1.97,0.081475,[.00
PPO_25000_bzip2__instcount_128,11000,14266,1.1312,2.01,0.081948,[.00
PPO_25000_bzip2__instcount_128,11000,14296,1.1288,2.01,0.078079,[.00
PPO_25000_bzip2__instcount_128,11000,13832,1.1651,2.07,0.083969,[.00
PPO_25000_bzip2__instcount_128,11000,14611,1.1042,1.96,0.083694,[.00
PPO_25000_bzip2__instcount_128,11000,15015,1.0727,1.91,0.077851,[.00
PPO_25000_bzip2__instcount_128,11000,15550,1.0309,1.84,0.071339,[.00
PPO_25000_bzip2__instcount_128,11000,14727,1.0952,1.95,0.084498,[.00
PPO_25000_bzip2__instcount_128,11000,13759,1.1708,2.08,0.087016,[.00
PPO_25000_bzip2__instcount_128,11000,13874,1.1618,2.07,0.084072,[.00
PPO_25000_bzip2__instcount_128,11000,14287,1.1295,2.01,0.084956,[.00
PPO_25000_bzip2__instcount_128,11000,14074,1.1462,2.04,0.089535,[.00
PPO_25000_bzip2__instcount_128,11000,13803,1.1673,2.08,0.077642,[.00
PPO_25000_bzip2__instcount_128,11000,14668,1.0998,1.95,0.077941,[.00
PPO_25000_bzip2__instcount_128,11000,17664,0.8658,1.62,0.082507,[.00
PPO_25000_bzip2__instcount_128,11000,13951,1.1558,2.06,0.077399,[.00
PPO_25000_bzip2__instcount_128,11000,14627,1.1030,1.96,0.081312,[.00
PPO_25000_bzip2__instcount_128,11000,14569,1.1075,1.97,0.08368,[.00
PPO_25000_bzip2__instcount_128,11000,14435,1.1180,1.99,0.079594,[.00
PPO_25000_bzip2__instcount_128,11000,14158,1.1396,2.03,0.075577,[.00
PPO_25000_bzip2__instcount_128,11000,13762,1.1705,2.08,0.080919,[.00
PPO_25000_bzip2__instcount_128,11000,14503,1.1127,1.98,0.081164,[.00
PPO_25000_bzip2__instcount_128,11000,14270,1.1309,2.01,0.082063,[.00
PPO_25000_bzip2__instcount_128,11000,13844,1.1641,2.07,0.08161,[.00
PPO_25000_bzip2__instcount_128,11000,14181,1.1378,2.02,0.082645,[.00
PPO_25000_bzip2__instcount_128,11000,14311,1.1277,2.00,0.081646,[.00
PPO_25000_bzip2__instcount_128,11000,14133,1.1416,2.03,0.082583,[.00
PPO_25000_bzip2__instcount_128,11000,16551,0.9527,1.73,0.076669,[.00
PPO_25000_bzip2__instcount_128,11000,14198,1.1365,2.02,0.083325,[.00
PPO_25000_bzip2__instcount_128,11000,13544,1.1876,2.12,0.08107,[.00
PPO_25000_bzip2__instcount_128,11000,13667,1.1780,2.10,0.082291,[.00
PPO_25000_bzip2__instcount_128,11000,13723,1.1736,2.09,0.079898,[.00
PPO_25000_bzip2__instcount_128,11000,13416,1.1976,2.14,0.078668,[.00
PPO_25000_bzip2__instcount_128,11000,13496,1.1913,2.13,0.081001,[.00
PPO_25000_bzip2__instcount_128,11000,13412,1.1979,2.14,0.082981,[.00
PPO_25000_bzip2__instcount_128,11000,13711,1.1745,2.09,0.087492,[.00
PPO_25000_bzip2__instcount_128,11000,14453,1.1166,1.98,0.074771,[.00
PPO_25000_bzip2__instcount_128,11000,14150,1.1402,2.03,0.088191,[.00
PPO_25000_bzip2__instcount_128,11000,14389,1.1216,1.99,0.084763,[.00
PPO_25000_bzip2__instcount_128,11000,13937,1.1569,2.06,0.08025,[.00
PPO_25000_bzip2__instcount_128,11000,13400,1.1988,2.14,0.081122,[.00
PPO_25000_bzip2__instcount_128,11000,14481,1.1144,1.98,0.081834,[.00
PPO_25000_bzip2__instcount_128,11000,14261,1.1316,2.01,0.086363,[.00
PPO_25000_bzip2__instcount_128,11000,13715,1.1742,2.09,0.082487,[.00
PPO_25000_bzip2__instcount_128,11000,14532,1.1104,1.97,0.09544,[.00
PPO_25000_bzip2__instcount_128,11000,13834,1.1649,2.07,0.083842,[.00
PPO_25000_bzip2__instcount_128,11000,14183,1.1377,2.02,0.079029,[.00
PPO_25000_bzip2__instcount_128,11000,14023,1.1502,2.05,0.079679,[.00
PPO_25000_bzip2__instcount_128,11000,13574,1.1852,2.11,0.082409,[.00
PPO_25000_bzip2__instcount_128,11000,16552,0.9526,1.73,0.082662,[.00
PPO_25000_bzip2__instcount_128,11000,13274,1.2087,2.16,0.086777,[.00
PPO_25000_bzip2__instcount_128,11000,13958,1.1552,2.05,0.081955,[.00
PPO_25000_bzip2__instcount_128,11000,14143,1.1408,2.03,0.081209,[.00
PPO_25000_bzip2__instcount_128,11000,13722,1.1737,2.09,0.076971,[.00
PPO_25000_bzip2__instcount_128,11000,14132,1.1416,2.03,0.079845,[.00
PPO_25000_bzip2__instcount_128,11000,14392,1.1213,1.99,0.083001,[.00
PPO_25000_bzip2__instcount_128,11000,14190,1.1371,2.02,0.081672,[.00
PPO_25000_bzip2__instcount_128,11000,14078,1.1459,2.04,0.085187,[.00
PPO_25000_bzip2__instcount_128,11000,14072,1.1463,2.04,0.079507,[.00
PPO_25000_bzip2__instcount_128,11000,14464,1.1157,1.98,0.082772,[.00
PPO_25000_bzip2__instcount_128,11000,13436,1.1960,2.13,0.079952,[.00
PPO_25000_bzip2__instcount_128,11000,14859,1.0849,1.93,0.083218,[.00
PPO_25000_bzip2__instcount_128,11000,13952,1.1557,2.06,0.079121,[.00
PPO_25000_bzip2__instcount_128,11000,13396,1.1991,2.14,0.083156,[.00
PPO_25000_bzip2__instcount_128,11000,15165,1.0610,1.89,0.074843,[.00
PPO_25000_bzip2__instcount_128,11000,13753,1.1713,2.09,0.08404,[.00
PPO_25000_bzip2__instcount_128,11000,14645,1.1016,1.96,0.083459,[.00
PPO_25000_bzip2__instcount_128,11000,14043,1.1486,2.04,0.081787,[.00
PPO_25000_bzip2__instcount_128,11000,13879,1.1614,2.07,0.084375,[.00
PPO_25000_bzip2__instcount_128,11000,14504,1.1126,1.98,0.082397,[.00
PPO_25000_bzip2__instcount_128,11000,14981,1.0753,1.91,0.078071,[.00
PPO_25000_bzip2__instcount_128,11000,13826,1.1655,2.07,0.078106,[.00
PPO_25000_bzip2__instcount_128,11000,14014,1.1509,2.05,0.077003,[.00
PPO_25000_bzip2__instcount_128,11000,14324,1.1266,2.00,0.080124,[.00
PPO_25000_bzip2__instcount_128,11000,14269,1.1309,2.01,0.073159,[.00
PPO_25000_bzip2__instcount_128,11000,14524,1.1110,1.97,0.077979,[.00
PPO_25000_bzip2__instcount_128,12000,13718,1.1740,2.09,0.085767,[.00
PPO_25000_bzip2__instcount_128,12000,15323,1.0486,1.87,0.079063,[.00
PPO_25000_bzip2__instcount_128,12000,14244,1.1329,2.01,0.072343,[.00
PPO_25000_bzip2__instcount_128,12000,13723,1.1736,2.09,0.079883,[.00
PPO_25000_bzip2__instcount_128,12000,13924,1.1579,2.06,0.078036,[.00
PPO_25000_bzip2__instcount_128,12000,14852,1.0854,1.93,0.072664,[.00
PPO_25000_bzip2__instcount_128,12000,13990,1.1527,2.05,0.081067,[.00
PPO_25000_bzip2__instcount_128,12000,13598,1.1834,2.11,0.076644,[.00
PPO_25000_bzip2__instcount_128,12000,14485,1.1141,1.98,0.081555,[.00
PPO_25000_bzip2__instcount_128,12000,14105,1.1438,2.03,0.078585,[.00
PPO_25000_bzip2__instcount_128,12000,14254,1.1321,2.01,0.080636,[.00
PPO_25000_bzip2__instcount_128,12000,13741,1.1722,2.09,0.079797,[.00
PPO_25000_bzip2__instcount_128,12000,13854,1.1634,2.07,0.080265,[.00
PPO_25000_bzip2__instcount_128,12000,14589,1.1059,1.97,0.08269,[.00
PPO_25000_bzip2__instcount_128,12000,14738,1.0943,1.95,0.065579,[.00
PPO_25000_bzip2__instcount_128,12000,14208,1.1357,2.02,0.082595,[.00
PPO_25000_bzip2__instcount_128,12000,13766,1.1702,2.08,0.078945,[.00
PPO_25000_bzip2__instcount_128,12000,13424,1.1970,2.14,0.081999,[.00
PPO_25000_bzip2__instcount_128,12000,14822,1.0877,1.93,0.079388,[.00
PPO_25000_bzip2__instcount_128,12000,13914,1.1587,2.06,0.082256,[.00
PPO_25000_bzip2__instcount_128,12000,13675,1.1773,2.10,0.080117,[.00
PPO_25000_bzip2__instcount_128,12000,13743,1.1720,2.09,0.085483,[.00
PPO_25000_bzip2__instcount_128,12000,14442,1.1174,1.99,0.080187,[.00
PPO_25000_bzip2__instcount_128,12000,14265,1.1313,2.01,0.082195,[.00
PPO_25000_bzip2__instcount_128,12000,13811,1.1667,2.08,0.080184,[.00
PPO_25000_bzip2__instcount_128,12000,13915,1.1586,2.06,0.08364,[.00
PPO_25000_bzip2__instcount_128,12000,13772,1.1698,2.08,0.084852,[.00
PPO_25000_bzip2__instcount_128,12000,14820,1.0879,1.93,0.071223,[.00
PPO_25000_bzip2__instcount_128,12000,13312,1.2057,2.15,0.078375,[.00
PPO_25000_bzip2__instcount_128,12000,13924,1.1579,2.06,0.078268,[.00
PPO_25000_bzip2__instcount_128,12000,13936,1.1570,2.06,0.08138,[.00
PPO_25000_bzip2__instcount_128,12000,13836,1.1648,2.07,0.084378,[.00
PPO_25000_bzip2__instcount_128,12000,14627,1.1030,1.96,0.085533,[.00
PPO_25000_bzip2__instcount_128,12000,13571,1.1855,2.11,0.073521,[.00
PPO_25000_bzip2__instcount_128,12000,14057,1.1475,2.04,0.08136,[.00
PPO_25000_bzip2__instcount_128,12000,14904,1.0813,1.92,0.0769,[.00
PPO_25000_bzip2__instcount_128,12000,13807,1.1670,2.08,0.082936,[.00
PPO_25000_bzip2__instcount_128,12000,13926,1.1577,2.06,0.084186,[.00
PPO_25000_bzip2__instcount_128,12000,13740,1.1723,2.09,0.082453,[.00
PPO_25000_bzip2__instcount_128,12000,14129,1.1419,2.03,0.084455,[.00
PPO_25000_bzip2__instcount_128,12000,14151,1.1402,2.03,0.080189,[.00
PPO_25000_bzip2__instcount_128,12000,14069,1.1466,2.04,0.084465,[.00
PPO_25000_bzip2__instcount_128,12000,13745,1.1719,2.09,0.080913,[.00
PPO_25000_bzip2__instcount_128,12000,13404,1.1985,2.14,0.083324,[.00
PPO_25000_bzip2__instcount_128,12000,13638,1.1802,2.10,0.078757,[.00
PPO_25000_bzip2__instcount_128,12000,13870,1.1621,2.07,0.0728,[.00
PPO_25000_bzip2__instcount_128,12000,14163,1.1392,2.02,0.082904,[.00
PPO_25000_bzip2__instcount_128,12000,14150,1.1402,2.03,0.079991,[.00
PPO_25000_bzip2__instcount_128,12000,13814,1.1665,2.08,0.083938,[.00
PPO_25000_bzip2__instcount_128,12000,14375,1.1227,1.99,0.083192,[.00
PPO_25000_bzip2__instcount_128,12000,14248,1.1326,2.01,0.083347,[.00
PPO_25000_bzip2__instcount_128,12000,13876,1.1616,2.07,0.079351,[.00
PPO_25000_bzip2__instcount_128,12000,13473,1.1931,2.13,0.082421,[.00
PPO_25000_bzip2__instcount_128,12000,14326,1.1265,2.00,0.082491,[.00
PPO_25000_bzip2__instcount_128,12000,14228,1.1341,2.02,0.079293,[.00
PPO_25000_bzip2__instcount_128,12000,14679,1.0989,1.95,0.088377,[.00
PPO_25000_bzip2__instcount_128,12000,13957,1.1553,2.05,0.083307,[.00
PPO_25000_bzip2__instcount_128,12000,13972,1.1541,2.05,0.083546,[.00
PPO_25000_bzip2__instcount_128,12000,14222,1.1346,2.02,0.083214,[.00
PPO_25000_bzip2__instcount_128,12000,13591,1.1839,2.11,0.079697,[.00
PPO_25000_bzip2__instcount_128,12000,13647,1.1795,2.10,0.080978,[.00
PPO_25000_bzip2__instcount_128,12000,14263,1.1314,2.01,0.084585,[.00
PPO_25000_bzip2__instcount_128,12000,13769,1.1700,2.08,0.080479,[.00
PPO_25000_bzip2__instcount_128,12000,14213,1.1353,2.02,0.078165,[.00
PPO_25000_bzip2__instcount_128,12000,13301,1.2066,2.16,0.087628,[.00
PPO_25000_bzip2__instcount_128,12000,13587,1.1842,2.11,0.077431,[.00
PPO_25000_bzip2__instcount_128,12000,13626,1.1812,2.10,0.082245,[.00
PPO_25000_bzip2__instcount_128,12000,14359,1.1239,2.00,0.08013,[.00
PPO_25000_bzip2__instcount_128,12000,14185,1.1375,2.02,0.083777,[.00
PPO_25000_bzip2__instcount_128,12000,14186,1.1374,2.02,0.07889,[.00
PPO_25000_bzip2__instcount_128,12000,14356,1.1241,2.00,0.081563,[.00
PPO_25000_bzip2__instcount_128,12000,14027,1.1498,2.04,0.081312,[.00
PPO_25000_bzip2__instcount_128,12000,14029,1.1497,2.04,0.08003,[.00
PPO_25000_bzip2__instcount_128,12000,14493,1.1134,1.98,0.080154,[.00
PPO_25000_bzip2__instcount_128,12000,13801,1.1675,2.08,0.076642,[.00
PPO_25000_bzip2__instcount_128,12000,13997,1.1522,2.05,0.085929,[.00
PPO_25000_bzip2__instcount_128,12000,14056,1.1476,2.04,0.089509,[.00
PPO_25000_bzip2__instcount_128,12000,14473,1.1150,1.98,0.081085,[.00
PPO_25000_bzip2__instcount_128,12000,13847,1.1639,2.07,0.085536,[.00
PPO_25000_bzip2__instcount_128,12000,14964,1.0767,1.92,0.080281,[.00
PPO_25000_bzip2__instcount_128,12000,13896,1.1601,2.06,0.080104,[.00
PPO_25000_bzip2__instcount_128,12000,13993,1.1525,2.05,0.083198,[.00
PPO_25000_bzip2__instcount_128,12000,14310,1.1277,2.00,0.086546,[.00
PPO_25000_bzip2__instcount_128,12000,14770,1.0918,1.94,0.078466,[.00
PPO_25000_bzip2__instcount_128,12000,13983,1.1533,2.05,0.080063,[.00
PPO_25000_bzip2__instcount_128,12000,14866,1.0843,1.93,0.080004,[.00
PPO_25000_bzip2__instcount_128,12000,14062,1.1471,2.04,0.084628,[.00
PPO_25000_bzip2__instcount_128,12000,13695,1.1758,2.09,0.079742,[.00
PPO_25000_bzip2__instcount_128,12000,13985,1.1531,2.05,0.078168,[.00
PPO_25000_bzip2__instcount_128,12000,14210,1.1356,2.02,0.080673,[.00
PPO_25000_bzip2__instcount_128,12000,13645,1.1797,2.10,0.077774,[.00
PPO_25000_bzip2__instcount_128,12000,14113,1.1431,2.03,0.08942,[.00
PPO_25000_bzip2__instcount_128,12000,13742,1.1721,2.09,0.080361,[.00
PPO_25000_bzip2__instcount_128,12000,13970,1.1543,2.05,0.08082,[.00
PPO_25000_bzip2__instcount_128,12000,13678,1.1771,2.10,0.079246,[.00
PPO_25000_bzip2__instcount_128,12000,13808,1.1670,2.08,0.081337,[.00
PPO_25000_bzip2__instcount_128,12000,13915,1.1586,2.06,0.08431,[.00
PPO_25000_bzip2__instcount_128,12000,14247,1.1327,2.01,0.085919,[.00
PPO_25000_bzip2__instcount_128,12000,13954,1.1556,2.06,0.082259,[.00
PPO_25000_bzip2__instcount_128,12000,13987,1.1530,2.05,0.084746,[.00
PPO_25000_bzip2__instcount_128,13000,14469,1.1153,1.98,0.07902,[.00
PPO_25000_bzip2__instcount_128,13000,14191,1.1370,2.02,0.080455,[.00
PPO_25000_bzip2__instcount_128,13000,13605,1.1828,2.11,0.078122,[.00
PPO_25000_bzip2__instcount_128,13000,13983,1.1533,2.05,0.083225,[.00
PPO_25000_bzip2__instcount_128,13000,13768,1.1701,2.08,0.081815,[.00
PPO_25000_bzip2__instcount_128,13000,13922,1.1581,2.06,0.077025,[.00
PPO_25000_bzip2__instcount_128,13000,14139,1.1411,2.03,0.085458,[.00
PPO_25000_bzip2__instcount_128,13000,16144,0.9845,1.78,0.081722,[.00
PPO_25000_bzip2__instcount_128,13000,13769,1.1700,2.08,0.080021,[.00
PPO_25000_bzip2__instcount_128,13000,13805,1.1672,2.08,0.082853,[.00
PPO_25000_bzip2__instcount_128,13000,13736,1.1726,2.09,0.082602,[.00
PPO_25000_bzip2__instcount_128,13000,14236,1.1335,2.01,0.081413,[.00
PPO_25000_bzip2__instcount_128,13000,13462,1.1940,2.13,0.082654,[.00
PPO_25000_bzip2__instcount_128,13000,13937,1.1569,2.06,0.083594,[.00
PPO_25000_bzip2__instcount_128,13000,14272,1.1307,2.01,0.080619,[.00
PPO_25000_bzip2__instcount_128,13000,13842,1.1643,2.07,0.079123,[.00
PPO_25000_bzip2__instcount_128,13000,13485,1.1922,2.13,0.080162,[.00
PPO_25000_bzip2__instcount_128,13000,13338,1.2037,2.15,0.086949,[.00
PPO_25000_bzip2__instcount_128,13000,13355,1.2023,2.15,0.081322,[.00
PPO_25000_bzip2__instcount_128,13000,13462,1.1940,2.13,0.085844,[.00
PPO_25000_bzip2__instcount_128,13000,14062,1.1471,2.04,0.081216,[.00
PPO_25000_bzip2__instcount_128,13000,14045,1.1484,2.04,0.085008,[.00
PPO_25000_bzip2__instcount_128,13000,13748,1.1716,2.09,0.085791,[.00
PPO_25000_bzip2__instcount_128,13000,13418,1.1974,2.14,0.081276,[.00
PPO_25000_bzip2__instcount_128,13000,13438,1.1959,2.13,0.080218,[.00
PPO_25000_bzip2__instcount_128,13000,13693,1.1759,2.09,0.086654,[.00
PPO_25000_bzip2__instcount_128,13000,14236,1.1335,2.01,0.080655,[.00
PPO_25000_bzip2__instcount_128,13000,14426,1.1187,1.99,0.070672,[.00
PPO_25000_bzip2__instcount_128,13000,14391,1.1214,1.99,0.085278,[.00
PPO_25000_bzip2__instcount_128,13000,14603,1.1049,1.96,0.082368,[.00
PPO_25000_bzip2__instcount_128,13000,14376,1.1226,1.99,0.084072,[.00
PPO_25000_bzip2__instcount_128,13000,13675,1.1773,2.10,0.079942,[.00
PPO_25000_bzip2__instcount_128,13000,13517,1.1897,2.12,0.081225,[.00
PPO_25000_bzip2__instcount_128,13000,14772,1.0917,1.94,0.084089,[.00
PPO_25000_bzip2__instcount_128,13000,14042,1.1487,2.04,0.075733,[.00
PPO_25000_bzip2__instcount_128,13000,13544,1.1876,2.12,0.076527,[.00
PPO_25000_bzip2__instcount_128,13000,13813,1.1666,2.08,0.081072,[.00
PPO_25000_bzip2__instcount_128,13000,14473,1.1150,1.98,0.08468,[.00
PPO_25000_bzip2__instcount_128,13000,14387,1.1217,1.99,0.080928,[.00
PPO_25000_bzip2__instcount_128,13000,13869,1.1622,2.07,0.082058,[.00
PPO_25000_bzip2__instcount_128,13000,13992,1.1526,2.05,0.082731,[.00
PPO_25000_bzip2__instcount_128,13000,14078,1.1459,2.04,0.091307,[.00
PPO_25000_bzip2__instcount_128,13000,14969,1.0763,1.92,0.081167,[.00
PPO_25000_bzip2__instcount_128,13000,13492,1.1916,2.13,0.086963,[.00
PPO_25000_bzip2__instcount_128,13000,13427,1.1967,2.14,0.080987,[.00
PPO_25000_bzip2__instcount_128,13000,13936,1.1570,2.06,0.082285,[.00
PPO_25000_bzip2__instcount_128,13000,14504,1.1126,1.98,0.073695,[.00
PPO_25000_bzip2__instcount_128,13000,13878,1.1615,2.07,0.082124,[.00
PPO_25000_bzip2__instcount_128,13000,13701,1.1753,2.09,0.079606,[.00
PPO_25000_bzip2__instcount_128,13000,14461,1.1159,1.98,0.079979,[.00
PPO_25000_bzip2__instcount_128,13000,14072,1.1463,2.04,0.090187,[.00
PPO_25000_bzip2__instcount_128,13000,14146,1.1406,2.03,0.083543,[.00
PPO_25000_bzip2__instcount_128,13000,13964,1.1548,2.05,0.078148,[.00
PPO_25000_bzip2__instcount_128,13000,14136,1.1413,2.03,0.081099,[.00
PPO_25000_bzip2__instcount_128,13000,13413,1.1978,2.14,0.080335,[.00
PPO_25000_bzip2__instcount_128,13000,13577,1.1850,2.11,0.080421,[.00
PPO_25000_bzip2__instcount_128,13000,13311,1.2058,2.15,0.083489,[.00
PPO_25000_bzip2__instcount_128,13000,13601,1.1831,2.11,0.081543,[.00
PPO_25000_bzip2__instcount_128,13000,14040,1.1488,2.04,0.08119,[.00
PPO_25000_bzip2__instcount_128,13000,13616,1.1820,2.11,0.081895,[.00
PPO_25000_bzip2__instcount_128,13000,14056,1.1476,2.04,0.08159,[.00
PPO_25000_bzip2__instcount_128,13000,15085,1.0672,1.90,0.089874,[.00
PPO_25000_bzip2__instcount_128,13000,14635,1.1024,1.96,0.080043,[.00
PPO_25000_bzip2__instcount_128,13000,14100,1.1441,2.03,0.076538,[.00
PPO_25000_bzip2__instcount_128,13000,13552,1.1870,2.12,0.084865,[.00
PPO_25000_bzip2__instcount_128,13000,13808,1.1670,2.08,0.082036,[.00
PPO_25000_bzip2__instcount_128,13000,13524,1.1891,2.12,0.083361,[.00
PPO_25000_bzip2__instcount_128,13000,14269,1.1309,2.01,0.082581,[.00
PPO_25000_bzip2__instcount_128,13000,13325,1.2047,2.15,0.077683,[.00
PPO_25000_bzip2__instcount_128,13000,14072,1.1463,2.04,0.079437,[.00
PPO_25000_bzip2__instcount_128,13000,14400,1.1207,1.99,0.080239,[.00
PPO_25000_bzip2__instcount_128,13000,13494,1.1915,2.13,0.082647,[.00
PPO_25000_bzip2__instcount_128,13000,13464,1.1938,2.13,0.081757,[.00
PPO_25000_bzip2__instcount_128,13000,13559,1.1864,2.12,0.080327,[.00
PPO_25000_bzip2__instcount_128,13000,13869,1.1622,2.07,0.076801,[.00
PPO_25000_bzip2__instcount_128,13000,14290,1.1293,2.01,0.082449,[.00
PPO_25000_bzip2__instcount_128,13000,13279,1.2083,2.16,0.080844,[.00
PPO_25000_bzip2__instcount_128,13000,13431,1.1964,2.14,0.078131,[.00
PPO_25000_bzip2__instcount_128,13000,13727,1.1733,2.09,0.082792,[.00
PPO_25000_bzip2__instcount_128,13000,13403,1.1986,2.14,0.077587,[.00
PPO_25000_bzip2__instcount_128,13000,13474,1.1930,2.13,0.082716,[.00
PPO_25000_bzip2__instcount_128,13000,14559,1.1083,1.97,0.086531,[.00
PPO_25000_bzip2__instcount_128,13000,13986,1.1531,2.05,0.081385,[.00
PPO_25000_bzip2__instcount_128,13000,13657,1.1788,2.10,0.08193,[.00
PPO_25000_bzip2__instcount_128,13000,14016,1.1507,2.05,0.085897,[.00
PPO_25000_bzip2__instcount_128,13000,13437,1.1959,2.13,0.081045,[.00
PPO_25000_bzip2__instcount_128,13000,13962,1.1549,2.05,0.088289,[.00
PPO_25000_bzip2__instcount_128,13000,13880,1.1613,2.07,0.080342,[.00
PPO_25000_bzip2__instcount_128,13000,13357,1.2022,2.15,0.083974,[.00
PPO_25000_bzip2__instcount_128,13000,14304,1.1282,2.00,0.09129,[.00
PPO_25000_bzip2__instcount_128,13000,13296,1.2069,2.16,0.08512,[.00
PPO_25000_bzip2__instcount_128,13000,14052,1.1479,2.04,0.077534,[.00
PPO_25000_bzip2__instcount_128,13000,13898,1.1599,2.06,0.079601,[.00
PPO_25000_bzip2__instcount_128,13000,13403,1.1986,2.14,0.085268,[.00
PPO_25000_bzip2__instcount_128,13000,14095,1.1445,2.03,0.079503,[.00
PPO_25000_bzip2__instcount_128,13000,14305,1.1281,2.00,0.083165,[.00
PPO_25000_bzip2__instcount_128,13000,13782,1.1690,2.08,0.082876,[.00
PPO_25000_bzip2__instcount_128,13000,14119,1.1427,2.03,0.073877,[.00
PPO_25000_bzip2__instcount_128,13000,13914,1.1587,2.06,0.078284,[.00
PPO_25000_bzip2__instcount_128,13000,14240,1.1332,2.01,0.084662,[.00
PPO_25000_bzip2__instcount_128,14000,13687,1.1764,2.10,0.083348,[.00
PPO_25000_bzip2__instcount_128,14000,14596,1.1054,1.96,0.063678,[.00
PPO_25000_bzip2__instcount_128,14000,14118,1.1427,2.03,0.083016,[.00
PPO_25000_bzip2__instcount_128,14000,13560,1.1863,2.12,0.082623,[.00
PPO_25000_bzip2__instcount_128,14000,13369,1.2012,2.15,0.078218,[.00
PPO_25000_bzip2__instcount_128,14000,13656,1.1788,2.10,0.078073,[.00
PPO_25000_bzip2__instcount_128,14000,14177,1.1381,2.02,0.079216,[.00
PPO_25000_bzip2__instcount_128,14000,13745,1.1719,2.09,0.081444,[.00
PPO_25000_bzip2__instcount_128,14000,14111,1.1433,2.03,0.08339,[.00
PPO_25000_bzip2__instcount_128,14000,13391,1.1995,2.14,0.079848,[.00
PPO_25000_bzip2__instcount_128,14000,13465,1.1937,2.13,0.078946,[.00
PPO_25000_bzip2__instcount_128,14000,13641,1.1800,2.10,0.080793,[.00
PPO_25000_bzip2__instcount_128,14000,14376,1.1226,1.99,0.085537,[.00
PPO_25000_bzip2__instcount_128,14000,13331,1.2042,2.15,0.084167,[.00
PPO_25000_bzip2__instcount_128,14000,13676,1.1773,2.10,0.077511,[.00
PPO_25000_bzip2__instcount_128,14000,13621,1.1816,2.11,0.082284,[.00
PPO_25000_bzip2__instcount_128,14000,13911,1.1589,2.06,0.084168,[.00
PPO_25000_bzip2__instcount_128,14000,13325,1.2047,2.15,0.079723,[.00
PPO_25000_bzip2__instcount_128,14000,14170,1.1387,2.02,0.088206,[.00
PPO_25000_bzip2__instcount_128,14000,13911,1.1589,2.06,0.082028,[.00
PPO_25000_bzip2__instcount_128,14000,14771,1.0917,1.94,0.074015,[.00
PPO_25000_bzip2__instcount_128,14000,14647,1.1014,1.96,0.07709,[.00
PPO_25000_bzip2__instcount_128,14000,13433,1.1962,2.14,0.07907,[.00
PPO_25000_bzip2__instcount_128,14000,13981,1.1534,2.05,0.085852,[.00
PPO_25000_bzip2__instcount_128,14000,13530,1.1887,2.12,0.081787,[.00
PPO_25000_bzip2__instcount_128,14000,13873,1.1619,2.07,0.073789,[.00
PPO_25000_bzip2__instcount_128,14000,13616,1.1820,2.11,0.079273,[.00
PPO_25000_bzip2__instcount_128,14000,13889,1.1606,2.06,0.080655,[.00
PPO_25000_bzip2__instcount_128,14000,14268,1.1310,2.01,0.087239,[.00
PPO_25000_bzip2__instcount_128,14000,13683,1.1767,2.10,0.08129,[.00
PPO_25000_bzip2__instcount_128,14000,14088,1.1451,2.04,0.079787,[.00
PPO_25000_bzip2__instcount_128,14000,13839,1.1645,2.07,0.083841,[.00
PPO_25000_bzip2__instcount_128,14000,13997,1.1522,2.05,0.083282,[.00
PPO_25000_bzip2__instcount_128,14000,13577,1.1850,2.11,0.090303,[.00
PPO_25000_bzip2__instcount_128,14000,13735,1.1727,2.09,0.086107,[.00
PPO_25000_bzip2__instcount_128,14000,13314,1.2055,2.15,0.083295,[.00
PPO_25000_bzip2__instcount_128,14000,13654,1.1790,2.10,0.078854,[.00
PPO_25000_bzip2__instcount_128,14000,13436,1.1960,2.13,0.083248,[.00
PPO_25000_bzip2__instcount_128,14000,13492,1.1916,2.13,0.082004,[.00
PPO_25000_bzip2__instcount_128,14000,13572,1.1854,2.11,0.079541,[.00
PPO_25000_bzip2__instcount_128,14000,13811,1.1667,2.08,0.082896,[.00
PPO_25000_bzip2__instcount_128,14000,13513,1.1900,2.12,0.081771,[.00
PPO_25000_bzip2__instcount_128,14000,13413,1.1978,2.14,0.087609,[.00
PPO_25000_bzip2__instcount_128,14000,13285,1.2078,2.16,0.079956,[.00
PPO_25000_bzip2__instcount_128,14000,14126,1.1421,2.03,0.077873,[.00
PPO_25000_bzip2__instcount_128,14000,13376,1.2007,2.14,0.078978,[.00
PPO_25000_bzip2__instcount_128,14000,14772,1.0917,1.94,0.074883,[.00
PPO_25000_bzip2__instcount_128,14000,13707,1.1748,2.09,0.083274,[.00
PPO_25000_bzip2__instcount_128,14000,13304,1.2063,2.16,0.083928,[.00
PPO_25000_bzip2__instcount_128,14000,13745,1.1719,2.09,0.079363,[.00
PPO_25000_bzip2__instcount_128,14000,13276,1.2085,2.16,0.08648,[.00
PPO_25000_bzip2__instcount_128,14000,13742,1.1721,2.09,0.082449,[.00
PPO_25000_bzip2__instcount_128,14000,13909,1.1591,2.06,0.080934,[.00
PPO_25000_bzip2__instcount_128,14000,13391,1.1995,2.14,0.081946,[.00
PPO_25000_bzip2__instcount_128,14000,13903,1.1595,2.06,0.089363,[.00
PPO_25000_bzip2__instcount_128,14000,13739,1.1723,2.09,0.079882,[.00
PPO_25000_bzip2__instcount_128,14000,13600,1.1832,2.11,0.091158,[.00
PPO_25000_bzip2__instcount_128,14000,13685,1.1766,2.10,0.084097,[.00
PPO_25000_bzip2__instcount_128,14000,14443,1.1174,1.99,0.092441,[.00
PPO_25000_bzip2__instcount_128,14000,13375,1.2008,2.14,0.081498,[.00
PPO_25000_bzip2__instcount_128,14000,13681,1.1769,2.10,0.078523,[.00
PPO_25000_bzip2__instcount_128,14000,14370,1.1231,2.00,0.083348,[.00
PPO_25000_bzip2__instcount_128,14000,13724,1.1735,2.09,0.080039,[.00
PPO_25000_bzip2__instcount_128,14000,13686,1.1765,2.10,0.079412,[.00
PPO_25000_bzip2__instcount_128,14000,13989,1.1528,2.05,0.080584,[.00
PPO_25000_bzip2__instcount_128,14000,13410,1.1980,2.14,0.079769,[.00
PPO_25000_bzip2__instcount_128,14000,13960,1.1551,2.05,0.081548,[.00
PPO_25000_bzip2__instcount_128,14000,13390,1.1996,2.14,0.082346,[.00
PPO_25000_bzip2__instcount_128,14000,13808,1.1670,2.08,0.081175,[.00
PPO_25000_bzip2__instcount_128,14000,13737,1.1725,2.09,0.083403,[.00
PPO_25000_bzip2__instcount_128,14000,13369,1.2012,2.15,0.084103,[.00
PPO_25000_bzip2__instcount_128,14000,14111,1.1433,2.03,0.077961,[.00
PPO_25000_bzip2__instcount_128,14000,13555,1.1867,2.12,0.082938,[.00
PPO_25000_bzip2__instcount_128,14000,13355,1.2023,2.15,0.079349,[.00
PPO_25000_bzip2__instcount_128,14000,14026,1.1499,2.04,0.073493,[.00
PPO_25000_bzip2__instcount_128,14000,14058,1.1474,2.04,0.076078,[.00
PPO_25000_bzip2__instcount_128,14000,13423,1.1970,2.14,0.081174,[.00
PPO_25000_bzip2__instcount_128,14000,15566,1.0296,1.84,0.082707,[.00
PPO_25000_bzip2__instcount_128,14000,13773,1.1697,2.08,0.081803,[.00
PPO_25000_bzip2__instcount_128,14000,14556,1.1085,1.97,0.077715,[.00
PPO_25000_bzip2__instcount_128,14000,13331,1.2042,2.15,0.07905,[.00
PPO_25000_bzip2__instcount_128,14000,14552,1.1088,1.97,0.083823,[.00
PPO_25000_bzip2__instcount_128,14000,14253,1.1322,2.01,0.08502,[.00
PPO_25000_bzip2__instcount_128,14000,14210,1.1356,2.02,0.081719,[.00
PPO_25000_bzip2__instcount_128,14000,13822,1.1659,2.07,0.082385,[.00
PPO_25000_bzip2__instcount_128,14000,13534,1.1884,2.12,0.081001,[.00
PPO_25000_bzip2__instcount_128,14000,13756,1.1710,2.08,0.080349,[.00
PPO_25000_bzip2__instcount_128,14000,13517,1.1897,2.12,0.086073,[.00
PPO_25000_bzip2__instcount_128,14000,13688,1.1763,2.10,0.080572,[.00
PPO_25000_bzip2__instcount_128,14000,13394,1.1993,2.14,0.078789,[.00
PPO_25000_bzip2__instcount_128,14000,14267,1.1311,2.01,0.087948,[.00
PPO_25000_bzip2__instcount_128,14000,13764,1.1704,2.08,0.080721,[.00
PPO_25000_bzip2__instcount_128,14000,14030,1.1496,2.04,0.085503,[.00
PPO_25000_bzip2__instcount_128,14000,13740,1.1723,2.09,0.084816,[.00
PPO_25000_bzip2__instcount_128,14000,13896,1.1601,2.06,0.084081,[.00
PPO_25000_bzip2__instcount_128,14000,14029,1.1497,2.04,0.086909,[.00
PPO_25000_bzip2__instcount_128,14000,13454,1.1946,2.13,0.080202,[.00
PPO_25000_bzip2__instcount_128,14000,14496,1.1132,1.98,0.077102,[.00
PPO_25000_bzip2__instcount_128,14000,14496,1.1132,1.98,0.078736,[.00
PPO_25000_bzip2__instcount_128,14000,13392,1.1995,2.14,0.081243,[.00
PPO_25000_bzip2__instcount_128,15000,13859,1.1630,2.07,0.082162,[.00
PPO_25000_bzip2__instcount_128,15000,13612,1.1823,2.11,0.086248,[.00
PPO_25000_bzip2__instcount_128,15000,13211,1.2136,2.17,0.083736,[.00
PPO_25000_bzip2__instcount_128,15000,13612,1.1823,2.11,0.082674,[.00
PPO_25000_bzip2__instcount_128,15000,13586,1.1843,2.11,0.078986,[.00
PPO_25000_bzip2__instcount_128,15000,13839,1.1645,2.07,0.082055,[.00
PPO_25000_bzip2__instcount_128,15000,13918,1.1584,2.06,0.083609,[.00
PPO_25000_bzip2__instcount_128,15000,13482,1.1924,2.13,0.078541,[.00
PPO_25000_bzip2__instcount_128,15000,13390,1.1996,2.14,0.082128,[.00
PPO_25000_bzip2__instcount_128,15000,13796,1.1679,2.08,0.080564,[.00
PPO_25000_bzip2__instcount_128,15000,13353,1.2025,2.15,0.08141,[.00
PPO_25000_bzip2__instcount_128,15000,13473,1.1931,2.13,0.078222,[.00
PPO_25000_bzip2__instcount_128,15000,13414,1.1977,2.14,0.07976,[.00
PPO_25000_bzip2__instcount_128,15000,13884,1.1610,2.07,0.081217,[.00
PPO_25000_bzip2__instcount_128,15000,13526,1.1890,2.12,0.078568,[.00
PPO_25000_bzip2__instcount_128,15000,13441,1.1956,2.13,0.07864,[.00
PPO_25000_bzip2__instcount_128,15000,13728,1.1732,2.09,0.082682,[.00
PPO_25000_bzip2__instcount_128,15000,13669,1.1778,2.10,0.084937,[.00
PPO_25000_bzip2__instcount_128,15000,13630,1.1809,2.10,0.080891,[.00
PPO_25000_bzip2__instcount_128,15000,14490,1.1137,1.98,0.075711,[.00
PPO_25000_bzip2__instcount_128,15000,13811,1.1667,2.08,0.086635,[.00
PPO_25000_bzip2__instcount_128,15000,13626,1.1812,2.10,0.076623,[.00
PPO_25000_bzip2__instcount_128,15000,13389,1.1997,2.14,0.079079,[.00
PPO_25000_bzip2__instcount_128,15000,14044,1.1485,2.04,0.100347,[.00
PPO_25000_bzip2__instcount_128,15000,13245,1.2109,2.17,0.078644,[.00
PPO_25000_bzip2__instcount_128,15000,13927,1.1577,2.06,0.08026,[.00
PPO_25000_bzip2__instcount_128,15000,13377,1.2006,2.14,0.07904,[.00
PPO_25000_bzip2__instcount_128,15000,13810,1.1668,2.08,0.087598,[.00
PPO_25000_bzip2__instcount_128,15000,13677,1.1772,2.10,0.082956,[.00
PPO_25000_bzip2__instcount_128,15000,13650,1.1793,2.10,0.083854,[.00
PPO_25000_bzip2__instcount_128,15000,13336,1.2038,2.15,0.087944,[.00
PPO_25000_bzip2__instcount_128,15000,16261,0.9753,1.76,0.083527,[.00
PPO_25000_bzip2__instcount_128,15000,13420,1.1973,2.14,0.084099,[.00
PPO_25000_bzip2__instcount_128,15000,14099,1.1442,2.03,0.080954,[.00
PPO_25000_bzip2__instcount_128,15000,13657,1.1788,2.10,0.083118,[.00
PPO_25000_bzip2__instcount_128,15000,13419,1.1973,2.14,0.077892,[.00
PPO_25000_bzip2__instcount_128,15000,14471,1.1152,1.98,0.082303,[.00
PPO_25000_bzip2__instcount_128,15000,13871,1.1620,2.07,0.076596,[.00
PPO_25000_bzip2__instcount_128,15000,14097,1.1444,2.03,0.067218,[.00
PPO_25000_bzip2__instcount_128,15000,13371,1.2011,2.15,0.077764,[.00
PPO_25000_bzip2__instcount_128,15000,13760,1.1707,2.08,0.086191,[.00
PPO_25000_bzip2__instcount_128,15000,14027,1.1498,2.04,0.081394,[.00
PPO_25000_bzip2__instcount_128,15000,13390,1.1996,2.14,0.080098,[.00
PPO_25000_bzip2__instcount_128,15000,13668,1.1779,2.10,0.079332,[.00
PPO_25000_bzip2__instcount_128,15000,13672,1.1776,2.10,0.079591,[.00
PPO_25000_bzip2__instcount_128,15000,14638,1.1021,1.96,0.079412,[.00
PPO_25000_bzip2__instcount_128,15000,13419,1.1973,2.14,0.082604,[.00
PPO_25000_bzip2__instcount_128,15000,14499,1.1130,1.98,0.079391,[.00
PPO_25000_bzip2__instcount_128,15000,13910,1.1590,2.06,0.063055,[.00
PPO_25000_bzip2__instcount_128,15000,13994,1.1524,2.05,0.087935,[.00
PPO_25000_bzip2__instcount_128,15000,13513,1.1900,2.12,0.077088,[.00
PPO_25000_bzip2__instcount_128,15000,14034,1.1493,2.04,0.07983,[.00
PPO_25000_bzip2__instcount_128,15000,13300,1.2066,2.16,0.085682,[.00
PPO_25000_bzip2__instcount_128,15000,13512,1.1901,2.12,0.083158,[.00
PPO_25000_bzip2__instcount_128,15000,14007,1.1514,2.05,0.082348,[.00
PPO_25000_bzip2__instcount_128,15000,14150,1.1402,2.03,0.082602,[.00
PPO_25000_bzip2__instcount_128,15000,13420,1.1973,2.14,0.085769,[.00
PPO_25000_bzip2__instcount_128,15000,16332,0.9698,1.76,0.080908,[.00
PPO_25000_bzip2__instcount_128,15000,13875,1.1617,2.07,0.08108,[.00
PPO_25000_bzip2__instcount_128,15000,14439,1.1177,1.99,0.080835,[.00
PPO_25000_bzip2__instcount_128,15000,13818,1.1662,2.08,0.083111,[.00
PPO_25000_bzip2__instcount_128,15000,13351,1.2027,2.15,0.082664,[.00
PPO_25000_bzip2__instcount_128,15000,13436,1.1960,2.13,0.082525,[.00
PPO_25000_bzip2__instcount_128,15000,13563,1.1861,2.11,0.083649,[.00
PPO_25000_bzip2__instcount_128,15000,14419,1.1192,1.99,0.081792,[.00
PPO_25000_bzip2__instcount_128,15000,13618,1.1818,2.11,0.081517,[.00
PPO_25000_bzip2__instcount_128,15000,13774,1.1696,2.08,0.081959,[.00
PPO_25000_bzip2__instcount_128,15000,13405,1.1984,2.14,0.077354,[.00
PPO_25000_bzip2__instcount_128,15000,14078,1.1459,2.04,0.090614,[.00
PPO_25000_bzip2__instcount_128,15000,13426,1.1968,2.14,0.079579,[.00
PPO_25000_bzip2__instcount_128,15000,13481,1.1925,2.13,0.079876,[.00
PPO_25000_bzip2__instcount_128,15000,13400,1.1988,2.14,0.080084,[.00
PPO_25000_bzip2__instcount_128,15000,13734,1.1727,2.09,0.078339,[.00
PPO_25000_bzip2__instcount_128,15000,14033,1.1494,2.04,0.073102,[.00
PPO_25000_bzip2__instcount_128,15000,13355,1.2023,2.15,0.078825,[.00
PPO_25000_bzip2__instcount_128,15000,13871,1.1620,2.07,0.080355,[.00
PPO_25000_bzip2__instcount_128,15000,13485,1.1922,2.13,0.080699,[.00
PPO_25000_bzip2__instcount_128,15000,13465,1.1937,2.13,0.095331,[.00
PPO_25000_bzip2__instcount_128,15000,13926,1.1577,2.06,0.084022,[.00
PPO_25000_bzip2__instcount_128,15000,13548,1.1873,2.12,0.078843,[.00
PPO_25000_bzip2__instcount_128,15000,14082,1.1456,2.04,0.084225,[.00
PPO_25000_bzip2__instcount_128,15000,14455,1.1164,1.98,0.080712,[.00
PPO_25000_bzip2__instcount_128,15000,13504,1.1907,2.12,0.078864,[.00
PPO_25000_bzip2__instcount_128,15000,13774,1.1696,2.08,0.084874,[.00
PPO_25000_bzip2__instcount_128,15000,13862,1.1627,2.07,0.067122,[.00
PPO_25000_bzip2__instcount_128,15000,13547,1.1873,2.12,0.080665,[.00
PPO_25000_bzip2__instcount_128,15000,14150,1.1402,2.03,0.087685,[.00
PPO_25000_bzip2__instcount_128,15000,13412,1.1979,2.14,0.083403,[.00
PPO_25000_bzip2__instcount_128,15000,13447,1.1952,2.13,0.098604,[.00
PPO_25000_bzip2__instcount_128,15000,13375,1.2008,2.14,0.085456,[.00
PPO_25000_bzip2__instcount_128,15000,14643,1.1017,1.96,0.100683,[.00
PPO_25000_bzip2__instcount_128,15000,13272,1.2088,2.16,0.079242,[.00
PPO_25000_bzip2__instcount_128,15000,13601,1.1831,2.11,0.088692,[.00
PPO_25000_bzip2__instcount_128,15000,13754,1.1712,2.09,0.07762,[.00
PPO_25000_bzip2__instcount_128,15000,13434,1.1962,2.13,0.08706,[.00
PPO_25000_bzip2__instcount_128,15000,14270,1.1309,2.01,0.082381,[.00
PPO_25000_bzip2__instcount_128,15000,14015,1.1508,2.05,0.090893,[.00
PPO_25000_bzip2__instcount_128,15000,15238,1.0553,1.88,0.074102,[.00
PPO_25000_bzip2__instcount_128,15000,13759,1.1708,2.08,0.084231,[.00
PPO_25000_bzip2__instcount_128,15000,13717,1.1741,2.09,0.086965,[.00
PPO_25000_bzip2__instcount_128,16000,14344,1.1251,2.00,0.06814,[.00
PPO_25000_bzip2__instcount_128,16000,13819,1.1661,2.08,0.079852,[.00
PPO_25000_bzip2__instcount_128,16000,13361,1.2019,2.15,0.082559,[.00
PPO_25000_bzip2__instcount_128,16000,13419,1.1973,2.14,0.082432,[.00
PPO_25000_bzip2__instcount_128,16000,13978,1.1537,2.05,0.080344,[.00
PPO_25000_bzip2__instcount_128,16000,13462,1.1940,2.13,0.078051,[.00
PPO_25000_bzip2__instcount_128,16000,13534,1.1884,2.12,0.078811,[.00
PPO_25000_bzip2__instcount_128,16000,13316,1.2054,2.15,0.078389,[.00
PPO_25000_bzip2__instcount_128,16000,14042,1.1487,2.04,0.081112,[.00
PPO_25000_bzip2__instcount_128,16000,13642,1.1799,2.10,0.082925,[.00
PPO_25000_bzip2__instcount_128,16000,14354,1.1243,2.00,0.07953,[.00
PPO_25000_bzip2__instcount_128,16000,13634,1.1805,2.10,0.080203,[.00
PPO_25000_bzip2__instcount_128,16000,14265,1.1313,2.01,0.084214,[.00
PPO_25000_bzip2__instcount_128,16000,13435,1.1961,2.13,0.080005,[.00
PPO_25000_bzip2__instcount_128,16000,14593,1.1056,1.96,0.072711,[.00
PPO_25000_bzip2__instcount_128,16000,14176,1.1382,2.02,0.084446,[.00
PPO_25000_bzip2__instcount_128,16000,13429,1.1966,2.14,0.082557,[.00
PPO_25000_bzip2__instcount_128,16000,14179,1.1380,2.02,0.082548,[.00
PPO_25000_bzip2__instcount_128,16000,13698,1.1755,2.09,0.078251,[.00
PPO_25000_bzip2__instcount_128,16000,13313,1.2056,2.15,0.082465,[.00
PPO_25000_bzip2__instcount_128,16000,14117,1.1428,2.03,0.081251,[.00
PPO_25000_bzip2__instcount_128,16000,13957,1.1553,2.05,0.085179,[.00
PPO_25000_bzip2__instcount_128,16000,14208,1.1357,2.02,0.083717,[.00
PPO_25000_bzip2__instcount_128,16000,13427,1.1967,2.14,0.080565,[.00
PPO_25000_bzip2__instcount_128,16000,13634,1.1805,2.10,0.080518,[.00
PPO_25000_bzip2__instcount_128,16000,13506,1.1905,2.12,0.078682,[.00
PPO_25000_bzip2__instcount_128,16000,13520,1.1895,2.12,0.083543,[.00
PPO_25000_bzip2__instcount_128,16000,13885,1.1609,2.07,0.081102,[.00
PPO_25000_bzip2__instcount_128,16000,13480,1.1926,2.13,0.083375,[.00
PPO_25000_bzip2__instcount_128,16000,13753,1.1713,2.09,0.086151,[.00
PPO_25000_bzip2__instcount_128,16000,13775,1.1695,2.08,0.081472,[.00
PPO_25000_bzip2__instcount_128,16000,13930,1.1574,2.06,0.079878,[.00
PPO_25000_bzip2__instcount_128,16000,13651,1.1792,2.10,0.078441,[.00
PPO_25000_bzip2__instcount_128,16000,13429,1.1966,2.14,0.083252,[.00
PPO_25000_bzip2__instcount_128,16000,14265,1.1313,2.01,0.075196,[.00
PPO_25000_bzip2__instcount_128,16000,13356,1.2023,2.15,0.082869,[.00
PPO_25000_bzip2__instcount_128,16000,13798,1.1677,2.08,0.084092,[.00
PPO_25000_bzip2__instcount_128,16000,13432,1.1963,2.14,0.080818,[.00
PPO_25000_bzip2__instcount_128,16000,13899,1.1598,2.06,0.089869,[.00
PPO_25000_bzip2__instcount_128,16000,13517,1.1897,2.12,0.078927,[.00
PPO_25000_bzip2__instcount_128,16000,13423,1.1970,2.14,0.081299,[.00
PPO_25000_bzip2__instcount_128,16000,13425,1.1969,2.14,0.078508,[.00
PPO_25000_bzip2__instcount_128,16000,13667,1.1780,2.10,0.078994,[.00
PPO_25000_bzip2__instcount_128,16000,13914,1.1587,2.06,0.085808,[.00
PPO_25000_bzip2__instcount_128,16000,13420,1.1973,2.14,0.080014,[.00
PPO_25000_bzip2__instcount_128,16000,13698,1.1755,2.09,0.099754,[.00
PPO_25000_bzip2__instcount_128,16000,13344,1.2032,2.15,0.082646,[.00
PPO_25000_bzip2__instcount_128,16000,13959,1.1552,2.05,0.078088,[.00
PPO_25000_bzip2__instcount_128,16000,14021,1.1503,2.05,0.080322,[.00
PPO_25000_bzip2__instcount_128,16000,13460,1.1941,2.13,0.079384,[.00
PPO_25000_bzip2__instcount_128,16000,13878,1.1615,2.07,0.083751,[.00
PPO_25000_bzip2__instcount_128,16000,13489,1.1919,2.13,0.079784,[.00
PPO_25000_bzip2__instcount_128,16000,13841,1.1644,2.07,0.080518,[.00
PPO_25000_bzip2__instcount_128,16000,13518,1.1896,2.12,0.081915,[.00
PPO_25000_bzip2__instcount_128,16000,13434,1.1962,2.13,0.079076,[.00
PPO_25000_bzip2__instcount_128,16000,13902,1.1596,2.06,0.078517,[.00
PPO_25000_bzip2__instcount_128,16000,15176,1.0601,1.89,0.08855,[.00
PPO_25000_bzip2__instcount_128,16000,13710,1.1746,2.09,0.08415,[.00
PPO_25000_bzip2__instcount_128,16000,14431,1.1183,1.99,0.084819,[.00
PPO_25000_bzip2__instcount_128,16000,14335,1.1258,2.00,0.07555,[.00
PPO_25000_bzip2__instcount_128,16000,17816,0.8539,1.61,0.080928,[.00
PPO_25000_bzip2__instcount_128,16000,13310,1.2059,2.15,0.085606,[.00
PPO_25000_bzip2__instcount_128,16000,13204,1.2141,2.17,0.081565,[.00
PPO_25000_bzip2__instcount_128,16000,13633,1.1806,2.10,0.081061,[.00
PPO_25000_bzip2__instcount_128,16000,13592,1.1838,2.11,0.085549,[.00
PPO_25000_bzip2__instcount_128,16000,13377,1.2006,2.14,0.079805,[.00
PPO_25000_bzip2__instcount_128,16000,13482,1.1924,2.13,0.086544,[.00
PPO_25000_bzip2__instcount_128,16000,14018,1.1506,2.05,0.081597,[.00
PPO_25000_bzip2__instcount_128,16000,13609,1.1825,2.11,0.084788,[.00
PPO_25000_bzip2__instcount_128,16000,13782,1.1690,2.08,0.079343,[.00
PPO_25000_bzip2__instcount_128,16000,13669,1.1778,2.10,0.081922,[.00
PPO_25000_bzip2__instcount_128,16000,13381,1.2003,2.14,0.079576,[.00
PPO_25000_bzip2__instcount_128,16000,13685,1.1766,2.10,0.078575,[.00
PPO_25000_bzip2__instcount_128,16000,13635,1.1805,2.10,0.080053,[.00
PPO_25000_bzip2__instcount_128,16000,14936,1.0788,1.92,0.074468,[.00
PPO_25000_bzip2__instcount_128,16000,13299,1.2067,2.16,0.079978,[.00
PPO_25000_bzip2__instcount_128,16000,13445,1.1953,2.13,0.082955,[.00
PPO_25000_bzip2__instcount_128,16000,14016,1.1507,2.05,0.08033,[.00
PPO_25000_bzip2__instcount_128,16000,13402,1.1987,2.14,0.084179,[.00
PPO_25000_bzip2__instcount_128,16000,13378,1.2005,2.14,0.084929,[.00
PPO_25000_bzip2__instcount_128,16000,13621,1.1816,2.11,0.081338,[.00
PPO_25000_bzip2__instcount_128,16000,13342,1.2034,2.15,0.08307,[.00
PPO_25000_bzip2__instcount_128,16000,14052,1.1479,2.04,0.083733,[.00
PPO_25000_bzip2__instcount_128,16000,14030,1.1496,2.04,0.088957,[.00
PPO_25000_bzip2__instcount_128,16000,13356,1.2023,2.15,0.080528,[.00
PPO_25000_bzip2__instcount_128,16000,13596,1.1835,2.11,0.082168,[.00
PPO_25000_bzip2__instcount_128,16000,13791,1.1683,2.08,0.079002,[.00
PPO_25000_bzip2__instcount_128,16000,13643,1.1798,2.10,0.082926,[.00
PPO_25000_bzip2__instcount_128,16000,13979,1.1536,2.05,0.083423,[.00
PPO_25000_bzip2__instcount_128,16000,13725,1.1734,2.09,0.081276,[.00
PPO_25000_bzip2__instcount_128,16000,13803,1.1673,2.08,0.08415,[.00
PPO_25000_bzip2__instcount_128,16000,13923,1.1580,2.06,0.082247,[.00
PPO_25000_bzip2__instcount_128,16000,13367,1.2014,2.15,0.084157,[.00
PPO_25000_bzip2__instcount_128,16000,13891,1.1605,2.06,0.078078,[.00
PPO_25000_bzip2__instcount_128,16000,13547,1.1873,2.12,0.081814,[.00
PPO_25000_bzip2__instcount_128,16000,13682,1.1768,2.10,0.0808,[.00
PPO_25000_bzip2__instcount_128,16000,13642,1.1799,2.10,0.078128,[.00
PPO_25000_bzip2__instcount_128,16000,13421,1.1972,2.14,0.081214,[.00
PPO_25000_bzip2__instcount_128,16000,14660,1.1004,1.96,0.07998,[.00
PPO_25000_bzip2__instcount_128,16000,13798,1.1677,2.08,0.084399,[.00
PPO_25000_bzip2__instcount_128,17000,13918,1.1584,2.06,0.082878,[.00
PPO_25000_bzip2__instcount_128,17000,13324,1.2048,2.15,0.080917,[.00
PPO_25000_bzip2__instcount_128,17000,13295,1.2070,2.16,0.085757,[.00
PPO_25000_bzip2__instcount_128,17000,13376,1.2007,2.14,0.082678,[.00
PPO_25000_bzip2__instcount_128,17000,13466,1.1937,2.13,0.082839,[.00
PPO_25000_bzip2__instcount_128,17000,13293,1.2072,2.16,0.081848,[.00
PPO_25000_bzip2__instcount_128,17000,13457,1.1944,2.13,0.080859,[.00
PPO_25000_bzip2__instcount_128,17000,13498,1.1912,2.12,0.089066,[.00
PPO_25000_bzip2__instcount_128,17000,13821,1.1659,2.08,0.082023,[.00
PPO_25000_bzip2__instcount_128,17000,13653,1.1791,2.10,0.083638,[.00
PPO_25000_bzip2__instcount_128,17000,14055,1.1477,2.04,0.079843,[.00
PPO_25000_bzip2__instcount_128,17000,13372,1.2010,2.14,0.084932,[.00
PPO_25000_bzip2__instcount_128,17000,14171,1.1386,2.02,0.083106,[.00
PPO_25000_bzip2__instcount_128,17000,13635,1.1805,2.10,0.085794,[.00
PPO_25000_bzip2__instcount_128,17000,13549,1.1872,2.12,0.082112,[.00
PPO_25000_bzip2__instcount_128,17000,13450,1.1949,2.13,0.08246,[.00
PPO_25000_bzip2__instcount_128,17000,13692,1.1760,2.09,0.081599,[.00
PPO_25000_bzip2__instcount_128,17000,13398,1.1990,2.14,0.08117,[.00
PPO_25000_bzip2__instcount_128,17000,13693,1.1759,2.09,0.083088,[.00
PPO_25000_bzip2__instcount_128,17000,13418,1.1974,2.14,0.08238,[.00
PPO_25000_bzip2__instcount_128,17000,14043,1.1486,2.04,0.083072,[.00
PPO_25000_bzip2__instcount_128,17000,13958,1.1552,2.05,0.087463,[.00
PPO_25000_bzip2__instcount_128,17000,13636,1.1804,2.10,0.08178,[.00
PPO_25000_bzip2__instcount_128,17000,13969,1.1544,2.05,0.091757,[.00
PPO_25000_bzip2__instcount_128,17000,13659,1.1786,2.10,0.077818,[.00
PPO_25000_bzip2__instcount_128,17000,14013,1.1509,2.05,0.078922,[.00
PPO_25000_bzip2__instcount_128,17000,14104,1.1438,2.03,0.081216,[.00
PPO_25000_bzip2__instcount_128,17000,13929,1.1575,2.06,0.087357,[.00
PPO_25000_bzip2__instcount_128,17000,13494,1.1915,2.13,0.084898,[.00
PPO_25000_bzip2__instcount_128,17000,13410,1.1980,2.14,0.082603,[.00
PPO_25000_bzip2__instcount_128,17000,14555,1.1086,1.97,0.086976,[.00
PPO_25000_bzip2__instcount_128,17000,13586,1.1843,2.11,0.083743,[.00
PPO_25000_bzip2__instcount_128,17000,13429,1.1966,2.14,0.089289,[.00
PPO_25000_bzip2__instcount_128,17000,13896,1.1601,2.06,0.081246,[.00
PPO_25000_bzip2__instcount_128,17000,13723,1.1736,2.09,0.080776,[.00
PPO_25000_bzip2__instcount_128,17000,14311,1.1277,2.00,0.082115,[.00
PPO_25000_bzip2__instcount_128,17000,14487,1.1139,1.98,0.086134,[.00
PPO_25000_bzip2__instcount_128,17000,13854,1.1634,2.07,0.085353,[.00
PPO_25000_bzip2__instcount_128,17000,13452,1.1948,2.13,0.083406,[.00
PPO_25000_bzip2__instcount_128,17000,13225,1.2125,2.17,0.081615,[.00
PPO_25000_bzip2__instcount_128,17000,13313,1.2056,2.15,0.081088,[.00
PPO_25000_bzip2__instcount_128,17000,14945,1.0781,1.92,0.094323,[.00
PPO_25000_bzip2__instcount_128,17000,13617,1.1819,2.11,0.088654,[.00
PPO_25000_bzip2__instcount_128,17000,13353,1.2025,2.15,0.08305,[.00
PPO_25000_bzip2__instcount_128,17000,13871,1.1620,2.07,0.090896,[.00
PPO_25000_bzip2__instcount_128,17000,13290,1.2074,2.16,0.085894,[.00
PPO_25000_bzip2__instcount_128,17000,13508,1.1904,2.12,0.080187,[.00
PPO_25000_bzip2__instcount_128,17000,13760,1.1707,2.08,0.081117,[.00
PPO_25000_bzip2__instcount_128,17000,13835,1.1648,2.07,0.079001,[.00
PPO_25000_bzip2__instcount_128,17000,13632,1.1807,2.10,0.08289,[.00
PPO_25000_bzip2__instcount_128,17000,13537,1.1881,2.12,0.082156,[.00
PPO_25000_bzip2__instcount_128,17000,14099,1.1442,2.03,0.081555,[.00
PPO_25000_bzip2__instcount_128,17000,13748,1.1716,2.09,0.090377,[.00
PPO_25000_bzip2__instcount_128,17000,13396,1.1991,2.14,0.079833,[.00
PPO_25000_bzip2__instcount_128,17000,13461,1.1941,2.13,0.083405,[.00
PPO_25000_bzip2__instcount_128,17000,14006,1.1515,2.05,0.082136,[.00
PPO_25000_bzip2__instcount_128,17000,13484,1.1923,2.13,0.081918,[.00
PPO_25000_bzip2__instcount_128,17000,13417,1.1975,2.14,0.080296,[.00
PPO_25000_bzip2__instcount_128,17000,13300,1.2066,2.16,0.086641,[.00
PPO_25000_bzip2__instcount_128,17000,13525,1.1891,2.12,0.080812,[.00
PPO_25000_bzip2__instcount_128,17000,13648,1.1795,2.10,0.0782,[.00
PPO_25000_bzip2__instcount_128,17000,13964,1.1548,2.05,0.084843,[.00
PPO_25000_bzip2__instcount_128,17000,13718,1.1740,2.09,0.08119,[.00
PPO_25000_bzip2__instcount_128,17000,13512,1.1901,2.12,0.083357,[.00
PPO_25000_bzip2__instcount_128,17000,13923,1.1580,2.06,0.080394,[.00
PPO_25000_bzip2__instcount_128,17000,13622,1.1815,2.11,0.078901,[.00
PPO_25000_bzip2__instcount_128,17000,13288,1.2076,2.16,0.080664,[.00
PPO_25000_bzip2__instcount_128,17000,13543,1.1877,2.12,0.080025,[.00
PPO_25000_bzip2__instcount_128,17000,14442,1.1174,1.99,0.095361,[.00
PPO_25000_bzip2__instcount_128,17000,13927,1.1577,2.06,0.079547,[.00
PPO_25000_bzip2__instcount_128,17000,14232,1.1338,2.01,0.079513,[.00
PPO_25000_bzip2__instcount_128,17000,13333,1.2041,2.15,0.086089,[.00
PPO_25000_bzip2__instcount_128,17000,14233,1.1338,2.01,0.067848,[.00
PPO_25000_bzip2__instcount_128,17000,13691,1.1761,2.09,0.084177,[.00
PPO_25000_bzip2__instcount_128,17000,14595,1.1055,1.96,0.089016,[.00
PPO_25000_bzip2__instcount_128,17000,13609,1.1825,2.11,0.078658,[.00
PPO_25000_bzip2__instcount_128,17000,13305,1.2062,2.16,0.084368,[.00
PPO_25000_bzip2__instcount_128,17000,13411,1.1980,2.14,0.081484,[.00
PPO_25000_bzip2__instcount_128,17000,13376,1.2007,2.14,0.07971,[.00
PPO_25000_bzip2__instcount_128,17000,13705,1.1750,2.09,0.085806,[.00
PPO_25000_bzip2__instcount_128,17000,13580,1.1848,2.11,0.083333,[.00
PPO_25000_bzip2__instcount_128,17000,13531,1.1886,2.12,0.084611,[.00
PPO_25000_bzip2__instcount_128,17000,13305,1.2062,2.16,0.078772,[.00
PPO_25000_bzip2__instcount_128,17000,14353,1.1244,2.00,0.082508,[.00
PPO_25000_bzip2__instcount_128,17000,13862,1.1627,2.07,0.081186,[.00
PPO_25000_bzip2__instcount_128,17000,13213,1.2134,2.17,0.081746,[.00
PPO_25000_bzip2__instcount_128,17000,13772,1.1698,2.08,0.083869,[.00
PPO_25000_bzip2__instcount_128,17000,13853,1.1634,2.07,0.08202,[.00
PPO_25000_bzip2__instcount_128,17000,13240,1.2113,2.17,0.088028,[.00
PPO_25000_bzip2__instcount_128,17000,13717,1.1741,2.09,0.078236,[.00
PPO_25000_bzip2__instcount_128,17000,14538,1.1099,1.97,0.0654,[.00
PPO_25000_bzip2__instcount_128,17000,13516,1.1898,2.12,0.084973,[.00
PPO_25000_bzip2__instcount_128,17000,13397,1.1991,2.14,0.08012,[.00
PPO_25000_bzip2__instcount_128,17000,13372,1.2010,2.14,0.084286,[.00
PPO_25000_bzip2__instcount_128,17000,13440,1.1957,2.13,0.08587,[.00
PPO_25000_bzip2__instcount_128,17000,13455,1.1945,2.13,0.084227,[.00
PPO_25000_bzip2__instcount_128,17000,13599,1.1833,2.11,0.082078,[.00
PPO_25000_bzip2__instcount_128,17000,13378,1.2005,2.14,0.078262,[.00
PPO_25000_bzip2__instcount_128,17000,13410,1.1980,2.14,0.082814,[.00
PPO_25000_bzip2__instcount_128,17000,13615,1.1820,2.11,0.080582,[.00
PPO_25000_bzip2__instcount_128,18000,13988,1.1529,2.05,0.085656,[.00
PPO_25000_bzip2__instcount_128,18000,13560,1.1863,2.12,0.078807,[.00
PPO_25000_bzip2__instcount_128,18000,13310,1.2059,2.15,0.084537,[.00
PPO_25000_bzip2__instcount_128,18000,13351,1.2027,2.15,0.081576,[.00
PPO_25000_bzip2__instcount_128,18000,13451,1.1948,2.13,0.081266,[.00
PPO_25000_bzip2__instcount_128,18000,13472,1.1932,2.13,0.080852,[.00
PPO_25000_bzip2__instcount_128,18000,13677,1.1772,2.10,0.083138,[.00
PPO_25000_bzip2__instcount_128,18000,13639,1.1802,2.10,0.08099,[.00
PPO_25000_bzip2__instcount_128,18000,13459,1.1942,2.13,0.07997,[.00
PPO_25000_bzip2__instcount_128,18000,13403,1.1986,2.14,0.082003,[.00
PPO_25000_bzip2__instcount_128,18000,13446,1.1952,2.13,0.082397,[.00
PPO_25000_bzip2__instcount_128,18000,13625,1.1812,2.10,0.079578,[.00
PPO_25000_bzip2__instcount_128,18000,13823,1.1658,2.07,0.082383,[.00
PPO_25000_bzip2__instcount_128,18000,13627,1.1811,2.10,0.079961,[.00
PPO_25000_bzip2__instcount_128,18000,13744,1.1720,2.09,0.083724,[.00
PPO_25000_bzip2__instcount_128,18000,13728,1.1732,2.09,0.081436,[.00
PPO_25000_bzip2__instcount_128,18000,13880,1.1613,2.07,0.079607,[.00
PPO_25000_bzip2__instcount_128,18000,13360,1.2019,2.15,0.082285,[.00
PPO_25000_bzip2__instcount_128,18000,13976,1.1538,2.05,0.082896,[.00
PPO_25000_bzip2__instcount_128,18000,13289,1.2075,2.16,0.081256,[.00
PPO_25000_bzip2__instcount_128,18000,13741,1.1722,2.09,0.086745,[.00
PPO_25000_bzip2__instcount_128,18000,13714,1.1743,2.09,0.077508,[.00
PPO_25000_bzip2__instcount_128,18000,13343,1.2033,2.15,0.083551,[.00
PPO_25000_bzip2__instcount_128,18000,13998,1.1521,2.05,0.083545,[.00
PPO_25000_bzip2__instcount_128,18000,13736,1.1726,2.09,0.077717,[.00
PPO_25000_bzip2__instcount_128,18000,13444,1.1954,2.13,0.079203,[.00
PPO_25000_bzip2__instcount_128,18000,13808,1.1670,2.08,0.083181,[.00
PPO_25000_bzip2__instcount_128,18000,13329,1.2044,2.15,0.080999,[.00
PPO_25000_bzip2__instcount_128,18000,13936,1.1570,2.06,0.080474,[.00
PPO_25000_bzip2__instcount_128,18000,13542,1.1877,2.12,0.087133,[.00
PPO_25000_bzip2__instcount_128,18000,13848,1.1638,2.07,0.083103,[.00
PPO_25000_bzip2__instcount_128,18000,13490,1.1918,2.13,0.086827,[.00
PPO_25000_bzip2__instcount_128,18000,13375,1.2008,2.14,0.083351,[.00
PPO_25000_bzip2__instcount_128,18000,13674,1.1774,2.10,0.078459,[.00
PPO_25000_bzip2__instcount_128,18000,13542,1.1877,2.12,0.084046,[.00
PPO_25000_bzip2__instcount_128,18000,13765,1.1703,2.08,0.073852,[.00
PPO_25000_bzip2__instcount_128,18000,13395,1.1992,2.14,0.084109,[.00
PPO_25000_bzip2__instcount_128,18000,13782,1.1690,2.08,0.085312,[.00
PPO_25000_bzip2__instcount_128,18000,13434,1.1962,2.13,0.084116,[.00
PPO_25000_bzip2__instcount_128,18000,13497,1.1912,2.12,0.084827,[.00
PPO_25000_bzip2__instcount_128,18000,14081,1.1456,2.04,0.088208,[.00
PPO_25000_bzip2__instcount_128,18000,13312,1.2057,2.15,0.07888,[.00
PPO_25000_bzip2__instcount_128,18000,13349,1.2028,2.15,0.083265,[.00
PPO_25000_bzip2__instcount_128,18000,13268,1.2091,2.16,0.082463,[.00
PPO_25000_bzip2__instcount_128,18000,13491,1.1917,2.13,0.078362,[.00
PPO_25000_bzip2__instcount_128,18000,13554,1.1868,2.12,0.08519,[.00
PPO_25000_bzip2__instcount_128,18000,13574,1.1852,2.11,0.085339,[.00
PPO_25000_bzip2__instcount_128,18000,13493,1.1916,2.13,0.080776,[.00
PPO_25000_bzip2__instcount_128,18000,13523,1.1892,2.12,0.085609,[.00
PPO_25000_bzip2__instcount_128,18000,14617,1.1038,1.96,0.067447,[.00
PPO_25000_bzip2__instcount_128,18000,13678,1.1771,2.10,0.084697,[.00
PPO_25000_bzip2__instcount_128,18000,13430,1.1965,2.14,0.081038,[.00
PPO_25000_bzip2__instcount_128,18000,13725,1.1734,2.09,0.079017,[.00
PPO_25000_bzip2__instcount_128,18000,13371,1.2011,2.15,0.083732,[.00
PPO_25000_bzip2__instcount_128,18000,13952,1.1557,2.06,0.082516,[.00
PPO_25000_bzip2__instcount_128,18000,13512,1.1901,2.12,0.084224,[.00
PPO_25000_bzip2__instcount_128,18000,13786,1.1687,2.08,0.078749,[.00
PPO_25000_bzip2__instcount_128,18000,13286,1.2077,2.16,0.082475,[.00
PPO_25000_bzip2__instcount_128,18000,13501,1.1909,2.12,0.082909,[.00
PPO_25000_bzip2__instcount_128,18000,13414,1.1977,2.14,0.083459,[.00
PPO_25000_bzip2__instcount_128,18000,13756,1.1710,2.08,0.082851,[.00
PPO_25000_bzip2__instcount_128,18000,13904,1.1595,2.06,0.084875,[.00
PPO_25000_bzip2__instcount_128,18000,13283,1.2080,2.16,0.079282,[.00
PPO_25000_bzip2__instcount_128,18000,13855,1.1633,2.07,0.070303,[.00
PPO_25000_bzip2__instcount_128,18000,13779,1.1692,2.08,0.078223,[.00
PPO_25000_bzip2__instcount_128,18000,13602,1.1830,2.11,0.078035,[.00
PPO_25000_bzip2__instcount_128,18000,13571,1.1855,2.11,0.083085,[.00
PPO_25000_bzip2__instcount_128,18000,13511,1.1902,2.12,0.08022,[.00
PPO_25000_bzip2__instcount_128,18000,13360,1.2019,2.15,0.079667,[.00
PPO_25000_bzip2__instcount_128,18000,13468,1.1935,2.13,0.082295,[.00
PPO_25000_bzip2__instcount_128,18000,15020,1.0723,1.91,0.085268,[.00
PPO_25000_bzip2__instcount_128,18000,14017,1.1506,2.05,0.086557,[.00
PPO_25000_bzip2__instcount_128,18000,13659,1.1786,2.10,0.080643,[.00
PPO_25000_bzip2__instcount_128,18000,13678,1.1771,2.10,0.083475,[.00
PPO_25000_bzip2__instcount_128,18000,14088,1.1451,2.04,0.082007,[.00
PPO_25000_bzip2__instcount_128,18000,13375,1.2008,2.14,0.080319,[.00
PPO_25000_bzip2__instcount_128,18000,13406,1.1984,2.14,0.082898,[.00
PPO_25000_bzip2__instcount_128,18000,13405,1.1984,2.14,0.086257,[.00
PPO_25000_bzip2__instcount_128,18000,13270,1.2090,2.16,0.082478,[.00
PPO_25000_bzip2__instcount_128,18000,13877,1.1616,2.07,0.080148,[.00
PPO_25000_bzip2__instcount_128,18000,13547,1.1873,2.12,0.078069,[.00
PPO_25000_bzip2__instcount_128,18000,13538,1.1880,2.12,0.081122,[.00
PPO_25000_bzip2__instcount_128,18000,14102,1.1440,2.03,0.079819,[.00
PPO_25000_bzip2__instcount_128,18000,13392,1.1995,2.14,0.083418,[.00
PPO_25000_bzip2__instcount_128,18000,13726,1.1734,2.09,0.078475,[.00
PPO_25000_bzip2__instcount_128,18000,13576,1.1851,2.11,0.077107,[.00
PPO_25000_bzip2__instcount_128,18000,13509,1.1903,2.12,0.081824,[.00
PPO_25000_bzip2__instcount_128,18000,13664,1.1782,2.10,0.083775,[.00
PPO_25000_bzip2__instcount_128,18000,13413,1.1978,2.14,0.081008,[.00
PPO_25000_bzip2__instcount_128,18000,13645,1.1797,2.10,0.082481,[.00
PPO_25000_bzip2__instcount_128,18000,13450,1.1949,2.13,0.083744,[.00
PPO_25000_bzip2__instcount_128,18000,13631,1.1808,2.10,0.0812,[.00
PPO_25000_bzip2__instcount_128,18000,13303,1.2064,2.16,0.080271,[.00
PPO_25000_bzip2__instcount_128,18000,13663,1.1783,2.10,0.079018,[.00
PPO_25000_bzip2__instcount_128,18000,13753,1.1713,2.09,0.085984,[.00
PPO_25000_bzip2__instcount_128,18000,13399,1.1989,2.14,0.085133,[.00
PPO_25000_bzip2__instcount_128,18000,13690,1.1762,2.09,0.082413,[.00
PPO_25000_bzip2__instcount_128,18000,14008,1.1513,2.05,0.082333,[.00
PPO_25000_bzip2__instcount_128,18000,13419,1.1973,2.14,0.082291,[.00
PPO_25000_bzip2__instcount_128,18000,13844,1.1641,2.07,0.080666,[.00
PPO_25000_bzip2__instcount_128,19000,13364,1.2016,2.15,0.078409,[.00
PPO_25000_bzip2__instcount_128,19000,13931,1.1573,2.06,0.07978,[.00
PPO_25000_bzip2__instcount_128,19000,14559,1.1083,1.97,0.080912,[.00
PPO_25000_bzip2__instcount_128,19000,13415,1.1977,2.14,0.087238,[.00
PPO_25000_bzip2__instcount_128,19000,13443,1.1955,2.13,0.082763,[.00
PPO_25000_bzip2__instcount_128,19000,13402,1.1987,2.14,0.079996,[.00
PPO_25000_bzip2__instcount_128,19000,13574,1.1852,2.11,0.084678,[.00
PPO_25000_bzip2__instcount_128,19000,13908,1.1591,2.06,0.081779,[.00
PPO_25000_bzip2__instcount_128,19000,14204,1.1360,2.02,0.0824,[.00
PPO_25000_bzip2__instcount_128,19000,14050,1.1481,2.04,0.080761,[.00
PPO_25000_bzip2__instcount_128,19000,13375,1.2008,2.14,0.0803,[.00
PPO_25000_bzip2__instcount_128,19000,13416,1.1976,2.14,0.079999,[.00
PPO_25000_bzip2__instcount_128,19000,13847,1.1639,2.07,0.086911,[.00
PPO_25000_bzip2__instcount_128,19000,13712,1.1745,2.09,0.083986,[.00
PPO_25000_bzip2__instcount_128,19000,13368,1.2013,2.15,0.079909,[.00
PPO_25000_bzip2__instcount_128,19000,13690,1.1762,2.09,0.094517,[.00
PPO_25000_bzip2__instcount_128,19000,13884,1.1610,2.07,0.082115,[.00
PPO_25000_bzip2__instcount_128,19000,13538,1.1880,2.12,0.08961,[.00
PPO_25000_bzip2__instcount_128,19000,13893,1.1603,2.06,0.084845,[.00
PPO_25000_bzip2__instcount_128,19000,13407,1.1983,2.14,0.087211,[.00
PPO_25000_bzip2__instcount_128,19000,13431,1.1964,2.14,0.082175,[.00
PPO_25000_bzip2__instcount_128,19000,13745,1.1719,2.09,0.080545,[.00
PPO_25000_bzip2__instcount_128,19000,13393,1.1994,2.14,0.084227,[.00
PPO_25000_bzip2__instcount_128,19000,13397,1.1991,2.14,0.080563,[.00
PPO_25000_bzip2__instcount_128,19000,13451,1.1948,2.13,0.081021,[.00
PPO_25000_bzip2__instcount_128,19000,14113,1.1431,2.03,0.082269,[.00
PPO_25000_bzip2__instcount_128,19000,13314,1.2055,2.15,0.08033,[.00
PPO_25000_bzip2__instcount_128,19000,13371,1.2011,2.15,0.083232,[.00
PPO_25000_bzip2__instcount_128,19000,13562,1.1862,2.11,0.083163,[.00
PPO_25000_bzip2__instcount_128,19000,13904,1.1595,2.06,0.08789,[.00
PPO_25000_bzip2__instcount_128,19000,13820,1.1660,2.08,0.081563,[.00
PPO_25000_bzip2__instcount_128,19000,13410,1.1980,2.14,0.083585,[.00
PPO_25000_bzip2__instcount_128,19000,13687,1.1764,2.10,0.085185,[.00
PPO_25000_bzip2__instcount_128,19000,13226,1.2124,2.17,0.085949,[.00
PPO_25000_bzip2__instcount_128,19000,13333,1.2041,2.15,0.081038,[.00
PPO_25000_bzip2__instcount_128,19000,14292,1.1291,2.01,0.082663,[.00
PPO_25000_bzip2__instcount_128,19000,13854,1.1634,2.07,0.078982,[.00
PPO_25000_bzip2__instcount_128,19000,14189,1.1372,2.02,0.083242,[.00
PPO_25000_bzip2__instcount_128,19000,13431,1.1964,2.14,0.082357,[.00
PPO_25000_bzip2__instcount_128,19000,13641,1.1800,2.10,0.084344,[.00
PPO_25000_bzip2__instcount_128,19000,13577,1.1850,2.11,0.082966,[.00
PPO_25000_bzip2__instcount_128,19000,13427,1.1967,2.14,0.078672,[.00
PPO_25000_bzip2__instcount_128,19000,13321,1.2050,2.15,0.081588,[.00
PPO_25000_bzip2__instcount_128,19000,13453,1.1947,2.13,0.078012,[.00
PPO_25000_bzip2__instcount_128,19000,15449,1.0388,1.86,0.081512,[.00
PPO_25000_bzip2__instcount_128,19000,13808,1.1670,2.08,0.08448,[.00
PPO_25000_bzip2__instcount_128,19000,13629,1.1809,2.10,0.076721,[.00
PPO_25000_bzip2__instcount_128,19000,14431,1.1183,1.99,0.083899,[.00
PPO_25000_bzip2__instcount_128,19000,13257,1.2100,2.16,0.079702,[.00
PPO_25000_bzip2__instcount_128,19000,14219,1.1349,2.02,0.082847,[.00
PPO_25000_bzip2__instcount_128,19000,13782,1.1690,2.08,0.08074,[.00
PPO_25000_bzip2__instcount_128,19000,13544,1.1876,2.12,0.078053,[.00
PPO_25000_bzip2__instcount_128,19000,14777,1.0913,1.94,0.083035,[.00
PPO_25000_bzip2__instcount_128,19000,13365,1.2016,2.15,0.081447,[.00
PPO_25000_bzip2__instcount_128,19000,13534,1.1884,2.12,0.083201,[.00
PPO_25000_bzip2__instcount_128,19000,13561,1.1862,2.11,0.08209,[.00
PPO_25000_bzip2__instcount_128,19000,13263,1.2095,2.16,0.081491,[.00
PPO_25000_bzip2__instcount_128,19000,14025,1.1500,2.04,0.086152,[.00
PPO_25000_bzip2__instcount_128,19000,14016,1.1507,2.05,0.081057,[.00
PPO_25000_bzip2__instcount_128,19000,13675,1.1773,2.10,0.082758,[.00
PPO_25000_bzip2__instcount_128,19000,13329,1.2044,2.15,0.08216,[.00
PPO_25000_bzip2__instcount_128,19000,13710,1.1746,2.09,0.083961,[.00
PPO_25000_bzip2__instcount_128,19000,13761,1.1706,2.08,0.08274,[.00
PPO_25000_bzip2__instcount_128,19000,14374,1.1227,2.00,0.1035,[.00
PPO_25000_bzip2__instcount_128,19000,13725,1.1734,2.09,0.084516,[.00
PPO_25000_bzip2__instcount_128,19000,13471,1.1933,2.13,0.085475,[.00
PPO_25000_bzip2__instcount_128,19000,13325,1.2047,2.15,0.079595,[.00
PPO_25000_bzip2__instcount_128,19000,13822,1.1659,2.07,0.08362,[.00
PPO_25000_bzip2__instcount_128,19000,13366,1.2015,2.15,0.085747,[.00
PPO_25000_bzip2__instcount_128,19000,13289,1.2075,2.16,0.078443,[.00
PPO_25000_bzip2__instcount_128,19000,13645,1.1797,2.10,0.086455,[.00
PPO_25000_bzip2__instcount_128,19000,13454,1.1946,2.13,0.082408,[.00
PPO_25000_bzip2__instcount_128,19000,13374,1.2009,2.14,0.081621,[.00
PPO_25000_bzip2__instcount_128,19000,14205,1.1359,2.02,0.085107,[.00
PPO_25000_bzip2__instcount_128,19000,13757,1.1709,2.08,0.082367,[.00
PPO_25000_bzip2__instcount_128,19000,13350,1.2027,2.15,0.083333,[.00
PPO_25000_bzip2__instcount_128,19000,13335,1.2039,2.15,0.078893,[.00
PPO_25000_bzip2__instcount_128,19000,13948,1.1560,2.06,0.087409,[.00
PPO_25000_bzip2__instcount_128,19000,13645,1.1797,2.10,0.077619,[.00
PPO_25000_bzip2__instcount_128,19000,13643,1.1798,2.10,0.084644,[.00
PPO_25000_bzip2__instcount_128,19000,13378,1.2005,2.14,0.082368,[.00
PPO_25000_bzip2__instcount_128,19000,13940,1.1566,2.06,0.083169,[.00
PPO_25000_bzip2__instcount_128,19000,13838,1.1646,2.07,0.08501,[.00
PPO_25000_bzip2__instcount_128,19000,13340,1.2035,2.15,0.081971,[.00
PPO_25000_bzip2__instcount_128,19000,13783,1.1689,2.08,0.083046,[.00
PPO_25000_bzip2__instcount_128,19000,13439,1.1958,2.13,0.084954,[.00
PPO_25000_bzip2__instcount_128,19000,14042,1.1487,2.04,0.083252,[.00
PPO_25000_bzip2__instcount_128,19000,13772,1.1698,2.08,0.083431,[.00
PPO_25000_bzip2__instcount_128,19000,13357,1.2022,2.15,0.081226,[.00
PPO_25000_bzip2__instcount_128,19000,14319,1.1270,2.00,0.081284,[.00
PPO_25000_bzip2__instcount_128,19000,13369,1.2012,2.15,0.083487,[.00
PPO_25000_bzip2__instcount_128,19000,15263,1.0533,1.88,0.080412,[.00
PPO_25000_bzip2__instcount_128,19000,13990,1.1527,2.05,0.078664,[.00
PPO_25000_bzip2__instcount_128,19000,13887,1.1608,2.07,0.077061,[.00
PPO_25000_bzip2__instcount_128,19000,13387,1.1998,2.14,0.07819,[.00
PPO_25000_bzip2__instcount_128,19000,13423,1.1970,2.14,0.079515,[.00
PPO_25000_bzip2__instcount_128,19000,13465,1.1937,2.13,0.08101,[.00
PPO_25000_bzip2__instcount_128,19000,14128,1.1420,2.03,0.08497,[.00
PPO_25000_bzip2__instcount_128,19000,13409,1.1981,2.14,0.085527,[.00
PPO_25000_bzip2__instcount_128,19000,13444,1.1954,2.13,0.079631,[.00
PPO_25000_bzip2__instcount_128,20000,13821,1.1659,2.08,0.078115,[.00
PPO_25000_bzip2__instcount_128,20000,13329,1.2044,2.15,0.081177,[.00
PPO_25000_bzip2__instcount_128,20000,13368,1.2013,2.15,0.083214,[.00
PPO_25000_bzip2__instcount_128,20000,13389,1.1997,2.14,0.078994,[.00
PPO_25000_bzip2__instcount_128,20000,13406,1.1984,2.14,0.076959,[.00
PPO_25000_bzip2__instcount_128,20000,13247,1.2108,2.17,0.082236,[.00
PPO_25000_bzip2__instcount_128,20000,27039,0.1334,1.06,0.050617,[.00
PPO_25000_bzip2__instcount_128,20000,13290,1.2074,2.16,0.078339,[.00
PPO_25000_bzip2__instcount_128,20000,13566,1.1859,2.11,0.080447,[.00
PPO_25000_bzip2__instcount_128,20000,13374,1.2009,2.14,0.081563,[.00
PPO_25000_bzip2__instcount_128,20000,13602,1.1830,2.11,0.085018,[.00
PPO_25000_bzip2__instcount_128,20000,13981,1.1534,2.05,0.079913,[.00
PPO_25000_bzip2__instcount_128,20000,13855,1.1633,2.07,0.085291,[.00
PPO_25000_bzip2__instcount_128,20000,14552,1.1088,1.97,0.086721,[.00
PPO_25000_bzip2__instcount_128,20000,13400,1.1988,2.14,0.082606,[.00
PPO_25000_bzip2__instcount_128,20000,13468,1.1935,2.13,0.083163,[.00
PPO_25000_bzip2__instcount_128,20000,13445,1.1953,2.13,0.078612,[.00
PPO_25000_bzip2__instcount_128,20000,13446,1.1952,2.13,0.082123,[.00
PPO_25000_bzip2__instcount_128,20000,13302,1.2065,2.16,0.085891,[.00
PPO_25000_bzip2__instcount_128,20000,13678,1.1771,2.10,0.083233,[.00
PPO_25000_bzip2__instcount_128,20000,13327,1.2045,2.15,0.078238,[.00
PPO_25000_bzip2__instcount_128,20000,13542,1.1877,2.12,0.077751,[.00
PPO_25000_bzip2__instcount_128,20000,13349,1.2028,2.15,0.089885,[.00
PPO_25000_bzip2__instcount_128,20000,13424,1.1970,2.14,0.086816,[.00
PPO_25000_bzip2__instcount_128,20000,13379,1.2005,2.14,0.08235,[.00
PPO_25000_bzip2__instcount_128,20000,14267,1.1311,2.01,0.083002,[.00
PPO_25000_bzip2__instcount_128,20000,13669,1.1778,2.10,0.084049,[.00
PPO_25000_bzip2__instcount_128,20000,13405,1.1984,2.14,0.079903,[.00
PPO_25000_bzip2__instcount_128,20000,13894,1.1602,2.06,0.084463,[.00
PPO_25000_bzip2__instcount_128,20000,13463,1.1939,2.13,0.081037,[.00
PPO_25000_bzip2__instcount_128,20000,13975,1.1539,2.05,0.078516,[.00
PPO_25000_bzip2__instcount_128,20000,13640,1.1801,2.10,0.081988,[.00
PPO_25000_bzip2__instcount_128,20000,13525,1.1891,2.12,0.07864,[.00
PPO_25000_bzip2__instcount_128,20000,13332,1.2041,2.15,0.082842,[.00
PPO_25000_bzip2__instcount_128,20000,13388,1.1998,2.14,0.083005,[.00
PPO_25000_bzip2__instcount_128,20000,13369,1.2012,2.15,0.081526,[.00
PPO_25000_bzip2__instcount_128,20000,13590,1.1840,2.11,0.094973,[.00
PPO_25000_bzip2__instcount_128,20000,13397,1.1991,2.14,0.082543,[.00
PPO_25000_bzip2__instcount_128,20000,13618,1.1818,2.11,0.080679,[.00
PPO_25000_bzip2__instcount_128,20000,13383,1.2002,2.14,0.077892,[.00
PPO_25000_bzip2__instcount_128,20000,14304,1.1282,2.00,0.087154,[.00
PPO_25000_bzip2__instcount_128,20000,13383,1.2002,2.14,0.088759,[.00
PPO_25000_bzip2__instcount_128,20000,13410,1.1980,2.14,0.08157,[.00
PPO_25000_bzip2__instcount_128,20000,13871,1.1620,2.07,0.074556,[.00
PPO_25000_bzip2__instcount_128,20000,13557,1.1866,2.12,0.08181,[.00
PPO_25000_bzip2__instcount_128,20000,13857,1.1631,2.07,0.075923,[.00
PPO_25000_bzip2__instcount_128,20000,13395,1.1992,2.14,0.080221,[.00
PPO_25000_bzip2__instcount_128,20000,13296,1.2069,2.16,0.083917,[.00
PPO_25000_bzip2__instcount_128,20000,13352,1.2026,2.15,0.078985,[.00
PPO_25000_bzip2__instcount_128,20000,13379,1.2005,2.14,0.082894,[.00
PPO_25000_bzip2__instcount_128,20000,13359,1.2020,2.15,0.077934,[.00
PPO_25000_bzip2__instcount_128,20000,13421,1.1972,2.14,0.081263,[.00
PPO_25000_bzip2__instcount_128,20000,13464,1.1938,2.13,0.082015,[.00
PPO_25000_bzip2__instcount_128,20000,13247,1.2108,2.17,0.082226,[.00
PPO_25000_bzip2__instcount_128,20000,13539,1.1880,2.12,0.081111,[.00
PPO_25000_bzip2__instcount_128,20000,13913,1.1588,2.06,0.085699,[.00
PPO_25000_bzip2__instcount_128,20000,13703,1.1752,2.09,0.07947,[.00
PPO_25000_bzip2__instcount_128,20000,13509,1.1903,2.12,0.083629,[.00
PPO_25000_bzip2__instcount_128,20000,13732,1.1729,2.09,0.084382,[.00
PPO_25000_bzip2__instcount_128,20000,13488,1.1920,2.13,0.078763,[.00
PPO_25000_bzip2__instcount_128,20000,13707,1.1748,2.09,0.081981,[.00
PPO_25000_bzip2__instcount_128,20000,13781,1.1691,2.08,0.082059,[.00
PPO_25000_bzip2__instcount_128,20000,14938,1.0787,1.92,0.082062,[.00
PPO_25000_bzip2__instcount_128,20000,14053,1.1478,2.04,0.084121,[.00
PPO_25000_bzip2__instcount_128,20000,13416,1.1976,2.14,0.08007,[.00
PPO_25000_bzip2__instcount_128,20000,13348,1.2029,2.15,0.089539,[.00
PPO_25000_bzip2__instcount_128,20000,13455,1.1945,2.13,0.080143,[.00
PPO_25000_bzip2__instcount_128,20000,13308,1.2060,2.16,0.082184,[.00
PPO_25000_bzip2__instcount_128,20000,13878,1.1615,2.07,0.081898,[.00
PPO_25000_bzip2__instcount_128,20000,13785,1.1688,2.08,0.076248,[.00
PPO_25000_bzip2__instcount_128,20000,15278,1.0521,1.88,0.07227,[.00
PPO_25000_bzip2__instcount_128,20000,13240,1.2113,2.17,0.083472,[.00
PPO_25000_bzip2__instcount_128,20000,13670,1.1777,2.10,0.082475,[.00
PPO_25000_bzip2__instcount_128,20000,13459,1.1942,2.13,0.081487,[.00
PPO_25000_bzip2__instcount_128,20000,13331,1.2042,2.15,0.079074,[.00
PPO_25000_bzip2__instcount_128,20000,13377,1.2006,2.14,0.08311,[.00
PPO_25000_bzip2__instcount_128,20000,13551,1.1870,2.12,0.079238,[.00
PPO_25000_bzip2__instcount_128,20000,13325,1.2047,2.15,0.081203,[.00
PPO_25000_bzip2__instcount_128,20000,13390,1.1996,2.14,0.08269,[.00
PPO_25000_bzip2__instcount_128,20000,13331,1.2042,2.15,0.086917,[.00
PPO_25000_bzip2__instcount_128,20000,13424,1.1970,2.14,0.078809,[.00
PPO_25000_bzip2__instcount_128,20000,13617,1.1819,2.11,0.07803,[.00
PPO_25000_bzip2__instcount_128,20000,13750,1.1715,2.09,0.082762,[.00
PPO_25000_bzip2__instcount_128,20000,17929,0.8451,1.60,0.080214,[.00
PPO_25000_bzip2__instcount_128,20000,13346,1.2030,2.15,0.081883,[.00
PPO_25000_bzip2__instcount_128,20000,13292,1.2073,2.16,0.084836,[.00
PPO_25000_bzip2__instcount_128,20000,13753,1.1713,2.09,0.085132,[.00
PPO_25000_bzip2__instcount_128,20000,13955,1.1555,2.06,0.082255,[.00
PPO_25000_bzip2__instcount_128,20000,13552,1.1870,2.12,0.078619,[.00
PPO_25000_bzip2__instcount_128,20000,13390,1.1996,2.14,0.078832,[.00
PPO_25000_bzip2__instcount_128,20000,14019,1.1505,2.05,0.079683,[.00
PPO_25000_bzip2__instcount_128,20000,13559,1.1864,2.12,0.077726,[.00
PPO_25000_bzip2__instcount_128,20000,13388,1.1998,2.14,0.080043,[.00
PPO_25000_bzip2__instcount_128,20000,13665,1.1781,2.10,0.083863,[.00
PPO_25000_bzip2__instcount_128,20000,13333,1.2041,2.15,0.078376,[.00
PPO_25000_bzip2__instcount_128,20000,13680,1.1770,2.10,0.077862,[.00
PPO_25000_bzip2__instcount_128,20000,13348,1.2029,2.15,0.082457,[.00
PPO_25000_bzip2__instcount_128,20000,13248,1.2107,2.16,0.078679,[.00
PPO_25000_bzip2__instcount_128,20000,13499,1.1911,2.12,0.083483,[.00
PPO_25000_bzip2__instcount_128,20000,13121,1.2206,2.19,0.086112,[.00
PPO_25000_bzip2__instcount_128,21000,13714,1.1743,2.09,0.083923,[.00
PPO_25000_bzip2__instcount_128,21000,13427,1.1967,2.14,0.083333,[.00
PPO_25000_bzip2__instcount_128,21000,13609,1.1825,2.11,0.078685,[.00
PPO_25000_bzip2__instcount_128,21000,13444,1.1954,2.13,0.084612,[.00
PPO_25000_bzip2__instcount_128,21000,13372,1.2010,2.14,0.081911,[.00
PPO_25000_bzip2__instcount_128,21000,13379,1.2005,2.14,0.079376,[.00
PPO_25000_bzip2__instcount_128,21000,13490,1.1918,2.13,0.08313,[.00
PPO_25000_bzip2__instcount_128,21000,13313,1.2056,2.15,0.090493,[.00
PPO_25000_bzip2__instcount_128,21000,13358,1.2021,2.15,0.086767,[.00
PPO_25000_bzip2__instcount_128,21000,13582,1.1846,2.11,0.080132,[.00
PPO_25000_bzip2__instcount_128,21000,13373,1.2009,2.14,0.079842,[.00
PPO_25000_bzip2__instcount_128,21000,13394,1.1993,2.14,0.082417,[.00
PPO_25000_bzip2__instcount_128,21000,13369,1.2012,2.15,0.079714,[.00
PPO_25000_bzip2__instcount_128,21000,13469,1.1934,2.13,0.077362,[.00
PPO_25000_bzip2__instcount_128,21000,14019,1.1505,2.05,0.083276,[.00
PPO_25000_bzip2__instcount_128,21000,13768,1.1701,2.08,0.085416,[.00
PPO_25000_bzip2__instcount_128,21000,13833,1.1650,2.07,0.082088,[.00
PPO_25000_bzip2__instcount_128,21000,13364,1.2016,2.15,0.085211,[.00
PPO_25000_bzip2__instcount_128,21000,15225,1.0563,1.88,0.076127,[.00
PPO_25000_bzip2__instcount_128,21000,13330,1.2043,2.15,0.084875,[.00
PPO_25000_bzip2__instcount_128,21000,13603,1.1830,2.11,0.082436,[.00
PPO_25000_bzip2__instcount_128,21000,13400,1.1988,2.14,0.081578,[.00
PPO_25000_bzip2__instcount_128,21000,13278,1.2084,2.16,0.079949,[.00
PPO_25000_bzip2__instcount_128,21000,13670,1.1777,2.10,0.081612,[.00
PPO_25000_bzip2__instcount_128,21000,13553,1.1869,2.12,0.082432,[.00
PPO_25000_bzip2__instcount_128,21000,13520,1.1895,2.12,0.084112,[.00
PPO_25000_bzip2__instcount_128,21000,13224,1.2126,2.17,0.081625,[.00
PPO_25000_bzip2__instcount_128,21000,13715,1.1742,2.09,0.083248,[.00
PPO_25000_bzip2__instcount_128,21000,13790,1.1684,2.08,0.088697,[.00
PPO_25000_bzip2__instcount_128,21000,13562,1.1862,2.11,0.079449,[.00
PPO_25000_bzip2__instcount_128,21000,13438,1.1959,2.13,0.077166,[.00
PPO_25000_bzip2__instcount_128,21000,13312,1.2057,2.15,0.083248,[.00
PPO_25000_bzip2__instcount_128,21000,13308,1.2060,2.16,0.08236,[.00
PPO_25000_bzip2__instcount_128,21000,13524,1.1891,2.12,0.083862,[.00
PPO_25000_bzip2__instcount_128,21000,13889,1.1606,2.06,0.085232,[.00
PPO_25000_bzip2__instcount_128,21000,13830,1.1652,2.07,0.083048,[.00
PPO_25000_bzip2__instcount_128,21000,13389,1.1997,2.14,0.085513,[.00
PPO_25000_bzip2__instcount_128,21000,14232,1.1338,2.01,0.087696,[.00
PPO_25000_bzip2__instcount_128,21000,13701,1.1753,2.09,0.078129,[.00
PPO_25000_bzip2__instcount_128,21000,13338,1.2037,2.15,0.087581,[.00
PPO_25000_bzip2__instcount_128,21000,13779,1.1692,2.08,0.081863,[.00
PPO_25000_bzip2__instcount_128,21000,13377,1.2006,2.14,0.079427,[.00
PPO_25000_bzip2__instcount_128,21000,13382,1.2002,2.14,0.08502,[.00
PPO_25000_bzip2__instcount_128,21000,13690,1.1762,2.09,0.078622,[.00
PPO_25000_bzip2__instcount_128,21000,13271,1.2089,2.16,0.077402,[.00
PPO_25000_bzip2__instcount_128,21000,13399,1.1989,2.14,0.081554,[.00
PPO_25000_bzip2__instcount_128,21000,13605,1.1828,2.11,0.082383,[.00
PPO_25000_bzip2__instcount_128,21000,14004,1.1516,2.05,0.086276,[.00
PPO_25000_bzip2__instcount_128,21000,13393,1.1994,2.14,0.081921,[.00
PPO_25000_bzip2__instcount_128,21000,13425,1.1969,2.14,0.084024,[.00
PPO_25000_bzip2__instcount_128,21000,13890,1.1605,2.06,0.083241,[.00
PPO_25000_bzip2__instcount_128,21000,13368,1.2013,2.15,0.088643,[.00
PPO_25000_bzip2__instcount_128,21000,13279,1.2083,2.16,0.081949,[.00
PPO_25000_bzip2__instcount_128,21000,13585,1.1844,2.11,0.078055,[.00
PPO_25000_bzip2__instcount_128,21000,13749,1.1716,2.09,0.085441,[.00
PPO_25000_bzip2__instcount_128,21000,13446,1.1952,2.13,0.089828,[.00
PPO_25000_bzip2__instcount_128,21000,13705,1.1750,2.09,0.082641,[.00
PPO_25000_bzip2__instcount_128,21000,13654,1.1790,2.10,0.083979,[.00
PPO_25000_bzip2__instcount_128,21000,13603,1.1830,2.11,0.081916,[.00
PPO_25000_bzip2__instcount_128,21000,13676,1.1773,2.10,0.085051,[.00
PPO_25000_bzip2__instcount_128,21000,13565,1.1859,2.11,0.078758,[.00
PPO_25000_bzip2__instcount_128,21000,13421,1.1972,2.14,0.083089,[.00
PPO_25000_bzip2__instcount_128,21000,13443,1.1955,2.13,0.082863,[.00
PPO_25000_bzip2__instcount_128,21000,13560,1.1863,2.12,0.080742,[.00
PPO_25000_bzip2__instcount_128,21000,13660,1.1785,2.10,0.078916,[.00
PPO_25000_bzip2__instcount_128,21000,13445,1.1953,2.13,0.08175,[.00
PPO_25000_bzip2__instcount_128,21000,13445,1.1953,2.13,0.08469,[.00
PPO_25000_bzip2__instcount_128,21000,13638,1.1802,2.10,0.079132,[.00
PPO_25000_bzip2__instcount_128,21000,13186,1.2155,2.18,0.079966,[.00
PPO_25000_bzip2__instcount_128,21000,13624,1.1813,2.11,0.082092,[.00
PPO_25000_bzip2__instcount_128,21000,13503,1.1908,2.12,0.080723,[.00
PPO_25000_bzip2__instcount_128,21000,13477,1.1928,2.13,0.084203,[.00
PPO_25000_bzip2__instcount_128,21000,13416,1.1976,2.14,0.079861,[.00
PPO_25000_bzip2__instcount_128,21000,13435,1.1961,2.13,0.080064,[.00
PPO_25000_bzip2__instcount_128,21000,13319,1.2052,2.15,0.083432,[.00
PPO_25000_bzip2__instcount_128,21000,13335,1.2039,2.15,0.078949,[.00
PPO_25000_bzip2__instcount_128,21000,13769,1.1700,2.08,0.079175,[.00
PPO_25000_bzip2__instcount_128,21000,13330,1.2043,2.15,0.080445,[.00
PPO_25000_bzip2__instcount_128,21000,13354,1.2024,2.15,0.080314,[.00
PPO_25000_bzip2__instcount_128,21000,13376,1.2007,2.14,0.079667,[.00
PPO_25000_bzip2__instcount_128,21000,13439,1.1958,2.13,0.087049,[.00
PPO_25000_bzip2__instcount_128,21000,13385,1.2000,2.14,0.079395,[.00
PPO_25000_bzip2__instcount_128,21000,13467,1.1936,2.13,0.083964,[.00
PPO_25000_bzip2__instcount_128,21000,13307,1.2061,2.16,0.07787,[.00
PPO_25000_bzip2__instcount_128,21000,13295,1.2070,2.16,0.085947,[.00
PPO_25000_bzip2__instcount_128,21000,14663,1.1002,1.96,0.084957,[.00
PPO_25000_bzip2__instcount_128,21000,13486,1.1921,2.13,0.077894,[.00
PPO_25000_bzip2__instcount_128,21000,13408,1.1982,2.14,0.084276,[.00
PPO_25000_bzip2__instcount_128,21000,13408,1.1982,2.14,0.089884,[.00
PPO_25000_bzip2__instcount_128,21000,13670,1.1777,2.10,0.08527,[.00
PPO_25000_bzip2__instcount_128,21000,13380,1.2004,2.14,0.078568,[.00
PPO_25000_bzip2__instcount_128,21000,13576,1.1851,2.11,0.076828,[.00
PPO_25000_bzip2__instcount_128,21000,13358,1.2021,2.15,0.082983,[.00
PPO_25000_bzip2__instcount_128,21000,13790,1.1684,2.08,0.079593,[.00
PPO_25000_bzip2__instcount_128,21000,13396,1.1991,2.14,0.082097,[.00
PPO_25000_bzip2__instcount_128,21000,13459,1.1942,2.13,0.080826,[.00
PPO_25000_bzip2__instcount_128,21000,13325,1.2047,2.15,0.083266,[.00
PPO_25000_bzip2__instcount_128,21000,13728,1.1732,2.09,0.081244,[.00
PPO_25000_bzip2__instcount_128,21000,13392,1.1995,2.14,0.078107,[.00
PPO_25000_bzip2__instcount_128,21000,13453,1.1947,2.13,0.079163,[.00
PPO_25000_bzip2__instcount_128,22000,13251,1.2105,2.16,0.080972,[.00
PPO_25000_bzip2__instcount_128,22000,13328,1.2044,2.15,0.080289,[.00
PPO_25000_bzip2__instcount_128,22000,13489,1.1919,2.13,0.079582,[.00
PPO_25000_bzip2__instcount_128,22000,13874,1.1618,2.07,0.079462,[.00
PPO_25000_bzip2__instcount_128,22000,13766,1.1702,2.08,0.07739,[.00
PPO_25000_bzip2__instcount_128,22000,13447,1.1952,2.13,0.081333,[.00
PPO_25000_bzip2__instcount_128,22000,13366,1.2015,2.15,0.081966,[.00
PPO_25000_bzip2__instcount_128,22000,13453,1.1947,2.13,0.079416,[.00
PPO_25000_bzip2__instcount_128,22000,13369,1.2012,2.15,0.08645,[.00
PPO_25000_bzip2__instcount_128,22000,13280,1.2082,2.16,0.083687,[.00
PPO_25000_bzip2__instcount_128,22000,13408,1.1982,2.14,0.082448,[.00
PPO_25000_bzip2__instcount_128,22000,13391,1.1995,2.14,0.080615,[.00
PPO_25000_bzip2__instcount_128,22000,13391,1.1995,2.14,0.079221,[.00
PPO_25000_bzip2__instcount_128,22000,13445,1.1953,2.13,0.085739,[.00
PPO_25000_bzip2__instcount_128,22000,13387,1.1998,2.14,0.078889,[.00
PPO_25000_bzip2__instcount_128,22000,13684,1.1766,2.10,0.089836,[.00
PPO_25000_bzip2__instcount_128,22000,13417,1.1975,2.14,0.078126,[.00
PPO_25000_bzip2__instcount_128,22000,14441,1.1175,1.99,0.082516,[.00
PPO_25000_bzip2__instcount_128,22000,13318,1.2052,2.15,0.082462,[.00
PPO_25000_bzip2__instcount_128,22000,13447,1.1952,2.13,0.081619,[.00
PPO_25000_bzip2__instcount_128,22000,13415,1.1977,2.14,0.082935,[.00
PPO_25000_bzip2__instcount_128,22000,13348,1.2029,2.15,0.082076,[.00
PPO_25000_bzip2__instcount_128,22000,13575,1.1852,2.11,0.080246,[.00
PPO_25000_bzip2__instcount_128,22000,13518,1.1896,2.12,0.083109,[.00
PPO_25000_bzip2__instcount_128,22000,13312,1.2057,2.15,0.081893,[.00
PPO_25000_bzip2__instcount_128,22000,13360,1.2019,2.15,0.0814,[.00
PPO_25000_bzip2__instcount_128,22000,13874,1.1618,2.07,0.094873,[.00
PPO_25000_bzip2__instcount_128,22000,13601,1.1831,2.11,0.079843,[.00
PPO_25000_bzip2__instcount_128,22000,13392,1.1995,2.14,0.083098,[.00
PPO_25000_bzip2__instcount_128,22000,13651,1.1792,2.10,0.082937,[.00
PPO_25000_bzip2__instcount_128,22000,13344,1.2032,2.15,0.084903,[.00
PPO_25000_bzip2__instcount_128,22000,13363,1.2017,2.15,0.080992,[.00
PPO_25000_bzip2__instcount_128,22000,13284,1.2079,2.16,0.084227,[.00
PPO_25000_bzip2__instcount_128,22000,13586,1.1843,2.11,0.077799,[.00
PPO_25000_bzip2__instcount_128,22000,13342,1.2034,2.15,0.081665,[.00
PPO_25000_bzip2__instcount_128,22000,13560,1.1863,2.12,0.080938,[.00
PPO_25000_bzip2__instcount_128,22000,13910,1.1590,2.06,0.081335,[.00
PPO_25000_bzip2__instcount_128,22000,13594,1.1837,2.11,0.078387,[.00
PPO_25000_bzip2__instcount_128,22000,13667,1.1780,2.10,0.080381,[.00
PPO_25000_bzip2__instcount_128,22000,13451,1.1948,2.13,0.084364,[.00
PPO_25000_bzip2__instcount_128,22000,13225,1.2125,2.17,0.082934,[.00
PPO_25000_bzip2__instcount_128,22000,13486,1.1921,2.13,0.084074,[.00
PPO_25000_bzip2__instcount_128,22000,13250,1.2105,2.16,0.086725,[.00
PPO_25000_bzip2__instcount_128,22000,13364,1.2016,2.15,0.082829,[.00
PPO_25000_bzip2__instcount_128,22000,13376,1.2007,2.14,0.081131,[.00
PPO_25000_bzip2__instcount_128,22000,13672,1.1776,2.10,0.081127,[.00
PPO_25000_bzip2__instcount_128,22000,13350,1.2027,2.15,0.083909,[.00
PPO_25000_bzip2__instcount_128,22000,13263,1.2095,2.16,0.079247,[.00
PPO_25000_bzip2__instcount_128,22000,13682,1.1768,2.10,0.080214,[.00
PPO_25000_bzip2__instcount_128,22000,13355,1.2023,2.15,0.080419,[.00
PPO_25000_bzip2__instcount_128,22000,13407,1.1983,2.14,0.08124,[.00
PPO_25000_bzip2__instcount_128,22000,13455,1.1945,2.13,0.078476,[.00
PPO_25000_bzip2__instcount_128,22000,13387,1.1998,2.14,0.082667,[.00
PPO_25000_bzip2__instcount_128,22000,14254,1.1321,2.01,0.080539,[.00
PPO_25000_bzip2__instcount_128,22000,13312,1.2057,2.15,0.078873,[.00
PPO_25000_bzip2__instcount_128,22000,14003,1.1517,2.05,0.082143,[.00
PPO_25000_bzip2__instcount_128,22000,13303,1.2064,2.16,0.079242,[.00
PPO_25000_bzip2__instcount_128,22000,13983,1.1533,2.05,0.082615,[.00
PPO_25000_bzip2__instcount_128,22000,13440,1.1957,2.13,0.085286,[.00
PPO_25000_bzip2__instcount_128,22000,13423,1.1970,2.14,0.082955,[.00
PPO_25000_bzip2__instcount_128,22000,13844,1.1641,2.07,0.083074,[.00
PPO_25000_bzip2__instcount_128,22000,13294,1.2071,2.16,0.081344,[.00
PPO_25000_bzip2__instcount_128,22000,13287,1.2077,2.16,0.081005,[.00
PPO_25000_bzip2__instcount_128,22000,13558,1.1865,2.12,0.077685,[.00
PPO_25000_bzip2__instcount_128,22000,13590,1.1840,2.11,0.080667,[.00
PPO_25000_bzip2__instcount_128,22000,14085,1.1453,2.04,0.092271,[.00
PPO_25000_bzip2__instcount_128,22000,14109,1.1434,2.03,0.080194,[.00
PPO_25000_bzip2__instcount_128,22000,13604,1.1829,2.11,0.082273,[.00
PPO_25000_bzip2__instcount_128,22000,13674,1.1774,2.10,0.080929,[.00
PPO_25000_bzip2__instcount_128,22000,13391,1.1995,2.14,0.079873,[.00
PPO_25000_bzip2__instcount_128,22000,13419,1.1973,2.14,0.082641,[.00
PPO_25000_bzip2__instcount_128,22000,13550,1.1871,2.12,0.087647,[.00
PPO_25000_bzip2__instcount_128,22000,13340,1.2035,2.15,0.081763,[.00
PPO_25000_bzip2__instcount_128,22000,13439,1.1958,2.13,0.078868,[.00
PPO_25000_bzip2__instcount_128,22000,13703,1.1752,2.09,0.078449,[.00
PPO_25000_bzip2__instcount_128,22000,13381,1.2003,2.14,0.081191,[.00
PPO_25000_bzip2__instcount_128,22000,13291,1.2073,2.16,0.085681,[.00
PPO_25000_bzip2__instcount_128,22000,13329,1.2044,2.15,0.081279,[.00
PPO_25000_bzip2__instcount_128,22000,13373,1.2009,2.14,0.083561,[.00
PPO_25000_bzip2__instcount_128,22000,13710,1.1746,2.09,0.083262,[.00
PPO_25000_bzip2__instcount_128,22000,13475,1.1930,2.13,0.08004,[.00
PPO_25000_bzip2__instcount_128,22000,13389,1.1997,2.14,0.078179,[.00
PPO_25000_bzip2__instcount_128,22000,13430,1.1965,2.14,0.08046,[.00
PPO_25000_bzip2__instcount_128,22000,13656,1.1788,2.10,0.082719,[.00
PPO_25000_bzip2__instcount_128,22000,13544,1.1876,2.12,0.085435,[.00
PPO_25000_bzip2__instcount_128,22000,13421,1.1972,2.14,0.081001,[.00
PPO_25000_bzip2__instcount_128,22000,13420,1.1973,2.14,0.084418,[.00
PPO_25000_bzip2__instcount_128,22000,13752,1.1713,2.09,0.081027,[.00
PPO_25000_bzip2__instcount_128,22000,13421,1.1972,2.14,0.085213,[.00
PPO_25000_bzip2__instcount_128,22000,13371,1.2011,2.15,0.077807,[.00
PPO_25000_bzip2__instcount_128,22000,13645,1.1797,2.10,0.077603,[.00
PPO_25000_bzip2__instcount_128,22000,13293,1.2072,2.16,0.086529,[.00
PPO_25000_bzip2__instcount_128,22000,13255,1.2102,2.16,0.084096,[.00
PPO_25000_bzip2__instcount_128,22000,13443,1.1955,2.13,0.077972,[.00
PPO_25000_bzip2__instcount_128,22000,13453,1.1947,2.13,0.080822,[.00
PPO_25000_bzip2__instcount_128,22000,13388,1.1998,2.14,0.082744,[.00
PPO_25000_bzip2__instcount_128,22000,13491,1.1917,2.13,0.084123,[.00
PPO_25000_bzip2__instcount_128,22000,13345,1.2031,2.15,0.081518,[.00
PPO_25000_bzip2__instcount_128,22000,15687,1.0202,1.83,0.081652,[.00
PPO_25000_bzip2__instcount_128,22000,13470,1.1934,2.13,0.082612,[.00
PPO_25000_bzip2__instcount_128,23000,13731,1.1730,2.09,0.084881,[.00
PPO_25000_bzip2__instcount_128,23000,13388,1.1998,2.14,0.082149,[.00
PPO_25000_bzip2__instcount_128,23000,13280,1.2082,2.16,0.080746,[.00
PPO_25000_bzip2__instcount_128,23000,14022,1.1502,2.05,0.08697,[.00
PPO_25000_bzip2__instcount_128,23000,13540,1.1879,2.12,0.083132,[.00
PPO_25000_bzip2__instcount_128,23000,13411,1.1980,2.14,0.085345,[.00
PPO_25000_bzip2__instcount_128,23000,13395,1.1992,2.14,0.080883,[.00
PPO_25000_bzip2__instcount_128,23000,14247,1.1327,2.01,0.088206,[.00
PPO_25000_bzip2__instcount_128,23000,13735,1.1727,2.09,0.083663,[.00
PPO_25000_bzip2__instcount_128,23000,13466,1.1937,2.13,0.082525,[.00
PPO_25000_bzip2__instcount_128,23000,13374,1.2009,2.14,0.078508,[.00
PPO_25000_bzip2__instcount_128,23000,13640,1.1801,2.10,0.085459,[.00
PPO_25000_bzip2__instcount_128,23000,13830,1.1652,2.07,0.08173,[.00
PPO_25000_bzip2__instcount_128,23000,13447,1.1952,2.13,0.080937,[.00
PPO_25000_bzip2__instcount_128,23000,15492,1.0354,1.85,0.084368,[.00
PPO_25000_bzip2__instcount_128,23000,13341,1.2034,2.15,0.078971,[.00
PPO_25000_bzip2__instcount_128,23000,13295,1.2070,2.16,0.082929,[.00
PPO_25000_bzip2__instcount_128,23000,13289,1.2075,2.16,0.088009,[.00
PPO_25000_bzip2__instcount_128,23000,13913,1.1588,2.06,0.083009,[.00
PPO_25000_bzip2__instcount_128,23000,13426,1.1968,2.14,0.080696,[.00
PPO_25000_bzip2__instcount_128,23000,13565,1.1859,2.11,0.081785,[.00
PPO_25000_bzip2__instcount_128,23000,13768,1.1701,2.08,0.081038,[.00
PPO_25000_bzip2__instcount_128,23000,13418,1.1974,2.14,0.084625,[.00
PPO_25000_bzip2__instcount_128,23000,13662,1.1784,2.10,0.080867,[.00
PPO_25000_bzip2__instcount_128,23000,13765,1.1703,2.08,0.081979,[.00
PPO_25000_bzip2__instcount_128,23000,13691,1.1761,2.09,0.085688,[.00
PPO_25000_bzip2__instcount_128,23000,13748,1.1716,2.09,0.091244,[.00
PPO_25000_bzip2__instcount_128,23000,13808,1.1670,2.08,0.080025,[.00
PPO_25000_bzip2__instcount_128,23000,13249,1.2106,2.16,0.082604,[.00
PPO_25000_bzip2__instcount_128,23000,14446,1.1171,1.99,0.080377,[.00
PPO_25000_bzip2__instcount_128,23000,13361,1.2019,2.15,0.077093,[.00
PPO_25000_bzip2__instcount_128,23000,13330,1.2043,2.15,0.080607,[.00
PPO_25000_bzip2__instcount_128,23000,13738,1.1724,2.09,0.089427,[.00
PPO_25000_bzip2__instcount_128,23000,13745,1.1719,2.09,0.083125,[.00
PPO_25000_bzip2__instcount_128,23000,13678,1.1771,2.10,0.082556,[.00
PPO_25000_bzip2__instcount_128,23000,13372,1.2010,2.14,0.08461,[.00
PPO_25000_bzip2__instcount_128,23000,13986,1.1531,2.05,0.08575,[.00
PPO_25000_bzip2__instcount_128,23000,13450,1.1949,2.13,0.082335,[.00
PPO_25000_bzip2__instcount_128,23000,13332,1.2041,2.15,0.080824,[.00
PPO_25000_bzip2__instcount_128,23000,13421,1.1972,2.14,0.080597,[.00
PPO_25000_bzip2__instcount_128,23000,13783,1.1689,2.08,0.082293,[.00
PPO_25000_bzip2__instcount_128,23000,13284,1.2079,2.16,0.085421,[.00
PPO_25000_bzip2__instcount_128,23000,13287,1.2077,2.16,0.083008,[.00
PPO_25000_bzip2__instcount_128,23000,13568,1.1857,2.11,0.078818,[.00
PPO_25000_bzip2__instcount_128,23000,13299,1.2067,2.16,0.081801,[.00
PPO_25000_bzip2__instcount_128,23000,13643,1.1798,2.10,0.077991,[.00
PPO_25000_bzip2__instcount_128,23000,13437,1.1959,2.13,0.086201,[.00
PPO_25000_bzip2__instcount_128,23000,13410,1.1980,2.14,0.081565,[.00
PPO_25000_bzip2__instcount_128,23000,13396,1.1991,2.14,0.083576,[.00
PPO_25000_bzip2__instcount_128,23000,13292,1.2073,2.16,0.080008,[.00
PPO_25000_bzip2__instcount_128,23000,13929,1.1575,2.06,0.078666,[.00
PPO_25000_bzip2__instcount_128,23000,13353,1.2025,2.15,0.081194,[.00
PPO_25000_bzip2__instcount_128,23000,13997,1.1522,2.05,0.08183,[.00
PPO_25000_bzip2__instcount_128,23000,13394,1.1993,2.14,0.08022,[.00
PPO_25000_bzip2__instcount_128,23000,13515,1.1898,2.12,0.07978,[.00
PPO_25000_bzip2__instcount_128,23000,13400,1.1988,2.14,0.086127,[.00
PPO_25000_bzip2__instcount_128,23000,13412,1.1979,2.14,0.086185,[.00
PPO_25000_bzip2__instcount_128,23000,14285,1.1297,2.01,0.083768,[.00
PPO_25000_bzip2__instcount_128,23000,13391,1.1995,2.14,0.080955,[.00
PPO_25000_bzip2__instcount_128,23000,13263,1.2095,2.16,0.081011,[.00
PPO_25000_bzip2__instcount_128,23000,13334,1.2040,2.15,0.079948,[.00
PPO_25000_bzip2__instcount_128,23000,13794,1.1680,2.08,0.085593,[.00
PPO_25000_bzip2__instcount_128,23000,13686,1.1765,2.10,0.082457,[.00
PPO_25000_bzip2__instcount_128,23000,13565,1.1859,2.11,0.078292,[.00
PPO_25000_bzip2__instcount_128,23000,13381,1.2003,2.14,0.079294,[.00
PPO_25000_bzip2__instcount_128,23000,13474,1.1930,2.13,0.085062,[.00
PPO_25000_bzip2__instcount_128,23000,13580,1.1848,2.11,0.08036,[.00
PPO_25000_bzip2__instcount_128,23000,13414,1.1977,2.14,0.082722,[.00
PPO_25000_bzip2__instcount_128,23000,13262,1.2096,2.16,0.079707,[.00
PPO_25000_bzip2__instcount_128,23000,13277,1.2084,2.16,0.078317,[.00
PPO_25000_bzip2__instcount_128,23000,13527,1.1889,2.12,0.086094,[.00
PPO_25000_bzip2__instcount_128,23000,13374,1.2009,2.14,0.083804,[.00
PPO_25000_bzip2__instcount_128,23000,13332,1.2041,2.15,0.077174,[.00
PPO_25000_bzip2__instcount_128,23000,13691,1.1761,2.09,0.077853,[.00
PPO_25000_bzip2__instcount_128,23000,13276,1.2085,2.16,0.079418,[.00
PPO_25000_bzip2__instcount_128,23000,13355,1.2023,2.15,0.079854,[.00
PPO_25000_bzip2__instcount_128,23000,13547,1.1873,2.12,0.083626,[.00
PPO_25000_bzip2__instcount_128,23000,13358,1.2021,2.15,0.082387,[.00
PPO_25000_bzip2__instcount_128,23000,16610,0.9481,1.73,0.086108,[.00
PPO_25000_bzip2__instcount_128,23000,13271,1.2089,2.16,0.07954,[.00
PPO_25000_bzip2__instcount_128,23000,13458,1.1943,2.13,0.087519,[.00
PPO_25000_bzip2__instcount_128,23000,13283,1.2080,2.16,0.079947,[.00
PPO_25000_bzip2__instcount_128,23000,13255,1.2102,2.16,0.0833,[.00
PPO_25000_bzip2__instcount_128,23000,13821,1.1659,2.08,0.083089,[.00
PPO_25000_bzip2__instcount_128,23000,13640,1.1801,2.10,0.0807,[.00
PPO_25000_bzip2__instcount_128,23000,13354,1.2024,2.15,0.080971,[.00
PPO_25000_bzip2__instcount_128,23000,13458,1.1943,2.13,0.081166,[.00
PPO_25000_bzip2__instcount_128,23000,13360,1.2019,2.15,0.077024,[.00
PPO_25000_bzip2__instcount_128,23000,14123,1.1423,2.03,0.081181,[.00
PPO_25000_bzip2__instcount_128,23000,13837,1.1647,2.07,0.080978,[.00
PPO_25000_bzip2__instcount_128,23000,13347,1.2030,2.15,0.081492,[.00
PPO_25000_bzip2__instcount_128,23000,13466,1.1937,2.13,0.085796,[.00
PPO_25000_bzip2__instcount_128,23000,13741,1.1722,2.09,0.084609,[.00
PPO_25000_bzip2__instcount_128,23000,13616,1.1820,2.11,0.078886,[.00
PPO_25000_bzip2__instcount_128,23000,13275,1.2086,2.16,0.07814,[.00
PPO_25000_bzip2__instcount_128,23000,13699,1.1755,2.09,0.086312,[.00
PPO_25000_bzip2__instcount_128,23000,13680,1.1770,2.10,0.086925,[.00
PPO_25000_bzip2__instcount_128,23000,13591,1.1839,2.11,0.080828,[.00
PPO_25000_bzip2__instcount_128,23000,13681,1.1769,2.10,0.084491,[.00
PPO_25000_bzip2__instcount_128,23000,13735,1.1727,2.09,0.078706,[.00
PPO_25000_bzip2__instcount_128,24000,13365,1.2016,2.15,0.08431,[.00
PPO_25000_bzip2__instcount_128,24000,13729,1.1731,2.09,0.078853,[.00
PPO_25000_bzip2__instcount_128,24000,13325,1.2047,2.15,0.084949,[.00
PPO_25000_bzip2__instcount_128,24000,13508,1.1904,2.12,0.077335,[.00
PPO_25000_bzip2__instcount_128,24000,13684,1.1766,2.10,0.08454,[.00
PPO_25000_bzip2__instcount_128,24000,13461,1.1941,2.13,0.08339,[.00
PPO_25000_bzip2__instcount_128,24000,13393,1.1994,2.14,0.085684,[.00
PPO_25000_bzip2__instcount_128,24000,13845,1.1641,2.07,0.079642,[.00
PPO_25000_bzip2__instcount_128,24000,13337,1.2037,2.15,0.079964,[.00
PPO_25000_bzip2__instcount_128,24000,13368,1.2013,2.15,0.082904,[.00
PPO_25000_bzip2__instcount_128,24000,13277,1.2084,2.16,0.08202,[.00
PPO_25000_bzip2__instcount_128,24000,13356,1.2023,2.15,0.085016,[.00
PPO_25000_bzip2__instcount_128,24000,13407,1.1983,2.14,0.081733,[.00
PPO_25000_bzip2__instcount_128,24000,14018,1.1506,2.05,0.086088,[.00
PPO_25000_bzip2__instcount_128,24000,13544,1.1876,2.12,0.081607,[.00
PPO_25000_bzip2__instcount_128,24000,13632,1.1807,2.10,0.079268,[.00
PPO_25000_bzip2__instcount_128,24000,13466,1.1937,2.13,0.081736,[.00
PPO_25000_bzip2__instcount_128,24000,13470,1.1934,2.13,0.099732,[.00
PPO_25000_bzip2__instcount_128,24000,13367,1.2014,2.15,0.082916,[.00
PPO_25000_bzip2__instcount_128,24000,14286,1.1296,2.01,0.083379,[.00
PPO_25000_bzip2__instcount_128,24000,13285,1.2078,2.16,0.083232,[.00
PPO_25000_bzip2__instcount_128,24000,13359,1.2020,2.15,0.079742,[.00
PPO_25000_bzip2__instcount_128,24000,13410,1.1980,2.14,0.080434,[.00
PPO_25000_bzip2__instcount_128,24000,13317,1.2053,2.15,0.079512,[.00
PPO_25000_bzip2__instcount_128,24000,13335,1.2039,2.15,0.085508,[.00
PPO_25000_bzip2__instcount_128,24000,13364,1.2016,2.15,0.080901,[.00
PPO_25000_bzip2__instcount_128,24000,13421,1.1972,2.14,0.078021,[.00
PPO_25000_bzip2__instcount_128,24000,13359,1.2020,2.15,0.082297,[.00
PPO_25000_bzip2__instcount_128,24000,13611,1.1823,2.11,0.080957,[.00
PPO_25000_bzip2__instcount_128,24000,13373,1.2009,2.14,0.080027,[.00
PPO_25000_bzip2__instcount_128,24000,13289,1.2075,2.16,0.078482,[.00
PPO_25000_bzip2__instcount_128,24000,13944,1.1563,2.06,0.083123,[.00
PPO_25000_bzip2__instcount_128,24000,13524,1.1891,2.12,0.084447,[.00
PPO_25000_bzip2__instcount_128,24000,13394,1.1993,2.14,0.0797,[.00
PPO_25000_bzip2__instcount_128,24000,13404,1.1985,2.14,0.082843,[.00
PPO_25000_bzip2__instcount_128,24000,13404,1.1985,2.14,0.080961,[.00
PPO_25000_bzip2__instcount_128,24000,13291,1.2073,2.16,0.080899,[.00
PPO_25000_bzip2__instcount_128,24000,13278,1.2084,2.16,0.085449,[.00
PPO_25000_bzip2__instcount_128,24000,13370,1.2012,2.15,0.084019,[.00
PPO_25000_bzip2__instcount_128,24000,13954,1.1556,2.06,0.081219,[.00
PPO_25000_bzip2__instcount_128,24000,13342,1.2034,2.15,0.082937,[.00
PPO_25000_bzip2__instcount_128,24000,13348,1.2029,2.15,0.081926,[.00
PPO_25000_bzip2__instcount_128,24000,13348,1.2029,2.15,0.084789,[.00
PPO_25000_bzip2__instcount_128,24000,13343,1.2033,2.15,0.082092,[.00
PPO_25000_bzip2__instcount_128,24000,13422,1.1971,2.14,0.084413,[.00
PPO_25000_bzip2__instcount_128,24000,13339,1.2036,2.15,0.079332,[.00
PPO_25000_bzip2__instcount_128,24000,13886,1.1609,2.07,0.082613,[.00
PPO_25000_bzip2__instcount_128,24000,13504,1.1907,2.12,0.07734,[.00
PPO_25000_bzip2__instcount_128,24000,13885,1.1609,2.07,0.085775,[.00
PPO_25000_bzip2__instcount_128,24000,17177,0.9038,1.67,0.045995,[.00
PPO_25000_bzip2__instcount_128,24000,13373,1.2009,2.14,0.079842,[.00
PPO_25000_bzip2__instcount_128,24000,13923,1.1580,2.06,0.081471,[.00
PPO_25000_bzip2__instcount_128,24000,13406,1.1984,2.14,0.081712,[.00
PPO_25000_bzip2__instcount_128,24000,13205,1.2141,2.17,0.08104,[.00
PPO_25000_bzip2__instcount_128,24000,13434,1.1962,2.13,0.081969,[.00
PPO_25000_bzip2__instcount_128,24000,13876,1.1616,2.07,0.081674,[.00
PPO_25000_bzip2__instcount_128,24000,13349,1.2028,2.15,0.08303,[.00
PPO_25000_bzip2__instcount_128,24000,13424,1.1970,2.14,0.08238,[.00
PPO_25000_bzip2__instcount_128,24000,13462,1.1940,2.13,0.084881,[.00
PPO_25000_bzip2__instcount_128,24000,13334,1.2040,2.15,0.079569,[.00
PPO_25000_bzip2__instcount_128,24000,13578,1.1849,2.11,0.083506,[.00
PPO_25000_bzip2__instcount_128,24000,13619,1.1817,2.11,0.083996,[.00
PPO_25000_bzip2__instcount_128,24000,13736,1.1726,2.09,0.085168,[.00
PPO_25000_bzip2__instcount_128,24000,13618,1.1818,2.11,0.084233,[.00
PPO_25000_bzip2__instcount_128,24000,13383,1.2002,2.14,0.08513,[.00
PPO_25000_bzip2__instcount_128,24000,13659,1.1786,2.10,0.079371,[.00
PPO_25000_bzip2__instcount_128,24000,13450,1.1949,2.13,0.082369,[.00
PPO_25000_bzip2__instcount_128,24000,13559,1.1864,2.12,0.080181,[.00
PPO_25000_bzip2__instcount_128,24000,13425,1.1969,2.14,0.079461,[.00
PPO_25000_bzip2__instcount_128,24000,13393,1.1994,2.14,0.077825,[.00
PPO_25000_bzip2__instcount_128,24000,13259,1.2098,2.16,0.08027,[.00
PPO_25000_bzip2__instcount_128,24000,13288,1.2076,2.16,0.078326,[.00
PPO_25000_bzip2__instcount_128,24000,13679,1.1770,2.10,0.078914,[.00
PPO_25000_bzip2__instcount_128,24000,13611,1.1823,2.11,0.082372,[.00
PPO_25000_bzip2__instcount_128,24000,13430,1.1965,2.14,0.081005,[.00
PPO_25000_bzip2__instcount_128,24000,13285,1.2078,2.16,0.081371,[.00
PPO_25000_bzip2__instcount_128,24000,13204,1.2141,2.17,0.082655,[.00
PPO_25000_bzip2__instcount_128,24000,13425,1.1969,2.14,0.085614,[.00
PPO_25000_bzip2__instcount_128,24000,13571,1.1855,2.11,0.08736,[.00
PPO_25000_bzip2__instcount_128,24000,13400,1.1988,2.14,0.079554,[.00
PPO_25000_bzip2__instcount_128,24000,13413,1.1978,2.14,0.083138,[.00
PPO_25000_bzip2__instcount_128,24000,13212,1.2135,2.17,0.078968,[.00
PPO_25000_bzip2__instcount_128,24000,13413,1.1978,2.14,0.099664,[.00
PPO_25000_bzip2__instcount_128,24000,13385,1.2000,2.14,0.080361,[.00
PPO_25000_bzip2__instcount_128,24000,13421,1.1972,2.14,0.081259,[.00
PPO_25000_bzip2__instcount_128,24000,13515,1.1898,2.12,0.079846,[.00
PPO_25000_bzip2__instcount_128,24000,13277,1.2084,2.16,0.087955,[.00
PPO_25000_bzip2__instcount_128,24000,13245,1.2109,2.17,0.082008,[.00
PPO_25000_bzip2__instcount_128,24000,13737,1.1725,2.09,0.078687,[.00
PPO_25000_bzip2__instcount_128,24000,14221,1.1347,2.02,0.082611,[.00
PPO_25000_bzip2__instcount_128,24000,16795,0.9336,1.71,0.085351,[.00
PPO_25000_bzip2__instcount_128,24000,13378,1.2005,2.14,0.078847,[.00
PPO_25000_bzip2__instcount_128,24000,13423,1.1970,2.14,0.078687,[.00
PPO_25000_bzip2__instcount_128,24000,13408,1.1982,2.14,0.082869,[.00
PPO_25000_bzip2__instcount_128,24000,13402,1.1987,2.14,0.08222,[.00
PPO_25000_bzip2__instcount_128,24000,13428,1.1966,2.14,0.08415,[.00
PPO_25000_bzip2__instcount_128,24000,13412,1.1979,2.14,0.082446,[.00
PPO_25000_bzip2__instcount_128,24000,13408,1.1982,2.14,0.085461,[.00
PPO_25000_bzip2__instcount_128,24000,13435,1.1961,2.13,0.082967,[.00
PPO_25000_bzip2__instcount_128,24000,13424,1.1970,2.14,0.079334,[.00
PPO_25000_bzip2__instcount_128,25000,13248,1.2107,2.16,0.082477,[.00
PPO_25000_bzip2__instcount_128,25000,13589,1.1841,2.11,0.0796,[.00
PPO_25000_bzip2__instcount_128,25000,13376,1.2007,2.14,0.094107,[.00
PPO_25000_bzip2__instcount_128,25000,13356,1.2023,2.15,0.079233,[.00
PPO_25000_bzip2__instcount_128,25000,13437,1.1959,2.13,0.080934,[.00
PPO_25000_bzip2__instcount_128,25000,13718,1.1740,2.09,0.079226,[.00
PPO_25000_bzip2__instcount_128,25000,13338,1.2037,2.15,0.07894,[.00
PPO_25000_bzip2__instcount_128,25000,13268,1.2091,2.16,0.084659,[.00
PPO_25000_bzip2__instcount_128,25000,13405,1.1984,2.14,0.083247,[.00
PPO_25000_bzip2__instcount_128,25000,13375,1.2008,2.14,0.080103,[.00
PPO_25000_bzip2__instcount_128,25000,13376,1.2007,2.14,0.084888,[.00
PPO_25000_bzip2__instcount_128,25000,13483,1.1923,2.13,0.079142,[.00
PPO_25000_bzip2__instcount_128,25000,13188,1.2154,2.17,0.082135,[.00
PPO_25000_bzip2__instcount_128,25000,13309,1.2059,2.16,0.079506,[.00
PPO_25000_bzip2__instcount_128,25000,13347,1.2030,2.15,0.084531,[.00
PPO_25000_bzip2__instcount_128,25000,13345,1.2031,2.15,0.078948,[.00
PPO_25000_bzip2__instcount_128,25000,13349,1.2028,2.15,0.086424,[.00
PPO_25000_bzip2__instcount_128,25000,13258,1.2099,2.16,0.082374,[.00
PPO_25000_bzip2__instcount_128,25000,13295,1.2070,2.16,0.08675,[.00
PPO_25000_bzip2__instcount_128,25000,13711,1.1745,2.09,0.08434,[.00
PPO_25000_bzip2__instcount_128,25000,13358,1.2021,2.15,0.082514,[.00
PPO_25000_bzip2__instcount_128,25000,13196,1.2148,2.17,0.080574,[.00
PPO_25000_bzip2__instcount_128,25000,13291,1.2073,2.16,0.082,[.00
PPO_25000_bzip2__instcount_128,25000,13710,1.1746,2.09,0.082753,[.00
PPO_25000_bzip2__instcount_128,25000,13314,1.2055,2.15,0.08157,[.00
PPO_25000_bzip2__instcount_128,25000,13428,1.1966,2.14,0.084992,[.00
PPO_25000_bzip2__instcount_128,25000,14630,1.1027,1.96,0.096577,[.00
PPO_25000_bzip2__instcount_128,25000,13300,1.2066,2.16,0.076865,[.00
PPO_25000_bzip2__instcount_128,25000,14035,1.1492,2.04,0.081209,[.00
PPO_25000_bzip2__instcount_128,25000,13412,1.1979,2.14,0.081108,[.00
PPO_25000_bzip2__instcount_128,25000,13379,1.2005,2.14,0.081785,[.00
PPO_25000_bzip2__instcount_128,25000,13404,1.1985,2.14,0.080776,[.00
PPO_25000_bzip2__instcount_128,25000,13431,1.1964,2.14,0.079225,[.00
PPO_25000_bzip2__instcount_128,25000,13378,1.2005,2.14,0.081925,[.00
PPO_25000_bzip2__instcount_128,25000,13700,1.1754,2.09,0.078474,[.00
PPO_25000_bzip2__instcount_128,25000,13661,1.1784,2.10,0.082933,[.00
PPO_25000_bzip2__instcount_128,25000,13392,1.1995,2.14,0.08232,[.00
PPO_25000_bzip2__instcount_128,25000,13401,1.1987,2.14,0.081764,[.00
PPO_25000_bzip2__instcount_128,25000,13439,1.1958,2.13,0.08638,[.00
PPO_25000_bzip2__instcount_128,25000,14101,1.1441,2.03,0.080311,[.00
PPO_25000_bzip2__instcount_128,25000,13367,1.2014,2.15,0.079181,[.00
PPO_25000_bzip2__instcount_128,25000,13707,1.1748,2.09,0.081199,[.00
PPO_25000_bzip2__instcount_128,25000,13381,1.2003,2.14,0.07842,[.00
PPO_25000_bzip2__instcount_128,25000,13322,1.2049,2.15,0.081428,[.00
PPO_25000_bzip2__instcount_128,25000,15341,1.0472,1.87,0.074665,[.00
PPO_25000_bzip2__instcount_128,25000,13639,1.1802,2.10,0.08876,[.00
PPO_25000_bzip2__instcount_128,25000,14001,1.1519,2.05,0.077934,[.00
PPO_25000_bzip2__instcount_128,25000,13297,1.2069,2.16,0.086611,[.00
PPO_25000_bzip2__instcount_128,25000,13335,1.2039,2.15,0.080632,[.00
PPO_25000_bzip2__instcount_128,25000,13504,1.1907,2.12,0.081184,[.00
PPO_25000_bzip2__instcount_128,25000,13319,1.2052,2.15,0.078157,[.00
PPO_25000_bzip2__instcount_128,25000,13319,1.2052,2.15,0.082154,[.00
PPO_25000_bzip2__instcount_128,25000,13682,1.1768,2.10,0.082614,[.00
PPO_25000_bzip2__instcount_128,25000,13546,1.1874,2.12,0.084386,[.00
PPO_25000_bzip2__instcount_128,25000,13350,1.2027,2.15,0.081202,[.00
PPO_25000_bzip2__instcount_128,25000,13262,1.2096,2.16,0.078041,[.00
PPO_25000_bzip2__instcount_128,25000,13293,1.2072,2.16,0.082201,[.00
PPO_25000_bzip2__instcount_128,25000,13434,1.1962,2.13,0.082015,[.00
PPO_25000_bzip2__instcount_128,25000,13538,1.1880,2.12,0.076534,[.00
PPO_25000_bzip2__instcount_128,25000,13360,1.2019,2.15,0.084719,[.00
PPO_25000_bzip2__instcount_128,25000,13318,1.2052,2.15,0.083578,[.00
PPO_25000_bzip2__instcount_128,25000,13385,1.2000,2.14,0.084914,[.00
PPO_25000_bzip2__instcount_128,25000,13541,1.1878,2.12,0.082564,[.00
PPO_25000_bzip2__instcount_128,25000,13624,1.1813,2.11,0.081789,[.00
PPO_25000_bzip2__instcount_128,25000,13275,1.2086,2.16,0.079032,[.00
PPO_25000_bzip2__instcount_128,25000,13322,1.2049,2.15,0.082074,[.00
PPO_25000_bzip2__instcount_128,25000,13395,1.1992,2.14,0.078002,[.00
PPO_25000_bzip2__instcount_128,25000,13422,1.1971,2.14,0.083074,[.00
PPO_25000_bzip2__instcount_128,25000,13696,1.1757,2.09,0.077801,[.00
PPO_25000_bzip2__instcount_128,25000,13395,1.1992,2.14,0.083096,[.00
PPO_25000_bzip2__instcount_128,25000,13358,1.2021,2.15,0.079973,[.00
PPO_25000_bzip2__instcount_128,25000,13369,1.2012,2.15,0.081338,[.00
PPO_25000_bzip2__instcount_128,25000,13746,1.1718,2.09,0.081077,[.00
PPO_25000_bzip2__instcount_128,25000,13428,1.1966,2.14,0.086248,[.00
PPO_25000_bzip2__instcount_128,25000,13504,1.1907,2.12,0.081754,[.00
PPO_25000_bzip2__instcount_128,25000,13258,1.2099,2.16,0.081266,[.00
PPO_25000_bzip2__instcount_128,25000,13397,1.1991,2.14,0.086325,[.00
PPO_25000_bzip2__instcount_128,25000,13414,1.1977,2.14,0.082502,[.00
PPO_25000_bzip2__instcount_128,25000,13378,1.2005,2.14,0.082036,[.00
PPO_25000_bzip2__instcount_128,25000,13223,1.2127,2.17,0.082645,[.00
PPO_25000_bzip2__instcount_128,25000,13305,1.2062,2.16,0.081948,[.00
PPO_25000_bzip2__instcount_128,25000,13682,1.1768,2.10,0.083747,[.00
PPO_25000_bzip2__instcount_128,25000,13719,1.1739,2.09,0.08373,[.00
PPO_25000_bzip2__instcount_128,25000,13316,1.2054,2.15,0.082435,[.00
PPO_25000_bzip2__instcount_128,25000,13527,1.1889,2.12,0.082093,[.00
PPO_25000_bzip2__instcount_128,25000,13196,1.2148,2.17,0.078752,[.00
PPO_25000_bzip2__instcount_128,25000,13312,1.2057,2.15,0.086122,[.00
PPO_25000_bzip2__instcount_128,25000,13618,1.1818,2.11,0.081793,[.00
PPO_25000_bzip2__instcount_128,25000,13370,1.2012,2.15,0.081368,[.00
PPO_25000_bzip2__instcount_128,25000,13543,1.1877,2.12,0.085324,[.00
PPO_25000_bzip2__instcount_128,25000,13381,1.2003,2.14,0.081564,[.00
PPO_25000_bzip2__instcount_128,25000,13273,1.2087,2.16,0.082269,[.00
PPO_25000_bzip2__instcount_128,25000,13626,1.1812,2.10,0.078708,[.00
PPO_25000_bzip2__instcount_128,25000,13397,1.1991,2.14,0.081433,[.00
PPO_25000_bzip2__instcount_128,25000,13378,1.2005,2.14,0.079812,[.00
PPO_25000_bzip2__instcount_128,25000,13301,1.2066,2.16,0.087836,[.00
PPO_25000_bzip2__instcount_128,25000,13274,1.2087,2.16,0.08824,[.00
PPO_25000_bzip2__instcount_128,25000,13366,1.2015,2.15,0.078772,[.00
PPO_25000_bzip2__instcount_128,25000,13442,1.1955,2.13,0.084123,[.00
PPO_25000_bzip2__instcount_128,25000,13438,1.1959,2.13,0.085018,[.00
