PPO_25000_bzip2__instcount_256,1000,18230,0.8215,1.57,0.082513,[.00
PPO_25000_bzip2__instcount_256,1000,18555,0.7962,1.54,0.089874,[.00
PPO_25000_bzip2__instcount_256,1000,21490,0.5669,1.33,0.049555,[.00
PPO_25000_bzip2__instcount_256,1000,15245,1.0547,1.88,0.069466,[.00
PPO_25000_bzip2__instcount_256,1000,15319,1.0489,1.87,0.070757,[.00
PPO_25000_bzip2__instcount_256,1000,43628,-1.1623,0.65,0.110288,[.00
PPO_25000_bzip2__instcount_256,1000,22582,0.4816,1.27,0.048905,[.00
PPO_25000_bzip2__instcount_256,1000,18443,0.8049,1.55,0.088602,[.00
PPO_25000_bzip2__instcount_256,1000,30784,-0.1590,0.93,0.089458,[.00
PPO_25000_bzip2__instcount_256,1000,20990,0.6059,1.36,0.086581,[.00
PPO_25000_bzip2__instcount_256,1000,20642,0.6331,1.39,0.046749,[.00
PPO_25000_bzip2__instcount_256,1000,22287,0.5046,1.28,0.094882,[.00
PPO_25000_bzip2__instcount_256,1000,24533,0.3292,1.17,0.079307,[.00
PPO_25000_bzip2__instcount_256,1000,33877,-0.4006,0.84,0.048077,[.00
PPO_25000_bzip2__instcount_256,1000,36252,-0.5861,0.79,0.051974,[.00
PPO_25000_bzip2__instcount_256,1000,21253,0.5854,1.35,0.068832,[.00
PPO_25000_bzip2__instcount_256,1000,17058,0.9131,1.68,0.068191,[.00
PPO_25000_bzip2__instcount_256,1000,18249,0.8201,1.57,0.083813,[.00
PPO_25000_bzip2__instcount_256,1000,17378,0.8881,1.65,0.072712,[.00
PPO_25000_bzip2__instcount_256,1000,25618,0.2444,1.12,0.050085,[.00
PPO_25000_bzip2__instcount_256,1000,29466,-0.0560,0.97,0.049869,[.00
PPO_25000_bzip2__instcount_256,1000,22726,0.4703,1.26,0.07899,[.00
PPO_25000_bzip2__instcount_256,1000,26071,0.2091,1.10,0.04988,[.00
PPO_25000_bzip2__instcount_256,1000,21113,0.5963,1.36,0.071207,[.00
PPO_25000_bzip2__instcount_256,1000,18646,0.7890,1.54,0.08244,[.00
PPO_25000_bzip2__instcount_256,1000,15254,1.0540,1.88,0.070599,[.00
PPO_25000_bzip2__instcount_256,1000,15752,1.0151,1.82,0.071861,[.00
PPO_25000_bzip2__instcount_256,1000,24958,0.2960,1.15,0.083368,[.00
PPO_25000_bzip2__instcount_256,1000,24509,0.3311,1.17,0.07723,[.00
PPO_25000_bzip2__instcount_256,1000,20698,0.6288,1.38,0.084827,[.00
PPO_25000_bzip2__instcount_256,1000,21698,0.5506,1.32,0.084799,[.00
PPO_25000_bzip2__instcount_256,1000,20958,0.6084,1.37,0.071666,[.00
PPO_25000_bzip2__instcount_256,1000,19010,0.7606,1.51,0.047472,[.00
PPO_25000_bzip2__instcount_256,1000,18511,0.7996,1.55,0.068655,[.00
PPO_25000_bzip2__instcount_256,1000,16336,0.9695,1.75,0.083266,[.00
PPO_25000_bzip2__instcount_256,1000,17240,0.8989,1.66,0.084078,[.00
PPO_25000_bzip2__instcount_256,1000,21664,0.5533,1.32,0.046561,[.00
PPO_25000_bzip2__instcount_256,1000,20329,0.6576,1.41,0.071974,[.00
PPO_25000_bzip2__instcount_256,1000,21126,0.5953,1.36,0.04729,[.00
PPO_25000_bzip2__instcount_256,1000,28322,0.0332,1.01,0.048275,[.00
PPO_25000_bzip2__instcount_256,1000,18930,0.7669,1.51,0.08843,[.00
PPO_25000_bzip2__instcount_256,1000,28321,0.0333,1.01,0.079053,[.00
PPO_25000_bzip2__instcount_256,1000,15734,1.0165,1.82,0.068953,[.00
PPO_25000_bzip2__instcount_256,1000,17854,0.8509,1.61,0.073588,[.00
PPO_25000_bzip2__instcount_256,1000,25833,0.2276,1.11,0.050304,[.00
PPO_25000_bzip2__instcount_256,1000,20306,0.6594,1.41,0.047247,[.00
PPO_25000_bzip2__instcount_256,1000,23917,0.3773,1.20,0.070626,[.00
PPO_25000_bzip2__instcount_256,1000,25901,0.2223,1.10,0.049188,[.00
PPO_25000_bzip2__instcount_256,1000,17611,0.8699,1.63,0.083913,[.00
PPO_25000_bzip2__instcount_256,1000,30230,-0.1157,0.95,0.047026,[.00
PPO_25000_bzip2__instcount_256,1000,17204,0.9017,1.67,0.072822,[.00
PPO_25000_bzip2__instcount_256,1000,27064,0.1315,1.06,0.050506,[.00
PPO_25000_bzip2__instcount_256,1000,15374,1.0446,1.86,0.083005,[.00
PPO_25000_bzip2__instcount_256,1000,19289,0.7388,1.49,0.072484,[.00
PPO_25000_bzip2__instcount_256,1000,16620,0.9473,1.72,0.069321,[.00
PPO_25000_bzip2__instcount_256,1000,20037,0.6804,1.43,0.046649,[.00
PPO_25000_bzip2__instcount_256,1000,18180,0.8254,1.58,0.090708,[.00
PPO_25000_bzip2__instcount_256,1000,30761,-0.1572,0.93,0.055242,[.00
PPO_25000_bzip2__instcount_256,1000,17078,0.9115,1.68,0.101692,[.00
PPO_25000_bzip2__instcount_256,1000,21330,0.5794,1.34,0.082935,[.00
PPO_25000_bzip2__instcount_256,1000,27101,0.1286,1.06,0.045992,[.00
PPO_25000_bzip2__instcount_256,1000,22685,0.4735,1.26,0.083257,[.00
PPO_25000_bzip2__instcount_256,1000,17284,0.8954,1.66,0.047242,[.00
PPO_25000_bzip2__instcount_256,1000,17196,0.9023,1.67,0.072201,[.00
PPO_25000_bzip2__instcount_256,1000,27442,0.1020,1.04,0.086169,[.00
PPO_25000_bzip2__instcount_256,1000,18734,0.7822,1.53,0.04893,[.00
PPO_25000_bzip2__instcount_256,1000,22835,0.4618,1.25,0.047489,[.00
PPO_25000_bzip2__instcount_256,1000,17635,0.8680,1.63,0.070819,[.00
PPO_25000_bzip2__instcount_256,1000,16854,0.9290,1.70,0.067546,[.00
PPO_25000_bzip2__instcount_256,1000,31320,-0.2009,0.91,0.088182,[.00
PPO_25000_bzip2__instcount_256,1000,22303,0.5034,1.28,0.049774,[.00
PPO_25000_bzip2__instcount_256,1000,17279,0.8958,1.66,0.07075,[.00
PPO_25000_bzip2__instcount_256,1000,22086,0.5203,1.30,0.069538,[.00
PPO_25000_bzip2__instcount_256,1000,21955,0.5306,1.30,0.086996,[.00
PPO_25000_bzip2__instcount_256,1000,22284,0.5049,1.29,0.067337,[.00
PPO_25000_bzip2__instcount_256,1000,36897,-0.6365,0.77,0.081739,[.00
PPO_25000_bzip2__instcount_256,1000,24452,0.3355,1.17,0.047882,[.00
PPO_25000_bzip2__instcount_256,1000,19323,0.7362,1.48,0.071147,[.00
PPO_25000_bzip2__instcount_256,1000,21336,0.5789,1.34,0.086275,[.00
PPO_25000_bzip2__instcount_256,1000,14303,1.1283,2.00,0.07823,[.00
PPO_25000_bzip2__instcount_256,1000,15849,1.0075,1.81,0.07092,[.00
PPO_25000_bzip2__instcount_256,1000,16814,0.9321,1.70,0.090454,[.00
PPO_25000_bzip2__instcount_256,1000,17510,0.8778,1.64,0.096926,[.00
PPO_25000_bzip2__instcount_256,1000,22414,0.4947,1.28,0.086165,[.00
PPO_25000_bzip2__instcount_256,1000,30252,-0.1174,0.95,0.064641,[.00
PPO_25000_bzip2__instcount_256,1000,20542,0.6409,1.39,0.072269,[.00
PPO_25000_bzip2__instcount_256,1000,27288,0.1140,1.05,0.082983,[.00
PPO_25000_bzip2__instcount_256,1000,27075,0.1306,1.06,0.047687,[.00
PPO_25000_bzip2__instcount_256,1000,21788,0.5436,1.31,0.05302,[.00
PPO_25000_bzip2__instcount_256,1000,31066,-0.1810,0.92,0.051347,[.00
PPO_25000_bzip2__instcount_256,1000,17137,0.9069,1.67,0.072127,[.00
PPO_25000_bzip2__instcount_256,1000,16805,0.9329,1.71,0.047758,[.00
PPO_25000_bzip2__instcount_256,1000,45655,-1.3206,0.62,0.104612,[.00
PPO_25000_bzip2__instcount_256,1000,25804,0.2299,1.11,0.091393,[.00
PPO_25000_bzip2__instcount_256,1000,32968,-0.3296,0.87,0.048073,[.00
PPO_25000_bzip2__instcount_256,1000,22355,0.4993,1.28,0.07243,[.00
PPO_25000_bzip2__instcount_256,1000,17939,0.8443,1.60,0.070851,[.00
PPO_25000_bzip2__instcount_256,1000,22973,0.4511,1.25,0.072254,[.00
PPO_25000_bzip2__instcount_256,1000,37569,-0.6890,0.76,0.050426,[.00
PPO_25000_bzip2__instcount_256,1000,20821,0.6192,1.38,0.046693,[.00
PPO_25000_bzip2__instcount_256,2000,20520,0.6427,1.40,0.045778,[.00
PPO_25000_bzip2__instcount_256,2000,26454,0.1791,1.08,0.050552,[.00
PPO_25000_bzip2__instcount_256,2000,16445,0.9610,1.74,0.08042,[.00
PPO_25000_bzip2__instcount_256,2000,18775,0.7790,1.53,0.073991,[.00
PPO_25000_bzip2__instcount_256,2000,19348,0.7342,1.48,0.076407,[.00
PPO_25000_bzip2__instcount_256,2000,16031,0.9933,1.79,0.097672,[.00
PPO_25000_bzip2__instcount_256,2000,18265,0.8188,1.57,0.071241,[.00
PPO_25000_bzip2__instcount_256,2000,20526,0.6422,1.40,0.047067,[.00
PPO_25000_bzip2__instcount_256,2000,20836,0.6180,1.37,0.068942,[.00
PPO_25000_bzip2__instcount_256,2000,17343,0.8908,1.65,0.073673,[.00
PPO_25000_bzip2__instcount_256,2000,14098,1.1443,2.03,0.080339,[.00
PPO_25000_bzip2__instcount_256,2000,19304,0.7376,1.48,0.068613,[.00
PPO_25000_bzip2__instcount_256,2000,17954,0.8431,1.60,0.091573,[.00
PPO_25000_bzip2__instcount_256,2000,23492,0.4105,1.22,0.057004,[.00
PPO_25000_bzip2__instcount_256,2000,22209,0.5107,1.29,0.073977,[.00
PPO_25000_bzip2__instcount_256,2000,17633,0.8682,1.63,0.069083,[.00
PPO_25000_bzip2__instcount_256,2000,20646,0.6328,1.39,0.069067,[.00
PPO_25000_bzip2__instcount_256,2000,16070,0.9903,1.78,0.08204,[.00
PPO_25000_bzip2__instcount_256,2000,18836,0.7742,1.52,0.081039,[.00
PPO_25000_bzip2__instcount_256,2000,15481,1.0363,1.85,0.081421,[.00
PPO_25000_bzip2__instcount_256,2000,18873,0.7713,1.52,0.047678,[.00
PPO_25000_bzip2__instcount_256,2000,27717,0.0805,1.03,0.050263,[.00
PPO_25000_bzip2__instcount_256,2000,18046,0.8359,1.59,0.069738,[.00
PPO_25000_bzip2__instcount_256,2000,24270,0.3497,1.18,0.068938,[.00
PPO_25000_bzip2__instcount_256,2000,34019,-0.4117,0.84,0.079458,[.00
PPO_25000_bzip2__instcount_256,2000,21340,0.5786,1.34,0.04808,[.00
PPO_25000_bzip2__instcount_256,2000,25158,0.2804,1.14,0.048523,[.00
PPO_25000_bzip2__instcount_256,2000,22224,0.5096,1.29,0.085582,[.00
PPO_25000_bzip2__instcount_256,2000,14564,1.1079,1.97,0.078703,[.00
PPO_25000_bzip2__instcount_256,2000,20140,0.6723,1.42,0.073244,[.00
PPO_25000_bzip2__instcount_256,2000,14392,1.1213,1.99,0.082904,[.00
PPO_25000_bzip2__instcount_256,2000,18143,0.8283,1.58,0.088996,[.00
PPO_25000_bzip2__instcount_256,2000,16566,0.9515,1.73,0.107398,[.00
PPO_25000_bzip2__instcount_256,2000,19497,0.7226,1.47,0.071444,[.00
PPO_25000_bzip2__instcount_256,2000,18531,0.7980,1.55,0.107921,[.00
PPO_25000_bzip2__instcount_256,2000,19866,0.6937,1.44,0.068588,[.00
PPO_25000_bzip2__instcount_256,2000,17894,0.8478,1.60,0.047901,[.00
PPO_25000_bzip2__instcount_256,2000,16708,0.9404,1.72,0.083631,[.00
PPO_25000_bzip2__instcount_256,2000,20796,0.6211,1.38,0.088014,[.00
PPO_25000_bzip2__instcount_256,2000,18636,0.7898,1.54,0.084352,[.00
PPO_25000_bzip2__instcount_256,2000,18521,0.7988,1.55,0.075936,[.00
PPO_25000_bzip2__instcount_256,2000,14807,1.0889,1.94,0.08104,[.00
PPO_25000_bzip2__instcount_256,2000,35558,-0.5319,0.80,0.086491,[.00
PPO_25000_bzip2__instcount_256,2000,15851,1.0074,1.81,0.073652,[.00
PPO_25000_bzip2__instcount_256,2000,16360,0.9676,1.75,0.070596,[.00
PPO_25000_bzip2__instcount_256,2000,25456,0.2571,1.12,0.050685,[.00
PPO_25000_bzip2__instcount_256,2000,31688,-0.2296,0.90,0.049147,[.00
PPO_25000_bzip2__instcount_256,2000,26308,0.1905,1.09,0.046696,[.00
PPO_25000_bzip2__instcount_256,2000,16512,0.9557,1.74,0.078373,[.00
PPO_25000_bzip2__instcount_256,2000,24764,0.3112,1.16,0.084467,[.00
PPO_25000_bzip2__instcount_256,2000,18287,0.8171,1.57,0.083632,[.00
PPO_25000_bzip2__instcount_256,2000,16178,0.9818,1.77,0.072422,[.00
PPO_25000_bzip2__instcount_256,2000,17465,0.8813,1.64,0.072816,[.00
PPO_25000_bzip2__instcount_256,2000,15507,1.0342,1.85,0.083441,[.00
PPO_25000_bzip2__instcount_256,2000,21905,0.5345,1.31,0.077615,[.00
PPO_25000_bzip2__instcount_256,2000,14818,1.0881,1.94,0.082127,[.00
PPO_25000_bzip2__instcount_256,2000,19107,0.7530,1.50,0.070991,[.00
PPO_25000_bzip2__instcount_256,2000,17369,0.8888,1.65,0.046135,[.00
PPO_25000_bzip2__instcount_256,2000,23682,0.3957,1.21,0.072745,[.00
PPO_25000_bzip2__instcount_256,2000,14912,1.0807,1.92,0.083764,[.00
PPO_25000_bzip2__instcount_256,2000,22484,0.4892,1.27,0.068827,[.00
PPO_25000_bzip2__instcount_256,2000,21954,0.5306,1.30,0.08497,[.00
PPO_25000_bzip2__instcount_256,2000,16174,0.9821,1.77,0.070496,[.00
PPO_25000_bzip2__instcount_256,2000,16349,0.9685,1.75,0.08568,[.00
PPO_25000_bzip2__instcount_256,2000,20224,0.6658,1.42,0.081207,[.00
PPO_25000_bzip2__instcount_256,2000,21010,0.6044,1.36,0.07237,[.00
PPO_25000_bzip2__instcount_256,2000,28115,0.0494,1.02,0.088784,[.00
PPO_25000_bzip2__instcount_256,2000,16384,0.9657,1.75,0.067706,[.00
PPO_25000_bzip2__instcount_256,2000,16251,0.9761,1.76,0.075255,[.00
PPO_25000_bzip2__instcount_256,2000,15915,1.0024,1.80,0.07519,[.00
PPO_25000_bzip2__instcount_256,2000,17117,0.9085,1.67,0.077819,[.00
PPO_25000_bzip2__instcount_256,2000,15300,1.0504,1.87,0.085826,[.00
PPO_25000_bzip2__instcount_256,2000,14681,1.0988,1.95,0.079765,[.00
PPO_25000_bzip2__instcount_256,2000,22032,0.5246,1.30,0.092135,[.00
PPO_25000_bzip2__instcount_256,2000,18454,0.8040,1.55,0.068287,[.00
PPO_25000_bzip2__instcount_256,2000,20172,0.6698,1.42,0.047005,[.00
PPO_25000_bzip2__instcount_256,2000,14861,1.0847,1.93,0.081555,[.00
PPO_25000_bzip2__instcount_256,2000,15459,1.0380,1.85,0.118066,[.00
PPO_25000_bzip2__instcount_256,2000,20076,0.6773,1.43,0.069983,[.00
PPO_25000_bzip2__instcount_256,2000,25272,0.2715,1.13,0.049169,[.00
PPO_25000_bzip2__instcount_256,2000,18180,0.8254,1.58,0.045162,[.00
PPO_25000_bzip2__instcount_256,2000,17447,0.8827,1.64,0.07653,[.00
PPO_25000_bzip2__instcount_256,2000,20247,0.6640,1.41,0.070393,[.00
PPO_25000_bzip2__instcount_256,2000,21096,0.5977,1.36,0.048181,[.00
PPO_25000_bzip2__instcount_256,2000,38921,-0.7946,0.73,0.079949,[.00
PPO_25000_bzip2__instcount_256,2000,16394,0.9650,1.75,0.07403,[.00
PPO_25000_bzip2__instcount_256,2000,16418,0.9631,1.75,0.069192,[.00
PPO_25000_bzip2__instcount_256,2000,21283,0.5831,1.35,0.076834,[.00
PPO_25000_bzip2__instcount_256,2000,15711,1.0183,1.82,0.070517,[.00
PPO_25000_bzip2__instcount_256,2000,16934,0.9228,1.69,0.067387,[.00
PPO_25000_bzip2__instcount_256,2000,18509,0.7997,1.55,0.070037,[.00
PPO_25000_bzip2__instcount_256,2000,15574,1.0290,1.84,0.071428,[.00
PPO_25000_bzip2__instcount_256,2000,21775,0.5446,1.32,0.048634,[.00
PPO_25000_bzip2__instcount_256,2000,14712,1.0963,1.95,0.080052,[.00
PPO_25000_bzip2__instcount_256,2000,28353,0.0308,1.01,0.086932,[.00
PPO_25000_bzip2__instcount_256,2000,21445,0.5704,1.34,0.066661,[.00
PPO_25000_bzip2__instcount_256,2000,18909,0.7685,1.52,0.082341,[.00
PPO_25000_bzip2__instcount_256,2000,18306,0.8156,1.57,0.071137,[.00
PPO_25000_bzip2__instcount_256,2000,15328,1.0482,1.87,0.089925,[.00
PPO_25000_bzip2__instcount_256,2000,21975,0.5290,1.30,0.049252,[.00
PPO_25000_bzip2__instcount_256,3000,14759,1.0927,1.94,0.082545,[.00
PPO_25000_bzip2__instcount_256,3000,21307,0.5812,1.34,0.086023,[.00
PPO_25000_bzip2__instcount_256,3000,19880,0.6927,1.44,0.071592,[.00
PPO_25000_bzip2__instcount_256,3000,18212,0.8229,1.57,0.082184,[.00
PPO_25000_bzip2__instcount_256,3000,18303,0.8158,1.57,0.084354,[.00
PPO_25000_bzip2__instcount_256,3000,16650,0.9450,1.72,0.085518,[.00
PPO_25000_bzip2__instcount_256,3000,16063,0.9908,1.78,0.072613,[.00
PPO_25000_bzip2__instcount_256,3000,17526,0.8765,1.64,0.094546,[.00
PPO_25000_bzip2__instcount_256,3000,19152,0.7495,1.50,0.08135,[.00
PPO_25000_bzip2__instcount_256,3000,20238,0.6647,1.42,0.071697,[.00
PPO_25000_bzip2__instcount_256,3000,37086,-0.6513,0.77,0.053073,[.00
PPO_25000_bzip2__instcount_256,3000,16256,0.9757,1.76,0.077081,[.00
PPO_25000_bzip2__instcount_256,3000,23432,0.4152,1.22,0.047986,[.00
PPO_25000_bzip2__instcount_256,3000,14433,1.1181,1.99,0.087033,[.00
PPO_25000_bzip2__instcount_256,3000,16454,0.9603,1.74,0.070085,[.00
PPO_25000_bzip2__instcount_256,3000,23222,0.4316,1.23,0.068789,[.00
PPO_25000_bzip2__instcount_256,3000,15080,1.0676,1.90,0.081696,[.00
PPO_25000_bzip2__instcount_256,3000,17845,0.8516,1.61,0.082884,[.00
PPO_25000_bzip2__instcount_256,3000,15769,1.0138,1.82,0.106891,[.00
PPO_25000_bzip2__instcount_256,3000,16664,0.9439,1.72,0.086752,[.00
PPO_25000_bzip2__instcount_256,3000,15249,1.0544,1.88,0.096981,[.00
PPO_25000_bzip2__instcount_256,3000,16221,0.9785,1.77,0.089162,[.00
PPO_25000_bzip2__instcount_256,3000,14402,1.1206,1.99,0.082284,[.00
PPO_25000_bzip2__instcount_256,3000,19890,0.6919,1.44,0.073213,[.00
PPO_25000_bzip2__instcount_256,3000,16219,0.9786,1.77,0.079888,[.00
PPO_25000_bzip2__instcount_256,3000,18843,0.7737,1.52,0.082932,[.00
PPO_25000_bzip2__instcount_256,3000,16843,0.9299,1.70,0.082772,[.00
PPO_25000_bzip2__instcount_256,3000,15241,1.0550,1.88,0.07378,[.00
PPO_25000_bzip2__instcount_256,3000,19076,0.7555,1.50,0.087639,[.00
PPO_25000_bzip2__instcount_256,3000,15525,1.0328,1.85,0.069496,[.00
PPO_25000_bzip2__instcount_256,3000,32312,-0.2783,0.88,0.071391,[.00
PPO_25000_bzip2__instcount_256,3000,22266,0.5063,1.29,0.078695,[.00
PPO_25000_bzip2__instcount_256,3000,18013,0.8385,1.59,0.084632,[.00
PPO_25000_bzip2__instcount_256,3000,19435,0.7274,1.47,0.08685,[.00
PPO_25000_bzip2__instcount_256,3000,18469,0.8029,1.55,0.070752,[.00
PPO_25000_bzip2__instcount_256,3000,17899,0.8474,1.60,0.067364,[.00
PPO_25000_bzip2__instcount_256,3000,18495,0.8008,1.55,0.07175,[.00
PPO_25000_bzip2__instcount_256,3000,26014,0.2135,1.10,0.045811,[.00
PPO_25000_bzip2__instcount_256,3000,16281,0.9738,1.76,0.077527,[.00
PPO_25000_bzip2__instcount_256,3000,16930,0.9231,1.69,0.0788,[.00
PPO_25000_bzip2__instcount_256,3000,16375,0.9664,1.75,0.07356,[.00
PPO_25000_bzip2__instcount_256,3000,15520,1.0332,1.85,0.070843,[.00
PPO_25000_bzip2__instcount_256,3000,18701,0.7847,1.53,0.073349,[.00
PPO_25000_bzip2__instcount_256,3000,30361,-0.1259,0.94,0.05314,[.00
PPO_25000_bzip2__instcount_256,3000,19580,0.7161,1.46,0.092694,[.00
PPO_25000_bzip2__instcount_256,3000,14429,1.1184,1.99,0.094607,[.00
PPO_25000_bzip2__instcount_256,3000,16960,0.9207,1.69,0.082547,[.00
PPO_25000_bzip2__instcount_256,3000,21700,0.5505,1.32,0.088552,[.00
PPO_25000_bzip2__instcount_256,3000,15855,1.0071,1.81,0.072418,[.00
PPO_25000_bzip2__instcount_256,3000,18951,0.7652,1.51,0.047635,[.00
PPO_25000_bzip2__instcount_256,3000,15250,1.0543,1.88,0.071843,[.00
PPO_25000_bzip2__instcount_256,3000,15557,1.0303,1.84,0.071794,[.00
PPO_25000_bzip2__instcount_256,3000,18740,0.7817,1.53,0.071882,[.00
PPO_25000_bzip2__instcount_256,3000,17607,0.8702,1.63,0.080476,[.00
PPO_25000_bzip2__instcount_256,3000,17698,0.8631,1.62,0.083555,[.00
PPO_25000_bzip2__instcount_256,3000,16197,0.9803,1.77,0.083418,[.00
PPO_25000_bzip2__instcount_256,3000,18887,0.7702,1.52,0.081112,[.00
PPO_25000_bzip2__instcount_256,3000,23928,0.3765,1.20,0.073334,[.00
PPO_25000_bzip2__instcount_256,3000,15357,1.0460,1.87,0.079681,[.00
PPO_25000_bzip2__instcount_256,3000,23666,0.3969,1.21,0.078839,[.00
PPO_25000_bzip2__instcount_256,3000,19872,0.6933,1.44,0.075435,[.00
PPO_25000_bzip2__instcount_256,3000,30667,-0.1498,0.93,0.089937,[.00
PPO_25000_bzip2__instcount_256,3000,15956,0.9992,1.80,0.069198,[.00
PPO_25000_bzip2__instcount_256,3000,15929,1.0013,1.80,0.0788,[.00
PPO_25000_bzip2__instcount_256,3000,19977,0.6851,1.43,0.083096,[.00
PPO_25000_bzip2__instcount_256,3000,16657,0.9444,1.72,0.085623,[.00
PPO_25000_bzip2__instcount_256,3000,16161,0.9832,1.77,0.083085,[.00
PPO_25000_bzip2__instcount_256,3000,16118,0.9865,1.78,0.068426,[.00
PPO_25000_bzip2__instcount_256,3000,15564,1.0298,1.84,0.080453,[.00
PPO_25000_bzip2__instcount_256,3000,15725,1.0172,1.82,0.082422,[.00
PPO_25000_bzip2__instcount_256,3000,15253,1.0541,1.88,0.07293,[.00
PPO_25000_bzip2__instcount_256,3000,22821,0.4629,1.25,0.085943,[.00
PPO_25000_bzip2__instcount_256,3000,21345,0.5782,1.34,0.090216,[.00
PPO_25000_bzip2__instcount_256,3000,15876,1.0054,1.81,0.069198,[.00
PPO_25000_bzip2__instcount_256,3000,15930,1.0012,1.80,0.088028,[.00
PPO_25000_bzip2__instcount_256,3000,15174,1.0603,1.89,0.078401,[.00
PPO_25000_bzip2__instcount_256,3000,19361,0.7332,1.48,0.0748,[.00
PPO_25000_bzip2__instcount_256,3000,20901,0.6129,1.37,0.072119,[.00
PPO_25000_bzip2__instcount_256,3000,15063,1.0689,1.90,0.086076,[.00
PPO_25000_bzip2__instcount_256,3000,17085,0.9110,1.68,0.086653,[.00
PPO_25000_bzip2__instcount_256,3000,16978,0.9193,1.69,0.070361,[.00
PPO_25000_bzip2__instcount_256,3000,17056,0.9132,1.68,0.081481,[.00
PPO_25000_bzip2__instcount_256,3000,19146,0.7500,1.50,0.049059,[.00
PPO_25000_bzip2__instcount_256,3000,18081,0.8332,1.58,0.084206,[.00
PPO_25000_bzip2__instcount_256,3000,15846,1.0078,1.81,0.069948,[.00
PPO_25000_bzip2__instcount_256,3000,16680,0.9426,1.72,0.103304,[.00
PPO_25000_bzip2__instcount_256,3000,38212,-0.7392,0.75,0.087012,[.00
PPO_25000_bzip2__instcount_256,3000,15799,1.0114,1.81,0.074863,[.00
PPO_25000_bzip2__instcount_256,3000,18547,0.7968,1.55,0.080717,[.00
PPO_25000_bzip2__instcount_256,3000,15363,1.0455,1.87,0.071328,[.00
PPO_25000_bzip2__instcount_256,3000,14938,1.0787,1.92,0.079538,[.00
PPO_25000_bzip2__instcount_256,3000,15939,1.0005,1.80,0.088773,[.00
PPO_25000_bzip2__instcount_256,3000,16358,0.9678,1.75,0.084002,[.00
PPO_25000_bzip2__instcount_256,3000,16281,0.9738,1.76,0.071266,[.00
PPO_25000_bzip2__instcount_256,3000,15703,1.0189,1.83,0.074429,[.00
PPO_25000_bzip2__instcount_256,3000,15961,0.9988,1.80,0.074146,[.00
PPO_25000_bzip2__instcount_256,3000,22827,0.4625,1.25,0.086037,[.00
PPO_25000_bzip2__instcount_256,3000,15065,1.0688,1.90,0.081403,[.00
PPO_25000_bzip2__instcount_256,3000,14966,1.0765,1.92,0.084044,[.00
PPO_25000_bzip2__instcount_256,3000,17693,0.8635,1.62,0.085934,[.00
PPO_25000_bzip2__instcount_256,4000,21853,0.5385,1.31,0.071033,[.00
PPO_25000_bzip2__instcount_256,4000,16061,0.9910,1.78,0.082093,[.00
PPO_25000_bzip2__instcount_256,4000,15173,1.0603,1.89,0.069508,[.00
PPO_25000_bzip2__instcount_256,4000,14901,1.0816,1.92,0.071059,[.00
PPO_25000_bzip2__instcount_256,4000,15196,1.0585,1.89,0.080141,[.00
PPO_25000_bzip2__instcount_256,4000,19145,0.7501,1.50,0.069902,[.00
PPO_25000_bzip2__instcount_256,4000,14996,1.0742,1.91,0.071078,[.00
PPO_25000_bzip2__instcount_256,4000,16824,0.9314,1.70,0.070795,[.00
PPO_25000_bzip2__instcount_256,4000,16676,0.9429,1.72,0.071441,[.00
PPO_25000_bzip2__instcount_256,4000,15755,1.0149,1.82,0.068879,[.00
PPO_25000_bzip2__instcount_256,4000,16490,0.9575,1.74,0.079756,[.00
PPO_25000_bzip2__instcount_256,4000,16570,0.9512,1.73,0.074348,[.00
PPO_25000_bzip2__instcount_256,4000,16305,0.9719,1.76,0.070908,[.00
PPO_25000_bzip2__instcount_256,4000,16248,0.9764,1.76,0.069074,[.00
PPO_25000_bzip2__instcount_256,4000,20150,0.6716,1.42,0.068849,[.00
PPO_25000_bzip2__instcount_256,4000,15427,1.0405,1.86,0.081856,[.00
PPO_25000_bzip2__instcount_256,4000,18791,0.7777,1.52,0.089574,[.00
PPO_25000_bzip2__instcount_256,4000,21583,0.5596,1.33,0.085821,[.00
PPO_25000_bzip2__instcount_256,4000,14740,1.0942,1.95,0.085874,[.00
PPO_25000_bzip2__instcount_256,4000,17527,0.8765,1.64,0.086934,[.00
PPO_25000_bzip2__instcount_256,4000,15125,1.0641,1.90,0.086339,[.00
PPO_25000_bzip2__instcount_256,4000,16187,0.9811,1.77,0.06774,[.00
PPO_25000_bzip2__instcount_256,4000,15020,1.0723,1.91,0.098122,[.00
PPO_25000_bzip2__instcount_256,4000,16131,0.9855,1.78,0.078689,[.00
PPO_25000_bzip2__instcount_256,4000,15010,1.0731,1.91,0.080841,[.00
PPO_25000_bzip2__instcount_256,4000,15131,1.0636,1.89,0.079375,[.00
PPO_25000_bzip2__instcount_256,4000,14862,1.0846,1.93,0.096471,[.00
PPO_25000_bzip2__instcount_256,4000,15020,1.0723,1.91,0.082256,[.00
PPO_25000_bzip2__instcount_256,4000,14965,1.0766,1.92,0.067802,[.00
PPO_25000_bzip2__instcount_256,4000,16856,0.9289,1.70,0.095783,[.00
PPO_25000_bzip2__instcount_256,4000,15691,1.0199,1.83,0.070464,[.00
PPO_25000_bzip2__instcount_256,4000,17308,0.8936,1.66,0.085775,[.00
PPO_25000_bzip2__instcount_256,4000,15261,1.0535,1.88,0.070748,[.00
PPO_25000_bzip2__instcount_256,4000,15349,1.0466,1.87,0.081995,[.00
PPO_25000_bzip2__instcount_256,4000,21761,0.5457,1.32,0.074844,[.00
PPO_25000_bzip2__instcount_256,4000,18253,0.8197,1.57,0.081362,[.00
PPO_25000_bzip2__instcount_256,4000,16034,0.9931,1.79,0.06974,[.00
PPO_25000_bzip2__instcount_256,4000,23450,0.4138,1.22,0.049659,[.00
PPO_25000_bzip2__instcount_256,4000,19164,0.7486,1.50,0.073701,[.00
PPO_25000_bzip2__instcount_256,4000,18437,0.8054,1.55,0.071691,[.00
PPO_25000_bzip2__instcount_256,4000,16571,0.9511,1.73,0.080041,[.00
PPO_25000_bzip2__instcount_256,4000,16844,0.9298,1.70,0.078222,[.00
PPO_25000_bzip2__instcount_256,4000,15338,1.0474,1.87,0.08289,[.00
PPO_25000_bzip2__instcount_256,4000,18517,0.7991,1.55,0.089059,[.00
PPO_25000_bzip2__instcount_256,4000,15784,1.0126,1.82,0.072149,[.00
PPO_25000_bzip2__instcount_256,4000,16533,0.9541,1.73,0.073525,[.00
PPO_25000_bzip2__instcount_256,4000,14833,1.0869,1.93,0.071218,[.00
PPO_25000_bzip2__instcount_256,4000,13538,1.1880,2.12,0.081803,[.00
PPO_25000_bzip2__instcount_256,4000,20832,0.6183,1.37,0.075384,[.00
PPO_25000_bzip2__instcount_256,4000,19748,0.7030,1.45,0.079687,[.00
PPO_25000_bzip2__instcount_256,4000,15098,1.0662,1.90,0.083506,[.00
PPO_25000_bzip2__instcount_256,4000,15520,1.0332,1.85,0.070393,[.00
PPO_25000_bzip2__instcount_256,4000,14704,1.0970,1.95,0.083966,[.00
PPO_25000_bzip2__instcount_256,4000,15627,1.0249,1.83,0.073873,[.00
PPO_25000_bzip2__instcount_256,4000,16115,0.9867,1.78,0.080079,[.00
PPO_25000_bzip2__instcount_256,4000,14811,1.0886,1.94,0.083671,[.00
PPO_25000_bzip2__instcount_256,4000,28657,0.0071,1.00,0.048296,[.00
PPO_25000_bzip2__instcount_256,4000,15349,1.0466,1.87,0.070124,[.00
PPO_25000_bzip2__instcount_256,4000,15537,1.0319,1.85,0.070754,[.00
PPO_25000_bzip2__instcount_256,4000,15275,1.0524,1.88,0.079948,[.00
PPO_25000_bzip2__instcount_256,4000,18233,0.8213,1.57,0.069006,[.00
PPO_25000_bzip2__instcount_256,4000,17028,0.9154,1.68,0.077576,[.00
PPO_25000_bzip2__instcount_256,4000,16309,0.9716,1.76,0.069001,[.00
PPO_25000_bzip2__instcount_256,4000,15992,0.9964,1.79,0.074724,[.00
PPO_25000_bzip2__instcount_256,4000,17294,0.8947,1.66,0.083104,[.00
PPO_25000_bzip2__instcount_256,4000,18140,0.8286,1.58,0.07198,[.00
PPO_25000_bzip2__instcount_256,4000,18575,0.7946,1.54,0.050029,[.00
PPO_25000_bzip2__instcount_256,4000,16623,0.9471,1.72,0.074783,[.00
PPO_25000_bzip2__instcount_256,4000,15488,1.0357,1.85,0.082998,[.00
PPO_25000_bzip2__instcount_256,4000,16151,0.9839,1.77,0.071996,[.00
PPO_25000_bzip2__instcount_256,4000,15887,1.0046,1.80,0.069384,[.00
PPO_25000_bzip2__instcount_256,4000,15164,1.0610,1.89,0.083214,[.00
PPO_25000_bzip2__instcount_256,4000,15008,1.0732,1.91,0.085864,[.00
PPO_25000_bzip2__instcount_256,4000,16977,0.9194,1.69,0.078603,[.00
PPO_25000_bzip2__instcount_256,4000,14063,1.1470,2.04,0.085356,[.00
PPO_25000_bzip2__instcount_256,4000,15464,1.0376,1.85,0.086105,[.00
PPO_25000_bzip2__instcount_256,4000,19873,0.6932,1.44,0.077448,[.00
PPO_25000_bzip2__instcount_256,4000,14784,1.0907,1.94,0.079822,[.00
PPO_25000_bzip2__instcount_256,4000,15976,0.9976,1.79,0.082319,[.00
PPO_25000_bzip2__instcount_256,4000,14490,1.1137,1.98,0.080031,[.00
PPO_25000_bzip2__instcount_256,4000,17054,0.9134,1.68,0.069614,[.00
PPO_25000_bzip2__instcount_256,4000,15139,1.0630,1.89,0.079208,[.00
PPO_25000_bzip2__instcount_256,4000,16763,0.9361,1.71,0.0812,[.00
PPO_25000_bzip2__instcount_256,4000,15448,1.0389,1.86,0.069411,[.00
PPO_25000_bzip2__instcount_256,4000,15301,1.0503,1.87,0.072495,[.00
PPO_25000_bzip2__instcount_256,4000,19098,0.7537,1.50,0.083006,[.00
PPO_25000_bzip2__instcount_256,4000,15330,1.0481,1.87,0.083694,[.00
PPO_25000_bzip2__instcount_256,4000,17530,0.8762,1.63,0.077444,[.00
PPO_25000_bzip2__instcount_256,4000,16269,0.9747,1.76,0.077293,[.00
PPO_25000_bzip2__instcount_256,4000,16092,0.9885,1.78,0.075941,[.00
PPO_25000_bzip2__instcount_256,4000,15128,1.0638,1.90,0.084496,[.00
PPO_25000_bzip2__instcount_256,4000,20403,0.6518,1.40,0.047075,[.00
PPO_25000_bzip2__instcount_256,4000,18120,0.8301,1.58,0.071638,[.00
PPO_25000_bzip2__instcount_256,4000,19215,0.7446,1.49,0.068959,[.00
PPO_25000_bzip2__instcount_256,4000,15780,1.0129,1.82,0.082057,[.00
PPO_25000_bzip2__instcount_256,4000,19911,0.6902,1.44,0.067361,[.00
PPO_25000_bzip2__instcount_256,4000,14388,1.1216,1.99,0.08206,[.00
PPO_25000_bzip2__instcount_256,4000,17321,0.8925,1.65,0.079759,[.00
PPO_25000_bzip2__instcount_256,4000,15213,1.0572,1.88,0.078601,[.00
PPO_25000_bzip2__instcount_256,4000,19334,0.7353,1.48,0.079615,[.00
PPO_25000_bzip2__instcount_256,5000,15180,1.0598,1.89,0.083912,[.00
PPO_25000_bzip2__instcount_256,5000,14544,1.1095,1.97,0.08136,[.00
PPO_25000_bzip2__instcount_256,5000,16325,0.9703,1.76,0.099224,[.00
PPO_25000_bzip2__instcount_256,5000,15766,1.0140,1.82,0.088774,[.00
PPO_25000_bzip2__instcount_256,5000,15720,1.0176,1.82,0.068003,[.00
PPO_25000_bzip2__instcount_256,5000,16932,0.9229,1.69,0.081485,[.00
PPO_25000_bzip2__instcount_256,5000,14418,1.1193,1.99,0.082,[.00
PPO_25000_bzip2__instcount_256,5000,15395,1.0430,1.86,0.069668,[.00
PPO_25000_bzip2__instcount_256,5000,15858,1.0068,1.81,0.075624,[.00
PPO_25000_bzip2__instcount_256,5000,14953,1.0775,1.92,0.105465,[.00
PPO_25000_bzip2__instcount_256,5000,14990,1.0746,1.91,0.075757,[.00
PPO_25000_bzip2__instcount_256,5000,15520,1.0332,1.85,0.067718,[.00
PPO_25000_bzip2__instcount_256,5000,15125,1.0641,1.90,0.08175,[.00
PPO_25000_bzip2__instcount_256,5000,15291,1.0511,1.88,0.082519,[.00
PPO_25000_bzip2__instcount_256,5000,14294,1.1290,2.01,0.084272,[.00
PPO_25000_bzip2__instcount_256,5000,15412,1.0417,1.86,0.076624,[.00
PPO_25000_bzip2__instcount_256,5000,14379,1.1224,1.99,0.080224,[.00
PPO_25000_bzip2__instcount_256,5000,16401,0.9644,1.75,0.068466,[.00
PPO_25000_bzip2__instcount_256,5000,16880,0.9270,1.70,0.048207,[.00
PPO_25000_bzip2__instcount_256,5000,15699,1.0192,1.83,0.084779,[.00
PPO_25000_bzip2__instcount_256,5000,15936,1.0007,1.80,0.075512,[.00
PPO_25000_bzip2__instcount_256,5000,16302,0.9721,1.76,0.087291,[.00
PPO_25000_bzip2__instcount_256,5000,18518,0.7990,1.55,0.048316,[.00
PPO_25000_bzip2__instcount_256,5000,17575,0.8727,1.63,0.085483,[.00
PPO_25000_bzip2__instcount_256,5000,17527,0.8765,1.64,0.081403,[.00
PPO_25000_bzip2__instcount_256,5000,14743,1.0939,1.94,0.085789,[.00
PPO_25000_bzip2__instcount_256,5000,15938,1.0006,1.80,0.074148,[.00
PPO_25000_bzip2__instcount_256,5000,14537,1.1100,1.97,0.083649,[.00
PPO_25000_bzip2__instcount_256,5000,15317,1.0491,1.87,0.086372,[.00
PPO_25000_bzip2__instcount_256,5000,15847,1.0077,1.81,0.082857,[.00
PPO_25000_bzip2__instcount_256,5000,16045,0.9922,1.79,0.097707,[.00
PPO_25000_bzip2__instcount_256,5000,15574,1.0290,1.84,0.071861,[.00
PPO_25000_bzip2__instcount_256,5000,14841,1.0863,1.93,0.088068,[.00
PPO_25000_bzip2__instcount_256,5000,15107,1.0655,1.90,0.079109,[.00
PPO_25000_bzip2__instcount_256,5000,15059,1.0692,1.90,0.083022,[.00
PPO_25000_bzip2__instcount_256,5000,14568,1.1076,1.97,0.083171,[.00
PPO_25000_bzip2__instcount_256,5000,14182,1.1377,2.02,0.080135,[.00
PPO_25000_bzip2__instcount_256,5000,15880,1.0051,1.81,0.071755,[.00
PPO_25000_bzip2__instcount_256,5000,17700,0.8629,1.62,0.084897,[.00
PPO_25000_bzip2__instcount_256,5000,14001,1.1519,2.05,0.078502,[.00
PPO_25000_bzip2__instcount_256,5000,19135,0.7508,1.50,0.048938,[.00
PPO_25000_bzip2__instcount_256,5000,15837,1.0085,1.81,0.072495,[.00
PPO_25000_bzip2__instcount_256,5000,17432,0.8839,1.64,0.089456,[.00
PPO_25000_bzip2__instcount_256,5000,17931,0.8449,1.60,0.047953,[.00
PPO_25000_bzip2__instcount_256,5000,16491,0.9574,1.74,0.070451,[.00
PPO_25000_bzip2__instcount_256,5000,16467,0.9593,1.74,0.072644,[.00
PPO_25000_bzip2__instcount_256,5000,14285,1.1297,2.01,0.08575,[.00
PPO_25000_bzip2__instcount_256,5000,15676,1.0210,1.83,0.074018,[.00
PPO_25000_bzip2__instcount_256,5000,15560,1.0301,1.84,0.072695,[.00
PPO_25000_bzip2__instcount_256,5000,15195,1.0586,1.89,0.079689,[.00
PPO_25000_bzip2__instcount_256,5000,16998,0.9178,1.69,0.078962,[.00
PPO_25000_bzip2__instcount_256,5000,14742,1.0940,1.95,0.069056,[.00
PPO_25000_bzip2__instcount_256,5000,17941,0.8441,1.60,0.084599,[.00
PPO_25000_bzip2__instcount_256,5000,16060,0.9910,1.79,0.071559,[.00
PPO_25000_bzip2__instcount_256,5000,17933,0.8447,1.60,0.080912,[.00
PPO_25000_bzip2__instcount_256,5000,17187,0.9030,1.67,0.067345,[.00
PPO_25000_bzip2__instcount_256,5000,15952,0.9995,1.80,0.094339,[.00
PPO_25000_bzip2__instcount_256,5000,15256,1.0538,1.88,0.07971,[.00
PPO_25000_bzip2__instcount_256,5000,14800,1.0895,1.94,0.083037,[.00
PPO_25000_bzip2__instcount_256,5000,15703,1.0189,1.83,0.071986,[.00
PPO_25000_bzip2__instcount_256,5000,16212,0.9792,1.77,0.07093,[.00
PPO_25000_bzip2__instcount_256,5000,15309,1.0497,1.87,0.071153,[.00
PPO_25000_bzip2__instcount_256,5000,15226,1.0562,1.88,0.068063,[.00
PPO_25000_bzip2__instcount_256,5000,15745,1.0157,1.82,0.072529,[.00
PPO_25000_bzip2__instcount_256,5000,15501,1.0347,1.85,0.086336,[.00
PPO_25000_bzip2__instcount_256,5000,16224,0.9782,1.77,0.06813,[.00
PPO_25000_bzip2__instcount_256,5000,15033,1.0713,1.91,0.099464,[.00
PPO_25000_bzip2__instcount_256,5000,15565,1.0297,1.84,0.076,[.00
PPO_25000_bzip2__instcount_256,5000,15366,1.0453,1.87,0.073053,[.00
PPO_25000_bzip2__instcount_256,5000,15062,1.0690,1.90,0.095342,[.00
PPO_25000_bzip2__instcount_256,5000,16433,0.9619,1.74,0.083064,[.00
PPO_25000_bzip2__instcount_256,5000,14504,1.1126,1.98,0.086289,[.00
PPO_25000_bzip2__instcount_256,5000,15074,1.0681,1.90,0.094621,[.00
PPO_25000_bzip2__instcount_256,5000,15204,1.0579,1.89,0.070277,[.00
PPO_25000_bzip2__instcount_256,5000,17383,0.8877,1.65,0.077508,[.00
PPO_25000_bzip2__instcount_256,5000,13878,1.1615,2.07,0.082917,[.00
PPO_25000_bzip2__instcount_256,5000,15082,1.0674,1.90,0.082989,[.00
PPO_25000_bzip2__instcount_256,5000,15735,1.0164,1.82,0.075953,[.00
PPO_25000_bzip2__instcount_256,5000,15940,1.0004,1.80,0.071006,[.00
PPO_25000_bzip2__instcount_256,5000,14203,1.1361,2.02,0.087358,[.00
PPO_25000_bzip2__instcount_256,5000,16992,0.9182,1.69,0.084328,[.00
PPO_25000_bzip2__instcount_256,5000,15135,1.0633,1.89,0.072282,[.00
PPO_25000_bzip2__instcount_256,5000,15107,1.0655,1.90,0.079891,[.00
PPO_25000_bzip2__instcount_256,5000,15480,1.0364,1.85,0.072797,[.00
PPO_25000_bzip2__instcount_256,5000,16322,0.9706,1.76,0.071402,[.00
PPO_25000_bzip2__instcount_256,5000,17475,0.8805,1.64,0.095973,[.00
PPO_25000_bzip2__instcount_256,5000,14927,1.0795,1.92,0.08617,[.00
PPO_25000_bzip2__instcount_256,5000,14130,1.1418,2.03,0.083706,[.00
PPO_25000_bzip2__instcount_256,5000,16414,0.9634,1.75,0.084856,[.00
PPO_25000_bzip2__instcount_256,5000,14732,1.0948,1.95,0.079549,[.00
PPO_25000_bzip2__instcount_256,5000,17143,0.9064,1.67,0.087067,[.00
PPO_25000_bzip2__instcount_256,5000,15108,1.0654,1.90,0.070664,[.00
PPO_25000_bzip2__instcount_256,5000,15560,1.0301,1.84,0.072526,[.00
PPO_25000_bzip2__instcount_256,5000,15541,1.0316,1.84,0.079484,[.00
PPO_25000_bzip2__instcount_256,5000,20107,0.6749,1.42,0.096528,[.00
PPO_25000_bzip2__instcount_256,5000,14973,1.0760,1.91,0.081165,[.00
PPO_25000_bzip2__instcount_256,5000,15672,1.0214,1.83,0.077967,[.00
PPO_25000_bzip2__instcount_256,5000,14879,1.0833,1.93,0.079646,[.00
PPO_25000_bzip2__instcount_256,5000,16474,0.9587,1.74,0.071628,[.00
PPO_25000_bzip2__instcount_256,5000,16002,0.9956,1.79,0.075974,[.00
PPO_25000_bzip2__instcount_256,6000,14804,1.0892,1.94,0.072227,[.00
PPO_25000_bzip2__instcount_256,6000,17001,0.9175,1.69,0.074529,[.00
PPO_25000_bzip2__instcount_256,6000,15964,0.9985,1.80,0.071802,[.00
PPO_25000_bzip2__instcount_256,6000,19055,0.7571,1.50,0.047853,[.00
PPO_25000_bzip2__instcount_256,6000,15444,1.0392,1.86,0.069914,[.00
PPO_25000_bzip2__instcount_256,6000,17419,0.8849,1.65,0.082461,[.00
PPO_25000_bzip2__instcount_256,6000,15180,1.0598,1.89,0.08275,[.00
PPO_25000_bzip2__instcount_256,6000,15024,1.0720,1.91,0.081395,[.00
PPO_25000_bzip2__instcount_256,6000,14283,1.1299,2.01,0.08033,[.00
PPO_25000_bzip2__instcount_256,6000,14739,1.0942,1.95,0.081626,[.00
PPO_25000_bzip2__instcount_256,6000,14343,1.1252,2.00,0.089888,[.00
PPO_25000_bzip2__instcount_256,6000,14413,1.1197,1.99,0.084572,[.00
PPO_25000_bzip2__instcount_256,6000,13903,1.1595,2.06,0.086838,[.00
PPO_25000_bzip2__instcount_256,6000,14643,1.1017,1.96,0.082335,[.00
PPO_25000_bzip2__instcount_256,6000,13995,1.1523,2.05,0.079677,[.00
PPO_25000_bzip2__instcount_256,6000,15475,1.0367,1.85,0.081757,[.00
PPO_25000_bzip2__instcount_256,6000,15147,1.0624,1.89,0.086158,[.00
PPO_25000_bzip2__instcount_256,6000,19276,0.7398,1.49,0.095234,[.00
PPO_25000_bzip2__instcount_256,6000,18558,0.7959,1.54,0.082482,[.00
PPO_25000_bzip2__instcount_256,6000,15033,1.0713,1.91,0.080838,[.00
PPO_25000_bzip2__instcount_256,6000,15197,1.0585,1.89,0.071661,[.00
PPO_25000_bzip2__instcount_256,6000,17194,0.9025,1.67,0.072493,[.00
PPO_25000_bzip2__instcount_256,6000,14968,1.0763,1.92,0.072972,[.00
PPO_25000_bzip2__instcount_256,6000,18736,0.7820,1.53,0.080807,[.00
PPO_25000_bzip2__instcount_256,6000,16250,0.9762,1.76,0.081789,[.00
PPO_25000_bzip2__instcount_256,6000,13902,1.1596,2.06,0.082437,[.00
PPO_25000_bzip2__instcount_256,6000,15818,1.0099,1.81,0.081955,[.00
PPO_25000_bzip2__instcount_256,6000,16019,0.9942,1.79,0.083316,[.00
PPO_25000_bzip2__instcount_256,6000,17557,0.8741,1.63,0.082074,[.00
PPO_25000_bzip2__instcount_256,6000,15021,1.0722,1.91,0.087885,[.00
PPO_25000_bzip2__instcount_256,6000,14552,1.1088,1.97,0.081389,[.00
PPO_25000_bzip2__instcount_256,6000,14307,1.1280,2.00,0.083325,[.00
PPO_25000_bzip2__instcount_256,6000,14343,1.1252,2.00,0.079567,[.00
PPO_25000_bzip2__instcount_256,6000,15274,1.0524,1.88,0.082374,[.00
PPO_25000_bzip2__instcount_256,6000,15215,1.0571,1.88,0.070413,[.00
PPO_25000_bzip2__instcount_256,6000,14241,1.1331,2.01,0.079678,[.00
PPO_25000_bzip2__instcount_256,6000,19474,0.7244,1.47,0.084741,[.00
PPO_25000_bzip2__instcount_256,6000,15776,1.0132,1.82,0.072269,[.00
PPO_25000_bzip2__instcount_256,6000,15413,1.0416,1.86,0.071179,[.00
PPO_25000_bzip2__instcount_256,6000,15587,1.0280,1.84,0.086001,[.00
PPO_25000_bzip2__instcount_256,6000,14972,1.0760,1.92,0.082928,[.00
PPO_25000_bzip2__instcount_256,6000,16801,0.9332,1.71,0.070945,[.00
PPO_25000_bzip2__instcount_256,6000,15301,1.0503,1.87,0.089806,[.00
PPO_25000_bzip2__instcount_256,6000,15214,1.0571,1.88,0.090312,[.00
PPO_25000_bzip2__instcount_256,6000,14494,1.1134,1.98,0.083871,[.00
PPO_25000_bzip2__instcount_256,6000,15413,1.0416,1.86,0.070129,[.00
PPO_25000_bzip2__instcount_256,6000,15259,1.0536,1.88,0.081311,[.00
PPO_25000_bzip2__instcount_256,6000,16006,0.9953,1.79,0.070805,[.00
PPO_25000_bzip2__instcount_256,6000,14431,1.1183,1.99,0.085357,[.00
PPO_25000_bzip2__instcount_256,6000,14964,1.0767,1.92,0.077645,[.00
PPO_25000_bzip2__instcount_256,6000,14992,1.0745,1.91,0.079868,[.00
PPO_25000_bzip2__instcount_256,6000,15455,1.0383,1.86,0.070323,[.00
PPO_25000_bzip2__instcount_256,6000,15167,1.0608,1.89,0.092992,[.00
PPO_25000_bzip2__instcount_256,6000,14159,1.1395,2.03,0.082105,[.00
PPO_25000_bzip2__instcount_256,6000,17027,0.9155,1.68,0.096909,[.00
PPO_25000_bzip2__instcount_256,6000,14668,1.0998,1.95,0.079603,[.00
PPO_25000_bzip2__instcount_256,6000,14183,1.1377,2.02,0.08619,[.00
PPO_25000_bzip2__instcount_256,6000,14437,1.1178,1.99,0.082773,[.00
PPO_25000_bzip2__instcount_256,6000,17362,0.8893,1.65,0.094841,[.00
PPO_25000_bzip2__instcount_256,6000,14993,1.0744,1.91,0.078482,[.00
PPO_25000_bzip2__instcount_256,6000,16326,0.9703,1.76,0.084072,[.00
PPO_25000_bzip2__instcount_256,6000,16378,0.9662,1.75,0.082453,[.00
PPO_25000_bzip2__instcount_256,6000,14432,1.1182,1.99,0.080469,[.00
PPO_25000_bzip2__instcount_256,6000,16046,0.9921,1.79,0.072784,[.00
PPO_25000_bzip2__instcount_256,6000,14505,1.1125,1.98,0.083302,[.00
PPO_25000_bzip2__instcount_256,6000,15163,1.0611,1.89,0.104078,[.00
PPO_25000_bzip2__instcount_256,6000,16469,0.9591,1.74,0.077297,[.00
PPO_25000_bzip2__instcount_256,6000,14482,1.1143,1.98,0.079736,[.00
PPO_25000_bzip2__instcount_256,6000,15231,1.0558,1.88,0.082694,[.00
PPO_25000_bzip2__instcount_256,6000,14358,1.1240,2.00,0.082463,[.00
PPO_25000_bzip2__instcount_256,6000,36728,-0.6233,0.78,0.086876,[.00
PPO_25000_bzip2__instcount_256,6000,15348,1.0467,1.87,0.097462,[.00
PPO_25000_bzip2__instcount_256,6000,18436,0.8054,1.55,0.073667,[.00
PPO_25000_bzip2__instcount_256,6000,15693,1.0197,1.83,0.073115,[.00
PPO_25000_bzip2__instcount_256,6000,15117,1.0647,1.90,0.092911,[.00
PPO_25000_bzip2__instcount_256,6000,15654,1.0228,1.83,0.073341,[.00
PPO_25000_bzip2__instcount_256,6000,14962,1.0768,1.92,0.084102,[.00
PPO_25000_bzip2__instcount_256,6000,15127,1.0639,1.90,0.079881,[.00
PPO_25000_bzip2__instcount_256,6000,15400,1.0426,1.86,0.070558,[.00
PPO_25000_bzip2__instcount_256,6000,16080,0.9895,1.78,0.08169,[.00
PPO_25000_bzip2__instcount_256,6000,15164,1.0610,1.89,0.088834,[.00
PPO_25000_bzip2__instcount_256,6000,14735,1.0945,1.95,0.081592,[.00
PPO_25000_bzip2__instcount_256,6000,14540,1.1098,1.97,0.083636,[.00
PPO_25000_bzip2__instcount_256,6000,14340,1.1254,2.00,0.081204,[.00
PPO_25000_bzip2__instcount_256,6000,15612,1.0260,1.84,0.094555,[.00
PPO_25000_bzip2__instcount_256,6000,16962,0.9206,1.69,0.084299,[.00
PPO_25000_bzip2__instcount_256,6000,29872,-0.0877,0.96,0.127141,[.00
PPO_25000_bzip2__instcount_256,6000,15120,1.0645,1.90,0.083872,[.00
PPO_25000_bzip2__instcount_256,6000,14515,1.1117,1.98,0.117593,[.00
PPO_25000_bzip2__instcount_256,6000,14190,1.1371,2.02,0.085195,[.00
PPO_25000_bzip2__instcount_256,6000,17556,0.8742,1.63,0.073884,[.00
PPO_25000_bzip2__instcount_256,6000,15337,1.0475,1.87,0.09575,[.00
PPO_25000_bzip2__instcount_256,6000,18172,0.8261,1.58,0.075147,[.00
PPO_25000_bzip2__instcount_256,6000,16030,0.9934,1.79,0.086048,[.00
PPO_25000_bzip2__instcount_256,6000,14789,1.0903,1.94,0.06911,[.00
PPO_25000_bzip2__instcount_256,6000,15853,1.0072,1.81,0.081393,[.00
PPO_25000_bzip2__instcount_256,6000,16279,0.9739,1.76,0.080826,[.00
PPO_25000_bzip2__instcount_256,6000,15949,0.9997,1.80,0.073193,[.00
PPO_25000_bzip2__instcount_256,6000,16001,0.9957,1.79,0.095919,[.00
PPO_25000_bzip2__instcount_256,6000,14555,1.1086,1.97,0.085585,[.00
PPO_25000_bzip2__instcount_256,7000,14200,1.1363,2.02,0.081927,[.00
PPO_25000_bzip2__instcount_256,7000,14745,1.0938,1.94,0.101662,[.00
PPO_25000_bzip2__instcount_256,7000,14195,1.1367,2.02,0.082337,[.00
PPO_25000_bzip2__instcount_256,7000,15069,1.0685,1.90,0.072346,[.00
PPO_25000_bzip2__instcount_256,7000,16421,0.9628,1.75,0.077539,[.00
PPO_25000_bzip2__instcount_256,7000,14454,1.1165,1.98,0.082186,[.00
PPO_25000_bzip2__instcount_256,7000,19045,0.7579,1.50,0.071139,[.00
PPO_25000_bzip2__instcount_256,7000,37224,-0.6620,0.77,0.092555,[.00
PPO_25000_bzip2__instcount_256,7000,14102,1.1440,2.03,0.082826,[.00
PPO_25000_bzip2__instcount_256,7000,14439,1.1177,1.99,0.084784,[.00
PPO_25000_bzip2__instcount_256,7000,14471,1.1152,1.98,0.088276,[.00
PPO_25000_bzip2__instcount_256,7000,16996,0.9179,1.69,0.073403,[.00
PPO_25000_bzip2__instcount_256,7000,16297,0.9725,1.76,0.08236,[.00
PPO_25000_bzip2__instcount_256,7000,13957,1.1553,2.05,0.079565,[.00
PPO_25000_bzip2__instcount_256,7000,15263,1.0533,1.88,0.071451,[.00
PPO_25000_bzip2__instcount_256,7000,15079,1.0677,1.90,0.070708,[.00
PPO_25000_bzip2__instcount_256,7000,14234,1.1337,2.01,0.081916,[.00
PPO_25000_bzip2__instcount_256,7000,13561,1.1862,2.11,0.086597,[.00
PPO_25000_bzip2__instcount_256,7000,14557,1.1084,1.97,0.080491,[.00
PPO_25000_bzip2__instcount_256,7000,15425,1.0406,1.86,0.070785,[.00
PPO_25000_bzip2__instcount_256,7000,14938,1.0787,1.92,0.077415,[.00
PPO_25000_bzip2__instcount_256,7000,14929,1.0794,1.92,0.08436,[.00
PPO_25000_bzip2__instcount_256,7000,14180,1.1379,2.02,0.086519,[.00
PPO_25000_bzip2__instcount_256,7000,13496,1.1913,2.13,0.09253,[.00
PPO_25000_bzip2__instcount_256,7000,13834,1.1649,2.07,0.085683,[.00
PPO_25000_bzip2__instcount_256,7000,16573,0.9510,1.73,0.082251,[.00
PPO_25000_bzip2__instcount_256,7000,14675,1.0992,1.95,0.08195,[.00
PPO_25000_bzip2__instcount_256,7000,19170,0.7481,1.49,0.068255,[.00
PPO_25000_bzip2__instcount_256,7000,14595,1.1055,1.96,0.080537,[.00
PPO_25000_bzip2__instcount_256,7000,14508,1.1123,1.98,0.069029,[.00
PPO_25000_bzip2__instcount_256,7000,13993,1.1525,2.05,0.080248,[.00
PPO_25000_bzip2__instcount_256,7000,16267,0.9749,1.76,0.068969,[.00
PPO_25000_bzip2__instcount_256,7000,15327,1.0483,1.87,0.086499,[.00
PPO_25000_bzip2__instcount_256,7000,15810,1.0106,1.81,0.072057,[.00
PPO_25000_bzip2__instcount_256,7000,15732,1.0167,1.82,0.095965,[.00
PPO_25000_bzip2__instcount_256,7000,14347,1.1249,2.00,0.080861,[.00
PPO_25000_bzip2__instcount_256,7000,17310,0.8934,1.66,0.10044,[.00
PPO_25000_bzip2__instcount_256,7000,13524,1.1891,2.12,0.079729,[.00
PPO_25000_bzip2__instcount_256,7000,14185,1.1375,2.02,0.077718,[.00
PPO_25000_bzip2__instcount_256,7000,15400,1.0426,1.86,0.092687,[.00
PPO_25000_bzip2__instcount_256,7000,13518,1.1896,2.12,0.082911,[.00
PPO_25000_bzip2__instcount_256,7000,14302,1.1284,2.01,0.083874,[.00
PPO_25000_bzip2__instcount_256,7000,16033,0.9932,1.79,0.081844,[.00
PPO_25000_bzip2__instcount_256,7000,15489,1.0356,1.85,0.068966,[.00
PPO_25000_bzip2__instcount_256,7000,13947,1.1561,2.06,0.080779,[.00
PPO_25000_bzip2__instcount_256,7000,15502,1.0346,1.85,0.088102,[.00
PPO_25000_bzip2__instcount_256,7000,13905,1.1594,2.06,0.077267,[.00
PPO_25000_bzip2__instcount_256,7000,15695,1.0196,1.83,0.08487,[.00
PPO_25000_bzip2__instcount_256,7000,14119,1.1427,2.03,0.09501,[.00
PPO_25000_bzip2__instcount_256,7000,14608,1.1045,1.96,0.085954,[.00
PPO_25000_bzip2__instcount_256,7000,14490,1.1137,1.98,0.085787,[.00
PPO_25000_bzip2__instcount_256,7000,14226,1.1343,2.02,0.082589,[.00
PPO_25000_bzip2__instcount_256,7000,16533,0.9541,1.73,0.074007,[.00
PPO_25000_bzip2__instcount_256,7000,16001,0.9957,1.79,0.08252,[.00
PPO_25000_bzip2__instcount_256,7000,14751,1.0933,1.94,0.078923,[.00
PPO_25000_bzip2__instcount_256,7000,13407,1.1983,2.14,0.083527,[.00
PPO_25000_bzip2__instcount_256,7000,14828,1.0873,1.93,0.086644,[.00
PPO_25000_bzip2__instcount_256,7000,14222,1.1346,2.02,0.076893,[.00
PPO_25000_bzip2__instcount_256,7000,14086,1.1452,2.04,0.094572,[.00
PPO_25000_bzip2__instcount_256,7000,13726,1.1734,2.09,0.087541,[.00
PPO_25000_bzip2__instcount_256,7000,13835,1.1648,2.07,0.082618,[.00
PPO_25000_bzip2__instcount_256,7000,14136,1.1413,2.03,0.081763,[.00
PPO_25000_bzip2__instcount_256,7000,14756,1.0929,1.94,0.08822,[.00
PPO_25000_bzip2__instcount_256,7000,14348,1.1248,2.00,0.08489,[.00
PPO_25000_bzip2__instcount_256,7000,15328,1.0482,1.87,0.070908,[.00
PPO_25000_bzip2__instcount_256,7000,14746,1.0937,1.94,0.113048,[.00
PPO_25000_bzip2__instcount_256,7000,15912,1.0026,1.80,0.074073,[.00
PPO_25000_bzip2__instcount_256,7000,15317,1.0491,1.87,0.067083,[.00
PPO_25000_bzip2__instcount_256,7000,14875,1.0836,1.93,0.099097,[.00
PPO_25000_bzip2__instcount_256,7000,16961,0.9207,1.69,0.078931,[.00
PPO_25000_bzip2__instcount_256,7000,15455,1.0383,1.86,0.072435,[.00
PPO_25000_bzip2__instcount_256,7000,14046,1.1484,2.04,0.091202,[.00
PPO_25000_bzip2__instcount_256,7000,14207,1.1358,2.02,0.088441,[.00
PPO_25000_bzip2__instcount_256,7000,14664,1.1001,1.96,0.083827,[.00
PPO_25000_bzip2__instcount_256,7000,14904,1.0813,1.92,0.09734,[.00
PPO_25000_bzip2__instcount_256,7000,14486,1.1140,1.98,0.082915,[.00
PPO_25000_bzip2__instcount_256,7000,16357,0.9678,1.75,0.078167,[.00
PPO_25000_bzip2__instcount_256,7000,15807,1.0108,1.81,0.100533,[.00
PPO_25000_bzip2__instcount_256,7000,15034,1.0712,1.91,0.082476,[.00
PPO_25000_bzip2__instcount_256,7000,14620,1.1035,1.96,0.090067,[.00
PPO_25000_bzip2__instcount_256,7000,14547,1.1092,1.97,0.081182,[.00
PPO_25000_bzip2__instcount_256,7000,14371,1.1230,2.00,0.08645,[.00
PPO_25000_bzip2__instcount_256,7000,16036,0.9929,1.79,0.073845,[.00
PPO_25000_bzip2__instcount_256,7000,14950,1.0778,1.92,0.085371,[.00
PPO_25000_bzip2__instcount_256,7000,19063,0.7565,1.50,0.080932,[.00
PPO_25000_bzip2__instcount_256,7000,14315,1.1274,2.00,0.082927,[.00
PPO_25000_bzip2__instcount_256,7000,14865,1.0844,1.93,0.084129,[.00
PPO_25000_bzip2__instcount_256,7000,15158,1.0615,1.89,0.079378,[.00
PPO_25000_bzip2__instcount_256,7000,14320,1.1270,2.00,0.084426,[.00
PPO_25000_bzip2__instcount_256,7000,14401,1.1206,1.99,0.070281,[.00
PPO_25000_bzip2__instcount_256,7000,15284,1.0517,1.88,0.075885,[.00
PPO_25000_bzip2__instcount_256,7000,14878,1.0834,1.93,0.0807,[.00
PPO_25000_bzip2__instcount_256,7000,14125,1.1422,2.03,0.093262,[.00
PPO_25000_bzip2__instcount_256,7000,14019,1.1505,2.05,0.082527,[.00
PPO_25000_bzip2__instcount_256,7000,14831,1.0870,1.93,0.085443,[.00
PPO_25000_bzip2__instcount_256,7000,15014,1.0728,1.91,0.085917,[.00
PPO_25000_bzip2__instcount_256,7000,13827,1.1655,2.07,0.081512,[.00
PPO_25000_bzip2__instcount_256,7000,15973,0.9978,1.79,0.07392,[.00
PPO_25000_bzip2__instcount_256,7000,15991,0.9964,1.79,0.069864,[.00
PPO_25000_bzip2__instcount_256,7000,14196,1.1366,2.02,0.097608,[.00
PPO_25000_bzip2__instcount_256,8000,14402,1.1206,1.99,0.083183,[.00
PPO_25000_bzip2__instcount_256,8000,14778,1.0912,1.94,0.083192,[.00
PPO_25000_bzip2__instcount_256,8000,13968,1.1545,2.05,0.080245,[.00
PPO_25000_bzip2__instcount_256,8000,14469,1.1153,1.98,0.085536,[.00
PPO_25000_bzip2__instcount_256,8000,14224,1.1345,2.02,0.08649,[.00
PPO_25000_bzip2__instcount_256,8000,14419,1.1192,1.99,0.083719,[.00
PPO_25000_bzip2__instcount_256,8000,15497,1.0350,1.85,0.081102,[.00
PPO_25000_bzip2__instcount_256,8000,15093,1.0666,1.90,0.083824,[.00
PPO_25000_bzip2__instcount_256,8000,14979,1.0755,1.91,0.076497,[.00
PPO_25000_bzip2__instcount_256,8000,14527,1.1108,1.97,0.084405,[.00
PPO_25000_bzip2__instcount_256,8000,14212,1.1354,2.02,0.085839,[.00
PPO_25000_bzip2__instcount_256,8000,18152,0.8276,1.58,0.094536,[.00
PPO_25000_bzip2__instcount_256,8000,15921,1.0019,1.80,0.078722,[.00
PPO_25000_bzip2__instcount_256,8000,14224,1.1345,2.02,0.092892,[.00
PPO_25000_bzip2__instcount_256,8000,13963,1.1548,2.05,0.087395,[.00
PPO_25000_bzip2__instcount_256,8000,14159,1.1395,2.03,0.083194,[.00
PPO_25000_bzip2__instcount_256,8000,14116,1.1429,2.03,0.082415,[.00
PPO_25000_bzip2__instcount_256,8000,15623,1.0252,1.84,0.093854,[.00
PPO_25000_bzip2__instcount_256,8000,14829,1.0872,1.93,0.082601,[.00
PPO_25000_bzip2__instcount_256,8000,15880,1.0051,1.81,0.070977,[.00
PPO_25000_bzip2__instcount_256,8000,14492,1.1135,1.98,0.082145,[.00
PPO_25000_bzip2__instcount_256,8000,14272,1.1307,2.01,0.081449,[.00
PPO_25000_bzip2__instcount_256,8000,14267,1.1311,2.01,0.080117,[.00
PPO_25000_bzip2__instcount_256,8000,13665,1.1781,2.10,0.082271,[.00
PPO_25000_bzip2__instcount_256,8000,19583,0.7159,1.46,0.083389,[.00
PPO_25000_bzip2__instcount_256,8000,14181,1.1378,2.02,0.083969,[.00
PPO_25000_bzip2__instcount_256,8000,16385,0.9657,1.75,0.077902,[.00
PPO_25000_bzip2__instcount_256,8000,14404,1.1204,1.99,0.082017,[.00
PPO_25000_bzip2__instcount_256,8000,15197,1.0585,1.89,0.085945,[.00
PPO_25000_bzip2__instcount_256,8000,17178,0.9037,1.67,0.082875,[.00
PPO_25000_bzip2__instcount_256,8000,14569,1.1075,1.97,0.092331,[.00
PPO_25000_bzip2__instcount_256,8000,13812,1.1666,2.08,0.082262,[.00
PPO_25000_bzip2__instcount_256,8000,16142,0.9846,1.78,0.078492,[.00
PPO_25000_bzip2__instcount_256,8000,16955,0.9211,1.69,0.09484,[.00
PPO_25000_bzip2__instcount_256,8000,14102,1.1440,2.03,0.094794,[.00
PPO_25000_bzip2__instcount_256,8000,13603,1.1830,2.11,0.084012,[.00
PPO_25000_bzip2__instcount_256,8000,14752,1.0932,1.94,0.069761,[.00
PPO_25000_bzip2__instcount_256,8000,14532,1.1104,1.97,0.081519,[.00
PPO_25000_bzip2__instcount_256,8000,14908,1.0810,1.92,0.070966,[.00
PPO_25000_bzip2__instcount_256,8000,14677,1.0991,1.95,0.070508,[.00
PPO_25000_bzip2__instcount_256,8000,15391,1.0433,1.86,0.088186,[.00
PPO_25000_bzip2__instcount_256,8000,14493,1.1134,1.98,0.080047,[.00
PPO_25000_bzip2__instcount_256,8000,14224,1.1345,2.02,0.093688,[.00
PPO_25000_bzip2__instcount_256,8000,13942,1.1565,2.06,0.081066,[.00
PPO_25000_bzip2__instcount_256,8000,14340,1.1254,2.00,0.075171,[.00
PPO_25000_bzip2__instcount_256,8000,15653,1.0228,1.83,0.070647,[.00
PPO_25000_bzip2__instcount_256,8000,13860,1.1629,2.07,0.084236,[.00
PPO_25000_bzip2__instcount_256,8000,14179,1.1380,2.02,0.082265,[.00
PPO_25000_bzip2__instcount_256,8000,14043,1.1486,2.04,0.094625,[.00
PPO_25000_bzip2__instcount_256,8000,15463,1.0377,1.85,0.080055,[.00
PPO_25000_bzip2__instcount_256,8000,20744,0.6252,1.38,0.075898,[.00
PPO_25000_bzip2__instcount_256,8000,14678,1.0990,1.95,0.086989,[.00
PPO_25000_bzip2__instcount_256,8000,16106,0.9875,1.78,0.081876,[.00
PPO_25000_bzip2__instcount_256,8000,15513,1.0338,1.85,0.073113,[.00
PPO_25000_bzip2__instcount_256,8000,14879,1.0833,1.93,0.082699,[.00
PPO_25000_bzip2__instcount_256,8000,14644,1.1017,1.96,0.084683,[.00
PPO_25000_bzip2__instcount_256,8000,15287,1.0514,1.88,0.089815,[.00
PPO_25000_bzip2__instcount_256,8000,16822,0.9315,1.70,0.079473,[.00
PPO_25000_bzip2__instcount_256,8000,14599,1.1052,1.96,0.080194,[.00
PPO_25000_bzip2__instcount_256,8000,13513,1.1900,2.12,0.080412,[.00
PPO_25000_bzip2__instcount_256,8000,14436,1.1179,1.99,0.082817,[.00
PPO_25000_bzip2__instcount_256,8000,14198,1.1365,2.02,0.085933,[.00
PPO_25000_bzip2__instcount_256,8000,14352,1.1245,2.00,0.081913,[.00
PPO_25000_bzip2__instcount_256,8000,14643,1.1017,1.96,0.080034,[.00
PPO_25000_bzip2__instcount_256,8000,13677,1.1772,2.10,0.084224,[.00
PPO_25000_bzip2__instcount_256,8000,14518,1.1115,1.98,0.102888,[.00
PPO_25000_bzip2__instcount_256,8000,14807,1.0889,1.94,0.083539,[.00
PPO_25000_bzip2__instcount_256,8000,15167,1.0608,1.89,0.082906,[.00
PPO_25000_bzip2__instcount_256,8000,13806,1.1671,2.08,0.079902,[.00
PPO_25000_bzip2__instcount_256,8000,14971,1.0761,1.92,0.067698,[.00
PPO_25000_bzip2__instcount_256,8000,14405,1.1203,1.99,0.086491,[.00
PPO_25000_bzip2__instcount_256,8000,14766,1.0921,1.94,0.087415,[.00
PPO_25000_bzip2__instcount_256,8000,15619,1.0255,1.84,0.071096,[.00
PPO_25000_bzip2__instcount_256,8000,13723,1.1736,2.09,0.08559,[.00
PPO_25000_bzip2__instcount_256,8000,15713,1.0182,1.82,0.086044,[.00
PPO_25000_bzip2__instcount_256,8000,14190,1.1371,2.02,0.080834,[.00
PPO_25000_bzip2__instcount_256,8000,13989,1.1528,2.05,0.079936,[.00
PPO_25000_bzip2__instcount_256,8000,14303,1.1283,2.00,0.080392,[.00
PPO_25000_bzip2__instcount_256,8000,17406,0.8859,1.65,0.080876,[.00
PPO_25000_bzip2__instcount_256,8000,14264,1.1313,2.01,0.080565,[.00
PPO_25000_bzip2__instcount_256,8000,13888,1.1607,2.06,0.081797,[.00
PPO_25000_bzip2__instcount_256,8000,13685,1.1766,2.10,0.084453,[.00
PPO_25000_bzip2__instcount_256,8000,15495,1.0352,1.85,0.097136,[.00
PPO_25000_bzip2__instcount_256,8000,14784,1.0907,1.94,0.068843,[.00
PPO_25000_bzip2__instcount_256,8000,15884,1.0048,1.80,0.074493,[.00
PPO_25000_bzip2__instcount_256,8000,16574,0.9509,1.73,0.085885,[.00
PPO_25000_bzip2__instcount_256,8000,13419,1.1973,2.14,0.081932,[.00
PPO_25000_bzip2__instcount_256,8000,15529,1.0325,1.85,0.079196,[.00
PPO_25000_bzip2__instcount_256,8000,14257,1.1319,2.01,0.086008,[.00
PPO_25000_bzip2__instcount_256,8000,15186,1.0593,1.89,0.084665,[.00
PPO_25000_bzip2__instcount_256,8000,13662,1.1784,2.10,0.080672,[.00
PPO_25000_bzip2__instcount_256,8000,13939,1.1567,2.06,0.088922,[.00
PPO_25000_bzip2__instcount_256,8000,15732,1.0167,1.82,0.071376,[.00
PPO_25000_bzip2__instcount_256,8000,14328,1.1263,2.00,0.082113,[.00
PPO_25000_bzip2__instcount_256,8000,14418,1.1193,1.99,0.082799,[.00
PPO_25000_bzip2__instcount_256,8000,14568,1.1076,1.97,0.078657,[.00
PPO_25000_bzip2__instcount_256,8000,15355,1.0461,1.87,0.105599,[.00
PPO_25000_bzip2__instcount_256,8000,15478,1.0365,1.85,0.069559,[.00
PPO_25000_bzip2__instcount_256,8000,17997,0.8397,1.59,0.081646,[.00
PPO_25000_bzip2__instcount_256,8000,15380,1.0442,1.86,0.068937,[.00
PPO_25000_bzip2__instcount_256,9000,14735,1.0945,1.95,0.077329,[.00
PPO_25000_bzip2__instcount_256,9000,13744,1.1720,2.09,0.081954,[.00
PPO_25000_bzip2__instcount_256,9000,14898,1.0818,1.92,0.068238,[.00
PPO_25000_bzip2__instcount_256,9000,14915,1.0805,1.92,0.084452,[.00
PPO_25000_bzip2__instcount_256,9000,14645,1.1016,1.96,0.082434,[.00
PPO_25000_bzip2__instcount_256,9000,14126,1.1421,2.03,0.081693,[.00
PPO_25000_bzip2__instcount_256,9000,15024,1.0720,1.91,0.083802,[.00
PPO_25000_bzip2__instcount_256,9000,13663,1.1783,2.10,0.085208,[.00
PPO_25000_bzip2__instcount_256,9000,13469,1.1934,2.13,0.079642,[.00
PPO_25000_bzip2__instcount_256,9000,14690,1.0981,1.95,0.083577,[.00
PPO_25000_bzip2__instcount_256,9000,14854,1.0852,1.93,0.089653,[.00
PPO_25000_bzip2__instcount_256,9000,13461,1.1941,2.13,0.078033,[.00
PPO_25000_bzip2__instcount_256,9000,13599,1.1833,2.11,0.086794,[.00
PPO_25000_bzip2__instcount_256,9000,13832,1.1651,2.07,0.082491,[.00
PPO_25000_bzip2__instcount_256,9000,14927,1.0795,1.92,0.079198,[.00
PPO_25000_bzip2__instcount_256,9000,17588,0.8717,1.63,0.080102,[.00
PPO_25000_bzip2__instcount_256,9000,16091,0.9886,1.78,0.079445,[.00
PPO_25000_bzip2__instcount_256,9000,13813,1.1666,2.08,0.083158,[.00
PPO_25000_bzip2__instcount_256,9000,14711,1.0964,1.95,0.079366,[.00
PPO_25000_bzip2__instcount_256,9000,14713,1.0963,1.95,0.086015,[.00
PPO_25000_bzip2__instcount_256,9000,14727,1.0952,1.95,0.082469,[.00
PPO_25000_bzip2__instcount_256,9000,14321,1.1269,2.00,0.078954,[.00
PPO_25000_bzip2__instcount_256,9000,14931,1.0792,1.92,0.096838,[.00
PPO_25000_bzip2__instcount_256,9000,13747,1.1717,2.09,0.087711,[.00
PPO_25000_bzip2__instcount_256,9000,14746,1.0937,1.94,0.078543,[.00
PPO_25000_bzip2__instcount_256,9000,15722,1.0174,1.82,0.071525,[.00
PPO_25000_bzip2__instcount_256,9000,13471,1.1933,2.13,0.07952,[.00
PPO_25000_bzip2__instcount_256,9000,15881,1.0050,1.81,0.069772,[.00
PPO_25000_bzip2__instcount_256,9000,14032,1.1495,2.04,0.082222,[.00
PPO_25000_bzip2__instcount_256,9000,16039,0.9927,1.79,0.084973,[.00
PPO_25000_bzip2__instcount_256,9000,13921,1.1581,2.06,0.080858,[.00
PPO_25000_bzip2__instcount_256,9000,14080,1.1457,2.04,0.091267,[.00
PPO_25000_bzip2__instcount_256,9000,13939,1.1567,2.06,0.081607,[.00
PPO_25000_bzip2__instcount_256,9000,14011,1.1511,2.05,0.081246,[.00
PPO_25000_bzip2__instcount_256,9000,14845,1.0860,1.93,0.078518,[.00
PPO_25000_bzip2__instcount_256,9000,14721,1.0956,1.95,0.097816,[.00
PPO_25000_bzip2__instcount_256,9000,13980,1.1535,2.05,0.091513,[.00
PPO_25000_bzip2__instcount_256,9000,13728,1.1732,2.09,0.097027,[.00
PPO_25000_bzip2__instcount_256,9000,14297,1.1288,2.01,0.082833,[.00
PPO_25000_bzip2__instcount_256,9000,14125,1.1422,2.03,0.085798,[.00
PPO_25000_bzip2__instcount_256,9000,14077,1.1459,2.04,0.079135,[.00
PPO_25000_bzip2__instcount_256,9000,14104,1.1438,2.03,0.082639,[.00
PPO_25000_bzip2__instcount_256,9000,15074,1.0681,1.90,0.09508,[.00
PPO_25000_bzip2__instcount_256,9000,14233,1.1338,2.01,0.078793,[.00
PPO_25000_bzip2__instcount_256,9000,14328,1.1263,2.00,0.08529,[.00
PPO_25000_bzip2__instcount_256,9000,15709,1.0185,1.83,0.082711,[.00
PPO_25000_bzip2__instcount_256,9000,13549,1.1872,2.12,0.083548,[.00
PPO_25000_bzip2__instcount_256,9000,14241,1.1331,2.01,0.085249,[.00
PPO_25000_bzip2__instcount_256,9000,14798,1.0896,1.94,0.083932,[.00
PPO_25000_bzip2__instcount_256,9000,15747,1.0155,1.82,0.102017,[.00
PPO_25000_bzip2__instcount_256,9000,13774,1.1696,2.08,0.084158,[.00
PPO_25000_bzip2__instcount_256,9000,15514,1.0337,1.85,0.068631,[.00
PPO_25000_bzip2__instcount_256,9000,14948,1.0779,1.92,0.098517,[.00
PPO_25000_bzip2__instcount_256,9000,13711,1.1745,2.09,0.084868,[.00
PPO_25000_bzip2__instcount_256,9000,14215,1.1352,2.02,0.082256,[.00
PPO_25000_bzip2__instcount_256,9000,15310,1.0496,1.87,0.094973,[.00
PPO_25000_bzip2__instcount_256,9000,14261,1.1316,2.01,0.077633,[.00
PPO_25000_bzip2__instcount_256,9000,15611,1.0261,1.84,0.070241,[.00
PPO_25000_bzip2__instcount_256,9000,13966,1.1546,2.05,0.077029,[.00
PPO_25000_bzip2__instcount_256,9000,16229,0.9778,1.77,0.069982,[.00
PPO_25000_bzip2__instcount_256,9000,13713,1.1744,2.09,0.0847,[.00
PPO_25000_bzip2__instcount_256,9000,14422,1.1190,1.99,0.082832,[.00
PPO_25000_bzip2__instcount_256,9000,14356,1.1241,2.00,0.080043,[.00
PPO_25000_bzip2__instcount_256,9000,14724,1.0954,1.95,0.088366,[.00
PPO_25000_bzip2__instcount_256,9000,13721,1.1738,2.09,0.081815,[.00
PPO_25000_bzip2__instcount_256,9000,13514,1.1899,2.12,0.07966,[.00
PPO_25000_bzip2__instcount_256,9000,14380,1.1223,1.99,0.07211,[.00
PPO_25000_bzip2__instcount_256,9000,14143,1.1408,2.03,0.08754,[.00
PPO_25000_bzip2__instcount_256,9000,13934,1.1571,2.06,0.083995,[.00
PPO_25000_bzip2__instcount_256,9000,14029,1.1497,2.04,0.081675,[.00
PPO_25000_bzip2__instcount_256,9000,13990,1.1527,2.05,0.080294,[.00
PPO_25000_bzip2__instcount_256,9000,13535,1.1883,2.12,0.080228,[.00
PPO_25000_bzip2__instcount_256,9000,14705,1.0969,1.95,0.086123,[.00
PPO_25000_bzip2__instcount_256,9000,14271,1.1308,2.01,0.081507,[.00
PPO_25000_bzip2__instcount_256,9000,14468,1.1154,1.98,0.083264,[.00
PPO_25000_bzip2__instcount_256,9000,14022,1.1502,2.05,0.079404,[.00
PPO_25000_bzip2__instcount_256,9000,14634,1.1024,1.96,0.078224,[.00
PPO_25000_bzip2__instcount_256,9000,15299,1.0505,1.87,0.080874,[.00
PPO_25000_bzip2__instcount_256,9000,13968,1.1545,2.05,0.085081,[.00
PPO_25000_bzip2__instcount_256,9000,13773,1.1697,2.08,0.0798,[.00
PPO_25000_bzip2__instcount_256,9000,13994,1.1524,2.05,0.084659,[.00
PPO_25000_bzip2__instcount_256,9000,15083,1.0674,1.90,0.079982,[.00
PPO_25000_bzip2__instcount_256,9000,13792,1.1682,2.08,0.078194,[.00
PPO_25000_bzip2__instcount_256,9000,16409,0.9638,1.75,0.076976,[.00
PPO_25000_bzip2__instcount_256,9000,13664,1.1782,2.10,0.080555,[.00
PPO_25000_bzip2__instcount_256,9000,13942,1.1565,2.06,0.085708,[.00
PPO_25000_bzip2__instcount_256,9000,15448,1.0389,1.86,0.080348,[.00
PPO_25000_bzip2__instcount_256,9000,14312,1.1276,2.00,0.079613,[.00
PPO_25000_bzip2__instcount_256,9000,14449,1.1169,1.98,0.088426,[.00
PPO_25000_bzip2__instcount_256,9000,14073,1.1463,2.04,0.084,[.00
PPO_25000_bzip2__instcount_256,9000,15993,0.9963,1.79,0.080669,[.00
PPO_25000_bzip2__instcount_256,9000,13987,1.1530,2.05,0.081816,[.00
PPO_25000_bzip2__instcount_256,9000,14182,1.1377,2.02,0.077895,[.00
PPO_25000_bzip2__instcount_256,9000,13781,1.1691,2.08,0.091475,[.00
PPO_25000_bzip2__instcount_256,9000,13337,1.2037,2.15,0.081373,[.00
PPO_25000_bzip2__instcount_256,9000,14619,1.1036,1.96,0.084828,[.00
PPO_25000_bzip2__instcount_256,9000,14494,1.1134,1.98,0.088123,[.00
PPO_25000_bzip2__instcount_256,9000,15362,1.0456,1.87,0.081936,[.00
PPO_25000_bzip2__instcount_256,9000,15283,1.0517,1.88,0.077564,[.00
PPO_25000_bzip2__instcount_256,9000,14278,1.1302,2.01,0.080161,[.00
PPO_25000_bzip2__instcount_256,10000,14291,1.1292,2.01,0.086493,[.00
PPO_25000_bzip2__instcount_256,10000,13573,1.1853,2.11,0.083637,[.00
PPO_25000_bzip2__instcount_256,10000,14337,1.1256,2.00,0.080572,[.00
PPO_25000_bzip2__instcount_256,10000,14202,1.1362,2.02,0.093471,[.00
PPO_25000_bzip2__instcount_256,10000,14137,1.1413,2.03,0.079565,[.00
PPO_25000_bzip2__instcount_256,10000,13931,1.1573,2.06,0.093487,[.00
PPO_25000_bzip2__instcount_256,10000,13989,1.1528,2.05,0.083586,[.00
PPO_25000_bzip2__instcount_256,10000,13736,1.1726,2.09,0.083049,[.00
PPO_25000_bzip2__instcount_256,10000,13464,1.1938,2.13,0.08229,[.00
PPO_25000_bzip2__instcount_256,10000,15122,1.0643,1.90,0.068782,[.00
PPO_25000_bzip2__instcount_256,10000,15641,1.0238,1.83,0.071993,[.00
PPO_25000_bzip2__instcount_256,10000,14099,1.1442,2.03,0.08537,[.00
PPO_25000_bzip2__instcount_256,10000,14214,1.1352,2.02,0.087891,[.00
PPO_25000_bzip2__instcount_256,10000,13883,1.1611,2.07,0.082672,[.00
PPO_25000_bzip2__instcount_256,10000,13559,1.1864,2.12,0.082921,[.00
PPO_25000_bzip2__instcount_256,10000,14222,1.1346,2.02,0.08033,[.00
PPO_25000_bzip2__instcount_256,10000,14763,1.0924,1.94,0.083649,[.00
PPO_25000_bzip2__instcount_256,10000,15094,1.0665,1.90,0.071278,[.00
PPO_25000_bzip2__instcount_256,10000,13537,1.1881,2.12,0.081019,[.00
PPO_25000_bzip2__instcount_256,10000,14209,1.1356,2.02,0.083885,[.00
PPO_25000_bzip2__instcount_256,10000,13972,1.1541,2.05,0.081452,[.00
PPO_25000_bzip2__instcount_256,10000,13684,1.1766,2.10,0.08247,[.00
PPO_25000_bzip2__instcount_256,10000,14647,1.1014,1.96,0.091537,[.00
PPO_25000_bzip2__instcount_256,10000,14553,1.1088,1.97,0.086609,[.00
PPO_25000_bzip2__instcount_256,10000,13349,1.2028,2.15,0.081845,[.00
PPO_25000_bzip2__instcount_256,10000,13687,1.1764,2.10,0.081948,[.00
PPO_25000_bzip2__instcount_256,10000,14625,1.1031,1.96,0.082581,[.00
PPO_25000_bzip2__instcount_256,10000,14257,1.1319,2.01,0.080698,[.00
PPO_25000_bzip2__instcount_256,10000,14041,1.1488,2.04,0.079536,[.00
PPO_25000_bzip2__instcount_256,10000,13603,1.1830,2.11,0.079418,[.00
PPO_25000_bzip2__instcount_256,10000,13686,1.1765,2.10,0.085356,[.00
PPO_25000_bzip2__instcount_256,10000,13874,1.1618,2.07,0.084789,[.00
PPO_25000_bzip2__instcount_256,10000,13468,1.1935,2.13,0.083795,[.00
PPO_25000_bzip2__instcount_256,10000,13673,1.1775,2.10,0.089877,[.00
PPO_25000_bzip2__instcount_256,10000,13807,1.1670,2.08,0.082089,[.00
PPO_25000_bzip2__instcount_256,10000,13725,1.1734,2.09,0.084188,[.00
PPO_25000_bzip2__instcount_256,10000,13653,1.1791,2.10,0.080609,[.00
PPO_25000_bzip2__instcount_256,10000,14160,1.1395,2.03,0.092141,[.00
PPO_25000_bzip2__instcount_256,10000,13613,1.1822,2.11,0.084152,[.00
PPO_25000_bzip2__instcount_256,10000,13977,1.1538,2.05,0.082386,[.00
PPO_25000_bzip2__instcount_256,10000,13764,1.1704,2.08,0.085858,[.00
PPO_25000_bzip2__instcount_256,10000,14056,1.1476,2.04,0.080558,[.00
PPO_25000_bzip2__instcount_256,10000,15727,1.0171,1.82,0.069416,[.00
PPO_25000_bzip2__instcount_256,10000,13828,1.1654,2.07,0.081751,[.00
PPO_25000_bzip2__instcount_256,10000,14614,1.1040,1.96,0.083104,[.00
PPO_25000_bzip2__instcount_256,10000,14619,1.1036,1.96,0.081208,[.00
PPO_25000_bzip2__instcount_256,10000,15141,1.0628,1.89,0.069278,[.00
PPO_25000_bzip2__instcount_256,10000,13817,1.1663,2.08,0.081122,[.00
PPO_25000_bzip2__instcount_256,10000,13619,1.1817,2.11,0.085869,[.00
PPO_25000_bzip2__instcount_256,10000,14599,1.1052,1.96,0.080248,[.00
PPO_25000_bzip2__instcount_256,10000,14741,1.0941,1.95,0.080244,[.00
PPO_25000_bzip2__instcount_256,10000,14088,1.1451,2.04,0.083999,[.00
PPO_25000_bzip2__instcount_256,10000,13804,1.1673,2.08,0.082217,[.00
PPO_25000_bzip2__instcount_256,10000,14875,1.0836,1.93,0.084137,[.00
PPO_25000_bzip2__instcount_256,10000,14131,1.1417,2.03,0.082758,[.00
PPO_25000_bzip2__instcount_256,10000,15282,1.0518,1.88,0.086462,[.00
PPO_25000_bzip2__instcount_256,10000,13494,1.1915,2.13,0.081522,[.00
PPO_25000_bzip2__instcount_256,10000,13931,1.1573,2.06,0.082128,[.00
PPO_25000_bzip2__instcount_256,10000,14157,1.1397,2.03,0.08675,[.00
PPO_25000_bzip2__instcount_256,10000,13845,1.1641,2.07,0.081871,[.00
PPO_25000_bzip2__instcount_256,10000,14700,1.0973,1.95,0.068217,[.00
PPO_25000_bzip2__instcount_256,10000,13687,1.1764,2.10,0.07964,[.00
PPO_25000_bzip2__instcount_256,10000,14281,1.1300,2.01,0.084152,[.00
PPO_25000_bzip2__instcount_256,10000,14207,1.1358,2.02,0.094088,[.00
PPO_25000_bzip2__instcount_256,10000,14582,1.1065,1.97,0.080894,[.00
PPO_25000_bzip2__instcount_256,10000,15156,1.0617,1.89,0.067997,[.00
PPO_25000_bzip2__instcount_256,10000,14286,1.1296,2.01,0.078684,[.00
PPO_25000_bzip2__instcount_256,10000,14116,1.1429,2.03,0.078925,[.00
PPO_25000_bzip2__instcount_256,10000,14532,1.1104,1.97,0.0828,[.00
PPO_25000_bzip2__instcount_256,10000,13480,1.1926,2.13,0.07849,[.00
PPO_25000_bzip2__instcount_256,10000,13999,1.1520,2.05,0.083621,[.00
PPO_25000_bzip2__instcount_256,10000,14411,1.1199,1.99,0.081863,[.00
PPO_25000_bzip2__instcount_256,10000,13669,1.1778,2.10,0.079373,[.00
PPO_25000_bzip2__instcount_256,10000,14261,1.1316,2.01,0.084621,[.00
PPO_25000_bzip2__instcount_256,10000,13892,1.1604,2.06,0.079223,[.00
PPO_25000_bzip2__instcount_256,10000,13808,1.1670,2.08,0.081381,[.00
PPO_25000_bzip2__instcount_256,10000,13493,1.1916,2.13,0.081593,[.00
PPO_25000_bzip2__instcount_256,10000,14543,1.1095,1.97,0.085606,[.00
PPO_25000_bzip2__instcount_256,10000,13874,1.1618,2.07,0.084874,[.00
PPO_25000_bzip2__instcount_256,10000,13658,1.1787,2.10,0.082433,[.00
PPO_25000_bzip2__instcount_256,10000,13906,1.1593,2.06,0.081043,[.00
PPO_25000_bzip2__instcount_256,10000,14059,1.1473,2.04,0.084313,[.00
PPO_25000_bzip2__instcount_256,10000,15312,1.0495,1.87,0.067968,[.00
PPO_25000_bzip2__instcount_256,10000,13971,1.1542,2.05,0.078359,[.00
PPO_25000_bzip2__instcount_256,10000,13950,1.1559,2.06,0.087858,[.00
PPO_25000_bzip2__instcount_256,10000,13739,1.1723,2.09,0.082651,[.00
PPO_25000_bzip2__instcount_256,10000,15170,1.0606,1.89,0.066192,[.00
PPO_25000_bzip2__instcount_256,10000,13673,1.1775,2.10,0.081385,[.00
PPO_25000_bzip2__instcount_256,10000,14440,1.1176,1.99,0.101765,[.00
PPO_25000_bzip2__instcount_256,10000,13802,1.1674,2.08,0.078426,[.00
PPO_25000_bzip2__instcount_256,10000,14519,1.1114,1.98,0.084221,[.00
PPO_25000_bzip2__instcount_256,10000,14934,1.0790,1.92,0.095474,[.00
PPO_25000_bzip2__instcount_256,10000,14338,1.1256,2.00,0.085302,[.00
PPO_25000_bzip2__instcount_256,10000,13630,1.1809,2.10,0.082959,[.00
PPO_25000_bzip2__instcount_256,10000,15891,1.0042,1.80,0.080083,[.00
PPO_25000_bzip2__instcount_256,10000,14078,1.1459,2.04,0.08361,[.00
PPO_25000_bzip2__instcount_256,10000,13779,1.1692,2.08,0.080955,[.00
PPO_25000_bzip2__instcount_256,10000,14040,1.1488,2.04,0.076966,[.00
PPO_25000_bzip2__instcount_256,10000,13508,1.1904,2.12,0.08205,[.00
PPO_25000_bzip2__instcount_256,10000,13535,1.1883,2.12,0.0828,[.00
PPO_25000_bzip2__instcount_256,11000,13692,1.1760,2.09,0.084251,[.00
PPO_25000_bzip2__instcount_256,11000,14374,1.1227,2.00,0.080845,[.00
PPO_25000_bzip2__instcount_256,11000,13857,1.1631,2.07,0.080841,[.00
PPO_25000_bzip2__instcount_256,11000,13864,1.1626,2.07,0.081049,[.00
PPO_25000_bzip2__instcount_256,11000,14146,1.1406,2.03,0.081878,[.00
PPO_25000_bzip2__instcount_256,11000,13510,1.1902,2.12,0.082675,[.00
PPO_25000_bzip2__instcount_256,11000,15363,1.0455,1.87,0.078547,[.00
PPO_25000_bzip2__instcount_256,11000,13428,1.1966,2.14,0.079811,[.00
PPO_25000_bzip2__instcount_256,11000,14054,1.1477,2.04,0.08098,[.00
PPO_25000_bzip2__instcount_256,11000,13580,1.1848,2.11,0.079943,[.00
PPO_25000_bzip2__instcount_256,11000,14435,1.1180,1.99,0.082471,[.00
PPO_25000_bzip2__instcount_256,11000,14025,1.1500,2.04,0.079084,[.00
PPO_25000_bzip2__instcount_256,11000,14073,1.1463,2.04,0.084612,[.00
PPO_25000_bzip2__instcount_256,11000,14131,1.1417,2.03,0.080399,[.00
PPO_25000_bzip2__instcount_256,11000,14048,1.1482,2.04,0.078515,[.00
PPO_25000_bzip2__instcount_256,11000,13567,1.1858,2.11,0.082264,[.00
PPO_25000_bzip2__instcount_256,11000,14207,1.1358,2.02,0.085221,[.00
PPO_25000_bzip2__instcount_256,11000,13623,1.1814,2.11,0.082094,[.00
PPO_25000_bzip2__instcount_256,11000,14490,1.1137,1.98,0.092774,[.00
PPO_25000_bzip2__instcount_256,11000,14167,1.1389,2.02,0.098602,[.00
PPO_25000_bzip2__instcount_256,11000,30423,-0.1308,0.94,0.081908,[.00
PPO_25000_bzip2__instcount_256,11000,13566,1.1859,2.11,0.084173,[.00
PPO_25000_bzip2__instcount_256,11000,13633,1.1806,2.10,0.084909,[.00
PPO_25000_bzip2__instcount_256,11000,13958,1.1552,2.05,0.084394,[.00
PPO_25000_bzip2__instcount_256,11000,13405,1.1984,2.14,0.084443,[.00
PPO_25000_bzip2__instcount_256,11000,14030,1.1496,2.04,0.080386,[.00
PPO_25000_bzip2__instcount_256,11000,14285,1.1297,2.01,0.083919,[.00
PPO_25000_bzip2__instcount_256,11000,13913,1.1588,2.06,0.079795,[.00
PPO_25000_bzip2__instcount_256,11000,14109,1.1434,2.03,0.080047,[.00
PPO_25000_bzip2__instcount_256,11000,14319,1.1270,2.00,0.082557,[.00
PPO_25000_bzip2__instcount_256,11000,13905,1.1594,2.06,0.091682,[.00
PPO_25000_bzip2__instcount_256,11000,13632,1.1807,2.10,0.08144,[.00
PPO_25000_bzip2__instcount_256,11000,13727,1.1733,2.09,0.079807,[.00
PPO_25000_bzip2__instcount_256,11000,13590,1.1840,2.11,0.077943,[.00
PPO_25000_bzip2__instcount_256,11000,13959,1.1552,2.05,0.080171,[.00
PPO_25000_bzip2__instcount_256,11000,14037,1.1491,2.04,0.082688,[.00
PPO_25000_bzip2__instcount_256,11000,14185,1.1375,2.02,0.08677,[.00
PPO_25000_bzip2__instcount_256,11000,14155,1.1399,2.03,0.08168,[.00
PPO_25000_bzip2__instcount_256,11000,14372,1.1229,2.00,0.092042,[.00
PPO_25000_bzip2__instcount_256,11000,14130,1.1418,2.03,0.081526,[.00
PPO_25000_bzip2__instcount_256,11000,13821,1.1659,2.08,0.082474,[.00
PPO_25000_bzip2__instcount_256,11000,13645,1.1797,2.10,0.081497,[.00
PPO_25000_bzip2__instcount_256,11000,14403,1.1205,1.99,0.070029,[.00
PPO_25000_bzip2__instcount_256,11000,14670,1.0996,1.95,0.080395,[.00
PPO_25000_bzip2__instcount_256,11000,15766,1.0140,1.82,0.073328,[.00
PPO_25000_bzip2__instcount_256,11000,13552,1.1870,2.12,0.082358,[.00
PPO_25000_bzip2__instcount_256,11000,14096,1.1445,2.03,0.08056,[.00
PPO_25000_bzip2__instcount_256,11000,13963,1.1548,2.05,0.08128,[.00
PPO_25000_bzip2__instcount_256,11000,13335,1.2039,2.15,0.086588,[.00
PPO_25000_bzip2__instcount_256,11000,14096,1.1445,2.03,0.085416,[.00
PPO_25000_bzip2__instcount_256,11000,13697,1.1756,2.09,0.082616,[.00
PPO_25000_bzip2__instcount_256,11000,14139,1.1411,2.03,0.086357,[.00
PPO_25000_bzip2__instcount_256,11000,14265,1.1313,2.01,0.085292,[.00
PPO_25000_bzip2__instcount_256,11000,14152,1.1401,2.03,0.079359,[.00
PPO_25000_bzip2__instcount_256,11000,13685,1.1766,2.10,0.080959,[.00
PPO_25000_bzip2__instcount_256,11000,13927,1.1577,2.06,0.084046,[.00
PPO_25000_bzip2__instcount_256,11000,13701,1.1753,2.09,0.086649,[.00
PPO_25000_bzip2__instcount_256,11000,14411,1.1199,1.99,0.069524,[.00
PPO_25000_bzip2__instcount_256,11000,14078,1.1459,2.04,0.079488,[.00
PPO_25000_bzip2__instcount_256,11000,13943,1.1564,2.06,0.080945,[.00
PPO_25000_bzip2__instcount_256,11000,13989,1.1528,2.05,0.082171,[.00
PPO_25000_bzip2__instcount_256,11000,14396,1.1210,1.99,0.07177,[.00
PPO_25000_bzip2__instcount_256,11000,13735,1.1727,2.09,0.08484,[.00
PPO_25000_bzip2__instcount_256,11000,13516,1.1898,2.12,0.078647,[.00
PPO_25000_bzip2__instcount_256,11000,13715,1.1742,2.09,0.082244,[.00
PPO_25000_bzip2__instcount_256,11000,14025,1.1500,2.04,0.084027,[.00
PPO_25000_bzip2__instcount_256,11000,15261,1.0535,1.88,0.099546,[.00
PPO_25000_bzip2__instcount_256,11000,13621,1.1816,2.11,0.080785,[.00
PPO_25000_bzip2__instcount_256,11000,14088,1.1451,2.04,0.081578,[.00
PPO_25000_bzip2__instcount_256,11000,13466,1.1937,2.13,0.078861,[.00
PPO_25000_bzip2__instcount_256,11000,14302,1.1284,2.01,0.070648,[.00
PPO_25000_bzip2__instcount_256,11000,14072,1.1463,2.04,0.079947,[.00
PPO_25000_bzip2__instcount_256,11000,14287,1.1295,2.01,0.083401,[.00
PPO_25000_bzip2__instcount_256,11000,14282,1.1299,2.01,0.079855,[.00
PPO_25000_bzip2__instcount_256,11000,13645,1.1797,2.10,0.079318,[.00
PPO_25000_bzip2__instcount_256,11000,13467,1.1936,2.13,0.082846,[.00
PPO_25000_bzip2__instcount_256,11000,14090,1.1449,2.04,0.080797,[.00
PPO_25000_bzip2__instcount_256,11000,14191,1.1370,2.02,0.08449,[.00
PPO_25000_bzip2__instcount_256,11000,14035,1.1492,2.04,0.083012,[.00
PPO_25000_bzip2__instcount_256,11000,13896,1.1601,2.06,0.078835,[.00
PPO_25000_bzip2__instcount_256,11000,13895,1.1602,2.06,0.081855,[.00
PPO_25000_bzip2__instcount_256,11000,13764,1.1704,2.08,0.085179,[.00
PPO_25000_bzip2__instcount_256,11000,13966,1.1546,2.05,0.079203,[.00
PPO_25000_bzip2__instcount_256,11000,13827,1.1655,2.07,0.085332,[.00
PPO_25000_bzip2__instcount_256,11000,14937,1.0788,1.92,0.065071,[.00
PPO_25000_bzip2__instcount_256,11000,14307,1.1280,2.00,0.091536,[.00
PPO_25000_bzip2__instcount_256,11000,15305,1.0500,1.87,0.080214,[.00
PPO_25000_bzip2__instcount_256,11000,14602,1.1049,1.96,0.084679,[.00
PPO_25000_bzip2__instcount_256,11000,13906,1.1593,2.06,0.084124,[.00
PPO_25000_bzip2__instcount_256,11000,13760,1.1707,2.08,0.080156,[.00
PPO_25000_bzip2__instcount_256,11000,14092,1.1448,2.04,0.083398,[.00
PPO_25000_bzip2__instcount_256,11000,13414,1.1977,2.14,0.085119,[.00
PPO_25000_bzip2__instcount_256,11000,14069,1.1466,2.04,0.082885,[.00
PPO_25000_bzip2__instcount_256,11000,13899,1.1598,2.06,0.08373,[.00
PPO_25000_bzip2__instcount_256,11000,13477,1.1928,2.13,0.080686,[.00
PPO_25000_bzip2__instcount_256,11000,14351,1.1245,2.00,0.081614,[.00
PPO_25000_bzip2__instcount_256,11000,13654,1.1790,2.10,0.079182,[.00
PPO_25000_bzip2__instcount_256,11000,13789,1.1684,2.08,0.087619,[.00
PPO_25000_bzip2__instcount_256,11000,13499,1.1911,2.12,0.098327,[.00
PPO_25000_bzip2__instcount_256,11000,13492,1.1916,2.13,0.081579,[.00
PPO_25000_bzip2__instcount_256,12000,13383,1.2002,2.14,0.082153,[.00
PPO_25000_bzip2__instcount_256,12000,13861,1.1628,2.07,0.085192,[.00
PPO_25000_bzip2__instcount_256,12000,14196,1.1366,2.02,0.080141,[.00
PPO_25000_bzip2__instcount_256,12000,14179,1.1380,2.02,0.078766,[.00
PPO_25000_bzip2__instcount_256,12000,14339,1.1255,2.00,0.08087,[.00
PPO_25000_bzip2__instcount_256,12000,13631,1.1808,2.10,0.079115,[.00
PPO_25000_bzip2__instcount_256,12000,13464,1.1938,2.13,0.081784,[.00
PPO_25000_bzip2__instcount_256,12000,13997,1.1522,2.05,0.078517,[.00
PPO_25000_bzip2__instcount_256,12000,14718,1.0959,1.95,0.069698,[.00
PPO_25000_bzip2__instcount_256,12000,13894,1.1602,2.06,0.081127,[.00
PPO_25000_bzip2__instcount_256,12000,14644,1.1017,1.96,0.084099,[.00
PPO_25000_bzip2__instcount_256,12000,13598,1.1834,2.11,0.081255,[.00
PPO_25000_bzip2__instcount_256,12000,13423,1.1970,2.14,0.083437,[.00
PPO_25000_bzip2__instcount_256,12000,14855,1.0852,1.93,0.08207,[.00
PPO_25000_bzip2__instcount_256,12000,14196,1.1366,2.02,0.097131,[.00
PPO_25000_bzip2__instcount_256,12000,13412,1.1979,2.14,0.082645,[.00
PPO_25000_bzip2__instcount_256,12000,13613,1.1822,2.11,0.08144,[.00
PPO_25000_bzip2__instcount_256,12000,13915,1.1586,2.06,0.079388,[.00
PPO_25000_bzip2__instcount_256,12000,14014,1.1509,2.05,0.080828,[.00
PPO_25000_bzip2__instcount_256,12000,13549,1.1872,2.12,0.07997,[.00
PPO_25000_bzip2__instcount_256,12000,14084,1.1454,2.04,0.084115,[.00
PPO_25000_bzip2__instcount_256,12000,14180,1.1379,2.02,0.080366,[.00
PPO_25000_bzip2__instcount_256,12000,13402,1.1987,2.14,0.08324,[.00
PPO_25000_bzip2__instcount_256,12000,13636,1.1804,2.10,0.081529,[.00
PPO_25000_bzip2__instcount_256,12000,14215,1.1352,2.02,0.094119,[.00
PPO_25000_bzip2__instcount_256,12000,13706,1.1749,2.09,0.080189,[.00
PPO_25000_bzip2__instcount_256,12000,13347,1.2030,2.15,0.083903,[.00
PPO_25000_bzip2__instcount_256,12000,13977,1.1538,2.05,0.077397,[.00
PPO_25000_bzip2__instcount_256,12000,14221,1.1347,2.02,0.086011,[.00
PPO_25000_bzip2__instcount_256,12000,13965,1.1547,2.05,0.079136,[.00
PPO_25000_bzip2__instcount_256,12000,13739,1.1723,2.09,0.079811,[.00
PPO_25000_bzip2__instcount_256,12000,13885,1.1609,2.07,0.084571,[.00
PPO_25000_bzip2__instcount_256,12000,13477,1.1928,2.13,0.08384,[.00
PPO_25000_bzip2__instcount_256,12000,14108,1.1435,2.03,0.085318,[.00
PPO_25000_bzip2__instcount_256,12000,13422,1.1971,2.14,0.08416,[.00
PPO_25000_bzip2__instcount_256,12000,14638,1.1021,1.96,0.088708,[.00
PPO_25000_bzip2__instcount_256,12000,13449,1.1950,2.13,0.080919,[.00
PPO_25000_bzip2__instcount_256,12000,13484,1.1923,2.13,0.084222,[.00
PPO_25000_bzip2__instcount_256,12000,13783,1.1689,2.08,0.079542,[.00
PPO_25000_bzip2__instcount_256,12000,13570,1.1855,2.11,0.080838,[.00
PPO_25000_bzip2__instcount_256,12000,14220,1.1348,2.02,0.083338,[.00
PPO_25000_bzip2__instcount_256,12000,13679,1.1770,2.10,0.08116,[.00
PPO_25000_bzip2__instcount_256,12000,13808,1.1670,2.08,0.08397,[.00
PPO_25000_bzip2__instcount_256,12000,15039,1.0708,1.91,0.071775,[.00
PPO_25000_bzip2__instcount_256,12000,14920,1.0801,1.92,0.068979,[.00
PPO_25000_bzip2__instcount_256,12000,13476,1.1929,2.13,0.082027,[.00
PPO_25000_bzip2__instcount_256,12000,13391,1.1995,2.14,0.086332,[.00
PPO_25000_bzip2__instcount_256,12000,14178,1.1381,2.02,0.080901,[.00
PPO_25000_bzip2__instcount_256,12000,13975,1.1539,2.05,0.08109,[.00
PPO_25000_bzip2__instcount_256,12000,13413,1.1978,2.14,0.081683,[.00
PPO_25000_bzip2__instcount_256,12000,13416,1.1976,2.14,0.082402,[.00
PPO_25000_bzip2__instcount_256,12000,13686,1.1765,2.10,0.081867,[.00
PPO_25000_bzip2__instcount_256,12000,13460,1.1941,2.13,0.091031,[.00
PPO_25000_bzip2__instcount_256,12000,13645,1.1797,2.10,0.081211,[.00
PPO_25000_bzip2__instcount_256,12000,13629,1.1809,2.10,0.079088,[.00
PPO_25000_bzip2__instcount_256,12000,14043,1.1486,2.04,0.082999,[.00
PPO_25000_bzip2__instcount_256,12000,13705,1.1750,2.09,0.081513,[.00
PPO_25000_bzip2__instcount_256,12000,13485,1.1922,2.13,0.081514,[.00
PPO_25000_bzip2__instcount_256,12000,13989,1.1528,2.05,0.08191,[.00
PPO_25000_bzip2__instcount_256,12000,14288,1.1295,2.01,0.082372,[.00
PPO_25000_bzip2__instcount_256,12000,13546,1.1874,2.12,0.08541,[.00
PPO_25000_bzip2__instcount_256,12000,14180,1.1379,2.02,0.085262,[.00
PPO_25000_bzip2__instcount_256,12000,14537,1.1100,1.97,0.079179,[.00
PPO_25000_bzip2__instcount_256,12000,14636,1.1023,1.96,0.095946,[.00
PPO_25000_bzip2__instcount_256,12000,13945,1.1563,2.06,0.083309,[.00
PPO_25000_bzip2__instcount_256,12000,13697,1.1756,2.09,0.085295,[.00
PPO_25000_bzip2__instcount_256,12000,13720,1.1738,2.09,0.080056,[.00
PPO_25000_bzip2__instcount_256,12000,13492,1.1916,2.13,0.080103,[.00
PPO_25000_bzip2__instcount_256,12000,13688,1.1763,2.10,0.086439,[.00
PPO_25000_bzip2__instcount_256,12000,13444,1.1954,2.13,0.084685,[.00
PPO_25000_bzip2__instcount_256,12000,14361,1.1238,2.00,0.069367,[.00
PPO_25000_bzip2__instcount_256,12000,14018,1.1506,2.05,0.081622,[.00
PPO_25000_bzip2__instcount_256,12000,13487,1.1920,2.13,0.082219,[.00
PPO_25000_bzip2__instcount_256,12000,14956,1.0773,1.92,0.068371,[.00
PPO_25000_bzip2__instcount_256,12000,13792,1.1682,2.08,0.096378,[.00
PPO_25000_bzip2__instcount_256,12000,13936,1.1570,2.06,0.083779,[.00
PPO_25000_bzip2__instcount_256,12000,13620,1.1816,2.11,0.080786,[.00
PPO_25000_bzip2__instcount_256,12000,13549,1.1872,2.12,0.087379,[.00
PPO_25000_bzip2__instcount_256,12000,14111,1.1433,2.03,0.079048,[.00
PPO_25000_bzip2__instcount_256,12000,14302,1.1284,2.01,0.081261,[.00
PPO_25000_bzip2__instcount_256,12000,14581,1.1066,1.97,0.078912,[.00
PPO_25000_bzip2__instcount_256,12000,14208,1.1357,2.02,0.083607,[.00
PPO_25000_bzip2__instcount_256,12000,13481,1.1925,2.13,0.085755,[.00
PPO_25000_bzip2__instcount_256,12000,13403,1.1986,2.14,0.08492,[.00
PPO_25000_bzip2__instcount_256,12000,13493,1.1916,2.13,0.086622,[.00
PPO_25000_bzip2__instcount_256,12000,13610,1.1824,2.11,0.081658,[.00
PPO_25000_bzip2__instcount_256,12000,13879,1.1614,2.07,0.081848,[.00
PPO_25000_bzip2__instcount_256,12000,13607,1.1827,2.11,0.105146,[.00
PPO_25000_bzip2__instcount_256,12000,13892,1.1604,2.06,0.081948,[.00
PPO_25000_bzip2__instcount_256,12000,13444,1.1954,2.13,0.084977,[.00
PPO_25000_bzip2__instcount_256,12000,13806,1.1671,2.08,0.081445,[.00
PPO_25000_bzip2__instcount_256,12000,13629,1.1809,2.10,0.07939,[.00
PPO_25000_bzip2__instcount_256,12000,14428,1.1185,1.99,0.086189,[.00
PPO_25000_bzip2__instcount_256,12000,13428,1.1966,2.14,0.08179,[.00
PPO_25000_bzip2__instcount_256,12000,14005,1.1516,2.05,0.081145,[.00
PPO_25000_bzip2__instcount_256,12000,13666,1.1780,2.10,0.083303,[.00
PPO_25000_bzip2__instcount_256,12000,14811,1.0886,1.94,0.082204,[.00
PPO_25000_bzip2__instcount_256,12000,14131,1.1417,2.03,0.086351,[.00
PPO_25000_bzip2__instcount_256,12000,14120,1.1426,2.03,0.083101,[.00
PPO_25000_bzip2__instcount_256,12000,13411,1.1980,2.14,0.105774,[.00
PPO_25000_bzip2__instcount_256,13000,13569,1.1856,2.11,0.082962,[.00
PPO_25000_bzip2__instcount_256,13000,13705,1.1750,2.09,0.076085,[.00
PPO_25000_bzip2__instcount_256,13000,13766,1.1702,2.08,0.079048,[.00
PPO_25000_bzip2__instcount_256,13000,13530,1.1887,2.12,0.094753,[.00
PPO_25000_bzip2__instcount_256,13000,14174,1.1384,2.02,0.081084,[.00
PPO_25000_bzip2__instcount_256,13000,13619,1.1817,2.11,0.082505,[.00
PPO_25000_bzip2__instcount_256,13000,13426,1.1968,2.14,0.081222,[.00
PPO_25000_bzip2__instcount_256,13000,14907,1.0811,1.92,0.084734,[.00
PPO_25000_bzip2__instcount_256,13000,13545,1.1875,2.12,0.081618,[.00
PPO_25000_bzip2__instcount_256,13000,14376,1.1226,1.99,0.083855,[.00
PPO_25000_bzip2__instcount_256,13000,14284,1.1298,2.01,0.08264,[.00
PPO_25000_bzip2__instcount_256,13000,13830,1.1652,2.07,0.080937,[.00
PPO_25000_bzip2__instcount_256,13000,13515,1.1898,2.12,0.083856,[.00
PPO_25000_bzip2__instcount_256,13000,14040,1.1488,2.04,0.080269,[.00
PPO_25000_bzip2__instcount_256,13000,13676,1.1773,2.10,0.081291,[.00
PPO_25000_bzip2__instcount_256,13000,13631,1.1808,2.10,0.085499,[.00
PPO_25000_bzip2__instcount_256,13000,13768,1.1701,2.08,0.086833,[.00
PPO_25000_bzip2__instcount_256,13000,13601,1.1831,2.11,0.081976,[.00
PPO_25000_bzip2__instcount_256,13000,13988,1.1529,2.05,0.089741,[.00
PPO_25000_bzip2__instcount_256,13000,14097,1.1444,2.03,0.081925,[.00
PPO_25000_bzip2__instcount_256,13000,13418,1.1974,2.14,0.084358,[.00
PPO_25000_bzip2__instcount_256,13000,13351,1.2027,2.15,0.083254,[.00
PPO_25000_bzip2__instcount_256,13000,13775,1.1695,2.08,0.081541,[.00
PPO_25000_bzip2__instcount_256,13000,14383,1.1220,1.99,0.081059,[.00
PPO_25000_bzip2__instcount_256,13000,13758,1.1709,2.08,0.081578,[.00
PPO_25000_bzip2__instcount_256,13000,14040,1.1488,2.04,0.080454,[.00
PPO_25000_bzip2__instcount_256,13000,13529,1.1887,2.12,0.085526,[.00
PPO_25000_bzip2__instcount_256,13000,13683,1.1767,2.10,0.084003,[.00
PPO_25000_bzip2__instcount_256,13000,14586,1.1062,1.97,0.082022,[.00
PPO_25000_bzip2__instcount_256,13000,13612,1.1823,2.11,0.079319,[.00
PPO_25000_bzip2__instcount_256,13000,13497,1.1912,2.12,0.080438,[.00
PPO_25000_bzip2__instcount_256,13000,13963,1.1548,2.05,0.078486,[.00
PPO_25000_bzip2__instcount_256,13000,13298,1.2068,2.16,0.084101,[.00
PPO_25000_bzip2__instcount_256,13000,14167,1.1389,2.02,0.083133,[.00
PPO_25000_bzip2__instcount_256,13000,13944,1.1563,2.06,0.081796,[.00
PPO_25000_bzip2__instcount_256,13000,14383,1.1220,1.99,0.086782,[.00
PPO_25000_bzip2__instcount_256,13000,14627,1.1030,1.96,0.080071,[.00
PPO_25000_bzip2__instcount_256,13000,13556,1.1866,2.12,0.083184,[.00
PPO_25000_bzip2__instcount_256,13000,13911,1.1589,2.06,0.084406,[.00
PPO_25000_bzip2__instcount_256,13000,13388,1.1998,2.14,0.084478,[.00
PPO_25000_bzip2__instcount_256,13000,13405,1.1984,2.14,0.092071,[.00
PPO_25000_bzip2__instcount_256,13000,13966,1.1546,2.05,0.079815,[.00
PPO_25000_bzip2__instcount_256,13000,13509,1.1903,2.12,0.079479,[.00
PPO_25000_bzip2__instcount_256,13000,14114,1.1431,2.03,0.084973,[.00
PPO_25000_bzip2__instcount_256,13000,13430,1.1965,2.14,0.082958,[.00
PPO_25000_bzip2__instcount_256,13000,13802,1.1674,2.08,0.079532,[.00
PPO_25000_bzip2__instcount_256,13000,13598,1.1834,2.11,0.085341,[.00
PPO_25000_bzip2__instcount_256,13000,14123,1.1423,2.03,0.081476,[.00
PPO_25000_bzip2__instcount_256,13000,13668,1.1779,2.10,0.084022,[.00
PPO_25000_bzip2__instcount_256,13000,13413,1.1978,2.14,0.081523,[.00
PPO_25000_bzip2__instcount_256,13000,14998,1.0740,1.91,0.0705,[.00
PPO_25000_bzip2__instcount_256,13000,14171,1.1386,2.02,0.079939,[.00
PPO_25000_bzip2__instcount_256,13000,14294,1.1290,2.01,0.081596,[.00
PPO_25000_bzip2__instcount_256,13000,13645,1.1797,2.10,0.080466,[.00
PPO_25000_bzip2__instcount_256,13000,13713,1.1744,2.09,0.076384,[.00
PPO_25000_bzip2__instcount_256,13000,14821,1.0878,1.93,0.084147,[.00
PPO_25000_bzip2__instcount_256,13000,13635,1.1805,2.10,0.078041,[.00
PPO_25000_bzip2__instcount_256,13000,14257,1.1319,2.01,0.086279,[.00
PPO_25000_bzip2__instcount_256,13000,13926,1.1577,2.06,0.079326,[.00
PPO_25000_bzip2__instcount_256,13000,14553,1.1088,1.97,0.06682,[.00
PPO_25000_bzip2__instcount_256,13000,13501,1.1909,2.12,0.082123,[.00
PPO_25000_bzip2__instcount_256,13000,13505,1.1906,2.12,0.08133,[.00
PPO_25000_bzip2__instcount_256,13000,13882,1.1612,2.07,0.085071,[.00
PPO_25000_bzip2__instcount_256,13000,13664,1.1782,2.10,0.082941,[.00
PPO_25000_bzip2__instcount_256,13000,13653,1.1791,2.10,0.088308,[.00
PPO_25000_bzip2__instcount_256,13000,13937,1.1569,2.06,0.080266,[.00
PPO_25000_bzip2__instcount_256,13000,14227,1.1342,2.02,0.08288,[.00
PPO_25000_bzip2__instcount_256,13000,13770,1.1699,2.08,0.078257,[.00
PPO_25000_bzip2__instcount_256,13000,13892,1.1604,2.06,0.081895,[.00
PPO_25000_bzip2__instcount_256,13000,14322,1.1268,2.00,0.080589,[.00
PPO_25000_bzip2__instcount_256,13000,13276,1.2085,2.16,0.080326,[.00
PPO_25000_bzip2__instcount_256,13000,13540,1.1879,2.12,0.080797,[.00
PPO_25000_bzip2__instcount_256,13000,13896,1.1601,2.06,0.078319,[.00
PPO_25000_bzip2__instcount_256,13000,13517,1.1897,2.12,0.08015,[.00
PPO_25000_bzip2__instcount_256,13000,13366,1.2015,2.15,0.083192,[.00
PPO_25000_bzip2__instcount_256,13000,13624,1.1813,2.11,0.078489,[.00
PPO_25000_bzip2__instcount_256,13000,13480,1.1926,2.13,0.084311,[.00
PPO_25000_bzip2__instcount_256,13000,13694,1.1759,2.09,0.079898,[.00
PPO_25000_bzip2__instcount_256,13000,13528,1.1888,2.12,0.078424,[.00
PPO_25000_bzip2__instcount_256,13000,13578,1.1849,2.11,0.081197,[.00
PPO_25000_bzip2__instcount_256,13000,13912,1.1588,2.06,0.081192,[.00
PPO_25000_bzip2__instcount_256,13000,16930,0.9231,1.69,0.077999,[.00
PPO_25000_bzip2__instcount_256,13000,13412,1.1979,2.14,0.081634,[.00
PPO_25000_bzip2__instcount_256,13000,13825,1.1656,2.07,0.084814,[.00
PPO_25000_bzip2__instcount_256,13000,13961,1.1550,2.05,0.079369,[.00
PPO_25000_bzip2__instcount_256,13000,13487,1.1920,2.13,0.082457,[.00
PPO_25000_bzip2__instcount_256,13000,13411,1.1980,2.14,0.087243,[.00
PPO_25000_bzip2__instcount_256,13000,13502,1.1909,2.12,0.088831,[.00
PPO_25000_bzip2__instcount_256,13000,14054,1.1477,2.04,0.083122,[.00
PPO_25000_bzip2__instcount_256,13000,13592,1.1838,2.11,0.082735,[.00
PPO_25000_bzip2__instcount_256,13000,13828,1.1654,2.07,0.083604,[.00
PPO_25000_bzip2__instcount_256,13000,13728,1.1732,2.09,0.07975,[.00
PPO_25000_bzip2__instcount_256,13000,13335,1.2039,2.15,0.083491,[.00
PPO_25000_bzip2__instcount_256,13000,13961,1.1550,2.05,0.083456,[.00
PPO_25000_bzip2__instcount_256,13000,13609,1.1825,2.11,0.085263,[.00
PPO_25000_bzip2__instcount_256,13000,14197,1.1366,2.02,0.082922,[.00
PPO_25000_bzip2__instcount_256,13000,13408,1.1982,2.14,0.079373,[.00
PPO_25000_bzip2__instcount_256,13000,13498,1.1912,2.12,0.079782,[.00
PPO_25000_bzip2__instcount_256,13000,13577,1.1850,2.11,0.082945,[.00
PPO_25000_bzip2__instcount_256,13000,14138,1.1412,2.03,0.080421,[.00
PPO_25000_bzip2__instcount_256,14000,13382,1.2002,2.14,0.081716,[.00
PPO_25000_bzip2__instcount_256,14000,13441,1.1956,2.13,0.084182,[.00
PPO_25000_bzip2__instcount_256,14000,13775,1.1695,2.08,0.08242,[.00
PPO_25000_bzip2__instcount_256,14000,13626,1.1812,2.10,0.07966,[.00
PPO_25000_bzip2__instcount_256,14000,13986,1.1531,2.05,0.086308,[.00
PPO_25000_bzip2__instcount_256,14000,14224,1.1345,2.02,0.080279,[.00
PPO_25000_bzip2__instcount_256,14000,13410,1.1980,2.14,0.082985,[.00
PPO_25000_bzip2__instcount_256,14000,13486,1.1921,2.13,0.079314,[.00
PPO_25000_bzip2__instcount_256,14000,13667,1.1780,2.10,0.092948,[.00
PPO_25000_bzip2__instcount_256,14000,13554,1.1868,2.12,0.079237,[.00
PPO_25000_bzip2__instcount_256,14000,13841,1.1644,2.07,0.079065,[.00
PPO_25000_bzip2__instcount_256,14000,13408,1.1982,2.14,0.088551,[.00
PPO_25000_bzip2__instcount_256,14000,13553,1.1869,2.12,0.07687,[.00
PPO_25000_bzip2__instcount_256,14000,14083,1.1455,2.04,0.080628,[.00
PPO_25000_bzip2__instcount_256,14000,13515,1.1898,2.12,0.082293,[.00
PPO_25000_bzip2__instcount_256,14000,13449,1.1950,2.13,0.083397,[.00
PPO_25000_bzip2__instcount_256,14000,13590,1.1840,2.11,0.097844,[.00
PPO_25000_bzip2__instcount_256,14000,13361,1.2019,2.15,0.080607,[.00
PPO_25000_bzip2__instcount_256,14000,17125,0.9079,1.67,0.0825,[.00
PPO_25000_bzip2__instcount_256,14000,14171,1.1386,2.02,0.084918,[.00
PPO_25000_bzip2__instcount_256,14000,13687,1.1764,2.10,0.082908,[.00
PPO_25000_bzip2__instcount_256,14000,13826,1.1655,2.07,0.08048,[.00
PPO_25000_bzip2__instcount_256,14000,13618,1.1818,2.11,0.078933,[.00
PPO_25000_bzip2__instcount_256,14000,13434,1.1962,2.13,0.08686,[.00
PPO_25000_bzip2__instcount_256,14000,14732,1.0948,1.95,0.070523,[.00
PPO_25000_bzip2__instcount_256,14000,13978,1.1537,2.05,0.085402,[.00
PPO_25000_bzip2__instcount_256,14000,13955,1.1555,2.06,0.080728,[.00
PPO_25000_bzip2__instcount_256,14000,13844,1.1641,2.07,0.08271,[.00
PPO_25000_bzip2__instcount_256,14000,13759,1.1708,2.08,0.084439,[.00
PPO_25000_bzip2__instcount_256,14000,13510,1.1902,2.12,0.082565,[.00
PPO_25000_bzip2__instcount_256,14000,13373,1.2009,2.14,0.081471,[.00
PPO_25000_bzip2__instcount_256,14000,13689,1.1763,2.10,0.07903,[.00
PPO_25000_bzip2__instcount_256,14000,14171,1.1386,2.02,0.081505,[.00
PPO_25000_bzip2__instcount_256,14000,13799,1.1677,2.08,0.086728,[.00
PPO_25000_bzip2__instcount_256,14000,13504,1.1907,2.12,0.086037,[.00
PPO_25000_bzip2__instcount_256,14000,14032,1.1495,2.04,0.083401,[.00
PPO_25000_bzip2__instcount_256,14000,13464,1.1938,2.13,0.083528,[.00
PPO_25000_bzip2__instcount_256,14000,14026,1.1499,2.04,0.081654,[.00
PPO_25000_bzip2__instcount_256,14000,13405,1.1984,2.14,0.102914,[.00
PPO_25000_bzip2__instcount_256,14000,13915,1.1586,2.06,0.078691,[.00
PPO_25000_bzip2__instcount_256,14000,13377,1.2006,2.14,0.080992,[.00
PPO_25000_bzip2__instcount_256,14000,13796,1.1679,2.08,0.086292,[.00
PPO_25000_bzip2__instcount_256,14000,14094,1.1446,2.03,0.080294,[.00
PPO_25000_bzip2__instcount_256,14000,13513,1.1900,2.12,0.082737,[.00
PPO_25000_bzip2__instcount_256,14000,13477,1.1928,2.13,0.083926,[.00
PPO_25000_bzip2__instcount_256,14000,14694,1.0977,1.95,0.082353,[.00
PPO_25000_bzip2__instcount_256,14000,13379,1.2005,2.14,0.083172,[.00
PPO_25000_bzip2__instcount_256,14000,13483,1.1923,2.13,0.090578,[.00
PPO_25000_bzip2__instcount_256,14000,13520,1.1895,2.12,0.079573,[.00
PPO_25000_bzip2__instcount_256,14000,14020,1.1504,2.05,0.081846,[.00
PPO_25000_bzip2__instcount_256,14000,14034,1.1493,2.04,0.083368,[.00
PPO_25000_bzip2__instcount_256,14000,13725,1.1734,2.09,0.081976,[.00
PPO_25000_bzip2__instcount_256,14000,13375,1.2008,2.14,0.081381,[.00
PPO_25000_bzip2__instcount_256,14000,13996,1.1523,2.05,0.077934,[.00
PPO_25000_bzip2__instcount_256,14000,13538,1.1880,2.12,0.082409,[.00
PPO_25000_bzip2__instcount_256,14000,13432,1.1963,2.14,0.080965,[.00
PPO_25000_bzip2__instcount_256,14000,13381,1.2003,2.14,0.081911,[.00
PPO_25000_bzip2__instcount_256,14000,13448,1.1951,2.13,0.083366,[.00
PPO_25000_bzip2__instcount_256,14000,13883,1.1611,2.07,0.089551,[.00
PPO_25000_bzip2__instcount_256,14000,13727,1.1733,2.09,0.083509,[.00
PPO_25000_bzip2__instcount_256,14000,13776,1.1695,2.08,0.081438,[.00
PPO_25000_bzip2__instcount_256,14000,13712,1.1745,2.09,0.076438,[.00
PPO_25000_bzip2__instcount_256,14000,13472,1.1932,2.13,0.079947,[.00
PPO_25000_bzip2__instcount_256,14000,13465,1.1937,2.13,0.082268,[.00
PPO_25000_bzip2__instcount_256,14000,13596,1.1835,2.11,0.082589,[.00
PPO_25000_bzip2__instcount_256,14000,13358,1.2021,2.15,0.087846,[.00
PPO_25000_bzip2__instcount_256,14000,13960,1.1551,2.05,0.08182,[.00
PPO_25000_bzip2__instcount_256,14000,13815,1.1664,2.08,0.08356,[.00
PPO_25000_bzip2__instcount_256,14000,13634,1.1805,2.10,0.084736,[.00
PPO_25000_bzip2__instcount_256,14000,13439,1.1958,2.13,0.082472,[.00
PPO_25000_bzip2__instcount_256,14000,14077,1.1459,2.04,0.08675,[.00
PPO_25000_bzip2__instcount_256,14000,13904,1.1595,2.06,0.081286,[.00
PPO_25000_bzip2__instcount_256,14000,13527,1.1889,2.12,0.08195,[.00
PPO_25000_bzip2__instcount_256,14000,13402,1.1987,2.14,0.083211,[.00
PPO_25000_bzip2__instcount_256,14000,13411,1.1980,2.14,0.084786,[.00
PPO_25000_bzip2__instcount_256,14000,14079,1.1458,2.04,0.083075,[.00
PPO_25000_bzip2__instcount_256,14000,13871,1.1620,2.07,0.081755,[.00
PPO_25000_bzip2__instcount_256,14000,15035,1.0711,1.91,0.082371,[.00
PPO_25000_bzip2__instcount_256,14000,14404,1.1204,1.99,0.070925,[.00
PPO_25000_bzip2__instcount_256,14000,14028,1.1498,2.04,0.081134,[.00
PPO_25000_bzip2__instcount_256,14000,13732,1.1729,2.09,0.083036,[.00
PPO_25000_bzip2__instcount_256,14000,14149,1.1403,2.03,0.08831,[.00
PPO_25000_bzip2__instcount_256,14000,13818,1.1662,2.08,0.078775,[.00
PPO_25000_bzip2__instcount_256,14000,13869,1.1622,2.07,0.08029,[.00
PPO_25000_bzip2__instcount_256,14000,13907,1.1592,2.06,0.077359,[.00
PPO_25000_bzip2__instcount_256,14000,13479,1.1927,2.13,0.084628,[.00
PPO_25000_bzip2__instcount_256,14000,13552,1.1870,2.12,0.079684,[.00
PPO_25000_bzip2__instcount_256,14000,13924,1.1579,2.06,0.094029,[.00
PPO_25000_bzip2__instcount_256,14000,14008,1.1513,2.05,0.079115,[.00
PPO_25000_bzip2__instcount_256,14000,13567,1.1858,2.11,0.080533,[.00
PPO_25000_bzip2__instcount_256,14000,13854,1.1634,2.07,0.081358,[.00
PPO_25000_bzip2__instcount_256,14000,13710,1.1746,2.09,0.083176,[.00
PPO_25000_bzip2__instcount_256,14000,13511,1.1902,2.12,0.084308,[.00
PPO_25000_bzip2__instcount_256,14000,13724,1.1735,2.09,0.084262,[.00
PPO_25000_bzip2__instcount_256,14000,13755,1.1711,2.09,0.08126,[.00
PPO_25000_bzip2__instcount_256,14000,13524,1.1891,2.12,0.088106,[.00
PPO_25000_bzip2__instcount_256,14000,13696,1.1757,2.09,0.078766,[.00
PPO_25000_bzip2__instcount_256,14000,13845,1.1641,2.07,0.085321,[.00
PPO_25000_bzip2__instcount_256,14000,13712,1.1745,2.09,0.082959,[.00
PPO_25000_bzip2__instcount_256,14000,13818,1.1662,2.08,0.084259,[.00
PPO_25000_bzip2__instcount_256,15000,13686,1.1765,2.10,0.08008,[.00
PPO_25000_bzip2__instcount_256,15000,13778,1.1693,2.08,0.085068,[.00
PPO_25000_bzip2__instcount_256,15000,13593,1.1837,2.11,0.083047,[.00
PPO_25000_bzip2__instcount_256,15000,14328,1.1263,2.00,0.082327,[.00
PPO_25000_bzip2__instcount_256,15000,14134,1.1415,2.03,0.079405,[.00
PPO_25000_bzip2__instcount_256,15000,13699,1.1755,2.09,0.082405,[.00
PPO_25000_bzip2__instcount_256,15000,13439,1.1958,2.13,0.082719,[.00
PPO_25000_bzip2__instcount_256,15000,13668,1.1779,2.10,0.083455,[.00
PPO_25000_bzip2__instcount_256,15000,13464,1.1938,2.13,0.081659,[.00
PPO_25000_bzip2__instcount_256,15000,13787,1.1686,2.08,0.085396,[.00
PPO_25000_bzip2__instcount_256,15000,13674,1.1774,2.10,0.078308,[.00
PPO_25000_bzip2__instcount_256,15000,13543,1.1877,2.12,0.082067,[.00
PPO_25000_bzip2__instcount_256,15000,14386,1.1218,1.99,0.081982,[.00
PPO_25000_bzip2__instcount_256,15000,13376,1.2007,2.14,0.080132,[.00
PPO_25000_bzip2__instcount_256,15000,13405,1.1984,2.14,0.084797,[.00
PPO_25000_bzip2__instcount_256,15000,18215,0.8227,1.57,0.081215,[.00
PPO_25000_bzip2__instcount_256,15000,13522,1.1893,2.12,0.087191,[.00
PPO_25000_bzip2__instcount_256,15000,13680,1.1770,2.10,0.080574,[.00
PPO_25000_bzip2__instcount_256,15000,13593,1.1837,2.11,0.079367,[.00
PPO_25000_bzip2__instcount_256,15000,13434,1.1962,2.13,0.081439,[.00
PPO_25000_bzip2__instcount_256,15000,13706,1.1749,2.09,0.079585,[.00
PPO_25000_bzip2__instcount_256,15000,13575,1.1852,2.11,0.082561,[.00
PPO_25000_bzip2__instcount_256,15000,13647,1.1795,2.10,0.085079,[.00
PPO_25000_bzip2__instcount_256,15000,13400,1.1988,2.14,0.080071,[.00
PPO_25000_bzip2__instcount_256,15000,13689,1.1763,2.10,0.081178,[.00
PPO_25000_bzip2__instcount_256,15000,13478,1.1927,2.13,0.079773,[.00
PPO_25000_bzip2__instcount_256,15000,13575,1.1852,2.11,0.082154,[.00
PPO_25000_bzip2__instcount_256,15000,14299,1.1286,2.01,0.06578,[.00
PPO_25000_bzip2__instcount_256,15000,13353,1.2025,2.15,0.080639,[.00
PPO_25000_bzip2__instcount_256,15000,13486,1.1921,2.13,0.084731,[.00
PPO_25000_bzip2__instcount_256,15000,13607,1.1827,2.11,0.081656,[.00
PPO_25000_bzip2__instcount_256,15000,13509,1.1903,2.12,0.07849,[.00
PPO_25000_bzip2__instcount_256,15000,13672,1.1776,2.10,0.094689,[.00
PPO_25000_bzip2__instcount_256,15000,14253,1.1322,2.01,0.081292,[.00
PPO_25000_bzip2__instcount_256,15000,13688,1.1763,2.10,0.079403,[.00
PPO_25000_bzip2__instcount_256,15000,13844,1.1641,2.07,0.079733,[.00
PPO_25000_bzip2__instcount_256,15000,13409,1.1981,2.14,0.079885,[.00
PPO_25000_bzip2__instcount_256,15000,13694,1.1759,2.09,0.081393,[.00
PPO_25000_bzip2__instcount_256,15000,13469,1.1934,2.13,0.078748,[.00
PPO_25000_bzip2__instcount_256,15000,13545,1.1875,2.12,0.08,[.00
PPO_25000_bzip2__instcount_256,15000,13836,1.1648,2.07,0.079981,[.00
PPO_25000_bzip2__instcount_256,15000,13468,1.1935,2.13,0.081485,[.00
PPO_25000_bzip2__instcount_256,15000,13367,1.2014,2.15,0.086807,[.00
PPO_25000_bzip2__instcount_256,15000,13543,1.1877,2.12,0.07995,[.00
PPO_25000_bzip2__instcount_256,15000,13466,1.1937,2.13,0.081986,[.00
PPO_25000_bzip2__instcount_256,15000,13344,1.2032,2.15,0.080656,[.00
PPO_25000_bzip2__instcount_256,15000,13480,1.1926,2.13,0.080785,[.00
PPO_25000_bzip2__instcount_256,15000,13722,1.1737,2.09,0.080617,[.00
PPO_25000_bzip2__instcount_256,15000,13812,1.1666,2.08,0.078624,[.00
PPO_25000_bzip2__instcount_256,15000,13456,1.1945,2.13,0.079726,[.00
PPO_25000_bzip2__instcount_256,15000,13382,1.2002,2.14,0.081705,[.00
PPO_25000_bzip2__instcount_256,15000,13862,1.1627,2.07,0.082764,[.00
PPO_25000_bzip2__instcount_256,15000,13791,1.1683,2.08,0.082819,[.00
PPO_25000_bzip2__instcount_256,15000,13504,1.1907,2.12,0.084307,[.00
PPO_25000_bzip2__instcount_256,15000,13263,1.2095,2.16,0.08967,[.00
PPO_25000_bzip2__instcount_256,15000,13473,1.1931,2.13,0.080009,[.00
PPO_25000_bzip2__instcount_256,15000,13682,1.1768,2.10,0.0797,[.00
PPO_25000_bzip2__instcount_256,15000,13522,1.1893,2.12,0.080958,[.00
PPO_25000_bzip2__instcount_256,15000,13450,1.1949,2.13,0.092775,[.00
PPO_25000_bzip2__instcount_256,15000,13720,1.1738,2.09,0.081467,[.00
PPO_25000_bzip2__instcount_256,15000,13758,1.1709,2.08,0.081528,[.00
PPO_25000_bzip2__instcount_256,15000,14025,1.1500,2.04,0.083089,[.00
PPO_25000_bzip2__instcount_256,15000,13607,1.1827,2.11,0.079666,[.00
PPO_25000_bzip2__instcount_256,15000,13468,1.1935,2.13,0.084484,[.00
PPO_25000_bzip2__instcount_256,15000,13454,1.1946,2.13,0.082568,[.00
PPO_25000_bzip2__instcount_256,15000,13519,1.1895,2.12,0.080071,[.00
PPO_25000_bzip2__instcount_256,15000,13721,1.1738,2.09,0.087856,[.00
PPO_25000_bzip2__instcount_256,15000,13678,1.1771,2.10,0.08289,[.00
PPO_25000_bzip2__instcount_256,15000,13403,1.1986,2.14,0.0876,[.00
PPO_25000_bzip2__instcount_256,15000,13601,1.1831,2.11,0.078229,[.00
PPO_25000_bzip2__instcount_256,15000,13704,1.1751,2.09,0.079851,[.00
PPO_25000_bzip2__instcount_256,15000,14257,1.1319,2.01,0.08133,[.00
PPO_25000_bzip2__instcount_256,15000,13490,1.1918,2.13,0.084337,[.00
PPO_25000_bzip2__instcount_256,15000,14374,1.1227,2.00,0.080759,[.00
PPO_25000_bzip2__instcount_256,15000,13742,1.1721,2.09,0.079651,[.00
PPO_25000_bzip2__instcount_256,15000,13504,1.1907,2.12,0.084245,[.00
PPO_25000_bzip2__instcount_256,15000,14036,1.1491,2.04,0.083368,[.00
PPO_25000_bzip2__instcount_256,15000,13882,1.1612,2.07,0.081257,[.00
PPO_25000_bzip2__instcount_256,15000,13569,1.1856,2.11,0.08036,[.00
PPO_25000_bzip2__instcount_256,15000,13913,1.1588,2.06,0.079902,[.00
PPO_25000_bzip2__instcount_256,15000,13436,1.1960,2.13,0.081993,[.00
PPO_25000_bzip2__instcount_256,15000,13447,1.1952,2.13,0.082839,[.00
PPO_25000_bzip2__instcount_256,15000,13826,1.1655,2.07,0.080737,[.00
PPO_25000_bzip2__instcount_256,15000,13449,1.1950,2.13,0.079394,[.00
PPO_25000_bzip2__instcount_256,15000,13709,1.1747,2.09,0.080424,[.00
PPO_25000_bzip2__instcount_256,15000,13672,1.1776,2.10,0.082972,[.00
PPO_25000_bzip2__instcount_256,15000,13443,1.1955,2.13,0.081148,[.00
PPO_25000_bzip2__instcount_256,15000,13714,1.1743,2.09,0.0814,[.00
PPO_25000_bzip2__instcount_256,15000,13477,1.1928,2.13,0.080782,[.00
PPO_25000_bzip2__instcount_256,15000,13646,1.1796,2.10,0.081075,[.00
PPO_25000_bzip2__instcount_256,15000,13503,1.1908,2.12,0.083468,[.00
PPO_25000_bzip2__instcount_256,15000,13752,1.1713,2.09,0.078017,[.00
PPO_25000_bzip2__instcount_256,15000,13401,1.1987,2.14,0.08462,[.00
PPO_25000_bzip2__instcount_256,15000,13621,1.1816,2.11,0.083538,[.00
PPO_25000_bzip2__instcount_256,15000,13530,1.1887,2.12,0.08251,[.00
PPO_25000_bzip2__instcount_256,15000,13602,1.1830,2.11,0.079366,[.00
PPO_25000_bzip2__instcount_256,15000,13630,1.1809,2.10,0.084692,[.00
PPO_25000_bzip2__instcount_256,15000,13410,1.1980,2.14,0.08163,[.00
PPO_25000_bzip2__instcount_256,15000,13718,1.1740,2.09,0.081449,[.00
PPO_25000_bzip2__instcount_256,15000,13455,1.1945,2.13,0.082534,[.00
PPO_25000_bzip2__instcount_256,16000,13616,1.1820,2.11,0.078368,[.00
PPO_25000_bzip2__instcount_256,16000,13531,1.1886,2.12,0.079228,[.00
PPO_25000_bzip2__instcount_256,16000,13493,1.1916,2.13,0.085145,[.00
PPO_25000_bzip2__instcount_256,16000,13356,1.2023,2.15,0.085533,[.00
PPO_25000_bzip2__instcount_256,16000,13511,1.1902,2.12,0.082636,[.00
PPO_25000_bzip2__instcount_256,16000,13594,1.1837,2.11,0.078376,[.00
PPO_25000_bzip2__instcount_256,16000,13513,1.1900,2.12,0.08066,[.00
PPO_25000_bzip2__instcount_256,16000,13444,1.1954,2.13,0.082831,[.00
PPO_25000_bzip2__instcount_256,16000,13461,1.1941,2.13,0.079849,[.00
PPO_25000_bzip2__instcount_256,16000,13622,1.1815,2.11,0.089228,[.00
PPO_25000_bzip2__instcount_256,16000,13457,1.1944,2.13,0.085274,[.00
PPO_25000_bzip2__instcount_256,16000,13448,1.1951,2.13,0.082278,[.00
PPO_25000_bzip2__instcount_256,16000,13308,1.2060,2.16,0.08488,[.00
PPO_25000_bzip2__instcount_256,16000,13470,1.1934,2.13,0.078953,[.00
PPO_25000_bzip2__instcount_256,16000,13746,1.1718,2.09,0.080632,[.00
PPO_25000_bzip2__instcount_256,16000,13734,1.1727,2.09,0.081578,[.00
PPO_25000_bzip2__instcount_256,16000,13515,1.1898,2.12,0.08006,[.00
PPO_25000_bzip2__instcount_256,16000,13502,1.1909,2.12,0.083031,[.00
PPO_25000_bzip2__instcount_256,16000,13366,1.2015,2.15,0.080841,[.00
PPO_25000_bzip2__instcount_256,16000,13242,1.2112,2.17,0.079181,[.00
PPO_25000_bzip2__instcount_256,16000,13473,1.1931,2.13,0.080613,[.00
PPO_25000_bzip2__instcount_256,16000,13364,1.2016,2.15,0.078838,[.00
PPO_25000_bzip2__instcount_256,16000,13814,1.1665,2.08,0.081366,[.00
PPO_25000_bzip2__instcount_256,16000,13603,1.1830,2.11,0.095612,[.00
PPO_25000_bzip2__instcount_256,16000,13433,1.1962,2.14,0.079881,[.00
PPO_25000_bzip2__instcount_256,16000,13430,1.1965,2.14,0.082329,[.00
PPO_25000_bzip2__instcount_256,16000,13518,1.1896,2.12,0.085697,[.00
PPO_25000_bzip2__instcount_256,16000,13535,1.1883,2.12,0.085442,[.00
PPO_25000_bzip2__instcount_256,16000,13638,1.1802,2.10,0.084182,[.00
PPO_25000_bzip2__instcount_256,16000,13503,1.1908,2.12,0.078918,[.00
PPO_25000_bzip2__instcount_256,16000,13426,1.1968,2.14,0.07746,[.00
PPO_25000_bzip2__instcount_256,16000,13412,1.1979,2.14,0.083855,[.00
PPO_25000_bzip2__instcount_256,16000,13570,1.1855,2.11,0.080562,[.00
PPO_25000_bzip2__instcount_256,16000,13400,1.1988,2.14,0.078721,[.00
PPO_25000_bzip2__instcount_256,16000,13895,1.1602,2.06,0.081126,[.00
PPO_25000_bzip2__instcount_256,16000,17170,0.9043,1.67,0.084878,[.00
PPO_25000_bzip2__instcount_256,16000,13383,1.2002,2.14,0.080938,[.00
PPO_25000_bzip2__instcount_256,16000,13363,1.2017,2.15,0.081216,[.00
PPO_25000_bzip2__instcount_256,16000,13673,1.1775,2.10,0.082286,[.00
PPO_25000_bzip2__instcount_256,16000,14047,1.1483,2.04,0.081858,[.00
PPO_25000_bzip2__instcount_256,16000,13470,1.1934,2.13,0.085594,[.00
PPO_25000_bzip2__instcount_256,16000,13705,1.1750,2.09,0.085496,[.00
PPO_25000_bzip2__instcount_256,16000,13448,1.1951,2.13,0.082082,[.00
PPO_25000_bzip2__instcount_256,16000,13466,1.1937,2.13,0.080824,[.00
PPO_25000_bzip2__instcount_256,16000,13434,1.1962,2.13,0.084143,[.00
PPO_25000_bzip2__instcount_256,16000,13845,1.1641,2.07,0.083948,[.00
PPO_25000_bzip2__instcount_256,16000,13645,1.1797,2.10,0.079479,[.00
PPO_25000_bzip2__instcount_256,16000,13648,1.1795,2.10,0.078397,[.00
PPO_25000_bzip2__instcount_256,16000,13430,1.1965,2.14,0.078935,[.00
PPO_25000_bzip2__instcount_256,16000,13875,1.1617,2.07,0.090015,[.00
PPO_25000_bzip2__instcount_256,16000,13500,1.1910,2.12,0.084767,[.00
PPO_25000_bzip2__instcount_256,16000,13969,1.1544,2.05,0.084026,[.00
PPO_25000_bzip2__instcount_256,16000,13460,1.1941,2.13,0.083309,[.00
PPO_25000_bzip2__instcount_256,16000,13719,1.1739,2.09,0.081202,[.00
PPO_25000_bzip2__instcount_256,16000,13476,1.1929,2.13,0.084774,[.00
PPO_25000_bzip2__instcount_256,16000,14533,1.1103,1.97,0.083303,[.00
PPO_25000_bzip2__instcount_256,16000,13596,1.1835,2.11,0.077422,[.00
PPO_25000_bzip2__instcount_256,16000,13458,1.1943,2.13,0.081033,[.00
PPO_25000_bzip2__instcount_256,16000,13680,1.1770,2.10,0.082112,[.00
PPO_25000_bzip2__instcount_256,16000,13672,1.1776,2.10,0.078865,[.00
PPO_25000_bzip2__instcount_256,16000,13351,1.2027,2.15,0.080794,[.00
PPO_25000_bzip2__instcount_256,16000,14075,1.1461,2.04,0.078812,[.00
PPO_25000_bzip2__instcount_256,16000,13435,1.1961,2.13,0.081741,[.00
PPO_25000_bzip2__instcount_256,16000,13442,1.1955,2.13,0.085255,[.00
PPO_25000_bzip2__instcount_256,16000,13461,1.1941,2.13,0.082149,[.00
PPO_25000_bzip2__instcount_256,16000,13496,1.1913,2.13,0.090581,[.00
PPO_25000_bzip2__instcount_256,16000,13558,1.1865,2.12,0.081665,[.00
PPO_25000_bzip2__instcount_256,16000,13597,1.1834,2.11,0.082783,[.00
PPO_25000_bzip2__instcount_256,16000,13528,1.1888,2.12,0.080709,[.00
PPO_25000_bzip2__instcount_256,16000,13825,1.1656,2.07,0.088129,[.00
PPO_25000_bzip2__instcount_256,16000,13532,1.1885,2.12,0.090006,[.00
PPO_25000_bzip2__instcount_256,16000,13443,1.1955,2.13,0.079426,[.00
PPO_25000_bzip2__instcount_256,16000,13503,1.1908,2.12,0.084366,[.00
PPO_25000_bzip2__instcount_256,16000,13444,1.1954,2.13,0.080099,[.00
PPO_25000_bzip2__instcount_256,16000,13843,1.1642,2.07,0.082392,[.00
PPO_25000_bzip2__instcount_256,16000,13770,1.1699,2.08,0.082088,[.00
PPO_25000_bzip2__instcount_256,16000,13706,1.1749,2.09,0.080998,[.00
PPO_25000_bzip2__instcount_256,16000,13988,1.1529,2.05,0.083505,[.00
PPO_25000_bzip2__instcount_256,16000,13444,1.1954,2.13,0.08247,[.00
PPO_25000_bzip2__instcount_256,16000,13415,1.1977,2.14,0.083471,[.00
PPO_25000_bzip2__instcount_256,16000,14062,1.1471,2.04,0.080444,[.00
PPO_25000_bzip2__instcount_256,16000,14241,1.1331,2.01,0.06796,[.00
PPO_25000_bzip2__instcount_256,16000,13403,1.1986,2.14,0.079195,[.00
PPO_25000_bzip2__instcount_256,16000,13471,1.1933,2.13,0.080749,[.00
PPO_25000_bzip2__instcount_256,16000,13757,1.1709,2.08,0.081622,[.00
PPO_25000_bzip2__instcount_256,16000,13366,1.2015,2.15,0.080394,[.00
PPO_25000_bzip2__instcount_256,16000,13546,1.1874,2.12,0.080803,[.00
PPO_25000_bzip2__instcount_256,16000,13510,1.1902,2.12,0.08552,[.00
PPO_25000_bzip2__instcount_256,16000,13134,1.2196,2.18,0.082992,[.00
PPO_25000_bzip2__instcount_256,16000,13512,1.1901,2.12,0.078923,[.00
PPO_25000_bzip2__instcount_256,16000,13494,1.1915,2.13,0.083668,[.00
PPO_25000_bzip2__instcount_256,16000,13417,1.1975,2.14,0.082714,[.00
PPO_25000_bzip2__instcount_256,16000,13416,1.1976,2.14,0.082534,[.00
PPO_25000_bzip2__instcount_256,16000,13421,1.1972,2.14,0.080815,[.00
PPO_25000_bzip2__instcount_256,16000,13521,1.1894,2.12,0.083026,[.00
PPO_25000_bzip2__instcount_256,16000,14404,1.1204,1.99,0.069027,[.00
PPO_25000_bzip2__instcount_256,16000,13519,1.1895,2.12,0.082737,[.00
PPO_25000_bzip2__instcount_256,16000,13817,1.1663,2.08,0.080817,[.00
PPO_25000_bzip2__instcount_256,16000,13513,1.1900,2.12,0.082497,[.00
PPO_25000_bzip2__instcount_256,16000,13441,1.1956,2.13,0.083582,[.00
PPO_25000_bzip2__instcount_256,17000,13424,1.1970,2.14,0.08115,[.00
PPO_25000_bzip2__instcount_256,17000,13398,1.1990,2.14,0.091406,[.00
PPO_25000_bzip2__instcount_256,17000,14132,1.1416,2.03,0.082145,[.00
PPO_25000_bzip2__instcount_256,17000,14056,1.1476,2.04,0.083037,[.00
PPO_25000_bzip2__instcount_256,17000,13513,1.1900,2.12,0.0788,[.00
PPO_25000_bzip2__instcount_256,17000,13416,1.1976,2.14,0.082587,[.00
PPO_25000_bzip2__instcount_256,17000,13427,1.1967,2.14,0.086652,[.00
PPO_25000_bzip2__instcount_256,17000,13517,1.1897,2.12,0.081295,[.00
PPO_25000_bzip2__instcount_256,17000,13443,1.1955,2.13,0.082762,[.00
PPO_25000_bzip2__instcount_256,17000,13488,1.1920,2.13,0.077911,[.00
PPO_25000_bzip2__instcount_256,17000,13477,1.1928,2.13,0.085218,[.00
PPO_25000_bzip2__instcount_256,17000,16102,0.9878,1.78,0.088246,[.00
PPO_25000_bzip2__instcount_256,17000,13444,1.1954,2.13,0.084515,[.00
PPO_25000_bzip2__instcount_256,17000,13456,1.1945,2.13,0.079372,[.00
PPO_25000_bzip2__instcount_256,17000,13361,1.2019,2.15,0.079642,[.00
PPO_25000_bzip2__instcount_256,17000,13428,1.1966,2.14,0.082514,[.00
PPO_25000_bzip2__instcount_256,17000,14351,1.1245,2.00,0.071052,[.00
PPO_25000_bzip2__instcount_256,17000,13618,1.1818,2.11,0.082945,[.00
PPO_25000_bzip2__instcount_256,17000,13341,1.2034,2.15,0.082499,[.00
PPO_25000_bzip2__instcount_256,17000,13498,1.1912,2.12,0.081433,[.00
PPO_25000_bzip2__instcount_256,17000,13627,1.1811,2.10,0.081936,[.00
PPO_25000_bzip2__instcount_256,17000,13589,1.1841,2.11,0.078401,[.00
PPO_25000_bzip2__instcount_256,17000,13765,1.1703,2.08,0.082156,[.00
PPO_25000_bzip2__instcount_256,17000,13351,1.2027,2.15,0.080879,[.00
PPO_25000_bzip2__instcount_256,17000,13430,1.1965,2.14,0.082322,[.00
PPO_25000_bzip2__instcount_256,17000,13742,1.1721,2.09,0.09216,[.00
PPO_25000_bzip2__instcount_256,17000,13685,1.1766,2.10,0.088597,[.00
PPO_25000_bzip2__instcount_256,17000,14536,1.1101,1.97,0.087836,[.00
PPO_25000_bzip2__instcount_256,17000,13462,1.1940,2.13,0.079567,[.00
PPO_25000_bzip2__instcount_256,17000,13671,1.1777,2.10,0.081715,[.00
PPO_25000_bzip2__instcount_256,17000,14685,1.0985,1.95,0.07985,[.00
PPO_25000_bzip2__instcount_256,17000,13456,1.1945,2.13,0.089946,[.00
PPO_25000_bzip2__instcount_256,17000,13412,1.1979,2.14,0.081571,[.00
PPO_25000_bzip2__instcount_256,17000,13589,1.1841,2.11,0.080725,[.00
PPO_25000_bzip2__instcount_256,17000,13863,1.1627,2.07,0.081944,[.00
PPO_25000_bzip2__instcount_256,17000,13407,1.1983,2.14,0.084119,[.00
PPO_25000_bzip2__instcount_256,17000,13506,1.1905,2.12,0.084613,[.00
PPO_25000_bzip2__instcount_256,17000,13515,1.1898,2.12,0.084649,[.00
PPO_25000_bzip2__instcount_256,17000,13393,1.1994,2.14,0.085251,[.00
PPO_25000_bzip2__instcount_256,17000,13318,1.2052,2.15,0.079902,[.00
PPO_25000_bzip2__instcount_256,17000,13305,1.2062,2.16,0.078089,[.00
PPO_25000_bzip2__instcount_256,17000,13689,1.1763,2.10,0.082788,[.00
PPO_25000_bzip2__instcount_256,17000,13950,1.1559,2.06,0.080081,[.00
PPO_25000_bzip2__instcount_256,17000,13360,1.2019,2.15,0.081199,[.00
PPO_25000_bzip2__instcount_256,17000,14027,1.1498,2.04,0.081919,[.00
PPO_25000_bzip2__instcount_256,17000,13442,1.1955,2.13,0.081441,[.00
PPO_25000_bzip2__instcount_256,17000,13569,1.1856,2.11,0.082159,[.00
PPO_25000_bzip2__instcount_256,17000,14218,1.1349,2.02,0.086273,[.00
PPO_25000_bzip2__instcount_256,17000,13239,1.2114,2.17,0.079232,[.00
PPO_25000_bzip2__instcount_256,17000,13391,1.1995,2.14,0.08064,[.00
PPO_25000_bzip2__instcount_256,17000,13616,1.1820,2.11,0.08496,[.00
PPO_25000_bzip2__instcount_256,17000,13708,1.1748,2.09,0.084956,[.00
PPO_25000_bzip2__instcount_256,17000,13892,1.1604,2.06,0.084798,[.00
PPO_25000_bzip2__instcount_256,17000,13375,1.2008,2.14,0.088314,[.00
PPO_25000_bzip2__instcount_256,17000,13569,1.1856,2.11,0.084349,[.00
PPO_25000_bzip2__instcount_256,17000,13645,1.1797,2.10,0.081817,[.00
PPO_25000_bzip2__instcount_256,17000,13400,1.1988,2.14,0.083959,[.00
PPO_25000_bzip2__instcount_256,17000,13943,1.1564,2.06,0.078684,[.00
PPO_25000_bzip2__instcount_256,17000,13472,1.1932,2.13,0.08509,[.00
PPO_25000_bzip2__instcount_256,17000,13359,1.2020,2.15,0.086776,[.00
PPO_25000_bzip2__instcount_256,17000,13363,1.2017,2.15,0.080266,[.00
PPO_25000_bzip2__instcount_256,17000,13537,1.1881,2.12,0.081491,[.00
PPO_25000_bzip2__instcount_256,17000,13372,1.2010,2.14,0.084162,[.00
PPO_25000_bzip2__instcount_256,17000,14487,1.1139,1.98,0.081597,[.00
PPO_25000_bzip2__instcount_256,17000,13846,1.1640,2.07,0.081581,[.00
PPO_25000_bzip2__instcount_256,17000,13721,1.1738,2.09,0.082248,[.00
PPO_25000_bzip2__instcount_256,17000,13638,1.1802,2.10,0.084389,[.00
PPO_25000_bzip2__instcount_256,17000,13718,1.1740,2.09,0.086827,[.00
PPO_25000_bzip2__instcount_256,17000,13469,1.1934,2.13,0.092836,[.00
PPO_25000_bzip2__instcount_256,17000,13385,1.2000,2.14,0.080828,[.00
PPO_25000_bzip2__instcount_256,17000,13488,1.1920,2.13,0.086963,[.00
PPO_25000_bzip2__instcount_256,17000,13449,1.1950,2.13,0.086262,[.00
PPO_25000_bzip2__instcount_256,17000,13377,1.2006,2.14,0.082056,[.00
PPO_25000_bzip2__instcount_256,17000,13459,1.1942,2.13,0.085883,[.00
PPO_25000_bzip2__instcount_256,17000,13671,1.1777,2.10,0.078921,[.00
PPO_25000_bzip2__instcount_256,17000,13694,1.1759,2.09,0.08433,[.00
PPO_25000_bzip2__instcount_256,17000,13596,1.1835,2.11,0.077084,[.00
PPO_25000_bzip2__instcount_256,17000,13550,1.1871,2.12,0.084397,[.00
PPO_25000_bzip2__instcount_256,17000,13456,1.1945,2.13,0.082177,[.00
PPO_25000_bzip2__instcount_256,17000,13412,1.1979,2.14,0.083455,[.00
PPO_25000_bzip2__instcount_256,17000,13473,1.1931,2.13,0.079928,[.00
PPO_25000_bzip2__instcount_256,17000,13368,1.2013,2.15,0.078949,[.00
PPO_25000_bzip2__instcount_256,17000,13708,1.1748,2.09,0.082877,[.00
PPO_25000_bzip2__instcount_256,17000,13411,1.1980,2.14,0.084311,[.00
PPO_25000_bzip2__instcount_256,17000,13417,1.1975,2.14,0.098115,[.00
PPO_25000_bzip2__instcount_256,17000,13432,1.1963,2.14,0.083809,[.00
PPO_25000_bzip2__instcount_256,17000,13506,1.1905,2.12,0.081681,[.00
PPO_25000_bzip2__instcount_256,17000,14502,1.1127,1.98,0.078018,[.00
PPO_25000_bzip2__instcount_256,17000,13442,1.1955,2.13,0.078739,[.00
PPO_25000_bzip2__instcount_256,17000,13288,1.2076,2.16,0.081818,[.00
PPO_25000_bzip2__instcount_256,17000,13351,1.2027,2.15,0.082928,[.00
PPO_25000_bzip2__instcount_256,17000,13631,1.1808,2.10,0.083712,[.00
PPO_25000_bzip2__instcount_256,17000,13475,1.1930,2.13,0.081993,[.00
PPO_25000_bzip2__instcount_256,17000,14012,1.1510,2.05,0.079164,[.00
PPO_25000_bzip2__instcount_256,17000,13510,1.1902,2.12,0.086996,[.00
PPO_25000_bzip2__instcount_256,17000,13414,1.1977,2.14,0.080007,[.00
PPO_25000_bzip2__instcount_256,17000,13491,1.1917,2.13,0.080249,[.00
PPO_25000_bzip2__instcount_256,17000,13391,1.1995,2.14,0.08099,[.00
PPO_25000_bzip2__instcount_256,17000,13319,1.2052,2.15,0.081964,[.00
PPO_25000_bzip2__instcount_256,17000,13390,1.1996,2.14,0.080152,[.00
PPO_25000_bzip2__instcount_256,18000,13542,1.1877,2.12,0.086582,[.00
PPO_25000_bzip2__instcount_256,18000,13392,1.1995,2.14,0.080864,[.00
PPO_25000_bzip2__instcount_256,18000,13426,1.1968,2.14,0.085181,[.00
PPO_25000_bzip2__instcount_256,18000,13429,1.1966,2.14,0.085539,[.00
PPO_25000_bzip2__instcount_256,18000,13536,1.1882,2.12,0.086944,[.00
PPO_25000_bzip2__instcount_256,18000,13246,1.2109,2.17,0.084983,[.00
PPO_25000_bzip2__instcount_256,18000,13540,1.1879,2.12,0.085166,[.00
PPO_25000_bzip2__instcount_256,18000,13740,1.1723,2.09,0.077816,[.00
PPO_25000_bzip2__instcount_256,18000,13739,1.1723,2.09,0.079342,[.00
PPO_25000_bzip2__instcount_256,18000,13600,1.1832,2.11,0.082011,[.00
PPO_25000_bzip2__instcount_256,18000,13317,1.2053,2.15,0.083552,[.00
PPO_25000_bzip2__instcount_256,18000,13783,1.1689,2.08,0.083046,[.00
PPO_25000_bzip2__instcount_256,18000,13433,1.1962,2.14,0.082538,[.00
PPO_25000_bzip2__instcount_256,18000,13537,1.1881,2.12,0.079415,[.00
PPO_25000_bzip2__instcount_256,18000,13342,1.2034,2.15,0.083702,[.00
PPO_25000_bzip2__instcount_256,18000,13429,1.1966,2.14,0.07736,[.00
PPO_25000_bzip2__instcount_256,18000,13344,1.2032,2.15,0.08183,[.00
PPO_25000_bzip2__instcount_256,18000,13695,1.1758,2.09,0.081624,[.00
PPO_25000_bzip2__instcount_256,18000,13371,1.2011,2.15,0.081731,[.00
PPO_25000_bzip2__instcount_256,18000,13494,1.1915,2.13,0.079032,[.00
PPO_25000_bzip2__instcount_256,18000,13580,1.1848,2.11,0.077429,[.00
PPO_25000_bzip2__instcount_256,18000,13525,1.1891,2.12,0.077932,[.00
PPO_25000_bzip2__instcount_256,18000,13402,1.1987,2.14,0.081571,[.00
PPO_25000_bzip2__instcount_256,18000,13515,1.1898,2.12,0.077411,[.00
PPO_25000_bzip2__instcount_256,18000,13400,1.1988,2.14,0.081569,[.00
PPO_25000_bzip2__instcount_256,18000,13537,1.1881,2.12,0.086881,[.00
PPO_25000_bzip2__instcount_256,18000,13450,1.1949,2.13,0.086121,[.00
PPO_25000_bzip2__instcount_256,18000,13844,1.1641,2.07,0.087043,[.00
PPO_25000_bzip2__instcount_256,18000,14005,1.1516,2.05,0.084437,[.00
PPO_25000_bzip2__instcount_256,18000,13417,1.1975,2.14,0.080824,[.00
PPO_25000_bzip2__instcount_256,18000,13570,1.1855,2.11,0.086416,[.00
PPO_25000_bzip2__instcount_256,18000,13486,1.1921,2.13,0.081327,[.00
PPO_25000_bzip2__instcount_256,18000,13417,1.1975,2.14,0.082808,[.00
PPO_25000_bzip2__instcount_256,18000,13394,1.1993,2.14,0.084514,[.00
PPO_25000_bzip2__instcount_256,18000,13338,1.2037,2.15,0.078841,[.00
PPO_25000_bzip2__instcount_256,18000,13539,1.1880,2.12,0.077647,[.00
PPO_25000_bzip2__instcount_256,18000,13490,1.1918,2.13,0.079065,[.00
PPO_25000_bzip2__instcount_256,18000,13547,1.1873,2.12,0.082171,[.00
PPO_25000_bzip2__instcount_256,18000,13725,1.1734,2.09,0.081382,[.00
PPO_25000_bzip2__instcount_256,18000,13326,1.2046,2.15,0.082411,[.00
PPO_25000_bzip2__instcount_256,18000,13405,1.1984,2.14,0.08421,[.00
PPO_25000_bzip2__instcount_256,18000,13395,1.1992,2.14,0.08815,[.00
PPO_25000_bzip2__instcount_256,18000,13431,1.1964,2.14,0.086272,[.00
PPO_25000_bzip2__instcount_256,18000,13452,1.1948,2.13,0.084335,[.00
PPO_25000_bzip2__instcount_256,18000,13488,1.1920,2.13,0.080897,[.00
PPO_25000_bzip2__instcount_256,18000,13678,1.1771,2.10,0.082076,[.00
PPO_25000_bzip2__instcount_256,18000,13314,1.2055,2.15,0.087416,[.00
PPO_25000_bzip2__instcount_256,18000,13311,1.2058,2.15,0.078472,[.00
PPO_25000_bzip2__instcount_256,18000,13367,1.2014,2.15,0.083028,[.00
PPO_25000_bzip2__instcount_256,18000,13487,1.1920,2.13,0.084478,[.00
PPO_25000_bzip2__instcount_256,18000,13497,1.1912,2.12,0.081091,[.00
PPO_25000_bzip2__instcount_256,18000,13523,1.1892,2.12,0.083558,[.00
PPO_25000_bzip2__instcount_256,18000,13666,1.1780,2.10,0.080715,[.00
PPO_25000_bzip2__instcount_256,18000,13417,1.1975,2.14,0.085076,[.00
PPO_25000_bzip2__instcount_256,18000,13469,1.1934,2.13,0.082897,[.00
PPO_25000_bzip2__instcount_256,18000,13505,1.1906,2.12,0.08422,[.00
PPO_25000_bzip2__instcount_256,18000,13678,1.1771,2.10,0.081797,[.00
PPO_25000_bzip2__instcount_256,18000,13596,1.1835,2.11,0.08185,[.00
PPO_25000_bzip2__instcount_256,18000,13528,1.1888,2.12,0.083662,[.00
PPO_25000_bzip2__instcount_256,18000,13451,1.1948,2.13,0.0818,[.00
PPO_25000_bzip2__instcount_256,18000,13681,1.1769,2.10,0.083041,[.00
PPO_25000_bzip2__instcount_256,18000,13434,1.1962,2.13,0.0794,[.00
PPO_25000_bzip2__instcount_256,18000,13966,1.1546,2.05,0.08074,[.00
PPO_25000_bzip2__instcount_256,18000,13704,1.1751,2.09,0.086143,[.00
PPO_25000_bzip2__instcount_256,18000,13420,1.1973,2.14,0.081642,[.00
PPO_25000_bzip2__instcount_256,18000,13453,1.1947,2.13,0.080141,[.00
PPO_25000_bzip2__instcount_256,18000,13423,1.1970,2.14,0.082935,[.00
PPO_25000_bzip2__instcount_256,18000,13804,1.1673,2.08,0.080554,[.00
PPO_25000_bzip2__instcount_256,18000,13342,1.2034,2.15,0.081335,[.00
PPO_25000_bzip2__instcount_256,18000,13985,1.1531,2.05,0.084487,[.00
PPO_25000_bzip2__instcount_256,18000,13471,1.1933,2.13,0.078266,[.00
PPO_25000_bzip2__instcount_256,18000,13362,1.2018,2.15,0.078755,[.00
PPO_25000_bzip2__instcount_256,18000,13441,1.1956,2.13,0.078277,[.00
PPO_25000_bzip2__instcount_256,18000,13499,1.1911,2.12,0.077325,[.00
PPO_25000_bzip2__instcount_256,18000,13484,1.1923,2.13,0.08177,[.00
PPO_25000_bzip2__instcount_256,18000,13745,1.1719,2.09,0.078897,[.00
PPO_25000_bzip2__instcount_256,18000,14082,1.1456,2.04,0.083518,[.00
PPO_25000_bzip2__instcount_256,18000,13472,1.1932,2.13,0.080604,[.00
PPO_25000_bzip2__instcount_256,18000,13357,1.2022,2.15,0.082562,[.00
PPO_25000_bzip2__instcount_256,18000,13588,1.1841,2.11,0.082851,[.00
PPO_25000_bzip2__instcount_256,18000,13456,1.1945,2.13,0.083341,[.00
PPO_25000_bzip2__instcount_256,18000,13268,1.2091,2.16,0.08988,[.00
PPO_25000_bzip2__instcount_256,18000,13389,1.1997,2.14,0.085032,[.00
PPO_25000_bzip2__instcount_256,18000,13405,1.1984,2.14,0.082744,[.00
PPO_25000_bzip2__instcount_256,18000,13724,1.1735,2.09,0.086506,[.00
PPO_25000_bzip2__instcount_256,18000,13484,1.1923,2.13,0.081644,[.00
PPO_25000_bzip2__instcount_256,18000,13883,1.1611,2.07,0.080463,[.00
PPO_25000_bzip2__instcount_256,18000,13400,1.1988,2.14,0.085339,[.00
PPO_25000_bzip2__instcount_256,18000,13411,1.1980,2.14,0.086721,[.00
PPO_25000_bzip2__instcount_256,18000,13426,1.1968,2.14,0.085682,[.00
PPO_25000_bzip2__instcount_256,18000,13538,1.1880,2.12,0.081343,[.00
PPO_25000_bzip2__instcount_256,18000,13582,1.1846,2.11,0.084853,[.00
PPO_25000_bzip2__instcount_256,18000,13547,1.1873,2.12,0.083245,[.00
PPO_25000_bzip2__instcount_256,18000,13702,1.1752,2.09,0.087029,[.00
PPO_25000_bzip2__instcount_256,18000,13868,1.1623,2.07,0.084575,[.00
PPO_25000_bzip2__instcount_256,18000,13395,1.1992,2.14,0.082341,[.00
PPO_25000_bzip2__instcount_256,18000,13410,1.1980,2.14,0.084498,[.00
PPO_25000_bzip2__instcount_256,18000,13399,1.1989,2.14,0.084434,[.00
PPO_25000_bzip2__instcount_256,18000,13466,1.1937,2.13,0.079426,[.00
PPO_25000_bzip2__instcount_256,18000,13413,1.1978,2.14,0.084702,[.00
PPO_25000_bzip2__instcount_256,19000,13587,1.1842,2.11,0.084558,[.00
PPO_25000_bzip2__instcount_256,19000,13397,1.1991,2.14,0.082147,[.00
PPO_25000_bzip2__instcount_256,19000,13358,1.2021,2.15,0.080401,[.00
PPO_25000_bzip2__instcount_256,19000,14009,1.1513,2.05,0.083797,[.00
PPO_25000_bzip2__instcount_256,19000,14194,1.1368,2.02,0.082575,[.00
PPO_25000_bzip2__instcount_256,19000,13338,1.2037,2.15,0.081426,[.00
PPO_25000_bzip2__instcount_256,19000,13420,1.1973,2.14,0.085868,[.00
PPO_25000_bzip2__instcount_256,19000,13425,1.1969,2.14,0.08337,[.00
PPO_25000_bzip2__instcount_256,19000,13614,1.1821,2.11,0.078796,[.00
PPO_25000_bzip2__instcount_256,19000,13346,1.2030,2.15,0.080501,[.00
PPO_25000_bzip2__instcount_256,19000,13392,1.1995,2.14,0.083306,[.00
PPO_25000_bzip2__instcount_256,19000,13421,1.1972,2.14,0.079912,[.00
PPO_25000_bzip2__instcount_256,19000,13466,1.1937,2.13,0.081021,[.00
PPO_25000_bzip2__instcount_256,19000,13479,1.1927,2.13,0.081551,[.00
PPO_25000_bzip2__instcount_256,19000,13378,1.2005,2.14,0.081933,[.00
PPO_25000_bzip2__instcount_256,19000,13432,1.1963,2.14,0.083773,[.00
PPO_25000_bzip2__instcount_256,19000,13592,1.1838,2.11,0.090648,[.00
PPO_25000_bzip2__instcount_256,19000,13639,1.1802,2.10,0.079219,[.00
PPO_25000_bzip2__instcount_256,19000,13392,1.1995,2.14,0.085465,[.00
PPO_25000_bzip2__instcount_256,19000,13391,1.1995,2.14,0.077413,[.00
PPO_25000_bzip2__instcount_256,19000,13750,1.1715,2.09,0.079072,[.00
PPO_25000_bzip2__instcount_256,19000,13650,1.1793,2.10,0.08247,[.00
PPO_25000_bzip2__instcount_256,19000,13358,1.2021,2.15,0.077259,[.00
PPO_25000_bzip2__instcount_256,19000,13530,1.1887,2.12,0.079663,[.00
PPO_25000_bzip2__instcount_256,19000,13345,1.2031,2.15,0.080958,[.00
PPO_25000_bzip2__instcount_256,19000,13429,1.1966,2.14,0.081767,[.00
PPO_25000_bzip2__instcount_256,19000,13726,1.1734,2.09,0.080351,[.00
PPO_25000_bzip2__instcount_256,19000,13396,1.1991,2.14,0.080211,[.00
PPO_25000_bzip2__instcount_256,19000,13431,1.1964,2.14,0.081667,[.00
PPO_25000_bzip2__instcount_256,19000,13692,1.1760,2.09,0.080021,[.00
PPO_25000_bzip2__instcount_256,19000,13478,1.1927,2.13,0.07833,[.00
PPO_25000_bzip2__instcount_256,19000,13440,1.1957,2.13,0.081718,[.00
PPO_25000_bzip2__instcount_256,19000,13598,1.1834,2.11,0.078913,[.00
PPO_25000_bzip2__instcount_256,19000,13325,1.2047,2.15,0.07861,[.00
PPO_25000_bzip2__instcount_256,19000,13516,1.1898,2.12,0.083013,[.00
PPO_25000_bzip2__instcount_256,19000,13544,1.1876,2.12,0.08079,[.00
PPO_25000_bzip2__instcount_256,19000,13486,1.1921,2.13,0.0818,[.00
PPO_25000_bzip2__instcount_256,19000,13476,1.1929,2.13,0.082752,[.00
PPO_25000_bzip2__instcount_256,19000,13389,1.1997,2.14,0.085115,[.00
PPO_25000_bzip2__instcount_256,19000,13694,1.1759,2.09,0.078686,[.00
PPO_25000_bzip2__instcount_256,19000,13843,1.1642,2.07,0.085562,[.00
PPO_25000_bzip2__instcount_256,19000,13988,1.1529,2.05,0.080699,[.00
PPO_25000_bzip2__instcount_256,19000,13989,1.1528,2.05,0.087747,[.00
PPO_25000_bzip2__instcount_256,19000,13660,1.1785,2.10,0.093996,[.00
PPO_25000_bzip2__instcount_256,19000,13480,1.1926,2.13,0.083805,[.00
PPO_25000_bzip2__instcount_256,19000,13474,1.1930,2.13,0.079292,[.00
PPO_25000_bzip2__instcount_256,19000,14052,1.1479,2.04,0.084201,[.00
PPO_25000_bzip2__instcount_256,19000,13656,1.1788,2.10,0.081375,[.00
PPO_25000_bzip2__instcount_256,19000,13478,1.1927,2.13,0.081929,[.00
PPO_25000_bzip2__instcount_256,19000,13367,1.2014,2.15,0.078615,[.00
PPO_25000_bzip2__instcount_256,19000,13391,1.1995,2.14,0.082135,[.00
PPO_25000_bzip2__instcount_256,19000,13696,1.1757,2.09,0.084823,[.00
PPO_25000_bzip2__instcount_256,19000,13551,1.1870,2.12,0.081265,[.00
PPO_25000_bzip2__instcount_256,19000,13429,1.1966,2.14,0.081207,[.00
PPO_25000_bzip2__instcount_256,19000,13649,1.1794,2.10,0.083925,[.00
PPO_25000_bzip2__instcount_256,19000,13712,1.1745,2.09,0.084083,[.00
PPO_25000_bzip2__instcount_256,19000,13379,1.2005,2.14,0.080089,[.00
PPO_25000_bzip2__instcount_256,19000,13655,1.1789,2.10,0.081216,[.00
PPO_25000_bzip2__instcount_256,19000,13344,1.2032,2.15,0.085825,[.00
PPO_25000_bzip2__instcount_256,19000,13490,1.1918,2.13,0.081782,[.00
PPO_25000_bzip2__instcount_256,19000,13509,1.1903,2.12,0.080387,[.00
PPO_25000_bzip2__instcount_256,19000,13616,1.1820,2.11,0.081879,[.00
PPO_25000_bzip2__instcount_256,19000,13439,1.1958,2.13,0.085837,[.00
PPO_25000_bzip2__instcount_256,19000,14069,1.1466,2.04,0.080517,[.00
PPO_25000_bzip2__instcount_256,19000,13619,1.1817,2.11,0.082086,[.00
PPO_25000_bzip2__instcount_256,19000,13306,1.2062,2.16,0.091722,[.00
PPO_25000_bzip2__instcount_256,19000,13717,1.1741,2.09,0.081735,[.00
PPO_25000_bzip2__instcount_256,19000,13403,1.1986,2.14,0.080649,[.00
PPO_25000_bzip2__instcount_256,19000,13723,1.1736,2.09,0.083366,[.00
PPO_25000_bzip2__instcount_256,19000,13655,1.1789,2.10,0.083138,[.00
PPO_25000_bzip2__instcount_256,19000,13364,1.2016,2.15,0.088798,[.00
PPO_25000_bzip2__instcount_256,19000,15351,1.0464,1.87,0.083261,[.00
PPO_25000_bzip2__instcount_256,19000,13467,1.1936,2.13,0.079364,[.00
PPO_25000_bzip2__instcount_256,19000,13443,1.1955,2.13,0.081552,[.00
PPO_25000_bzip2__instcount_256,19000,13410,1.1980,2.14,0.083748,[.00
PPO_25000_bzip2__instcount_256,19000,13372,1.2010,2.14,0.084747,[.00
PPO_25000_bzip2__instcount_256,19000,13377,1.2006,2.14,0.092326,[.00
PPO_25000_bzip2__instcount_256,19000,13501,1.1909,2.12,0.08033,[.00
PPO_25000_bzip2__instcount_256,19000,13465,1.1937,2.13,0.090326,[.00
PPO_25000_bzip2__instcount_256,19000,13370,1.2012,2.15,0.079462,[.00
PPO_25000_bzip2__instcount_256,19000,13528,1.1888,2.12,0.078515,[.00
PPO_25000_bzip2__instcount_256,19000,13369,1.2012,2.15,0.080712,[.00
PPO_25000_bzip2__instcount_256,19000,13586,1.1843,2.11,0.083681,[.00
PPO_25000_bzip2__instcount_256,19000,14529,1.1106,1.97,0.083783,[.00
PPO_25000_bzip2__instcount_256,19000,13279,1.2083,2.16,0.080444,[.00
PPO_25000_bzip2__instcount_256,19000,13635,1.1805,2.10,0.079758,[.00
PPO_25000_bzip2__instcount_256,19000,13482,1.1924,2.13,0.082696,[.00
PPO_25000_bzip2__instcount_256,19000,13384,1.2001,2.14,0.082005,[.00
PPO_25000_bzip2__instcount_256,19000,13367,1.2014,2.15,0.081382,[.00
PPO_25000_bzip2__instcount_256,19000,13516,1.1898,2.12,0.080809,[.00
PPO_25000_bzip2__instcount_256,19000,13393,1.1994,2.14,0.086897,[.00
PPO_25000_bzip2__instcount_256,19000,13351,1.2027,2.15,0.084221,[.00
PPO_25000_bzip2__instcount_256,19000,13490,1.1918,2.13,0.081445,[.00
PPO_25000_bzip2__instcount_256,19000,13440,1.1957,2.13,0.08336,[.00
PPO_25000_bzip2__instcount_256,19000,13428,1.1966,2.14,0.078512,[.00
PPO_25000_bzip2__instcount_256,19000,13494,1.1915,2.13,0.082727,[.00
PPO_25000_bzip2__instcount_256,19000,13454,1.1946,2.13,0.081287,[.00
PPO_25000_bzip2__instcount_256,19000,13454,1.1946,2.13,0.079958,[.00
PPO_25000_bzip2__instcount_256,19000,13599,1.1833,2.11,0.080224,[.00
PPO_25000_bzip2__instcount_256,19000,13272,1.2088,2.16,0.084826,[.00
PPO_25000_bzip2__instcount_256,20000,13477,1.1928,2.13,0.088265,[.00
PPO_25000_bzip2__instcount_256,20000,13474,1.1930,2.13,0.084439,[.00
PPO_25000_bzip2__instcount_256,20000,13381,1.2003,2.14,0.0828,[.00
PPO_25000_bzip2__instcount_256,20000,13425,1.1969,2.14,0.08215,[.00
PPO_25000_bzip2__instcount_256,20000,13249,1.2106,2.16,0.078526,[.00
PPO_25000_bzip2__instcount_256,20000,13375,1.2008,2.14,0.078376,[.00
PPO_25000_bzip2__instcount_256,20000,13450,1.1949,2.13,0.079587,[.00
PPO_25000_bzip2__instcount_256,20000,13439,1.1958,2.13,0.082574,[.00
PPO_25000_bzip2__instcount_256,20000,13349,1.2028,2.15,0.087247,[.00
PPO_25000_bzip2__instcount_256,20000,13336,1.2038,2.15,0.08245,[.00
PPO_25000_bzip2__instcount_256,20000,13549,1.1872,2.12,0.084212,[.00
PPO_25000_bzip2__instcount_256,20000,13292,1.2073,2.16,0.088134,[.00
PPO_25000_bzip2__instcount_256,20000,13474,1.1930,2.13,0.078726,[.00
PPO_25000_bzip2__instcount_256,20000,13669,1.1778,2.10,0.077927,[.00
PPO_25000_bzip2__instcount_256,20000,13747,1.1717,2.09,0.086213,[.00
PPO_25000_bzip2__instcount_256,20000,13431,1.1964,2.14,0.084033,[.00
PPO_25000_bzip2__instcount_256,20000,13471,1.1933,2.13,0.078146,[.00
PPO_25000_bzip2__instcount_256,20000,13378,1.2005,2.14,0.081966,[.00
PPO_25000_bzip2__instcount_256,20000,13367,1.2014,2.15,0.08517,[.00
PPO_25000_bzip2__instcount_256,20000,17078,0.9115,1.68,0.046011,[.00
PPO_25000_bzip2__instcount_256,20000,13472,1.1932,2.13,0.083617,[.00
PPO_25000_bzip2__instcount_256,20000,13381,1.2003,2.14,0.084001,[.00
PPO_25000_bzip2__instcount_256,20000,13377,1.2006,2.14,0.082793,[.00
PPO_25000_bzip2__instcount_256,20000,13405,1.1984,2.14,0.079451,[.00
PPO_25000_bzip2__instcount_256,20000,13403,1.1986,2.14,0.083935,[.00
PPO_25000_bzip2__instcount_256,20000,13348,1.2029,2.15,0.08047,[.00
PPO_25000_bzip2__instcount_256,20000,13449,1.1950,2.13,0.082129,[.00
PPO_25000_bzip2__instcount_256,20000,13395,1.1992,2.14,0.07917,[.00
PPO_25000_bzip2__instcount_256,20000,13446,1.1952,2.13,0.08267,[.00
PPO_25000_bzip2__instcount_256,20000,13460,1.1941,2.13,0.083577,[.00
PPO_25000_bzip2__instcount_256,20000,13487,1.1920,2.13,0.081058,[.00
PPO_25000_bzip2__instcount_256,20000,13839,1.1645,2.07,0.079993,[.00
PPO_25000_bzip2__instcount_256,20000,13420,1.1973,2.14,0.083824,[.00
PPO_25000_bzip2__instcount_256,20000,13573,1.1853,2.11,0.083764,[.00
PPO_25000_bzip2__instcount_256,20000,13938,1.1568,2.06,0.08269,[.00
PPO_25000_bzip2__instcount_256,20000,13620,1.1816,2.11,0.078833,[.00
PPO_25000_bzip2__instcount_256,20000,13408,1.1982,2.14,0.080138,[.00
PPO_25000_bzip2__instcount_256,20000,13296,1.2069,2.16,0.08657,[.00
PPO_25000_bzip2__instcount_256,20000,13389,1.1997,2.14,0.083247,[.00
PPO_25000_bzip2__instcount_256,20000,13462,1.1940,2.13,0.083286,[.00
PPO_25000_bzip2__instcount_256,20000,13612,1.1823,2.11,0.080387,[.00
PPO_25000_bzip2__instcount_256,20000,13344,1.2032,2.15,0.087786,[.00
PPO_25000_bzip2__instcount_256,20000,13534,1.1884,2.12,0.079917,[.00
PPO_25000_bzip2__instcount_256,20000,13602,1.1830,2.11,0.086654,[.00
PPO_25000_bzip2__instcount_256,20000,13559,1.1864,2.12,0.090651,[.00
PPO_25000_bzip2__instcount_256,20000,13443,1.1955,2.13,0.077185,[.00
PPO_25000_bzip2__instcount_256,20000,13371,1.2011,2.15,0.080831,[.00
PPO_25000_bzip2__instcount_256,20000,13499,1.1911,2.12,0.085364,[.00
PPO_25000_bzip2__instcount_256,20000,13647,1.1795,2.10,0.08961,[.00
PPO_25000_bzip2__instcount_256,20000,13277,1.2084,2.16,0.083807,[.00
PPO_25000_bzip2__instcount_256,20000,13740,1.1723,2.09,0.084386,[.00
PPO_25000_bzip2__instcount_256,20000,13530,1.1887,2.12,0.082104,[.00
PPO_25000_bzip2__instcount_256,20000,13425,1.1969,2.14,0.084952,[.00
PPO_25000_bzip2__instcount_256,20000,13455,1.1945,2.13,0.080248,[.00
PPO_25000_bzip2__instcount_256,20000,13395,1.1992,2.14,0.084466,[.00
PPO_25000_bzip2__instcount_256,20000,13456,1.1945,2.13,0.08032,[.00
PPO_25000_bzip2__instcount_256,20000,13447,1.1952,2.13,0.084187,[.00
PPO_25000_bzip2__instcount_256,20000,13368,1.2013,2.15,0.080715,[.00
PPO_25000_bzip2__instcount_256,20000,13994,1.1524,2.05,0.078437,[.00
PPO_25000_bzip2__instcount_256,20000,13524,1.1891,2.12,0.081552,[.00
PPO_25000_bzip2__instcount_256,20000,13349,1.2028,2.15,0.082789,[.00
PPO_25000_bzip2__instcount_256,20000,13309,1.2059,2.16,0.087608,[.00
PPO_25000_bzip2__instcount_256,20000,13386,1.1999,2.14,0.079831,[.00
PPO_25000_bzip2__instcount_256,20000,13952,1.1557,2.06,0.077319,[.00
PPO_25000_bzip2__instcount_256,20000,13324,1.2048,2.15,0.07961,[.00
PPO_25000_bzip2__instcount_256,20000,13648,1.1795,2.10,0.082304,[.00
PPO_25000_bzip2__instcount_256,20000,13377,1.2006,2.14,0.081164,[.00
PPO_25000_bzip2__instcount_256,20000,14277,1.1303,2.01,0.068258,[.00
PPO_25000_bzip2__instcount_256,20000,13452,1.1948,2.13,0.079318,[.00
PPO_25000_bzip2__instcount_256,20000,13366,1.2015,2.15,0.083125,[.00
PPO_25000_bzip2__instcount_256,20000,13407,1.1983,2.14,0.082484,[.00
PPO_25000_bzip2__instcount_256,20000,13465,1.1937,2.13,0.082202,[.00
PPO_25000_bzip2__instcount_256,20000,13770,1.1699,2.08,0.090095,[.00
PPO_25000_bzip2__instcount_256,20000,13480,1.1926,2.13,0.086135,[.00
PPO_25000_bzip2__instcount_256,20000,13483,1.1923,2.13,0.084571,[.00
PPO_25000_bzip2__instcount_256,20000,13525,1.1891,2.12,0.084439,[.00
PPO_25000_bzip2__instcount_256,20000,13399,1.1989,2.14,0.082093,[.00
PPO_25000_bzip2__instcount_256,20000,13430,1.1965,2.14,0.086939,[.00
PPO_25000_bzip2__instcount_256,20000,13710,1.1746,2.09,0.083786,[.00
PPO_25000_bzip2__instcount_256,20000,13653,1.1791,2.10,0.081555,[.00
PPO_25000_bzip2__instcount_256,20000,13941,1.1566,2.06,0.080067,[.00
PPO_25000_bzip2__instcount_256,20000,13899,1.1598,2.06,0.087394,[.00
PPO_25000_bzip2__instcount_256,20000,13352,1.2026,2.15,0.083909,[.00
PPO_25000_bzip2__instcount_256,20000,13400,1.1988,2.14,0.081936,[.00
PPO_25000_bzip2__instcount_256,20000,13392,1.1995,2.14,0.086058,[.00
PPO_25000_bzip2__instcount_256,20000,13346,1.2030,2.15,0.082558,[.00
PPO_25000_bzip2__instcount_256,20000,13534,1.1884,2.12,0.081328,[.00
PPO_25000_bzip2__instcount_256,20000,13455,1.1945,2.13,0.0811,[.00
PPO_25000_bzip2__instcount_256,20000,13475,1.1930,2.13,0.085128,[.00
PPO_25000_bzip2__instcount_256,20000,13701,1.1753,2.09,0.078541,[.00
PPO_25000_bzip2__instcount_256,20000,13373,1.2009,2.14,0.08646,[.00
PPO_25000_bzip2__instcount_256,20000,13468,1.1935,2.13,0.084002,[.00
PPO_25000_bzip2__instcount_256,20000,13341,1.2034,2.15,0.082046,[.00
PPO_25000_bzip2__instcount_256,20000,13503,1.1908,2.12,0.086315,[.00
PPO_25000_bzip2__instcount_256,20000,13325,1.2047,2.15,0.084885,[.00
PPO_25000_bzip2__instcount_256,20000,13430,1.1965,2.14,0.081443,[.00
PPO_25000_bzip2__instcount_256,20000,13566,1.1859,2.11,0.081341,[.00
PPO_25000_bzip2__instcount_256,20000,13420,1.1973,2.14,0.083191,[.00
PPO_25000_bzip2__instcount_256,20000,13402,1.1987,2.14,0.0859,[.00
PPO_25000_bzip2__instcount_256,20000,13406,1.1984,2.14,0.082935,[.00
PPO_25000_bzip2__instcount_256,21000,13393,1.1994,2.14,0.087689,[.00
PPO_25000_bzip2__instcount_256,21000,13361,1.2019,2.15,0.088808,[.00
PPO_25000_bzip2__instcount_256,21000,13642,1.1799,2.10,0.078462,[.00
PPO_25000_bzip2__instcount_256,21000,14570,1.1074,1.97,0.073899,[.00
PPO_25000_bzip2__instcount_256,21000,13289,1.2075,2.16,0.079484,[.00
PPO_25000_bzip2__instcount_256,21000,13400,1.1988,2.14,0.078934,[.00
PPO_25000_bzip2__instcount_256,21000,13867,1.1623,2.07,0.086889,[.00
PPO_25000_bzip2__instcount_256,21000,13478,1.1927,2.13,0.082849,[.00
PPO_25000_bzip2__instcount_256,21000,14062,1.1471,2.04,0.084855,[.00
PPO_25000_bzip2__instcount_256,21000,13618,1.1818,2.11,0.085589,[.00
PPO_25000_bzip2__instcount_256,21000,13520,1.1895,2.12,0.080801,[.00
PPO_25000_bzip2__instcount_256,21000,13659,1.1786,2.10,0.082455,[.00
PPO_25000_bzip2__instcount_256,21000,13470,1.1934,2.13,0.084492,[.00
PPO_25000_bzip2__instcount_256,21000,13675,1.1773,2.10,0.079919,[.00
PPO_25000_bzip2__instcount_256,21000,13366,1.2015,2.15,0.09006,[.00
PPO_25000_bzip2__instcount_256,21000,13533,1.1884,2.12,0.082343,[.00
PPO_25000_bzip2__instcount_256,21000,13472,1.1932,2.13,0.081925,[.00
PPO_25000_bzip2__instcount_256,21000,13700,1.1754,2.09,0.084684,[.00
PPO_25000_bzip2__instcount_256,21000,13396,1.1991,2.14,0.088521,[.00
PPO_25000_bzip2__instcount_256,21000,13682,1.1768,2.10,0.081869,[.00
PPO_25000_bzip2__instcount_256,21000,13489,1.1919,2.13,0.081952,[.00
PPO_25000_bzip2__instcount_256,21000,13531,1.1886,2.12,0.08382,[.00
PPO_25000_bzip2__instcount_256,21000,13411,1.1980,2.14,0.084133,[.00
PPO_25000_bzip2__instcount_256,21000,13634,1.1805,2.10,0.085052,[.00
PPO_25000_bzip2__instcount_256,21000,13670,1.1777,2.10,0.083333,[.00
PPO_25000_bzip2__instcount_256,21000,13405,1.1984,2.14,0.079158,[.00
PPO_25000_bzip2__instcount_256,21000,13455,1.1945,2.13,0.080572,[.00
PPO_25000_bzip2__instcount_256,21000,13599,1.1833,2.11,0.079772,[.00
PPO_25000_bzip2__instcount_256,21000,13471,1.1933,2.13,0.081271,[.00
PPO_25000_bzip2__instcount_256,21000,13463,1.1939,2.13,0.085086,[.00
PPO_25000_bzip2__instcount_256,21000,13443,1.1955,2.13,0.084933,[.00
PPO_25000_bzip2__instcount_256,21000,13536,1.1882,2.12,0.088345,[.00
PPO_25000_bzip2__instcount_256,21000,13234,1.2118,2.17,0.080133,[.00
PPO_25000_bzip2__instcount_256,21000,13477,1.1928,2.13,0.078855,[.00
PPO_25000_bzip2__instcount_256,21000,13523,1.1892,2.12,0.083317,[.00
PPO_25000_bzip2__instcount_256,21000,14261,1.1316,2.01,0.067981,[.00
PPO_25000_bzip2__instcount_256,21000,13440,1.1957,2.13,0.082762,[.00
PPO_25000_bzip2__instcount_256,21000,13418,1.1974,2.14,0.084167,[.00
PPO_25000_bzip2__instcount_256,21000,13580,1.1848,2.11,0.079531,[.00
PPO_25000_bzip2__instcount_256,21000,13430,1.1965,2.14,0.081275,[.00
PPO_25000_bzip2__instcount_256,21000,13472,1.1932,2.13,0.081278,[.00
PPO_25000_bzip2__instcount_256,21000,13478,1.1927,2.13,0.089613,[.00
PPO_25000_bzip2__instcount_256,21000,13452,1.1948,2.13,0.079841,[.00
PPO_25000_bzip2__instcount_256,21000,13469,1.1934,2.13,0.082403,[.00
PPO_25000_bzip2__instcount_256,21000,13364,1.2016,2.15,0.086914,[.00
PPO_25000_bzip2__instcount_256,21000,13606,1.1827,2.11,0.081604,[.00
PPO_25000_bzip2__instcount_256,21000,13467,1.1936,2.13,0.083895,[.00
PPO_25000_bzip2__instcount_256,21000,13650,1.1793,2.10,0.081555,[.00
PPO_25000_bzip2__instcount_256,21000,13490,1.1918,2.13,0.083952,[.00
PPO_25000_bzip2__instcount_256,21000,13677,1.1772,2.10,0.083994,[.00
PPO_25000_bzip2__instcount_256,21000,13395,1.1992,2.14,0.083719,[.00
PPO_25000_bzip2__instcount_256,21000,13491,1.1917,2.13,0.078816,[.00
PPO_25000_bzip2__instcount_256,21000,13447,1.1952,2.13,0.083017,[.00
PPO_25000_bzip2__instcount_256,21000,13355,1.2023,2.15,0.081786,[.00
PPO_25000_bzip2__instcount_256,21000,13502,1.1909,2.12,0.088885,[.00
PPO_25000_bzip2__instcount_256,21000,13441,1.1956,2.13,0.085057,[.00
PPO_25000_bzip2__instcount_256,21000,13695,1.1758,2.09,0.08016,[.00
PPO_25000_bzip2__instcount_256,21000,13341,1.2034,2.15,0.080532,[.00
PPO_25000_bzip2__instcount_256,21000,13384,1.2001,2.14,0.084432,[.00
PPO_25000_bzip2__instcount_256,21000,13402,1.1987,2.14,0.08,[.00
PPO_25000_bzip2__instcount_256,21000,13392,1.1995,2.14,0.081855,[.00
PPO_25000_bzip2__instcount_256,21000,13309,1.2059,2.16,0.078893,[.00
PPO_25000_bzip2__instcount_256,21000,13420,1.1973,2.14,0.080643,[.00
PPO_25000_bzip2__instcount_256,21000,14439,1.1177,1.99,0.069077,[.00
PPO_25000_bzip2__instcount_256,21000,13642,1.1799,2.10,0.081079,[.00
PPO_25000_bzip2__instcount_256,21000,13503,1.1908,2.12,0.081685,[.00
PPO_25000_bzip2__instcount_256,21000,13608,1.1826,2.11,0.085015,[.00
PPO_25000_bzip2__instcount_256,21000,13439,1.1958,2.13,0.089704,[.00
PPO_25000_bzip2__instcount_256,21000,13387,1.1998,2.14,0.089583,[.00
PPO_25000_bzip2__instcount_256,21000,13377,1.2006,2.14,0.082604,[.00
PPO_25000_bzip2__instcount_256,21000,13454,1.1946,2.13,0.089035,[.00
PPO_25000_bzip2__instcount_256,21000,13502,1.1909,2.12,0.085224,[.00
PPO_25000_bzip2__instcount_256,21000,13445,1.1953,2.13,0.08314,[.00
PPO_25000_bzip2__instcount_256,21000,13445,1.1953,2.13,0.079229,[.00
PPO_25000_bzip2__instcount_256,21000,13477,1.1928,2.13,0.081494,[.00
PPO_25000_bzip2__instcount_256,21000,13535,1.1883,2.12,0.081248,[.00
PPO_25000_bzip2__instcount_256,21000,13471,1.1933,2.13,0.085293,[.00
PPO_25000_bzip2__instcount_256,21000,13555,1.1867,2.12,0.080099,[.00
PPO_25000_bzip2__instcount_256,21000,13303,1.2064,2.16,0.082505,[.00
PPO_25000_bzip2__instcount_256,21000,13969,1.1544,2.05,0.083282,[.00
PPO_25000_bzip2__instcount_256,21000,13303,1.2064,2.16,0.080154,[.00
PPO_25000_bzip2__instcount_256,21000,13549,1.1872,2.12,0.084965,[.00
PPO_25000_bzip2__instcount_256,21000,13398,1.1990,2.14,0.079844,[.00
PPO_25000_bzip2__instcount_256,21000,13325,1.2047,2.15,0.080604,[.00
PPO_25000_bzip2__instcount_256,21000,13464,1.1938,2.13,0.080346,[.00
PPO_25000_bzip2__instcount_256,21000,13450,1.1949,2.13,0.080862,[.00
PPO_25000_bzip2__instcount_256,21000,13388,1.1998,2.14,0.083762,[.00
PPO_25000_bzip2__instcount_256,21000,13402,1.1987,2.14,0.084415,[.00
PPO_25000_bzip2__instcount_256,21000,13434,1.1962,2.13,0.078562,[.00
PPO_25000_bzip2__instcount_256,21000,13392,1.1995,2.14,0.084909,[.00
PPO_25000_bzip2__instcount_256,21000,13311,1.2058,2.15,0.078603,[.00
PPO_25000_bzip2__instcount_256,21000,13397,1.1991,2.14,0.081927,[.00
PPO_25000_bzip2__instcount_256,21000,14044,1.1485,2.04,0.078074,[.00
PPO_25000_bzip2__instcount_256,21000,13458,1.1943,2.13,0.082271,[.00
PPO_25000_bzip2__instcount_256,21000,13673,1.1775,2.10,0.080968,[.00
PPO_25000_bzip2__instcount_256,21000,13368,1.2013,2.15,0.081661,[.00
PPO_25000_bzip2__instcount_256,21000,14337,1.1256,2.00,0.069601,[.00
PPO_25000_bzip2__instcount_256,21000,13641,1.1800,2.10,0.081581,[.00
PPO_25000_bzip2__instcount_256,21000,13311,1.2058,2.15,0.085687,[.00
PPO_25000_bzip2__instcount_256,21000,13547,1.1873,2.12,0.086336,[.00
PPO_25000_bzip2__instcount_256,22000,13418,1.1974,2.14,0.078902,[.00
PPO_25000_bzip2__instcount_256,22000,13463,1.1939,2.13,0.088608,[.00
PPO_25000_bzip2__instcount_256,22000,13326,1.2046,2.15,0.077409,[.00
PPO_25000_bzip2__instcount_256,22000,13451,1.1948,2.13,0.097875,[.00
PPO_25000_bzip2__instcount_256,22000,13552,1.1870,2.12,0.078961,[.00
PPO_25000_bzip2__instcount_256,22000,13688,1.1763,2.10,0.076813,[.00
PPO_25000_bzip2__instcount_256,22000,13691,1.1761,2.09,0.078372,[.00
PPO_25000_bzip2__instcount_256,22000,13619,1.1817,2.11,0.083306,[.00
PPO_25000_bzip2__instcount_256,22000,13437,1.1959,2.13,0.083351,[.00
PPO_25000_bzip2__instcount_256,22000,13544,1.1876,2.12,0.083179,[.00
PPO_25000_bzip2__instcount_256,22000,13497,1.1912,2.12,0.080628,[.00
PPO_25000_bzip2__instcount_256,22000,13532,1.1885,2.12,0.087161,[.00
PPO_25000_bzip2__instcount_256,22000,13466,1.1937,2.13,0.079066,[.00
PPO_25000_bzip2__instcount_256,22000,13378,1.2005,2.14,0.081598,[.00
PPO_25000_bzip2__instcount_256,22000,13353,1.2025,2.15,0.081462,[.00
PPO_25000_bzip2__instcount_256,22000,13391,1.1995,2.14,0.086236,[.00
PPO_25000_bzip2__instcount_256,22000,13301,1.2066,2.16,0.081548,[.00
PPO_25000_bzip2__instcount_256,22000,13299,1.2067,2.16,0.082066,[.00
PPO_25000_bzip2__instcount_256,22000,13711,1.1745,2.09,0.085036,[.00
PPO_25000_bzip2__instcount_256,22000,13268,1.2091,2.16,0.08113,[.00
PPO_25000_bzip2__instcount_256,22000,13669,1.1778,2.10,0.078808,[.00
PPO_25000_bzip2__instcount_256,22000,13412,1.1979,2.14,0.084746,[.00
PPO_25000_bzip2__instcount_256,22000,13728,1.1732,2.09,0.08126,[.00
PPO_25000_bzip2__instcount_256,22000,13430,1.1965,2.14,0.082669,[.00
PPO_25000_bzip2__instcount_256,22000,13352,1.2026,2.15,0.083457,[.00
PPO_25000_bzip2__instcount_256,22000,13458,1.1943,2.13,0.08059,[.00
PPO_25000_bzip2__instcount_256,22000,13476,1.1929,2.13,0.084522,[.00
PPO_25000_bzip2__instcount_256,22000,13462,1.1940,2.13,0.083591,[.00
PPO_25000_bzip2__instcount_256,22000,13958,1.1552,2.05,0.081936,[.00
PPO_25000_bzip2__instcount_256,22000,13438,1.1959,2.13,0.082342,[.00
PPO_25000_bzip2__instcount_256,22000,13325,1.2047,2.15,0.085319,[.00
PPO_25000_bzip2__instcount_256,22000,13390,1.1996,2.14,0.094186,[.00
PPO_25000_bzip2__instcount_256,22000,13310,1.2059,2.15,0.082063,[.00
PPO_25000_bzip2__instcount_256,22000,13472,1.1932,2.13,0.085406,[.00
PPO_25000_bzip2__instcount_256,22000,13297,1.2069,2.16,0.082761,[.00
PPO_25000_bzip2__instcount_256,22000,13575,1.1852,2.11,0.084781,[.00
PPO_25000_bzip2__instcount_256,22000,13441,1.1956,2.13,0.092101,[.00
PPO_25000_bzip2__instcount_256,22000,13927,1.1577,2.06,0.084829,[.00
PPO_25000_bzip2__instcount_256,22000,13455,1.1945,2.13,0.082974,[.00
PPO_25000_bzip2__instcount_256,22000,13681,1.1769,2.10,0.082568,[.00
PPO_25000_bzip2__instcount_256,22000,13313,1.2056,2.15,0.084361,[.00
PPO_25000_bzip2__instcount_256,22000,13594,1.1837,2.11,0.082982,[.00
PPO_25000_bzip2__instcount_256,22000,13394,1.1993,2.14,0.085674,[.00
PPO_25000_bzip2__instcount_256,22000,13268,1.2091,2.16,0.079665,[.00
PPO_25000_bzip2__instcount_256,22000,13348,1.2029,2.15,0.082239,[.00
PPO_25000_bzip2__instcount_256,22000,13347,1.2030,2.15,0.080958,[.00
PPO_25000_bzip2__instcount_256,22000,13357,1.2022,2.15,0.082292,[.00
PPO_25000_bzip2__instcount_256,22000,13432,1.1963,2.14,0.0887,[.00
PPO_25000_bzip2__instcount_256,22000,13497,1.1912,2.12,0.08598,[.00
PPO_25000_bzip2__instcount_256,22000,13424,1.1970,2.14,0.08299,[.00
PPO_25000_bzip2__instcount_256,22000,13499,1.1911,2.12,0.078694,[.00
PPO_25000_bzip2__instcount_256,22000,13885,1.1609,2.07,0.083846,[.00
PPO_25000_bzip2__instcount_256,22000,13523,1.1892,2.12,0.081137,[.00
PPO_25000_bzip2__instcount_256,22000,13694,1.1759,2.09,0.083815,[.00
PPO_25000_bzip2__instcount_256,22000,13502,1.1909,2.12,0.081734,[.00
PPO_25000_bzip2__instcount_256,22000,13450,1.1949,2.13,0.081896,[.00
PPO_25000_bzip2__instcount_256,22000,13666,1.1780,2.10,0.079237,[.00
PPO_25000_bzip2__instcount_256,22000,13374,1.2009,2.14,0.079867,[.00
PPO_25000_bzip2__instcount_256,22000,13791,1.1683,2.08,0.083245,[.00
PPO_25000_bzip2__instcount_256,22000,13472,1.1932,2.13,0.081398,[.00
PPO_25000_bzip2__instcount_256,22000,13370,1.2012,2.15,0.083916,[.00
PPO_25000_bzip2__instcount_256,22000,13517,1.1897,2.12,0.078583,[.00
PPO_25000_bzip2__instcount_256,22000,13330,1.2043,2.15,0.084049,[.00
PPO_25000_bzip2__instcount_256,22000,13500,1.1910,2.12,0.078294,[.00
PPO_25000_bzip2__instcount_256,22000,13747,1.1717,2.09,0.079909,[.00
PPO_25000_bzip2__instcount_256,22000,13453,1.1947,2.13,0.084222,[.00
PPO_25000_bzip2__instcount_256,22000,13425,1.1969,2.14,0.081576,[.00
PPO_25000_bzip2__instcount_256,22000,15957,0.9991,1.80,0.092345,[.00
PPO_25000_bzip2__instcount_256,22000,13546,1.1874,2.12,0.079996,[.00
PPO_25000_bzip2__instcount_256,22000,13674,1.1774,2.10,0.078353,[.00
PPO_25000_bzip2__instcount_256,22000,13398,1.1990,2.14,0.078865,[.00
PPO_25000_bzip2__instcount_256,22000,13443,1.1955,2.13,0.083403,[.00
PPO_25000_bzip2__instcount_256,22000,13310,1.2059,2.15,0.081388,[.00
PPO_25000_bzip2__instcount_256,22000,13455,1.1945,2.13,0.083158,[.00
PPO_25000_bzip2__instcount_256,22000,13345,1.2031,2.15,0.083629,[.00
PPO_25000_bzip2__instcount_256,22000,13388,1.1998,2.14,0.077956,[.00
PPO_25000_bzip2__instcount_256,22000,13448,1.1951,2.13,0.084568,[.00
PPO_25000_bzip2__instcount_256,22000,13370,1.2012,2.15,0.083964,[.00
PPO_25000_bzip2__instcount_256,22000,13600,1.1832,2.11,0.082549,[.00
PPO_25000_bzip2__instcount_256,22000,13429,1.1966,2.14,0.083848,[.00
PPO_25000_bzip2__instcount_256,22000,13314,1.2055,2.15,0.081823,[.00
PPO_25000_bzip2__instcount_256,22000,13401,1.1987,2.14,0.079072,[.00
PPO_25000_bzip2__instcount_256,22000,13503,1.1908,2.12,0.083087,[.00
PPO_25000_bzip2__instcount_256,22000,13480,1.1926,2.13,0.0818,[.00
PPO_25000_bzip2__instcount_256,22000,13370,1.2012,2.15,0.08384,[.00
PPO_25000_bzip2__instcount_256,22000,13299,1.2067,2.16,0.081328,[.00
PPO_25000_bzip2__instcount_256,22000,13918,1.1584,2.06,0.083232,[.00
PPO_25000_bzip2__instcount_256,22000,13308,1.2060,2.16,0.083607,[.00
PPO_25000_bzip2__instcount_256,22000,13417,1.1975,2.14,0.103353,[.00
PPO_25000_bzip2__instcount_256,22000,13573,1.1853,2.11,0.088047,[.00
PPO_25000_bzip2__instcount_256,22000,13602,1.1830,2.11,0.082293,[.00
PPO_25000_bzip2__instcount_256,22000,13566,1.1859,2.11,0.079945,[.00
PPO_25000_bzip2__instcount_256,22000,13241,1.2112,2.17,0.080172,[.00
PPO_25000_bzip2__instcount_256,22000,13498,1.1912,2.12,0.078117,[.00
PPO_25000_bzip2__instcount_256,22000,13544,1.1876,2.12,0.083657,[.00
PPO_25000_bzip2__instcount_256,22000,13389,1.1997,2.14,0.085648,[.00
PPO_25000_bzip2__instcount_256,22000,13493,1.1916,2.13,0.078033,[.00
PPO_25000_bzip2__instcount_256,22000,13810,1.1668,2.08,0.080307,[.00
PPO_25000_bzip2__instcount_256,22000,13616,1.1820,2.11,0.080471,[.00
PPO_25000_bzip2__instcount_256,22000,13387,1.1998,2.14,0.082322,[.00
PPO_25000_bzip2__instcount_256,23000,13642,1.1799,2.10,0.078667,[.00
PPO_25000_bzip2__instcount_256,23000,13328,1.2044,2.15,0.08283,[.00
PPO_25000_bzip2__instcount_256,23000,13331,1.2042,2.15,0.085902,[.00
PPO_25000_bzip2__instcount_256,23000,13536,1.1882,2.12,0.079092,[.00
PPO_25000_bzip2__instcount_256,23000,13364,1.2016,2.15,0.07952,[.00
PPO_25000_bzip2__instcount_256,23000,13363,1.2017,2.15,0.081312,[.00
PPO_25000_bzip2__instcount_256,23000,13529,1.1887,2.12,0.083875,[.00
PPO_25000_bzip2__instcount_256,23000,13430,1.1965,2.14,0.079786,[.00
PPO_25000_bzip2__instcount_256,23000,15535,1.0321,1.85,0.083349,[.00
PPO_25000_bzip2__instcount_256,23000,13469,1.1934,2.13,0.078718,[.00
PPO_25000_bzip2__instcount_256,23000,13594,1.1837,2.11,0.078736,[.00
PPO_25000_bzip2__instcount_256,23000,13394,1.1993,2.14,0.08497,[.00
PPO_25000_bzip2__instcount_256,23000,13442,1.1955,2.13,0.082546,[.00
PPO_25000_bzip2__instcount_256,23000,13452,1.1948,2.13,0.083429,[.00
PPO_25000_bzip2__instcount_256,23000,13511,1.1902,2.12,0.084102,[.00
PPO_25000_bzip2__instcount_256,23000,13482,1.1924,2.13,0.088267,[.00
PPO_25000_bzip2__instcount_256,23000,13381,1.2003,2.14,0.084994,[.00
PPO_25000_bzip2__instcount_256,23000,13463,1.1939,2.13,0.08394,[.00
PPO_25000_bzip2__instcount_256,23000,13455,1.1945,2.13,0.084777,[.00
PPO_25000_bzip2__instcount_256,23000,13538,1.1880,2.12,0.08565,[.00
PPO_25000_bzip2__instcount_256,23000,13390,1.1996,2.14,0.083926,[.00
PPO_25000_bzip2__instcount_256,23000,13632,1.1807,2.10,0.081803,[.00
PPO_25000_bzip2__instcount_256,23000,13451,1.1948,2.13,0.079,[.00
PPO_25000_bzip2__instcount_256,23000,13352,1.2026,2.15,0.085304,[.00
PPO_25000_bzip2__instcount_256,23000,13417,1.1975,2.14,0.082921,[.00
PPO_25000_bzip2__instcount_256,23000,13534,1.1884,2.12,0.078219,[.00
PPO_25000_bzip2__instcount_256,23000,13337,1.2037,2.15,0.101802,[.00
PPO_25000_bzip2__instcount_256,23000,13582,1.1846,2.11,0.07941,[.00
PPO_25000_bzip2__instcount_256,23000,13415,1.1977,2.14,0.081792,[.00
PPO_25000_bzip2__instcount_256,23000,13369,1.2012,2.15,0.088921,[.00
PPO_25000_bzip2__instcount_256,23000,13432,1.1963,2.14,0.081562,[.00
PPO_25000_bzip2__instcount_256,23000,13727,1.1733,2.09,0.077644,[.00
PPO_25000_bzip2__instcount_256,23000,13288,1.2076,2.16,0.079065,[.00
PPO_25000_bzip2__instcount_256,23000,13382,1.2002,2.14,0.086553,[.00
PPO_25000_bzip2__instcount_256,23000,13769,1.1700,2.08,0.081338,[.00
PPO_25000_bzip2__instcount_256,23000,13421,1.1972,2.14,0.086172,[.00
PPO_25000_bzip2__instcount_256,23000,13311,1.2058,2.15,0.08421,[.00
PPO_25000_bzip2__instcount_256,23000,13345,1.2031,2.15,0.079222,[.00
PPO_25000_bzip2__instcount_256,23000,13727,1.1733,2.09,0.077141,[.00
PPO_25000_bzip2__instcount_256,23000,13369,1.2012,2.15,0.079165,[.00
PPO_25000_bzip2__instcount_256,23000,13373,1.2009,2.14,0.084968,[.00
PPO_25000_bzip2__instcount_256,23000,13349,1.2028,2.15,0.080694,[.00
PPO_25000_bzip2__instcount_256,23000,13394,1.1993,2.14,0.084528,[.00
PPO_25000_bzip2__instcount_256,23000,13378,1.2005,2.14,0.082614,[.00
PPO_25000_bzip2__instcount_256,23000,13447,1.1952,2.13,0.080379,[.00
PPO_25000_bzip2__instcount_256,23000,13463,1.1939,2.13,0.083101,[.00
PPO_25000_bzip2__instcount_256,23000,14600,1.1051,1.96,0.071098,[.00
PPO_25000_bzip2__instcount_256,23000,13401,1.1987,2.14,0.083378,[.00
PPO_25000_bzip2__instcount_256,23000,13451,1.1948,2.13,0.083794,[.00
PPO_25000_bzip2__instcount_256,23000,13389,1.1997,2.14,0.079961,[.00
PPO_25000_bzip2__instcount_256,23000,13884,1.1610,2.07,0.092962,[.00
PPO_25000_bzip2__instcount_256,23000,13374,1.2009,2.14,0.08276,[.00
PPO_25000_bzip2__instcount_256,23000,13435,1.1961,2.13,0.079421,[.00
PPO_25000_bzip2__instcount_256,23000,13590,1.1840,2.11,0.083805,[.00
PPO_25000_bzip2__instcount_256,23000,13482,1.1924,2.13,0.082278,[.00
PPO_25000_bzip2__instcount_256,23000,13473,1.1931,2.13,0.083255,[.00
PPO_25000_bzip2__instcount_256,23000,13511,1.1902,2.12,0.079478,[.00
PPO_25000_bzip2__instcount_256,23000,13490,1.1918,2.13,0.081637,[.00
PPO_25000_bzip2__instcount_256,23000,13377,1.2006,2.14,0.080236,[.00
PPO_25000_bzip2__instcount_256,23000,13386,1.1999,2.14,0.088713,[.00
PPO_25000_bzip2__instcount_256,23000,13369,1.2012,2.15,0.082355,[.00
PPO_25000_bzip2__instcount_256,23000,13799,1.1677,2.08,0.097104,[.00
PPO_25000_bzip2__instcount_256,23000,13649,1.1794,2.10,0.079886,[.00
PPO_25000_bzip2__instcount_256,23000,16766,0.9359,1.71,0.082052,[.00
PPO_25000_bzip2__instcount_256,23000,13532,1.1885,2.12,0.078582,[.00
PPO_25000_bzip2__instcount_256,23000,13563,1.1861,2.11,0.082295,[.00
PPO_25000_bzip2__instcount_256,23000,13484,1.1923,2.13,0.087987,[.00
PPO_25000_bzip2__instcount_256,23000,13427,1.1967,2.14,0.079037,[.00
PPO_25000_bzip2__instcount_256,23000,13413,1.1978,2.14,0.083657,[.00
PPO_25000_bzip2__instcount_256,23000,13348,1.2029,2.15,0.082298,[.00
PPO_25000_bzip2__instcount_256,23000,13309,1.2059,2.16,0.084708,[.00
PPO_25000_bzip2__instcount_256,23000,13506,1.1905,2.12,0.082418,[.00
PPO_25000_bzip2__instcount_256,23000,13758,1.1709,2.08,0.083063,[.00
PPO_25000_bzip2__instcount_256,23000,13306,1.2062,2.16,0.080577,[.00
PPO_25000_bzip2__instcount_256,23000,13434,1.1962,2.13,0.085412,[.00
PPO_25000_bzip2__instcount_256,23000,13375,1.2008,2.14,0.081888,[.00
PPO_25000_bzip2__instcount_256,23000,13452,1.1948,2.13,0.080494,[.00
PPO_25000_bzip2__instcount_256,23000,13475,1.1930,2.13,0.082957,[.00
PPO_25000_bzip2__instcount_256,23000,14871,1.0839,1.93,0.077678,[.00
PPO_25000_bzip2__instcount_256,23000,13470,1.1934,2.13,0.083798,[.00
PPO_25000_bzip2__instcount_256,23000,13326,1.2046,2.15,0.084976,[.00
PPO_25000_bzip2__instcount_256,23000,13421,1.1972,2.14,0.079713,[.00
PPO_25000_bzip2__instcount_256,23000,13398,1.1990,2.14,0.083739,[.00
PPO_25000_bzip2__instcount_256,23000,13474,1.1930,2.13,0.080274,[.00
PPO_25000_bzip2__instcount_256,23000,13427,1.1967,2.14,0.084215,[.00
PPO_25000_bzip2__instcount_256,23000,13525,1.1891,2.12,0.081635,[.00
PPO_25000_bzip2__instcount_256,23000,13529,1.1887,2.12,0.08497,[.00
PPO_25000_bzip2__instcount_256,23000,13189,1.2153,2.17,0.092802,[.00
PPO_25000_bzip2__instcount_256,23000,13417,1.1975,2.14,0.084329,[.00
PPO_25000_bzip2__instcount_256,23000,13543,1.1877,2.12,0.085611,[.00
PPO_25000_bzip2__instcount_256,23000,14721,1.0956,1.95,0.070486,[.00
PPO_25000_bzip2__instcount_256,23000,13354,1.2024,2.15,0.078917,[.00
PPO_25000_bzip2__instcount_256,23000,13668,1.1779,2.10,0.081638,[.00
PPO_25000_bzip2__instcount_256,23000,14685,1.0985,1.95,0.070133,[.00
PPO_25000_bzip2__instcount_256,23000,13353,1.2025,2.15,0.083884,[.00
PPO_25000_bzip2__instcount_256,23000,13905,1.1594,2.06,0.082735,[.00
PPO_25000_bzip2__instcount_256,23000,13412,1.1979,2.14,0.083601,[.00
PPO_25000_bzip2__instcount_256,23000,13441,1.1956,2.13,0.082522,[.00
PPO_25000_bzip2__instcount_256,23000,13433,1.1962,2.14,0.08996,[.00
PPO_25000_bzip2__instcount_256,23000,13397,1.1991,2.14,0.081848,[.00
PPO_25000_bzip2__instcount_256,24000,13525,1.1891,2.12,0.081918,[.00
PPO_25000_bzip2__instcount_256,24000,13435,1.1961,2.13,0.084174,[.00
PPO_25000_bzip2__instcount_256,24000,13812,1.1666,2.08,0.086951,[.00
PPO_25000_bzip2__instcount_256,24000,13757,1.1709,2.08,0.084139,[.00
PPO_25000_bzip2__instcount_256,24000,13457,1.1944,2.13,0.081574,[.00
PPO_25000_bzip2__instcount_256,24000,13376,1.2007,2.14,0.079022,[.00
PPO_25000_bzip2__instcount_256,24000,13332,1.2041,2.15,0.082948,[.00
PPO_25000_bzip2__instcount_256,24000,13434,1.1962,2.13,0.086098,[.00
PPO_25000_bzip2__instcount_256,24000,13392,1.1995,2.14,0.082855,[.00
PPO_25000_bzip2__instcount_256,24000,13500,1.1910,2.12,0.081118,[.00
PPO_25000_bzip2__instcount_256,24000,13160,1.2176,2.18,0.082808,[.00
PPO_25000_bzip2__instcount_256,24000,13457,1.1944,2.13,0.081658,[.00
PPO_25000_bzip2__instcount_256,24000,13686,1.1765,2.10,0.078526,[.00
PPO_25000_bzip2__instcount_256,24000,13386,1.1999,2.14,0.086218,[.00
PPO_25000_bzip2__instcount_256,24000,13425,1.1969,2.14,0.097612,[.00
PPO_25000_bzip2__instcount_256,24000,13543,1.1877,2.12,0.082106,[.00
PPO_25000_bzip2__instcount_256,24000,13224,1.2126,2.17,0.079901,[.00
PPO_25000_bzip2__instcount_256,24000,13428,1.1966,2.14,0.080959,[.00
PPO_25000_bzip2__instcount_256,24000,13421,1.1972,2.14,0.080472,[.00
PPO_25000_bzip2__instcount_256,24000,13534,1.1884,2.12,0.084451,[.00
PPO_25000_bzip2__instcount_256,24000,13440,1.1957,2.13,0.085755,[.00
PPO_25000_bzip2__instcount_256,24000,13331,1.2042,2.15,0.082891,[.00
PPO_25000_bzip2__instcount_256,24000,13500,1.1910,2.12,0.079969,[.00
PPO_25000_bzip2__instcount_256,24000,13337,1.2037,2.15,0.080839,[.00
PPO_25000_bzip2__instcount_256,24000,13748,1.1716,2.09,0.08086,[.00
PPO_25000_bzip2__instcount_256,24000,13452,1.1948,2.13,0.082688,[.00
PPO_25000_bzip2__instcount_256,24000,13449,1.1950,2.13,0.084994,[.00
PPO_25000_bzip2__instcount_256,24000,13359,1.2020,2.15,0.085198,[.00
PPO_25000_bzip2__instcount_256,24000,13501,1.1909,2.12,0.084076,[.00
PPO_25000_bzip2__instcount_256,24000,13251,1.2105,2.16,0.088386,[.00
PPO_25000_bzip2__instcount_256,24000,13403,1.1986,2.14,0.083773,[.00
PPO_25000_bzip2__instcount_256,24000,13346,1.2030,2.15,0.0798,[.00
PPO_25000_bzip2__instcount_256,24000,13242,1.2112,2.17,0.081532,[.00
PPO_25000_bzip2__instcount_256,24000,13394,1.1993,2.14,0.088174,[.00
PPO_25000_bzip2__instcount_256,24000,13461,1.1941,2.13,0.084463,[.00
PPO_25000_bzip2__instcount_256,24000,13354,1.2024,2.15,0.080208,[.00
PPO_25000_bzip2__instcount_256,24000,13684,1.1766,2.10,0.086472,[.00
PPO_25000_bzip2__instcount_256,24000,13231,1.2120,2.17,0.085161,[.00
PPO_25000_bzip2__instcount_256,24000,13747,1.1717,2.09,0.083758,[.00
PPO_25000_bzip2__instcount_256,24000,13439,1.1958,2.13,0.084431,[.00
PPO_25000_bzip2__instcount_256,24000,13312,1.2057,2.15,0.078876,[.00
PPO_25000_bzip2__instcount_256,24000,13361,1.2019,2.15,0.085484,[.00
PPO_25000_bzip2__instcount_256,24000,13994,1.1524,2.05,0.083908,[.00
PPO_25000_bzip2__instcount_256,24000,13385,1.2000,2.14,0.083775,[.00
PPO_25000_bzip2__instcount_256,24000,13355,1.2023,2.15,0.091422,[.00
PPO_25000_bzip2__instcount_256,24000,13420,1.1973,2.14,0.083305,[.00
PPO_25000_bzip2__instcount_256,24000,13552,1.1870,2.12,0.079313,[.00
PPO_25000_bzip2__instcount_256,24000,13351,1.2027,2.15,0.084675,[.00
PPO_25000_bzip2__instcount_256,24000,13327,1.2045,2.15,0.086767,[.00
PPO_25000_bzip2__instcount_256,24000,13647,1.1795,2.10,0.083341,[.00
PPO_25000_bzip2__instcount_256,24000,13523,1.1892,2.12,0.087487,[.00
PPO_25000_bzip2__instcount_256,24000,13421,1.1972,2.14,0.084278,[.00
PPO_25000_bzip2__instcount_256,24000,13407,1.1983,2.14,0.080144,[.00
PPO_25000_bzip2__instcount_256,24000,13364,1.2016,2.15,0.080062,[.00
PPO_25000_bzip2__instcount_256,24000,13371,1.2011,2.15,0.084104,[.00
PPO_25000_bzip2__instcount_256,24000,13392,1.1995,2.14,0.083959,[.00
PPO_25000_bzip2__instcount_256,24000,13297,1.2069,2.16,0.101545,[.00
PPO_25000_bzip2__instcount_256,24000,13425,1.1969,2.14,0.082457,[.00
PPO_25000_bzip2__instcount_256,24000,13484,1.1923,2.13,0.085036,[.00
PPO_25000_bzip2__instcount_256,24000,13317,1.2053,2.15,0.08169,[.00
PPO_25000_bzip2__instcount_256,24000,13399,1.1989,2.14,0.081425,[.00
PPO_25000_bzip2__instcount_256,24000,13270,1.2090,2.16,0.083092,[.00
PPO_25000_bzip2__instcount_256,24000,13374,1.2009,2.14,0.083752,[.00
PPO_25000_bzip2__instcount_256,24000,13298,1.2068,2.16,0.08289,[.00
PPO_25000_bzip2__instcount_256,24000,13396,1.1991,2.14,0.081402,[.00
PPO_25000_bzip2__instcount_256,24000,13475,1.1930,2.13,0.081408,[.00
PPO_25000_bzip2__instcount_256,24000,13499,1.1911,2.12,0.086051,[.00
PPO_25000_bzip2__instcount_256,24000,13488,1.1920,2.13,0.08089,[.00
PPO_25000_bzip2__instcount_256,24000,13365,1.2016,2.15,0.084027,[.00
PPO_25000_bzip2__instcount_256,24000,13482,1.1924,2.13,0.086545,[.00
PPO_25000_bzip2__instcount_256,24000,13269,1.2091,2.16,0.079213,[.00
PPO_25000_bzip2__instcount_256,24000,13394,1.1993,2.14,0.084055,[.00
PPO_25000_bzip2__instcount_256,24000,13415,1.1977,2.14,0.082017,[.00
PPO_25000_bzip2__instcount_256,24000,13501,1.1909,2.12,0.084444,[.00
PPO_25000_bzip2__instcount_256,24000,13454,1.1946,2.13,0.082148,[.00
PPO_25000_bzip2__instcount_256,24000,13546,1.1874,2.12,0.080172,[.00
PPO_25000_bzip2__instcount_256,24000,13431,1.1964,2.14,0.079021,[.00
PPO_25000_bzip2__instcount_256,24000,13458,1.1943,2.13,0.086834,[.00
PPO_25000_bzip2__instcount_256,24000,13291,1.2073,2.16,0.082238,[.00
PPO_25000_bzip2__instcount_256,24000,13376,1.2007,2.14,0.083581,[.00
PPO_25000_bzip2__instcount_256,24000,13414,1.1977,2.14,0.083559,[.00
PPO_25000_bzip2__instcount_256,24000,13435,1.1961,2.13,0.080613,[.00
PPO_25000_bzip2__instcount_256,24000,13343,1.2033,2.15,0.087612,[.00
PPO_25000_bzip2__instcount_256,24000,13376,1.2007,2.14,0.082612,[.00
PPO_25000_bzip2__instcount_256,24000,13448,1.1951,2.13,0.080855,[.00
PPO_25000_bzip2__instcount_256,24000,13329,1.2044,2.15,0.082101,[.00
PPO_25000_bzip2__instcount_256,24000,13696,1.1757,2.09,0.077423,[.00
PPO_25000_bzip2__instcount_256,24000,13422,1.1971,2.14,0.079827,[.00
PPO_25000_bzip2__instcount_256,24000,13450,1.1949,2.13,0.08786,[.00
PPO_25000_bzip2__instcount_256,24000,13501,1.1909,2.12,0.082443,[.00
PPO_25000_bzip2__instcount_256,24000,13407,1.1983,2.14,0.07782,[.00
PPO_25000_bzip2__instcount_256,24000,13333,1.2041,2.15,0.077966,[.00
PPO_25000_bzip2__instcount_256,24000,13364,1.2016,2.15,0.086622,[.00
PPO_25000_bzip2__instcount_256,24000,13444,1.1954,2.13,0.081127,[.00
PPO_25000_bzip2__instcount_256,24000,13601,1.1831,2.11,0.079515,[.00
PPO_25000_bzip2__instcount_256,24000,13391,1.1995,2.14,0.086322,[.00
PPO_25000_bzip2__instcount_256,24000,13427,1.1967,2.14,0.087982,[.00
PPO_25000_bzip2__instcount_256,24000,13467,1.1936,2.13,0.084637,[.00
PPO_25000_bzip2__instcount_256,24000,13448,1.1951,2.13,0.083652,[.00
PPO_25000_bzip2__instcount_256,24000,13393,1.1994,2.14,0.078908,[.00
PPO_25000_bzip2__instcount_256,25000,13371,1.2011,2.15,0.081304,[.00
PPO_25000_bzip2__instcount_256,25000,13678,1.1771,2.10,0.082375,[.00
PPO_25000_bzip2__instcount_256,25000,13268,1.2091,2.16,0.08369,[.00
PPO_25000_bzip2__instcount_256,25000,13504,1.1907,2.12,0.079641,[.00
PPO_25000_bzip2__instcount_256,25000,13618,1.1818,2.11,0.087555,[.00
PPO_25000_bzip2__instcount_256,25000,13345,1.2031,2.15,0.078217,[.00
PPO_25000_bzip2__instcount_256,25000,13593,1.1837,2.11,0.077968,[.00
PPO_25000_bzip2__instcount_256,25000,13401,1.1987,2.14,0.085407,[.00
PPO_25000_bzip2__instcount_256,25000,13492,1.1916,2.13,0.083051,[.00
PPO_25000_bzip2__instcount_256,25000,13297,1.2069,2.16,0.082176,[.00
PPO_25000_bzip2__instcount_256,25000,13523,1.1892,2.12,0.082302,[.00
PPO_25000_bzip2__instcount_256,25000,13405,1.1984,2.14,0.083514,[.00
PPO_25000_bzip2__instcount_256,25000,13405,1.1984,2.14,0.083556,[.00
PPO_25000_bzip2__instcount_256,25000,13341,1.2034,2.15,0.080016,[.00
PPO_25000_bzip2__instcount_256,25000,13408,1.1982,2.14,0.081713,[.00
PPO_25000_bzip2__instcount_256,25000,13365,1.2016,2.15,0.080115,[.00
PPO_25000_bzip2__instcount_256,25000,13443,1.1955,2.13,0.088043,[.00
PPO_25000_bzip2__instcount_256,25000,13429,1.1966,2.14,0.078471,[.00
PPO_25000_bzip2__instcount_256,25000,13416,1.1976,2.14,0.085524,[.00
PPO_25000_bzip2__instcount_256,25000,13569,1.1856,2.11,0.084524,[.00
PPO_25000_bzip2__instcount_256,25000,13280,1.2082,2.16,0.084102,[.00
PPO_25000_bzip2__instcount_256,25000,13408,1.1982,2.14,0.081119,[.00
PPO_25000_bzip2__instcount_256,25000,13398,1.1990,2.14,0.081685,[.00
PPO_25000_bzip2__instcount_256,25000,13310,1.2059,2.15,0.083341,[.00
PPO_25000_bzip2__instcount_256,25000,13489,1.1919,2.13,0.086166,[.00
PPO_25000_bzip2__instcount_256,25000,13357,1.2022,2.15,0.083186,[.00
PPO_25000_bzip2__instcount_256,25000,13342,1.2034,2.15,0.082926,[.00
PPO_25000_bzip2__instcount_256,25000,13373,1.2009,2.14,0.085514,[.00
PPO_25000_bzip2__instcount_256,25000,13332,1.2041,2.15,0.08525,[.00
PPO_25000_bzip2__instcount_256,25000,13346,1.2030,2.15,0.085313,[.00
PPO_25000_bzip2__instcount_256,25000,13329,1.2044,2.15,0.079146,[.00
PPO_25000_bzip2__instcount_256,25000,13482,1.1924,2.13,0.085507,[.00
PPO_25000_bzip2__instcount_256,25000,13420,1.1973,2.14,0.085771,[.00
PPO_25000_bzip2__instcount_256,25000,13649,1.1794,2.10,0.079586,[.00
PPO_25000_bzip2__instcount_256,25000,14584,1.1063,1.97,0.069276,[.00
PPO_25000_bzip2__instcount_256,25000,13293,1.2072,2.16,0.088045,[.00
PPO_25000_bzip2__instcount_256,25000,13498,1.1912,2.12,0.085116,[.00
PPO_25000_bzip2__instcount_256,25000,13315,1.2055,2.15,0.082877,[.00
PPO_25000_bzip2__instcount_256,25000,13318,1.2052,2.15,0.084831,[.00
PPO_25000_bzip2__instcount_256,25000,13676,1.1773,2.10,0.078431,[.00
PPO_25000_bzip2__instcount_256,25000,13368,1.2013,2.15,0.079246,[.00
PPO_25000_bzip2__instcount_256,25000,13545,1.1875,2.12,0.083582,[.00
PPO_25000_bzip2__instcount_256,25000,13385,1.2000,2.14,0.082905,[.00
PPO_25000_bzip2__instcount_256,25000,13460,1.1941,2.13,0.084271,[.00
PPO_25000_bzip2__instcount_256,25000,13447,1.1952,2.13,0.080067,[.00
PPO_25000_bzip2__instcount_256,25000,13354,1.2024,2.15,0.084126,[.00
PPO_25000_bzip2__instcount_256,25000,13440,1.1957,2.13,0.085163,[.00
PPO_25000_bzip2__instcount_256,25000,13473,1.1931,2.13,0.080738,[.00
PPO_25000_bzip2__instcount_256,25000,13384,1.2001,2.14,0.087618,[.00
PPO_25000_bzip2__instcount_256,25000,13383,1.2002,2.14,0.084035,[.00
PPO_25000_bzip2__instcount_256,25000,13462,1.1940,2.13,0.077883,[.00
PPO_25000_bzip2__instcount_256,25000,13362,1.2018,2.15,0.079137,[.00
PPO_25000_bzip2__instcount_256,25000,13465,1.1937,2.13,0.088724,[.00
PPO_25000_bzip2__instcount_256,25000,13400,1.1988,2.14,0.091759,[.00
PPO_25000_bzip2__instcount_256,25000,13486,1.1921,2.13,0.081292,[.00
PPO_25000_bzip2__instcount_256,25000,13378,1.2005,2.14,0.083342,[.00
PPO_25000_bzip2__instcount_256,25000,13347,1.2030,2.15,0.085925,[.00
PPO_25000_bzip2__instcount_256,25000,13453,1.1947,2.13,0.090651,[.00
PPO_25000_bzip2__instcount_256,25000,13316,1.2054,2.15,0.086164,[.00
PPO_25000_bzip2__instcount_256,25000,13338,1.2037,2.15,0.080262,[.00
PPO_25000_bzip2__instcount_256,25000,13398,1.1990,2.14,0.078329,[.00
PPO_25000_bzip2__instcount_256,25000,13364,1.2016,2.15,0.081896,[.00
PPO_25000_bzip2__instcount_256,25000,13454,1.1946,2.13,0.084506,[.00
PPO_25000_bzip2__instcount_256,25000,13478,1.1927,2.13,0.084851,[.00
PPO_25000_bzip2__instcount_256,25000,13438,1.1959,2.13,0.083013,[.00
PPO_25000_bzip2__instcount_256,25000,13435,1.1961,2.13,0.0865,[.00
PPO_25000_bzip2__instcount_256,25000,13560,1.1863,2.12,0.081646,[.00
PPO_25000_bzip2__instcount_256,25000,13410,1.1980,2.14,0.078158,[.00
PPO_25000_bzip2__instcount_256,25000,13382,1.2002,2.14,0.083514,[.00
PPO_25000_bzip2__instcount_256,25000,13582,1.1846,2.11,0.079206,[.00
PPO_25000_bzip2__instcount_256,25000,13317,1.2053,2.15,0.083079,[.00
PPO_25000_bzip2__instcount_256,25000,13674,1.1774,2.10,0.08997,[.00
PPO_25000_bzip2__instcount_256,25000,13260,1.2098,2.16,0.085522,[.00
PPO_25000_bzip2__instcount_256,25000,13502,1.1909,2.12,0.087725,[.00
PPO_25000_bzip2__instcount_256,25000,13891,1.1605,2.06,0.082424,[.00
PPO_25000_bzip2__instcount_256,25000,13289,1.2075,2.16,0.081554,[.00
PPO_25000_bzip2__instcount_256,25000,13403,1.1986,2.14,0.083371,[.00
PPO_25000_bzip2__instcount_256,25000,13434,1.1962,2.13,0.086187,[.00
PPO_25000_bzip2__instcount_256,25000,13413,1.1978,2.14,0.080086,[.00
PPO_25000_bzip2__instcount_256,25000,13297,1.2069,2.16,0.08216,[.00
PPO_25000_bzip2__instcount_256,25000,13422,1.1971,2.14,0.083742,[.00
PPO_25000_bzip2__instcount_256,25000,13680,1.1770,2.10,0.08349,[.00
PPO_25000_bzip2__instcount_256,25000,13437,1.1959,2.13,0.082762,[.00
PPO_25000_bzip2__instcount_256,25000,13430,1.1965,2.14,0.081583,[.00
PPO_25000_bzip2__instcount_256,25000,13332,1.2041,2.15,0.078714,[.00
PPO_25000_bzip2__instcount_256,25000,13289,1.2075,2.16,0.081745,[.00
PPO_25000_bzip2__instcount_256,25000,13434,1.1962,2.13,0.078457,[.00
PPO_25000_bzip2__instcount_256,25000,13514,1.1899,2.12,0.082247,[.00
PPO_25000_bzip2__instcount_256,25000,13481,1.1925,2.13,0.084736,[.00
PPO_25000_bzip2__instcount_256,25000,13373,1.2009,2.14,0.079348,[.00
PPO_25000_bzip2__instcount_256,25000,13485,1.1922,2.13,0.082774,[.00
PPO_25000_bzip2__instcount_256,25000,13334,1.2040,2.15,0.081639,[.00
PPO_25000_bzip2__instcount_256,25000,13376,1.2007,2.14,0.087167,[.00
PPO_25000_bzip2__instcount_256,25000,13407,1.1983,2.14,0.081499,[.00
PPO_25000_bzip2__instcount_256,25000,13394,1.1993,2.14,0.081835,[.00
PPO_25000_bzip2__instcount_256,25000,13467,1.1936,2.13,0.084153,[.00
PPO_25000_bzip2__instcount_256,25000,13361,1.2019,2.15,0.082977,[.00
PPO_25000_bzip2__instcount_256,25000,13459,1.1942,2.13,0.083316,[.00
PPO_25000_bzip2__instcount_256,25000,13386,1.1999,2.14,0.084285,[.00
PPO_25000_bzip2__instcount_256,25000,13417,1.1975,2.14,0.083302,[.00
