A2C_25000_bzip2__instcount_plainmodel,1000,17334,0.8915,1.65,0.046123,[.00
A2C_25000_bzip2__instcount_plainmodel,1000,15973,0.9978,1.79,0.069851,[.00
A2C_25000_bzip2__instcount_plainmodel,1000,40167,-0.8919,0.71,0.113878,[.00
A2C_25000_bzip2__instcount_plainmodel,1000,24449,0.3358,1.17,0.048982,[.00
A2C_25000_bzip2__instcount_plainmodel,1000,18135,0.8290,1.58,0.04622,[.00
A2C_25000_bzip2__instcount_plainmodel,1000,21605,0.5579,1.33,0.053157,[.00
A2C_25000_bzip2__instcount_plainmodel,1000,16779,0.9349,1.71,0.071611,[.00
A2C_25000_bzip2__instcount_plainmodel,1000,30406,-0.1295,0.94,0.053846,[.00
A2C_25000_bzip2__instcount_plainmodel,1000,17709,0.8622,1.62,0.084839,[.00
A2C_25000_bzip2__instcount_plainmodel,1000,23223,0.4315,1.23,0.050076,[.00
A2C_25000_bzip2__instcount_plainmodel,1000,15205,1.0578,1.89,0.072217,[.00
A2C_25000_bzip2__instcount_plainmodel,1000,18656,0.7883,1.54,0.045348,[.00
A2C_25000_bzip2__instcount_plainmodel,1000,14606,1.1046,1.96,0.082127,[.00
A2C_25000_bzip2__instcount_plainmodel,1000,14818,1.0881,1.94,0.081893,[.00
A2C_25000_bzip2__instcount_plainmodel,1000,22826,0.4625,1.25,0.051351,[.00
A2C_25000_bzip2__instcount_plainmodel,1000,21176,0.5914,1.35,0.05054,[.00
A2C_25000_bzip2__instcount_plainmodel,1000,17332,0.8917,1.65,0.067786,[.00
A2C_25000_bzip2__instcount_plainmodel,1000,29010,-0.0204,0.99,0.0447,[.00
A2C_25000_bzip2__instcount_plainmodel,1000,15248,1.0545,1.88,0.076509,[.00
A2C_25000_bzip2__instcount_plainmodel,1000,21810,0.5419,1.31,0.08341,[.00
A2C_25000_bzip2__instcount_plainmodel,1000,14815,1.0883,1.94,0.080672,[.00
A2C_25000_bzip2__instcount_plainmodel,1000,15802,1.0112,1.81,0.06889,[.00
A2C_25000_bzip2__instcount_plainmodel,1000,18745,0.7813,1.53,0.067493,[.00
A2C_25000_bzip2__instcount_plainmodel,1000,23294,0.4260,1.23,0.048581,[.00
A2C_25000_bzip2__instcount_plainmodel,1000,16033,0.9932,1.79,0.08457,[.00
A2C_25000_bzip2__instcount_plainmodel,1000,16317,0.9710,1.76,0.092759,[.00
A2C_25000_bzip2__instcount_plainmodel,1000,15690,1.0199,1.83,0.069405,[.00
A2C_25000_bzip2__instcount_plainmodel,1000,22071,0.5215,1.30,0.091483,[.00
A2C_25000_bzip2__instcount_plainmodel,1000,15030,1.0715,1.91,0.082389,[.00
A2C_25000_bzip2__instcount_plainmodel,1000,33897,-0.4022,0.84,0.083467,[.00
A2C_25000_bzip2__instcount_plainmodel,1000,14684,1.0985,1.95,0.081483,[.00
A2C_25000_bzip2__instcount_plainmodel,1000,16056,0.9914,1.79,0.074334,[.00
A2C_25000_bzip2__instcount_plainmodel,1000,21702,0.5503,1.32,0.049142,[.00
A2C_25000_bzip2__instcount_plainmodel,1000,17189,0.9029,1.67,0.087265,[.00
A2C_25000_bzip2__instcount_plainmodel,1000,19338,0.7350,1.48,0.068445,[.00
A2C_25000_bzip2__instcount_plainmodel,1000,19357,0.7335,1.48,0.069382,[.00
A2C_25000_bzip2__instcount_plainmodel,1000,22233,0.5089,1.29,0.081479,[.00
A2C_25000_bzip2__instcount_plainmodel,1000,15153,1.0619,1.89,0.081296,[.00
A2C_25000_bzip2__instcount_plainmodel,1000,32655,-0.3051,0.88,0.081166,[.00
A2C_25000_bzip2__instcount_plainmodel,1000,17740,0.8598,1.62,0.045136,[.00
A2C_25000_bzip2__instcount_plainmodel,1000,17144,0.9064,1.67,0.06534,[.00
A2C_25000_bzip2__instcount_plainmodel,1000,14822,1.0877,1.93,0.086224,[.00
A2C_25000_bzip2__instcount_plainmodel,1000,17412,0.8854,1.65,0.068943,[.00
A2C_25000_bzip2__instcount_plainmodel,1000,14137,1.1413,2.03,0.078506,[.00
A2C_25000_bzip2__instcount_plainmodel,1000,23996,0.3711,1.19,0.083937,[.00
A2C_25000_bzip2__instcount_plainmodel,1000,22964,0.4518,1.25,0.049251,[.00
A2C_25000_bzip2__instcount_plainmodel,1000,16563,0.9518,1.73,0.083389,[.00
A2C_25000_bzip2__instcount_plainmodel,1000,18677,0.7866,1.53,0.067095,[.00
A2C_25000_bzip2__instcount_plainmodel,1000,14570,1.1074,1.97,0.079391,[.00
A2C_25000_bzip2__instcount_plainmodel,1000,15044,1.0704,1.91,0.086395,[.00
A2C_25000_bzip2__instcount_plainmodel,1000,15196,1.0585,1.89,0.065387,[.00
A2C_25000_bzip2__instcount_plainmodel,1000,15645,1.0235,1.83,0.08326,[.00
A2C_25000_bzip2__instcount_plainmodel,1000,15592,1.0276,1.84,0.068211,[.00
A2C_25000_bzip2__instcount_plainmodel,1000,17111,0.9089,1.68,0.085316,[.00
A2C_25000_bzip2__instcount_plainmodel,1000,15168,1.0607,1.89,0.072453,[.00
A2C_25000_bzip2__instcount_plainmodel,1000,21931,0.5324,1.31,0.049191,[.00
A2C_25000_bzip2__instcount_plainmodel,1000,16087,0.9889,1.78,0.083301,[.00
A2C_25000_bzip2__instcount_plainmodel,1000,16847,0.9296,1.70,0.097649,[.00
A2C_25000_bzip2__instcount_plainmodel,1000,24732,0.3137,1.16,0.049333,[.00
A2C_25000_bzip2__instcount_plainmodel,1000,31627,-0.2248,0.90,0.083011,[.00
A2C_25000_bzip2__instcount_plainmodel,1000,18216,0.8226,1.57,0.084135,[.00
A2C_25000_bzip2__instcount_plainmodel,1000,22829,0.4623,1.25,0.065827,[.00
A2C_25000_bzip2__instcount_plainmodel,1000,18360,0.8114,1.56,0.069989,[.00
A2C_25000_bzip2__instcount_plainmodel,1000,18317,0.8147,1.56,0.071419,[.00
A2C_25000_bzip2__instcount_plainmodel,1000,16038,0.9928,1.79,0.083654,[.00
A2C_25000_bzip2__instcount_plainmodel,1000,19841,0.6957,1.44,0.067605,[.00
A2C_25000_bzip2__instcount_plainmodel,1000,15033,1.0713,1.91,0.084364,[.00
A2C_25000_bzip2__instcount_plainmodel,1000,14474,1.1149,1.98,0.081898,[.00
A2C_25000_bzip2__instcount_plainmodel,1000,15567,1.0296,1.84,0.071728,[.00
A2C_25000_bzip2__instcount_plainmodel,1000,26096,0.2071,1.10,0.048252,[.00
A2C_25000_bzip2__instcount_plainmodel,1000,25330,0.2669,1.13,0.049477,[.00
A2C_25000_bzip2__instcount_plainmodel,1000,16179,0.9817,1.77,0.083366,[.00
A2C_25000_bzip2__instcount_plainmodel,1000,15939,1.0005,1.80,0.081933,[.00
A2C_25000_bzip2__instcount_plainmodel,1000,14830,1.0871,1.93,0.070321,[.00
A2C_25000_bzip2__instcount_plainmodel,1000,13839,1.1645,2.07,0.0813,[.00
A2C_25000_bzip2__instcount_plainmodel,1000,15211,1.0574,1.88,0.068544,[.00
A2C_25000_bzip2__instcount_plainmodel,1000,22971,0.4512,1.25,0.052036,[.00
A2C_25000_bzip2__instcount_plainmodel,1000,19541,0.7191,1.47,0.048081,[.00
A2C_25000_bzip2__instcount_plainmodel,1000,25270,0.2716,1.13,0.084347,[.00
A2C_25000_bzip2__instcount_plainmodel,1000,19668,0.7092,1.46,0.047016,[.00
A2C_25000_bzip2__instcount_plainmodel,1000,16997,0.9179,1.69,0.06829,[.00
A2C_25000_bzip2__instcount_plainmodel,1000,19623,0.7127,1.46,0.047545,[.00
A2C_25000_bzip2__instcount_plainmodel,1000,15122,1.0643,1.90,0.08634,[.00
A2C_25000_bzip2__instcount_plainmodel,1000,14818,1.0881,1.94,0.080767,[.00
A2C_25000_bzip2__instcount_plainmodel,1000,15039,1.0708,1.91,0.083665,[.00
A2C_25000_bzip2__instcount_plainmodel,1000,20210,0.6669,1.42,0.046214,[.00
A2C_25000_bzip2__instcount_plainmodel,1000,15968,0.9982,1.80,0.070462,[.00
A2C_25000_bzip2__instcount_plainmodel,1000,37143,-0.6557,0.77,0.078049,[.00
A2C_25000_bzip2__instcount_plainmodel,1000,17935,0.8446,1.60,0.084239,[.00
A2C_25000_bzip2__instcount_plainmodel,1000,21997,0.5273,1.30,0.048654,[.00
A2C_25000_bzip2__instcount_plainmodel,1000,17431,0.8840,1.64,0.070637,[.00
A2C_25000_bzip2__instcount_plainmodel,1000,31007,-0.1764,0.92,0.082652,[.00
A2C_25000_bzip2__instcount_plainmodel,1000,21482,0.5675,1.33,0.048658,[.00
A2C_25000_bzip2__instcount_plainmodel,1000,15932,1.0010,1.80,0.093336,[.00
A2C_25000_bzip2__instcount_plainmodel,1000,22561,0.4832,1.27,0.049921,[.00
A2C_25000_bzip2__instcount_plainmodel,1000,14797,1.0897,1.94,0.071907,[.00
A2C_25000_bzip2__instcount_plainmodel,1000,30025,-0.0997,0.95,0.051162,[.00
A2C_25000_bzip2__instcount_plainmodel,1000,22077,0.5210,1.30,0.067469,[.00
A2C_25000_bzip2__instcount_plainmodel,1000,23790,0.3872,1.20,0.052667,[.00
A2C_25000_bzip2__instcount_plainmodel,1000,29293,-0.0425,0.98,0.048169,[.00
A2C_25000_bzip2__instcount_plainmodel,2000,17208,0.9014,1.67,0.078861,[.00
A2C_25000_bzip2__instcount_plainmodel,2000,17584,0.8720,1.63,0.058191,[.00
A2C_25000_bzip2__instcount_plainmodel,2000,15388,1.0435,1.86,0.078017,[.00
A2C_25000_bzip2__instcount_plainmodel,2000,17421,0.8847,1.65,0.067824,[.00
A2C_25000_bzip2__instcount_plainmodel,2000,15279,1.0521,1.88,0.068855,[.00
A2C_25000_bzip2__instcount_plainmodel,2000,15362,1.0456,1.87,0.072264,[.00
A2C_25000_bzip2__instcount_plainmodel,2000,14333,1.1259,2.00,0.080553,[.00
A2C_25000_bzip2__instcount_plainmodel,2000,19626,0.7125,1.46,0.072731,[.00
A2C_25000_bzip2__instcount_plainmodel,2000,14954,1.0774,1.92,0.063018,[.00
A2C_25000_bzip2__instcount_plainmodel,2000,15733,1.0166,1.82,0.069143,[.00
A2C_25000_bzip2__instcount_plainmodel,2000,15854,1.0071,1.81,0.072903,[.00
A2C_25000_bzip2__instcount_plainmodel,2000,14210,1.1356,2.02,0.079177,[.00
A2C_25000_bzip2__instcount_plainmodel,2000,15764,1.0142,1.82,0.073346,[.00
A2C_25000_bzip2__instcount_plainmodel,2000,14952,1.0776,1.92,0.069511,[.00
A2C_25000_bzip2__instcount_plainmodel,2000,22796,0.4649,1.26,0.053456,[.00
A2C_25000_bzip2__instcount_plainmodel,2000,14487,1.1139,1.98,0.085083,[.00
A2C_25000_bzip2__instcount_plainmodel,2000,13786,1.1687,2.08,0.079986,[.00
A2C_25000_bzip2__instcount_plainmodel,2000,15239,1.0552,1.88,0.079494,[.00
A2C_25000_bzip2__instcount_plainmodel,2000,16051,0.9917,1.79,0.08159,[.00
A2C_25000_bzip2__instcount_plainmodel,2000,15405,1.0422,1.86,0.071532,[.00
A2C_25000_bzip2__instcount_plainmodel,2000,14389,1.1216,1.99,0.083234,[.00
A2C_25000_bzip2__instcount_plainmodel,2000,15981,0.9972,1.79,0.085116,[.00
A2C_25000_bzip2__instcount_plainmodel,2000,14802,1.0893,1.94,0.079295,[.00
A2C_25000_bzip2__instcount_plainmodel,2000,18609,0.7919,1.54,0.082577,[.00
A2C_25000_bzip2__instcount_plainmodel,2000,14048,1.1482,2.04,0.087623,[.00
A2C_25000_bzip2__instcount_plainmodel,2000,16677,0.9428,1.72,0.064038,[.00
A2C_25000_bzip2__instcount_plainmodel,2000,15667,1.0217,1.83,0.077143,[.00
A2C_25000_bzip2__instcount_plainmodel,2000,15053,1.0697,1.90,0.069329,[.00
A2C_25000_bzip2__instcount_plainmodel,2000,17809,0.8544,1.61,0.08518,[.00
A2C_25000_bzip2__instcount_plainmodel,2000,13899,1.1598,2.06,0.080694,[.00
A2C_25000_bzip2__instcount_plainmodel,2000,15694,1.0196,1.83,0.069413,[.00
A2C_25000_bzip2__instcount_plainmodel,2000,22115,0.5181,1.29,0.048592,[.00
A2C_25000_bzip2__instcount_plainmodel,2000,22210,0.5107,1.29,0.049507,[.00
A2C_25000_bzip2__instcount_plainmodel,2000,15291,1.0511,1.88,0.092129,[.00
A2C_25000_bzip2__instcount_plainmodel,2000,16108,0.9873,1.78,0.078436,[.00
A2C_25000_bzip2__instcount_plainmodel,2000,17657,0.8663,1.62,0.091625,[.00
A2C_25000_bzip2__instcount_plainmodel,2000,15064,1.0688,1.90,0.071956,[.00
A2C_25000_bzip2__instcount_plainmodel,2000,15759,1.0146,1.82,0.070903,[.00
A2C_25000_bzip2__instcount_plainmodel,2000,21924,0.5330,1.31,0.046261,[.00
A2C_25000_bzip2__instcount_plainmodel,2000,14405,1.1203,1.99,0.070225,[.00
A2C_25000_bzip2__instcount_plainmodel,2000,15165,1.0610,1.89,0.081502,[.00
A2C_25000_bzip2__instcount_plainmodel,2000,18222,0.8222,1.57,0.049104,[.00
A2C_25000_bzip2__instcount_plainmodel,2000,15203,1.0580,1.89,0.069026,[.00
A2C_25000_bzip2__instcount_plainmodel,2000,14673,1.0994,1.95,0.067612,[.00
A2C_25000_bzip2__instcount_plainmodel,2000,21678,0.5522,1.32,0.051026,[.00
A2C_25000_bzip2__instcount_plainmodel,2000,15895,1.0039,1.80,0.085402,[.00
A2C_25000_bzip2__instcount_plainmodel,2000,15438,1.0396,1.86,0.067565,[.00
A2C_25000_bzip2__instcount_plainmodel,2000,15216,1.0570,1.88,0.067926,[.00
A2C_25000_bzip2__instcount_plainmodel,2000,22340,0.5005,1.28,0.046213,[.00
A2C_25000_bzip2__instcount_plainmodel,2000,15646,1.0234,1.83,0.066898,[.00
A2C_25000_bzip2__instcount_plainmodel,2000,13848,1.1638,2.07,0.088727,[.00
A2C_25000_bzip2__instcount_plainmodel,2000,15688,1.0201,1.83,0.068057,[.00
A2C_25000_bzip2__instcount_plainmodel,2000,14611,1.1042,1.96,0.081318,[.00
A2C_25000_bzip2__instcount_plainmodel,2000,19432,0.7276,1.47,0.067675,[.00
A2C_25000_bzip2__instcount_plainmodel,2000,13968,1.1545,2.05,0.083049,[.00
A2C_25000_bzip2__instcount_plainmodel,2000,15775,1.0133,1.82,0.068463,[.00
A2C_25000_bzip2__instcount_plainmodel,2000,15449,1.0388,1.86,0.07521,[.00
A2C_25000_bzip2__instcount_plainmodel,2000,14928,1.0795,1.92,0.070095,[.00
A2C_25000_bzip2__instcount_plainmodel,2000,13869,1.1622,2.07,0.08409,[.00
A2C_25000_bzip2__instcount_plainmodel,2000,15089,1.0669,1.90,0.069656,[.00
A2C_25000_bzip2__instcount_plainmodel,2000,15232,1.0557,1.88,0.068288,[.00
A2C_25000_bzip2__instcount_plainmodel,2000,15375,1.0446,1.86,0.06826,[.00
A2C_25000_bzip2__instcount_plainmodel,2000,15599,1.0271,1.84,0.078962,[.00
A2C_25000_bzip2__instcount_plainmodel,2000,14803,1.0892,1.94,0.07852,[.00
A2C_25000_bzip2__instcount_plainmodel,2000,14936,1.0788,1.92,0.082059,[.00
A2C_25000_bzip2__instcount_plainmodel,2000,15601,1.0269,1.84,0.081572,[.00
A2C_25000_bzip2__instcount_plainmodel,2000,18576,0.7945,1.54,0.070924,[.00
A2C_25000_bzip2__instcount_plainmodel,2000,15932,1.0010,1.80,0.045632,[.00
A2C_25000_bzip2__instcount_plainmodel,2000,22758,0.4678,1.26,0.046878,[.00
A2C_25000_bzip2__instcount_plainmodel,2000,17504,0.8783,1.64,0.044523,[.00
A2C_25000_bzip2__instcount_plainmodel,2000,16056,0.9914,1.79,0.103526,[.00
A2C_25000_bzip2__instcount_plainmodel,2000,18888,0.7701,1.52,0.048066,[.00
A2C_25000_bzip2__instcount_plainmodel,2000,17312,0.8932,1.66,0.081977,[.00
A2C_25000_bzip2__instcount_plainmodel,2000,15262,1.0534,1.88,0.068104,[.00
A2C_25000_bzip2__instcount_plainmodel,2000,13990,1.1527,2.05,0.086163,[.00
A2C_25000_bzip2__instcount_plainmodel,2000,20299,0.6599,1.41,0.048583,[.00
A2C_25000_bzip2__instcount_plainmodel,2000,14930,1.0793,1.92,0.072409,[.00
A2C_25000_bzip2__instcount_plainmodel,2000,16386,0.9656,1.75,0.046795,[.00
A2C_25000_bzip2__instcount_plainmodel,2000,14990,1.0746,1.91,0.06769,[.00
A2C_25000_bzip2__instcount_plainmodel,2000,14352,1.1245,2.00,0.079612,[.00
A2C_25000_bzip2__instcount_plainmodel,2000,14757,1.0928,1.94,0.084388,[.00
A2C_25000_bzip2__instcount_plainmodel,2000,13939,1.1567,2.06,0.077876,[.00
A2C_25000_bzip2__instcount_plainmodel,2000,14508,1.1123,1.98,0.080424,[.00
A2C_25000_bzip2__instcount_plainmodel,2000,14493,1.1134,1.98,0.079178,[.00
A2C_25000_bzip2__instcount_plainmodel,2000,15392,1.0432,1.86,0.08148,[.00
A2C_25000_bzip2__instcount_plainmodel,2000,16006,0.9953,1.79,0.078825,[.00
A2C_25000_bzip2__instcount_plainmodel,2000,14399,1.1208,1.99,0.085562,[.00
A2C_25000_bzip2__instcount_plainmodel,2000,15355,1.0461,1.87,0.078742,[.00
A2C_25000_bzip2__instcount_plainmodel,2000,17097,0.9100,1.68,0.080061,[.00
A2C_25000_bzip2__instcount_plainmodel,2000,15599,1.0271,1.84,0.081356,[.00
A2C_25000_bzip2__instcount_plainmodel,2000,18362,0.8112,1.56,0.071398,[.00
A2C_25000_bzip2__instcount_plainmodel,2000,14420,1.1192,1.99,0.080088,[.00
A2C_25000_bzip2__instcount_plainmodel,2000,15647,1.0233,1.83,0.071196,[.00
A2C_25000_bzip2__instcount_plainmodel,2000,18934,0.7665,1.51,0.046101,[.00
A2C_25000_bzip2__instcount_plainmodel,2000,14469,1.1153,1.98,0.078411,[.00
A2C_25000_bzip2__instcount_plainmodel,2000,14315,1.1274,2.00,0.079155,[.00
A2C_25000_bzip2__instcount_plainmodel,2000,25040,0.2896,1.14,0.048117,[.00
A2C_25000_bzip2__instcount_plainmodel,2000,16294,0.9728,1.76,0.065876,[.00
A2C_25000_bzip2__instcount_plainmodel,2000,14631,1.1027,1.96,0.082963,[.00
A2C_25000_bzip2__instcount_plainmodel,2000,15704,1.0189,1.83,0.070154,[.00
A2C_25000_bzip2__instcount_plainmodel,3000,14204,1.1360,2.02,0.081633,[.00
A2C_25000_bzip2__instcount_plainmodel,3000,15198,1.0584,1.89,0.079866,[.00
A2C_25000_bzip2__instcount_plainmodel,3000,13830,1.1652,2.07,0.080156,[.00
A2C_25000_bzip2__instcount_plainmodel,3000,15996,0.9960,1.79,0.08075,[.00
A2C_25000_bzip2__instcount_plainmodel,3000,14894,1.0821,1.93,0.094399,[.00
A2C_25000_bzip2__instcount_plainmodel,3000,17215,0.9008,1.66,0.047513,[.00
A2C_25000_bzip2__instcount_plainmodel,3000,16546,0.9531,1.73,0.051617,[.00
A2C_25000_bzip2__instcount_plainmodel,3000,17153,0.9057,1.67,0.048616,[.00
A2C_25000_bzip2__instcount_plainmodel,3000,14874,1.0837,1.93,0.065506,[.00
A2C_25000_bzip2__instcount_plainmodel,3000,16778,0.9350,1.71,0.045998,[.00
A2C_25000_bzip2__instcount_plainmodel,3000,14516,1.1117,1.98,0.080584,[.00
A2C_25000_bzip2__instcount_plainmodel,3000,21459,0.5693,1.33,0.046706,[.00
A2C_25000_bzip2__instcount_plainmodel,3000,13997,1.1522,2.05,0.080634,[.00
A2C_25000_bzip2__instcount_plainmodel,3000,17230,0.8997,1.66,0.045447,[.00
A2C_25000_bzip2__instcount_plainmodel,3000,14205,1.1359,2.02,0.078293,[.00
A2C_25000_bzip2__instcount_plainmodel,3000,14736,1.0945,1.95,0.084297,[.00
A2C_25000_bzip2__instcount_plainmodel,3000,18847,0.7733,1.52,0.046186,[.00
A2C_25000_bzip2__instcount_plainmodel,3000,13933,1.1572,2.06,0.082625,[.00
A2C_25000_bzip2__instcount_plainmodel,3000,13896,1.1601,2.06,0.08314,[.00
A2C_25000_bzip2__instcount_plainmodel,3000,21280,0.5833,1.35,0.04787,[.00
A2C_25000_bzip2__instcount_plainmodel,3000,15374,1.0446,1.86,0.07096,[.00
A2C_25000_bzip2__instcount_plainmodel,3000,14979,1.0755,1.91,0.077029,[.00
A2C_25000_bzip2__instcount_plainmodel,3000,14261,1.1316,2.01,0.081377,[.00
A2C_25000_bzip2__instcount_plainmodel,3000,13993,1.1525,2.05,0.099244,[.00
A2C_25000_bzip2__instcount_plainmodel,3000,16310,0.9715,1.76,0.085141,[.00
A2C_25000_bzip2__instcount_plainmodel,3000,14247,1.1327,2.01,0.083695,[.00
A2C_25000_bzip2__instcount_plainmodel,3000,14548,1.1092,1.97,0.069498,[.00
A2C_25000_bzip2__instcount_plainmodel,3000,17547,0.8749,1.63,0.067601,[.00
A2C_25000_bzip2__instcount_plainmodel,3000,16757,0.9366,1.71,0.047765,[.00
A2C_25000_bzip2__instcount_plainmodel,3000,15441,1.0394,1.86,0.068309,[.00
A2C_25000_bzip2__instcount_plainmodel,3000,15563,1.0299,1.84,0.086281,[.00
A2C_25000_bzip2__instcount_plainmodel,3000,21424,0.5720,1.34,0.045876,[.00
A2C_25000_bzip2__instcount_plainmodel,3000,14608,1.1045,1.96,0.068367,[.00
A2C_25000_bzip2__instcount_plainmodel,3000,15738,1.0162,1.82,0.086966,[.00
A2C_25000_bzip2__instcount_plainmodel,3000,14604,1.1048,1.96,0.079564,[.00
A2C_25000_bzip2__instcount_plainmodel,3000,13915,1.1586,2.06,0.083724,[.00
A2C_25000_bzip2__instcount_plainmodel,3000,15543,1.0314,1.84,0.079059,[.00
A2C_25000_bzip2__instcount_plainmodel,3000,15304,1.0501,1.87,0.085109,[.00
A2C_25000_bzip2__instcount_plainmodel,3000,16541,0.9535,1.73,0.045005,[.00
A2C_25000_bzip2__instcount_plainmodel,3000,17894,0.8478,1.60,0.046887,[.00
A2C_25000_bzip2__instcount_plainmodel,3000,14224,1.1345,2.02,0.085828,[.00
A2C_25000_bzip2__instcount_plainmodel,3000,14024,1.1501,2.04,0.088102,[.00
A2C_25000_bzip2__instcount_plainmodel,3000,13797,1.1678,2.08,0.083631,[.00
A2C_25000_bzip2__instcount_plainmodel,3000,15147,1.0624,1.89,0.070191,[.00
A2C_25000_bzip2__instcount_plainmodel,3000,13878,1.1615,2.07,0.08056,[.00
A2C_25000_bzip2__instcount_plainmodel,3000,19411,0.7293,1.48,0.043664,[.00
A2C_25000_bzip2__instcount_plainmodel,3000,14114,1.1431,2.03,0.083065,[.00
A2C_25000_bzip2__instcount_plainmodel,3000,13798,1.1677,2.08,0.08022,[.00
A2C_25000_bzip2__instcount_plainmodel,3000,14113,1.1431,2.03,0.071004,[.00
A2C_25000_bzip2__instcount_plainmodel,3000,14545,1.1094,1.97,0.066971,[.00
A2C_25000_bzip2__instcount_plainmodel,3000,21540,0.5630,1.33,0.048564,[.00
A2C_25000_bzip2__instcount_plainmodel,3000,14956,1.0773,1.92,0.0709,[.00
A2C_25000_bzip2__instcount_plainmodel,3000,14193,1.1369,2.02,0.082013,[.00
A2C_25000_bzip2__instcount_plainmodel,3000,14824,1.0876,1.93,0.083206,[.00
A2C_25000_bzip2__instcount_plainmodel,3000,13954,1.1556,2.06,0.079972,[.00
A2C_25000_bzip2__instcount_plainmodel,3000,16640,0.9457,1.72,0.046141,[.00
A2C_25000_bzip2__instcount_plainmodel,3000,14213,1.1353,2.02,0.072367,[.00
A2C_25000_bzip2__instcount_plainmodel,3000,13588,1.1841,2.11,0.081598,[.00
A2C_25000_bzip2__instcount_plainmodel,3000,13914,1.1587,2.06,0.077468,[.00
A2C_25000_bzip2__instcount_plainmodel,3000,16778,0.9350,1.71,0.043974,[.00
A2C_25000_bzip2__instcount_plainmodel,3000,13900,1.1598,2.06,0.078646,[.00
A2C_25000_bzip2__instcount_plainmodel,3000,13755,1.1711,2.09,0.082722,[.00
A2C_25000_bzip2__instcount_plainmodel,3000,13727,1.1733,2.09,0.081228,[.00
A2C_25000_bzip2__instcount_plainmodel,3000,14044,1.1485,2.04,0.080709,[.00
A2C_25000_bzip2__instcount_plainmodel,3000,14798,1.0896,1.94,0.07682,[.00
A2C_25000_bzip2__instcount_plainmodel,3000,14120,1.1426,2.03,0.078657,[.00
A2C_25000_bzip2__instcount_plainmodel,3000,14122,1.1424,2.03,0.080484,[.00
A2C_25000_bzip2__instcount_plainmodel,3000,21597,0.5585,1.33,0.046824,[.00
A2C_25000_bzip2__instcount_plainmodel,3000,13608,1.1826,2.11,0.084166,[.00
A2C_25000_bzip2__instcount_plainmodel,3000,21973,0.5292,1.30,0.047011,[.00
A2C_25000_bzip2__instcount_plainmodel,3000,28434,0.0245,1.01,0.045815,[.00
A2C_25000_bzip2__instcount_plainmodel,3000,20259,0.6630,1.41,0.046023,[.00
A2C_25000_bzip2__instcount_plainmodel,3000,15818,1.0099,1.81,0.070135,[.00
A2C_25000_bzip2__instcount_plainmodel,3000,13991,1.1527,2.05,0.08133,[.00
A2C_25000_bzip2__instcount_plainmodel,3000,14074,1.1462,2.04,0.082086,[.00
A2C_25000_bzip2__instcount_plainmodel,3000,15295,1.0508,1.87,0.066914,[.00
A2C_25000_bzip2__instcount_plainmodel,3000,21895,0.5353,1.31,0.045356,[.00
A2C_25000_bzip2__instcount_plainmodel,3000,14221,1.1347,2.02,0.081495,[.00
A2C_25000_bzip2__instcount_plainmodel,3000,16737,0.9382,1.71,0.045389,[.00
A2C_25000_bzip2__instcount_plainmodel,3000,14286,1.1296,2.01,0.079315,[.00
A2C_25000_bzip2__instcount_plainmodel,3000,13754,1.1712,2.09,0.085548,[.00
A2C_25000_bzip2__instcount_plainmodel,3000,14428,1.1185,1.99,0.072716,[.00
A2C_25000_bzip2__instcount_plainmodel,3000,21600,0.5583,1.33,0.046379,[.00
A2C_25000_bzip2__instcount_plainmodel,3000,14118,1.1427,2.03,0.084137,[.00
A2C_25000_bzip2__instcount_plainmodel,3000,13714,1.1743,2.09,0.080273,[.00
A2C_25000_bzip2__instcount_plainmodel,3000,16955,0.9211,1.69,0.064075,[.00
A2C_25000_bzip2__instcount_plainmodel,3000,13753,1.1713,2.09,0.086577,[.00
A2C_25000_bzip2__instcount_plainmodel,3000,16420,0.9629,1.75,0.077048,[.00
A2C_25000_bzip2__instcount_plainmodel,3000,15632,1.0245,1.83,0.077373,[.00
A2C_25000_bzip2__instcount_plainmodel,3000,14425,1.1188,1.99,0.082206,[.00
A2C_25000_bzip2__instcount_plainmodel,3000,21545,0.5626,1.33,0.045666,[.00
A2C_25000_bzip2__instcount_plainmodel,3000,16721,0.9394,1.71,0.045927,[.00
A2C_25000_bzip2__instcount_plainmodel,3000,21562,0.5613,1.33,0.047596,[.00
A2C_25000_bzip2__instcount_plainmodel,3000,15418,1.0412,1.86,0.070123,[.00
A2C_25000_bzip2__instcount_plainmodel,3000,16201,0.9800,1.77,0.046111,[.00
A2C_25000_bzip2__instcount_plainmodel,3000,28742,0.0004,1.00,0.086055,[.00
A2C_25000_bzip2__instcount_plainmodel,3000,13980,1.1535,2.05,0.085166,[.00
A2C_25000_bzip2__instcount_plainmodel,3000,21808,0.5421,1.31,0.05104,[.00
A2C_25000_bzip2__instcount_plainmodel,3000,13720,1.1738,2.09,0.080147,[.00
A2C_25000_bzip2__instcount_plainmodel,3000,17450,0.8825,1.64,0.084297,[.00
A2C_25000_bzip2__instcount_plainmodel,4000,14750,1.0934,1.94,0.080385,[.00
A2C_25000_bzip2__instcount_plainmodel,4000,22145,0.5157,1.29,0.046003,[.00
A2C_25000_bzip2__instcount_plainmodel,4000,14662,1.1002,1.96,0.077695,[.00
A2C_25000_bzip2__instcount_plainmodel,4000,15051,1.0699,1.91,0.081464,[.00
A2C_25000_bzip2__instcount_plainmodel,4000,14645,1.1016,1.96,0.079035,[.00
A2C_25000_bzip2__instcount_plainmodel,4000,13776,1.1695,2.08,0.077492,[.00
A2C_25000_bzip2__instcount_plainmodel,4000,15296,1.0507,1.87,0.077819,[.00
A2C_25000_bzip2__instcount_plainmodel,4000,16865,0.9282,1.70,0.045612,[.00
A2C_25000_bzip2__instcount_plainmodel,4000,16516,0.9554,1.74,0.045121,[.00
A2C_25000_bzip2__instcount_plainmodel,4000,16776,0.9351,1.71,0.045906,[.00
A2C_25000_bzip2__instcount_plainmodel,4000,15310,1.0496,1.87,0.076244,[.00
A2C_25000_bzip2__instcount_plainmodel,4000,15130,1.0637,1.90,0.076718,[.00
A2C_25000_bzip2__instcount_plainmodel,4000,14160,1.1395,2.03,0.079082,[.00
A2C_25000_bzip2__instcount_plainmodel,4000,17118,0.9084,1.67,0.046938,[.00
A2C_25000_bzip2__instcount_plainmodel,4000,14592,1.1057,1.97,0.0832,[.00
A2C_25000_bzip2__instcount_plainmodel,4000,14789,1.0903,1.94,0.077289,[.00
A2C_25000_bzip2__instcount_plainmodel,4000,19756,0.7023,1.45,0.083385,[.00
A2C_25000_bzip2__instcount_plainmodel,4000,21635,0.5556,1.32,0.048622,[.00
A2C_25000_bzip2__instcount_plainmodel,4000,21488,0.5670,1.33,0.04815,[.00
A2C_25000_bzip2__instcount_plainmodel,4000,15549,1.0310,1.84,0.075311,[.00
A2C_25000_bzip2__instcount_plainmodel,4000,14108,1.1435,2.03,0.074598,[.00
A2C_25000_bzip2__instcount_plainmodel,4000,21374,0.5760,1.34,0.049391,[.00
A2C_25000_bzip2__instcount_plainmodel,4000,14763,1.0924,1.94,0.079703,[.00
A2C_25000_bzip2__instcount_plainmodel,4000,14238,1.1334,2.01,0.080088,[.00
A2C_25000_bzip2__instcount_plainmodel,4000,15910,1.0028,1.80,0.080743,[.00
A2C_25000_bzip2__instcount_plainmodel,4000,15327,1.0483,1.87,0.074264,[.00
A2C_25000_bzip2__instcount_plainmodel,4000,14991,1.0745,1.91,0.081108,[.00
A2C_25000_bzip2__instcount_plainmodel,4000,14088,1.1451,2.04,0.083029,[.00
A2C_25000_bzip2__instcount_plainmodel,4000,17381,0.8879,1.65,0.046515,[.00
A2C_25000_bzip2__instcount_plainmodel,4000,15315,1.0492,1.87,0.085222,[.00
A2C_25000_bzip2__instcount_plainmodel,4000,15958,0.9990,1.80,0.09022,[.00
A2C_25000_bzip2__instcount_plainmodel,4000,13850,1.1637,2.07,0.082428,[.00
A2C_25000_bzip2__instcount_plainmodel,4000,13846,1.1640,2.07,0.08144,[.00
A2C_25000_bzip2__instcount_plainmodel,4000,17472,0.8807,1.64,0.045962,[.00
A2C_25000_bzip2__instcount_plainmodel,4000,15711,1.0183,1.82,0.082566,[.00
A2C_25000_bzip2__instcount_plainmodel,4000,14284,1.1298,2.01,0.084409,[.00
A2C_25000_bzip2__instcount_plainmodel,4000,15034,1.0712,1.91,0.075424,[.00
A2C_25000_bzip2__instcount_plainmodel,4000,18279,0.8177,1.57,0.048044,[.00
A2C_25000_bzip2__instcount_plainmodel,4000,14624,1.1032,1.96,0.073596,[.00
A2C_25000_bzip2__instcount_plainmodel,4000,14976,1.0757,1.91,0.076319,[.00
A2C_25000_bzip2__instcount_plainmodel,4000,14092,1.1448,2.04,0.08334,[.00
A2C_25000_bzip2__instcount_plainmodel,4000,17280,0.8957,1.66,0.046601,[.00
A2C_25000_bzip2__instcount_plainmodel,4000,15200,1.0582,1.89,0.079709,[.00
A2C_25000_bzip2__instcount_plainmodel,4000,21562,0.5613,1.33,0.04584,[.00
A2C_25000_bzip2__instcount_plainmodel,4000,17509,0.8779,1.64,0.047142,[.00
A2C_25000_bzip2__instcount_plainmodel,4000,16669,0.9435,1.72,0.046342,[.00
A2C_25000_bzip2__instcount_plainmodel,4000,16750,0.9371,1.71,0.046411,[.00
A2C_25000_bzip2__instcount_plainmodel,4000,17337,0.8913,1.65,0.046912,[.00
A2C_25000_bzip2__instcount_plainmodel,4000,14583,1.1064,1.97,0.079158,[.00
A2C_25000_bzip2__instcount_plainmodel,4000,14612,1.1042,1.96,0.078237,[.00
A2C_25000_bzip2__instcount_plainmodel,4000,13998,1.1521,2.05,0.082203,[.00
A2C_25000_bzip2__instcount_plainmodel,4000,13803,1.1673,2.08,0.083154,[.00
A2C_25000_bzip2__instcount_plainmodel,4000,17451,0.8824,1.64,0.046742,[.00
A2C_25000_bzip2__instcount_plainmodel,4000,17332,0.8917,1.65,0.046934,[.00
A2C_25000_bzip2__instcount_plainmodel,4000,13880,1.1613,2.07,0.079359,[.00
A2C_25000_bzip2__instcount_plainmodel,4000,16809,0.9325,1.71,0.093409,[.00
A2C_25000_bzip2__instcount_plainmodel,4000,15839,1.0083,1.81,0.104297,[.00
A2C_25000_bzip2__instcount_plainmodel,4000,16841,0.9300,1.70,0.045443,[.00
A2C_25000_bzip2__instcount_plainmodel,4000,21863,0.5378,1.31,0.048316,[.00
A2C_25000_bzip2__instcount_plainmodel,4000,15050,1.0699,1.91,0.087588,[.00
A2C_25000_bzip2__instcount_plainmodel,4000,21566,0.5610,1.33,0.046203,[.00
A2C_25000_bzip2__instcount_plainmodel,4000,17303,0.8940,1.66,0.043851,[.00
A2C_25000_bzip2__instcount_plainmodel,4000,17047,0.9139,1.68,0.048385,[.00
A2C_25000_bzip2__instcount_plainmodel,4000,17147,0.9061,1.67,0.084674,[.00
A2C_25000_bzip2__instcount_plainmodel,4000,14680,1.0988,1.95,0.06971,[.00
A2C_25000_bzip2__instcount_plainmodel,4000,16809,0.9325,1.71,0.045165,[.00
A2C_25000_bzip2__instcount_plainmodel,4000,14465,1.1156,1.98,0.077024,[.00
A2C_25000_bzip2__instcount_plainmodel,4000,21476,0.5680,1.33,0.049793,[.00
A2C_25000_bzip2__instcount_plainmodel,4000,15017,1.0725,1.91,0.073387,[.00
A2C_25000_bzip2__instcount_plainmodel,4000,14193,1.1369,2.02,0.071133,[.00
A2C_25000_bzip2__instcount_plainmodel,4000,21477,0.5679,1.33,0.045808,[.00
A2C_25000_bzip2__instcount_plainmodel,4000,15486,1.0359,1.85,0.078435,[.00
A2C_25000_bzip2__instcount_plainmodel,4000,16214,0.9790,1.77,0.083683,[.00
A2C_25000_bzip2__instcount_plainmodel,4000,16698,0.9412,1.72,0.045136,[.00
A2C_25000_bzip2__instcount_plainmodel,4000,15531,1.0324,1.85,0.063768,[.00
A2C_25000_bzip2__instcount_plainmodel,4000,13885,1.1609,2.07,0.088576,[.00
A2C_25000_bzip2__instcount_plainmodel,4000,15059,1.0692,1.90,0.076903,[.00
A2C_25000_bzip2__instcount_plainmodel,4000,21554,0.5619,1.33,0.046796,[.00
A2C_25000_bzip2__instcount_plainmodel,4000,17262,0.8972,1.66,0.046683,[.00
A2C_25000_bzip2__instcount_plainmodel,4000,15752,1.0151,1.82,0.079449,[.00
A2C_25000_bzip2__instcount_plainmodel,4000,17150,0.9059,1.67,0.047458,[.00
A2C_25000_bzip2__instcount_plainmodel,4000,22076,0.5211,1.30,0.046917,[.00
A2C_25000_bzip2__instcount_plainmodel,4000,17385,0.8875,1.65,0.047431,[.00
A2C_25000_bzip2__instcount_plainmodel,4000,13616,1.1820,2.11,0.083914,[.00
A2C_25000_bzip2__instcount_plainmodel,4000,14728,1.0951,1.95,0.076417,[.00
A2C_25000_bzip2__instcount_plainmodel,4000,15622,1.0253,1.84,0.079376,[.00
A2C_25000_bzip2__instcount_plainmodel,4000,16680,0.9426,1.72,0.087064,[.00
A2C_25000_bzip2__instcount_plainmodel,4000,21364,0.5767,1.34,0.051848,[.00
A2C_25000_bzip2__instcount_plainmodel,4000,15094,1.0665,1.90,0.076499,[.00
A2C_25000_bzip2__instcount_plainmodel,4000,15834,1.0087,1.81,0.081072,[.00
A2C_25000_bzip2__instcount_plainmodel,4000,14834,1.0868,1.93,0.072755,[.00
A2C_25000_bzip2__instcount_plainmodel,4000,22263,0.5065,1.29,0.045409,[.00
A2C_25000_bzip2__instcount_plainmodel,4000,14771,1.0917,1.94,0.07722,[.00
A2C_25000_bzip2__instcount_plainmodel,4000,16122,0.9862,1.78,0.069114,[.00
A2C_25000_bzip2__instcount_plainmodel,4000,28788,-0.0031,0.99,0.045828,[.00
A2C_25000_bzip2__instcount_plainmodel,4000,20002,0.6831,1.43,0.076165,[.00
A2C_25000_bzip2__instcount_plainmodel,4000,21610,0.5575,1.33,0.048555,[.00
A2C_25000_bzip2__instcount_plainmodel,4000,16019,0.9942,1.79,0.078047,[.00
A2C_25000_bzip2__instcount_plainmodel,4000,14093,1.1447,2.03,0.081018,[.00
A2C_25000_bzip2__instcount_plainmodel,4000,16679,0.9427,1.72,0.044477,[.00
A2C_25000_bzip2__instcount_plainmodel,5000,15378,1.0443,1.86,0.078684,[.00
A2C_25000_bzip2__instcount_plainmodel,5000,28021,0.0567,1.02,0.049266,[.00
A2C_25000_bzip2__instcount_plainmodel,5000,15698,1.0193,1.83,0.077657,[.00
A2C_25000_bzip2__instcount_plainmodel,5000,21512,0.5652,1.33,0.046637,[.00
A2C_25000_bzip2__instcount_plainmodel,5000,14069,1.1466,2.04,0.083136,[.00
A2C_25000_bzip2__instcount_plainmodel,5000,14676,1.0992,1.95,0.076049,[.00
A2C_25000_bzip2__instcount_plainmodel,5000,17216,0.9007,1.66,0.045961,[.00
A2C_25000_bzip2__instcount_plainmodel,5000,21272,0.5839,1.35,0.046725,[.00
A2C_25000_bzip2__instcount_plainmodel,5000,13858,1.1630,2.07,0.086463,[.00
A2C_25000_bzip2__instcount_plainmodel,5000,21553,0.5620,1.33,0.047117,[.00
A2C_25000_bzip2__instcount_plainmodel,5000,15761,1.0144,1.82,0.077346,[.00
A2C_25000_bzip2__instcount_plainmodel,5000,18554,0.7962,1.54,0.046745,[.00
A2C_25000_bzip2__instcount_plainmodel,5000,14020,1.1504,2.05,0.079997,[.00
A2C_25000_bzip2__instcount_plainmodel,5000,17286,0.8953,1.66,0.050767,[.00
A2C_25000_bzip2__instcount_plainmodel,5000,15607,1.0264,1.84,0.080298,[.00
A2C_25000_bzip2__instcount_plainmodel,5000,17138,0.9068,1.67,0.04571,[.00
A2C_25000_bzip2__instcount_plainmodel,5000,21476,0.5680,1.33,0.046038,[.00
A2C_25000_bzip2__instcount_plainmodel,5000,14876,1.0835,1.93,0.07904,[.00
A2C_25000_bzip2__instcount_plainmodel,5000,21549,0.5623,1.33,0.047181,[.00
A2C_25000_bzip2__instcount_plainmodel,5000,22625,0.4782,1.27,0.045349,[.00
A2C_25000_bzip2__instcount_plainmodel,5000,14898,1.0818,1.92,0.076798,[.00
A2C_25000_bzip2__instcount_plainmodel,5000,14870,1.0840,1.93,0.080494,[.00
A2C_25000_bzip2__instcount_plainmodel,5000,22679,0.4740,1.26,0.045839,[.00
A2C_25000_bzip2__instcount_plainmodel,5000,14347,1.1249,2.00,0.084255,[.00
A2C_25000_bzip2__instcount_plainmodel,5000,27444,0.1018,1.04,0.046907,[.00
A2C_25000_bzip2__instcount_plainmodel,5000,17201,0.9019,1.67,0.045448,[.00
A2C_25000_bzip2__instcount_plainmodel,5000,17373,0.8885,1.65,0.045156,[.00
A2C_25000_bzip2__instcount_plainmodel,5000,13925,1.1578,2.06,0.084211,[.00
A2C_25000_bzip2__instcount_plainmodel,5000,17084,0.9111,1.68,0.045794,[.00
A2C_25000_bzip2__instcount_plainmodel,5000,14056,1.1476,2.04,0.085354,[.00
A2C_25000_bzip2__instcount_plainmodel,5000,21555,0.5618,1.33,0.04606,[.00
A2C_25000_bzip2__instcount_plainmodel,5000,21562,0.5613,1.33,0.048541,[.00
A2C_25000_bzip2__instcount_plainmodel,5000,21759,0.5459,1.32,0.046207,[.00
A2C_25000_bzip2__instcount_plainmodel,5000,14711,1.0964,1.95,0.076841,[.00
A2C_25000_bzip2__instcount_plainmodel,5000,14028,1.1498,2.04,0.085199,[.00
A2C_25000_bzip2__instcount_plainmodel,5000,16360,0.9676,1.75,0.044864,[.00
A2C_25000_bzip2__instcount_plainmodel,5000,15737,1.0163,1.82,0.08012,[.00
A2C_25000_bzip2__instcount_plainmodel,5000,17235,0.8993,1.66,0.045008,[.00
A2C_25000_bzip2__instcount_plainmodel,5000,21561,0.5613,1.33,0.048485,[.00
A2C_25000_bzip2__instcount_plainmodel,5000,19404,0.7298,1.48,0.082083,[.00
A2C_25000_bzip2__instcount_plainmodel,5000,15742,1.0159,1.82,0.076304,[.00
A2C_25000_bzip2__instcount_plainmodel,5000,13423,1.1970,2.14,0.07893,[.00
A2C_25000_bzip2__instcount_plainmodel,5000,15557,1.0303,1.84,0.075447,[.00
A2C_25000_bzip2__instcount_plainmodel,5000,16690,0.9418,1.72,0.045593,[.00
A2C_25000_bzip2__instcount_plainmodel,5000,14268,1.1310,2.01,0.087397,[.00
A2C_25000_bzip2__instcount_plainmodel,5000,14046,1.1484,2.04,0.083945,[.00
A2C_25000_bzip2__instcount_plainmodel,5000,16594,0.9493,1.73,0.066791,[.00
A2C_25000_bzip2__instcount_plainmodel,5000,18499,0.8005,1.55,0.046534,[.00
A2C_25000_bzip2__instcount_plainmodel,5000,14245,1.1328,2.01,0.082833,[.00
A2C_25000_bzip2__instcount_plainmodel,5000,16845,0.9297,1.70,0.044255,[.00
A2C_25000_bzip2__instcount_plainmodel,5000,15225,1.0563,1.88,0.07933,[.00
A2C_25000_bzip2__instcount_plainmodel,5000,17172,0.9042,1.67,0.045437,[.00
A2C_25000_bzip2__instcount_plainmodel,5000,14756,1.0929,1.94,0.082088,[.00
A2C_25000_bzip2__instcount_plainmodel,5000,15007,1.0733,1.91,0.076973,[.00
A2C_25000_bzip2__instcount_plainmodel,5000,21605,0.5579,1.33,0.04809,[.00
A2C_25000_bzip2__instcount_plainmodel,5000,13940,1.1566,2.06,0.080529,[.00
A2C_25000_bzip2__instcount_plainmodel,5000,17164,0.9048,1.67,0.08463,[.00
A2C_25000_bzip2__instcount_plainmodel,5000,14684,1.0985,1.95,0.076045,[.00
A2C_25000_bzip2__instcount_plainmodel,5000,21372,0.5761,1.34,0.045836,[.00
A2C_25000_bzip2__instcount_plainmodel,5000,21410,0.5731,1.34,0.047652,[.00
A2C_25000_bzip2__instcount_plainmodel,5000,15874,1.0056,1.81,0.076144,[.00
A2C_25000_bzip2__instcount_plainmodel,5000,21568,0.5608,1.33,0.046514,[.00
A2C_25000_bzip2__instcount_plainmodel,5000,15702,1.0190,1.83,0.078225,[.00
A2C_25000_bzip2__instcount_plainmodel,5000,14060,1.1473,2.04,0.085328,[.00
A2C_25000_bzip2__instcount_plainmodel,5000,16497,0.9569,1.74,0.084384,[.00
A2C_25000_bzip2__instcount_plainmodel,5000,14988,1.0748,1.91,0.071952,[.00
A2C_25000_bzip2__instcount_plainmodel,5000,14693,1.0978,1.95,0.080231,[.00
A2C_25000_bzip2__instcount_plainmodel,5000,28404,0.0268,1.01,0.047618,[.00
A2C_25000_bzip2__instcount_plainmodel,5000,15749,1.0153,1.82,0.076834,[.00
A2C_25000_bzip2__instcount_plainmodel,5000,15663,1.0221,1.83,0.077348,[.00
A2C_25000_bzip2__instcount_plainmodel,5000,13990,1.1527,2.05,0.08343,[.00
A2C_25000_bzip2__instcount_plainmodel,5000,15642,1.0237,1.83,0.077439,[.00
A2C_25000_bzip2__instcount_plainmodel,5000,15545,1.0313,1.84,0.073388,[.00
A2C_25000_bzip2__instcount_plainmodel,5000,15147,1.0624,1.89,0.093394,[.00
A2C_25000_bzip2__instcount_plainmodel,5000,14384,1.1220,1.99,0.082393,[.00
A2C_25000_bzip2__instcount_plainmodel,5000,17213,0.9010,1.67,0.045109,[.00
A2C_25000_bzip2__instcount_plainmodel,5000,14700,1.0973,1.95,0.069227,[.00
A2C_25000_bzip2__instcount_plainmodel,5000,16650,0.9450,1.72,0.044689,[.00
A2C_25000_bzip2__instcount_plainmodel,5000,21451,0.5699,1.34,0.047874,[.00
A2C_25000_bzip2__instcount_plainmodel,5000,21557,0.5617,1.33,0.047404,[.00
A2C_25000_bzip2__instcount_plainmodel,5000,14862,1.0846,1.93,0.076517,[.00
A2C_25000_bzip2__instcount_plainmodel,5000,13991,1.1527,2.05,0.086097,[.00
A2C_25000_bzip2__instcount_plainmodel,5000,21505,0.5657,1.33,0.045799,[.00
A2C_25000_bzip2__instcount_plainmodel,5000,21421,0.5723,1.34,0.046837,[.00
A2C_25000_bzip2__instcount_plainmodel,5000,13995,1.1523,2.05,0.084858,[.00
A2C_25000_bzip2__instcount_plainmodel,5000,16638,0.9459,1.72,0.046466,[.00
A2C_25000_bzip2__instcount_plainmodel,5000,16515,0.9555,1.74,0.044603,[.00
A2C_25000_bzip2__instcount_plainmodel,5000,16513,0.9557,1.74,0.082906,[.00
A2C_25000_bzip2__instcount_plainmodel,5000,14185,1.1375,2.02,0.079884,[.00
A2C_25000_bzip2__instcount_plainmodel,5000,21389,0.5748,1.34,0.047843,[.00
A2C_25000_bzip2__instcount_plainmodel,5000,16931,0.9230,1.69,0.065996,[.00
A2C_25000_bzip2__instcount_plainmodel,5000,22788,0.4655,1.26,0.047978,[.00
A2C_25000_bzip2__instcount_plainmodel,5000,13807,1.1670,2.08,0.087167,[.00
A2C_25000_bzip2__instcount_plainmodel,5000,21376,0.5758,1.34,0.04661,[.00
A2C_25000_bzip2__instcount_plainmodel,5000,14360,1.1238,2.00,0.082118,[.00
A2C_25000_bzip2__instcount_plainmodel,5000,13916,1.1585,2.06,0.086581,[.00
A2C_25000_bzip2__instcount_plainmodel,5000,21360,0.5770,1.34,0.047881,[.00
A2C_25000_bzip2__instcount_plainmodel,5000,16113,0.9869,1.78,0.083375,[.00
A2C_25000_bzip2__instcount_plainmodel,5000,14016,1.1507,2.05,0.083883,[.00
A2C_25000_bzip2__instcount_plainmodel,5000,17143,0.9064,1.67,0.045583,[.00
A2C_25000_bzip2__instcount_plainmodel,6000,15935,1.0008,1.80,0.08117,[.00
A2C_25000_bzip2__instcount_plainmodel,6000,21513,0.5651,1.33,0.045368,[.00
A2C_25000_bzip2__instcount_plainmodel,6000,18652,0.7886,1.54,0.044783,[.00
A2C_25000_bzip2__instcount_plainmodel,6000,16124,0.9860,1.78,0.075864,[.00
A2C_25000_bzip2__instcount_plainmodel,6000,14795,1.0899,1.94,0.065738,[.00
A2C_25000_bzip2__instcount_plainmodel,6000,21471,0.5684,1.33,0.048311,[.00
A2C_25000_bzip2__instcount_plainmodel,6000,21486,0.5672,1.33,0.046437,[.00
A2C_25000_bzip2__instcount_plainmodel,6000,21490,0.5669,1.33,0.047949,[.00
A2C_25000_bzip2__instcount_plainmodel,6000,22157,0.5148,1.29,0.047192,[.00
A2C_25000_bzip2__instcount_plainmodel,6000,21465,0.5688,1.33,0.046333,[.00
A2C_25000_bzip2__instcount_plainmodel,6000,21479,0.5678,1.33,0.046483,[.00
A2C_25000_bzip2__instcount_plainmodel,6000,13782,1.1690,2.08,0.082549,[.00
A2C_25000_bzip2__instcount_plainmodel,6000,14175,1.1383,2.02,0.082056,[.00
A2C_25000_bzip2__instcount_plainmodel,6000,21515,0.5649,1.33,0.047891,[.00
A2C_25000_bzip2__instcount_plainmodel,6000,15602,1.0268,1.84,0.079274,[.00
A2C_25000_bzip2__instcount_plainmodel,6000,21508,0.5655,1.33,0.049102,[.00
A2C_25000_bzip2__instcount_plainmodel,6000,17201,0.9019,1.67,0.051588,[.00
A2C_25000_bzip2__instcount_plainmodel,6000,15395,1.0430,1.86,0.09654,[.00
A2C_25000_bzip2__instcount_plainmodel,6000,14092,1.1448,2.04,0.082496,[.00
A2C_25000_bzip2__instcount_plainmodel,6000,14289,1.1294,2.01,0.078447,[.00
A2C_25000_bzip2__instcount_plainmodel,6000,16495,0.9571,1.74,0.046829,[.00
A2C_25000_bzip2__instcount_plainmodel,6000,21648,0.5546,1.32,0.048577,[.00
A2C_25000_bzip2__instcount_plainmodel,6000,15059,1.0692,1.90,0.078735,[.00
A2C_25000_bzip2__instcount_plainmodel,6000,21317,0.5804,1.34,0.052166,[.00
A2C_25000_bzip2__instcount_plainmodel,6000,16480,0.9582,1.74,0.075107,[.00
A2C_25000_bzip2__instcount_plainmodel,6000,21596,0.5586,1.33,0.049033,[.00
A2C_25000_bzip2__instcount_plainmodel,6000,18448,0.8045,1.55,0.046479,[.00
A2C_25000_bzip2__instcount_plainmodel,6000,13824,1.1657,2.07,0.08185,[.00
A2C_25000_bzip2__instcount_plainmodel,6000,15468,1.0373,1.85,0.074295,[.00
A2C_25000_bzip2__instcount_plainmodel,6000,21501,0.5660,1.33,0.045814,[.00
A2C_25000_bzip2__instcount_plainmodel,6000,14031,1.1495,2.04,0.080579,[.00
A2C_25000_bzip2__instcount_plainmodel,6000,15897,1.0038,1.80,0.078395,[.00
A2C_25000_bzip2__instcount_plainmodel,6000,15711,1.0183,1.82,0.080827,[.00
A2C_25000_bzip2__instcount_plainmodel,6000,15511,1.0339,1.85,0.078414,[.00
A2C_25000_bzip2__instcount_plainmodel,6000,21475,0.5681,1.33,0.045743,[.00
A2C_25000_bzip2__instcount_plainmodel,6000,21499,0.5662,1.33,0.048647,[.00
A2C_25000_bzip2__instcount_plainmodel,6000,15580,1.0285,1.84,0.075051,[.00
A2C_25000_bzip2__instcount_plainmodel,6000,21809,0.5420,1.31,0.043985,[.00
A2C_25000_bzip2__instcount_plainmodel,6000,14632,1.1026,1.96,0.081544,[.00
A2C_25000_bzip2__instcount_plainmodel,6000,15562,1.0299,1.84,0.077131,[.00
A2C_25000_bzip2__instcount_plainmodel,6000,14291,1.1292,2.01,0.103195,[.00
A2C_25000_bzip2__instcount_plainmodel,6000,14541,1.1097,1.97,0.072502,[.00
A2C_25000_bzip2__instcount_plainmodel,6000,21501,0.5660,1.33,0.048112,[.00
A2C_25000_bzip2__instcount_plainmodel,6000,15539,1.0317,1.85,0.077685,[.00
A2C_25000_bzip2__instcount_plainmodel,6000,16068,0.9904,1.78,0.069121,[.00
A2C_25000_bzip2__instcount_plainmodel,6000,13982,1.1534,2.05,0.068693,[.00
A2C_25000_bzip2__instcount_plainmodel,6000,16650,0.9450,1.72,0.045635,[.00
A2C_25000_bzip2__instcount_plainmodel,6000,21503,0.5659,1.33,0.049734,[.00
A2C_25000_bzip2__instcount_plainmodel,6000,14853,1.0853,1.93,0.078829,[.00
A2C_25000_bzip2__instcount_plainmodel,6000,15730,1.0168,1.82,0.078287,[.00
A2C_25000_bzip2__instcount_plainmodel,6000,13423,1.1970,2.14,0.084437,[.00
A2C_25000_bzip2__instcount_plainmodel,6000,15613,1.0260,1.84,0.07446,[.00
A2C_25000_bzip2__instcount_plainmodel,6000,15588,1.0279,1.84,0.076581,[.00
A2C_25000_bzip2__instcount_plainmodel,6000,15582,1.0284,1.84,0.074642,[.00
A2C_25000_bzip2__instcount_plainmodel,6000,18956,0.7648,1.51,0.074137,[.00
A2C_25000_bzip2__instcount_plainmodel,6000,16516,0.9554,1.74,0.046609,[.00
A2C_25000_bzip2__instcount_plainmodel,6000,21487,0.5671,1.33,0.047687,[.00
A2C_25000_bzip2__instcount_plainmodel,6000,15721,1.0175,1.82,0.08103,[.00
A2C_25000_bzip2__instcount_plainmodel,6000,21508,0.5655,1.33,0.052663,[.00
A2C_25000_bzip2__instcount_plainmodel,6000,15196,1.0585,1.89,0.075787,[.00
A2C_25000_bzip2__instcount_plainmodel,6000,15288,1.0513,1.88,0.074826,[.00
A2C_25000_bzip2__instcount_plainmodel,6000,14073,1.1463,2.04,0.072001,[.00
A2C_25000_bzip2__instcount_plainmodel,6000,14863,1.0845,1.93,0.076137,[.00
A2C_25000_bzip2__instcount_plainmodel,6000,14848,1.0857,1.93,0.073662,[.00
A2C_25000_bzip2__instcount_plainmodel,6000,15626,1.0249,1.83,0.076038,[.00
A2C_25000_bzip2__instcount_plainmodel,6000,21326,0.5797,1.34,0.053282,[.00
A2C_25000_bzip2__instcount_plainmodel,6000,16564,0.9517,1.73,0.079347,[.00
A2C_25000_bzip2__instcount_plainmodel,6000,14811,1.0886,1.94,0.076228,[.00
A2C_25000_bzip2__instcount_plainmodel,6000,21817,0.5413,1.31,0.04745,[.00
A2C_25000_bzip2__instcount_plainmodel,6000,21499,0.5662,1.33,0.045318,[.00
A2C_25000_bzip2__instcount_plainmodel,6000,15078,1.0678,1.90,0.075397,[.00
A2C_25000_bzip2__instcount_plainmodel,6000,21483,0.5674,1.33,0.04639,[.00
A2C_25000_bzip2__instcount_plainmodel,6000,14632,1.1026,1.96,0.077388,[.00
A2C_25000_bzip2__instcount_plainmodel,6000,14089,1.1450,2.04,0.083124,[.00
A2C_25000_bzip2__instcount_plainmodel,6000,15809,1.0107,1.81,0.07869,[.00
A2C_25000_bzip2__instcount_plainmodel,6000,21505,0.5657,1.33,0.046632,[.00
A2C_25000_bzip2__instcount_plainmodel,6000,15797,1.0116,1.81,0.088653,[.00
A2C_25000_bzip2__instcount_plainmodel,6000,13980,1.1535,2.05,0.075107,[.00
A2C_25000_bzip2__instcount_plainmodel,6000,15783,1.0127,1.82,0.095273,[.00
A2C_25000_bzip2__instcount_plainmodel,6000,13975,1.1539,2.05,0.090942,[.00
A2C_25000_bzip2__instcount_plainmodel,6000,14921,1.0800,1.92,0.07708,[.00
A2C_25000_bzip2__instcount_plainmodel,6000,15157,1.0616,1.89,0.083995,[.00
A2C_25000_bzip2__instcount_plainmodel,6000,14667,1.0999,1.96,0.075621,[.00
A2C_25000_bzip2__instcount_plainmodel,6000,15537,1.0319,1.85,0.073122,[.00
A2C_25000_bzip2__instcount_plainmodel,6000,21477,0.5679,1.33,0.045896,[.00
A2C_25000_bzip2__instcount_plainmodel,6000,14910,1.0809,1.92,0.077073,[.00
A2C_25000_bzip2__instcount_plainmodel,6000,21352,0.5777,1.34,0.046279,[.00
A2C_25000_bzip2__instcount_plainmodel,6000,21409,0.5732,1.34,0.04842,[.00
A2C_25000_bzip2__instcount_plainmodel,6000,18327,0.8140,1.56,0.07996,[.00
A2C_25000_bzip2__instcount_plainmodel,6000,21561,0.5613,1.33,0.049531,[.00
A2C_25000_bzip2__instcount_plainmodel,6000,15602,1.0268,1.84,0.073584,[.00
A2C_25000_bzip2__instcount_plainmodel,6000,13677,1.1772,2.10,0.078836,[.00
A2C_25000_bzip2__instcount_plainmodel,6000,14078,1.1459,2.04,0.09864,[.00
A2C_25000_bzip2__instcount_plainmodel,6000,14088,1.1451,2.04,0.084435,[.00
A2C_25000_bzip2__instcount_plainmodel,6000,15711,1.0183,1.82,0.076419,[.00
A2C_25000_bzip2__instcount_plainmodel,6000,14774,1.0915,1.94,0.073678,[.00
A2C_25000_bzip2__instcount_plainmodel,6000,15641,1.0238,1.83,0.074698,[.00
A2C_25000_bzip2__instcount_plainmodel,6000,13733,1.1728,2.09,0.080735,[.00
A2C_25000_bzip2__instcount_plainmodel,6000,14795,1.0899,1.94,0.077426,[.00
A2C_25000_bzip2__instcount_plainmodel,6000,14036,1.1491,2.04,0.077105,[.00
A2C_25000_bzip2__instcount_plainmodel,7000,17108,0.9092,1.68,0.081122,[.00
A2C_25000_bzip2__instcount_plainmodel,7000,16911,0.9246,1.69,0.051513,[.00
A2C_25000_bzip2__instcount_plainmodel,7000,17173,0.9041,1.67,0.043936,[.00
A2C_25000_bzip2__instcount_plainmodel,7000,14883,1.0830,1.93,0.080665,[.00
A2C_25000_bzip2__instcount_plainmodel,7000,15027,1.0717,1.91,0.093258,[.00
A2C_25000_bzip2__instcount_plainmodel,7000,14052,1.1479,2.04,0.074665,[.00
A2C_25000_bzip2__instcount_plainmodel,7000,13824,1.1657,2.07,0.086838,[.00
A2C_25000_bzip2__instcount_plainmodel,7000,15009,1.0731,1.91,0.074702,[.00
A2C_25000_bzip2__instcount_plainmodel,7000,14879,1.0833,1.93,0.076078,[.00
A2C_25000_bzip2__instcount_plainmodel,7000,15041,1.0706,1.91,0.091029,[.00
A2C_25000_bzip2__instcount_plainmodel,7000,14433,1.1181,1.99,0.076953,[.00
A2C_25000_bzip2__instcount_plainmodel,7000,14066,1.1468,2.04,0.077062,[.00
A2C_25000_bzip2__instcount_plainmodel,7000,14604,1.1048,1.96,0.074878,[.00
A2C_25000_bzip2__instcount_plainmodel,7000,14033,1.1494,2.04,0.080571,[.00
A2C_25000_bzip2__instcount_plainmodel,7000,14003,1.1517,2.05,0.082159,[.00
A2C_25000_bzip2__instcount_plainmodel,7000,16275,0.9743,1.76,0.0456,[.00
A2C_25000_bzip2__instcount_plainmodel,7000,13959,1.1552,2.05,0.079124,[.00
A2C_25000_bzip2__instcount_plainmodel,7000,14528,1.1107,1.97,0.094189,[.00
A2C_25000_bzip2__instcount_plainmodel,7000,13641,1.1800,2.10,0.082756,[.00
A2C_25000_bzip2__instcount_plainmodel,7000,15740,1.0160,1.82,0.080067,[.00
A2C_25000_bzip2__instcount_plainmodel,7000,16518,0.9553,1.74,0.045679,[.00
A2C_25000_bzip2__instcount_plainmodel,7000,13893,1.1603,2.06,0.078193,[.00
A2C_25000_bzip2__instcount_plainmodel,7000,14872,1.0838,1.93,0.077312,[.00
A2C_25000_bzip2__instcount_plainmodel,7000,16562,0.9518,1.73,0.047925,[.00
A2C_25000_bzip2__instcount_plainmodel,7000,14336,1.1257,2.00,0.083941,[.00
A2C_25000_bzip2__instcount_plainmodel,7000,13754,1.1712,2.09,0.081631,[.00
A2C_25000_bzip2__instcount_plainmodel,7000,14749,1.0935,1.94,0.072364,[.00
A2C_25000_bzip2__instcount_plainmodel,7000,14919,1.0802,1.92,0.076821,[.00
A2C_25000_bzip2__instcount_plainmodel,7000,16097,0.9882,1.78,0.048742,[.00
A2C_25000_bzip2__instcount_plainmodel,7000,16042,0.9925,1.79,0.065814,[.00
A2C_25000_bzip2__instcount_plainmodel,7000,14898,1.0818,1.92,0.076198,[.00
A2C_25000_bzip2__instcount_plainmodel,7000,15173,1.0603,1.89,0.076075,[.00
A2C_25000_bzip2__instcount_plainmodel,7000,13785,1.1688,2.08,0.078101,[.00
A2C_25000_bzip2__instcount_plainmodel,7000,13787,1.1686,2.08,0.083663,[.00
A2C_25000_bzip2__instcount_plainmodel,7000,14920,1.0801,1.92,0.063744,[.00
A2C_25000_bzip2__instcount_plainmodel,7000,14057,1.1475,2.04,0.074672,[.00
A2C_25000_bzip2__instcount_plainmodel,7000,15567,1.0296,1.84,0.074539,[.00
A2C_25000_bzip2__instcount_plainmodel,7000,18584,0.7939,1.54,0.046051,[.00
A2C_25000_bzip2__instcount_plainmodel,7000,14905,1.0813,1.92,0.074429,[.00
A2C_25000_bzip2__instcount_plainmodel,7000,14592,1.1057,1.97,0.064223,[.00
A2C_25000_bzip2__instcount_plainmodel,7000,13770,1.1699,2.08,0.080516,[.00
A2C_25000_bzip2__instcount_plainmodel,7000,13695,1.1758,2.09,0.078995,[.00
A2C_25000_bzip2__instcount_plainmodel,7000,13872,1.1620,2.07,0.079831,[.00
A2C_25000_bzip2__instcount_plainmodel,7000,13776,1.1695,2.08,0.085208,[.00
A2C_25000_bzip2__instcount_plainmodel,7000,13791,1.1683,2.08,0.082831,[.00
A2C_25000_bzip2__instcount_plainmodel,7000,18534,0.7978,1.55,0.048048,[.00
A2C_25000_bzip2__instcount_plainmodel,7000,14009,1.1513,2.05,0.081782,[.00
A2C_25000_bzip2__instcount_plainmodel,7000,14797,1.0897,1.94,0.0837,[.00
A2C_25000_bzip2__instcount_plainmodel,7000,16552,0.9526,1.73,0.045595,[.00
A2C_25000_bzip2__instcount_plainmodel,7000,21476,0.5680,1.33,0.046533,[.00
A2C_25000_bzip2__instcount_plainmodel,7000,16311,0.9714,1.76,0.045881,[.00
A2C_25000_bzip2__instcount_plainmodel,7000,13748,1.1716,2.09,0.080348,[.00
A2C_25000_bzip2__instcount_plainmodel,7000,14147,1.1405,2.03,0.070043,[.00
A2C_25000_bzip2__instcount_plainmodel,7000,15756,1.0148,1.82,0.071489,[.00
A2C_25000_bzip2__instcount_plainmodel,7000,14685,1.0985,1.95,0.075226,[.00
A2C_25000_bzip2__instcount_plainmodel,7000,13748,1.1716,2.09,0.087836,[.00
A2C_25000_bzip2__instcount_plainmodel,7000,15523,1.0330,1.85,0.077275,[.00
A2C_25000_bzip2__instcount_plainmodel,7000,15819,1.0099,1.81,0.081365,[.00
A2C_25000_bzip2__instcount_plainmodel,7000,16639,0.9458,1.72,0.044325,[.00
A2C_25000_bzip2__instcount_plainmodel,7000,14601,1.1050,1.96,0.080223,[.00
A2C_25000_bzip2__instcount_plainmodel,7000,16670,0.9434,1.72,0.045695,[.00
A2C_25000_bzip2__instcount_plainmodel,7000,13741,1.1722,2.09,0.07801,[.00
A2C_25000_bzip2__instcount_plainmodel,7000,15028,1.0717,1.91,0.080144,[.00
A2C_25000_bzip2__instcount_plainmodel,7000,15916,1.0023,1.80,0.065245,[.00
A2C_25000_bzip2__instcount_plainmodel,7000,16446,0.9609,1.74,0.046806,[.00
A2C_25000_bzip2__instcount_plainmodel,7000,14154,1.1399,2.03,0.082123,[.00
A2C_25000_bzip2__instcount_plainmodel,7000,14961,1.0769,1.92,0.080171,[.00
A2C_25000_bzip2__instcount_plainmodel,7000,14063,1.1470,2.04,0.076857,[.00
A2C_25000_bzip2__instcount_plainmodel,7000,17203,0.9018,1.67,0.046934,[.00
A2C_25000_bzip2__instcount_plainmodel,7000,15552,1.0307,1.84,0.076835,[.00
A2C_25000_bzip2__instcount_plainmodel,7000,14635,1.1024,1.96,0.078981,[.00
A2C_25000_bzip2__instcount_plainmodel,7000,14712,1.0963,1.95,0.064738,[.00
A2C_25000_bzip2__instcount_plainmodel,7000,17561,0.8738,1.63,0.044546,[.00
A2C_25000_bzip2__instcount_plainmodel,7000,14954,1.0774,1.92,0.080707,[.00
A2C_25000_bzip2__instcount_plainmodel,7000,14007,1.1514,2.05,0.081143,[.00
A2C_25000_bzip2__instcount_plainmodel,7000,14389,1.1216,1.99,0.079502,[.00
A2C_25000_bzip2__instcount_plainmodel,7000,15597,1.0272,1.84,0.074005,[.00
A2C_25000_bzip2__instcount_plainmodel,7000,16633,0.9463,1.72,0.044661,[.00
A2C_25000_bzip2__instcount_plainmodel,7000,14354,1.1243,2.00,0.073651,[.00
A2C_25000_bzip2__instcount_plainmodel,7000,14297,1.1288,2.01,0.077396,[.00
A2C_25000_bzip2__instcount_plainmodel,7000,16987,0.9186,1.69,0.044781,[.00
A2C_25000_bzip2__instcount_plainmodel,7000,14463,1.1158,1.98,0.075561,[.00
A2C_25000_bzip2__instcount_plainmodel,7000,15665,1.0219,1.83,0.068954,[.00
A2C_25000_bzip2__instcount_plainmodel,7000,13759,1.1708,2.08,0.082917,[.00
A2C_25000_bzip2__instcount_plainmodel,7000,13923,1.1580,2.06,0.075523,[.00
A2C_25000_bzip2__instcount_plainmodel,7000,13752,1.1713,2.09,0.082241,[.00
A2C_25000_bzip2__instcount_plainmodel,7000,13991,1.1527,2.05,0.085583,[.00
A2C_25000_bzip2__instcount_plainmodel,7000,14481,1.1144,1.98,0.083988,[.00
A2C_25000_bzip2__instcount_plainmodel,7000,16588,0.9498,1.73,0.045975,[.00
A2C_25000_bzip2__instcount_plainmodel,7000,14913,1.0806,1.92,0.076312,[.00
A2C_25000_bzip2__instcount_plainmodel,7000,14422,1.1190,1.99,0.07343,[.00
A2C_25000_bzip2__instcount_plainmodel,7000,14834,1.0868,1.93,0.06697,[.00
A2C_25000_bzip2__instcount_plainmodel,7000,16582,0.9503,1.73,0.045907,[.00
A2C_25000_bzip2__instcount_plainmodel,7000,14722,1.0956,1.95,0.082526,[.00
A2C_25000_bzip2__instcount_plainmodel,7000,13591,1.1839,2.11,0.081307,[.00
A2C_25000_bzip2__instcount_plainmodel,7000,17752,0.8589,1.61,0.045544,[.00
A2C_25000_bzip2__instcount_plainmodel,7000,21713,0.5495,1.32,0.046178,[.00
A2C_25000_bzip2__instcount_plainmodel,7000,13751,1.1714,2.09,0.083603,[.00
A2C_25000_bzip2__instcount_plainmodel,7000,14015,1.1508,2.05,0.083448,[.00
A2C_25000_bzip2__instcount_plainmodel,7000,14542,1.1096,1.97,0.076657,[.00
A2C_25000_bzip2__instcount_plainmodel,8000,13752,1.1713,2.09,0.08115,[.00
A2C_25000_bzip2__instcount_plainmodel,8000,14029,1.1497,2.04,0.085939,[.00
A2C_25000_bzip2__instcount_plainmodel,8000,13856,1.1632,2.07,0.082571,[.00
A2C_25000_bzip2__instcount_plainmodel,8000,13942,1.1565,2.06,0.082401,[.00
A2C_25000_bzip2__instcount_plainmodel,8000,14595,1.1055,1.96,0.078359,[.00
A2C_25000_bzip2__instcount_plainmodel,8000,13756,1.1710,2.08,0.084961,[.00
A2C_25000_bzip2__instcount_plainmodel,8000,15449,1.0388,1.86,0.078733,[.00
A2C_25000_bzip2__instcount_plainmodel,8000,13997,1.1522,2.05,0.080473,[.00
A2C_25000_bzip2__instcount_plainmodel,8000,14760,1.0926,1.94,0.075886,[.00
A2C_25000_bzip2__instcount_plainmodel,8000,21468,0.5686,1.33,0.047137,[.00
A2C_25000_bzip2__instcount_plainmodel,8000,16122,0.9862,1.78,0.061583,[.00
A2C_25000_bzip2__instcount_plainmodel,8000,13962,1.1549,2.05,0.079698,[.00
A2C_25000_bzip2__instcount_plainmodel,8000,17214,0.9009,1.67,0.045912,[.00
A2C_25000_bzip2__instcount_plainmodel,8000,13691,1.1761,2.09,0.079181,[.00
A2C_25000_bzip2__instcount_plainmodel,8000,17150,0.9059,1.67,0.045502,[.00
A2C_25000_bzip2__instcount_plainmodel,8000,13674,1.1774,2.10,0.081516,[.00
A2C_25000_bzip2__instcount_plainmodel,8000,13717,1.1741,2.09,0.083435,[.00
A2C_25000_bzip2__instcount_plainmodel,8000,13907,1.1592,2.06,0.079676,[.00
A2C_25000_bzip2__instcount_plainmodel,8000,14188,1.1373,2.02,0.081276,[.00
A2C_25000_bzip2__instcount_plainmodel,8000,17321,0.8925,1.65,0.044902,[.00
A2C_25000_bzip2__instcount_plainmodel,8000,13779,1.1692,2.08,0.08271,[.00
A2C_25000_bzip2__instcount_plainmodel,8000,14010,1.1512,2.05,0.084758,[.00
A2C_25000_bzip2__instcount_plainmodel,8000,14064,1.1470,2.04,0.079636,[.00
A2C_25000_bzip2__instcount_plainmodel,8000,21472,0.5683,1.33,0.046704,[.00
A2C_25000_bzip2__instcount_plainmodel,8000,16935,0.9227,1.69,0.04638,[.00
A2C_25000_bzip2__instcount_plainmodel,8000,13932,1.1573,2.06,0.082282,[.00
A2C_25000_bzip2__instcount_plainmodel,8000,13724,1.1735,2.09,0.079824,[.00
A2C_25000_bzip2__instcount_plainmodel,8000,18713,0.7838,1.53,0.046308,[.00
A2C_25000_bzip2__instcount_plainmodel,8000,13704,1.1751,2.09,0.081716,[.00
A2C_25000_bzip2__instcount_plainmodel,8000,15945,1.0000,1.80,0.074474,[.00
A2C_25000_bzip2__instcount_plainmodel,8000,13641,1.1800,2.10,0.081701,[.00
A2C_25000_bzip2__instcount_plainmodel,8000,14820,1.0879,1.93,0.080648,[.00
A2C_25000_bzip2__instcount_plainmodel,8000,13795,1.1680,2.08,0.081802,[.00
A2C_25000_bzip2__instcount_plainmodel,8000,13736,1.1726,2.09,0.081569,[.00
A2C_25000_bzip2__instcount_plainmodel,8000,13694,1.1759,2.09,0.078225,[.00
A2C_25000_bzip2__instcount_plainmodel,8000,14443,1.1174,1.99,0.068451,[.00
A2C_25000_bzip2__instcount_plainmodel,8000,15595,1.0274,1.84,0.077118,[.00
A2C_25000_bzip2__instcount_plainmodel,8000,13892,1.1604,2.06,0.081519,[.00
A2C_25000_bzip2__instcount_plainmodel,8000,13736,1.1726,2.09,0.081365,[.00
A2C_25000_bzip2__instcount_plainmodel,8000,13628,1.1810,2.10,0.081289,[.00
A2C_25000_bzip2__instcount_plainmodel,8000,13735,1.1727,2.09,0.082136,[.00
A2C_25000_bzip2__instcount_plainmodel,8000,15665,1.0219,1.83,0.073595,[.00
A2C_25000_bzip2__instcount_plainmodel,8000,14044,1.1485,2.04,0.074103,[.00
A2C_25000_bzip2__instcount_plainmodel,8000,13808,1.1670,2.08,0.079858,[.00
A2C_25000_bzip2__instcount_plainmodel,8000,13661,1.1784,2.10,0.082339,[.00
A2C_25000_bzip2__instcount_plainmodel,8000,14241,1.1331,2.01,0.083614,[.00
A2C_25000_bzip2__instcount_plainmodel,8000,13791,1.1683,2.08,0.08199,[.00
A2C_25000_bzip2__instcount_plainmodel,8000,14194,1.1368,2.02,0.08381,[.00
A2C_25000_bzip2__instcount_plainmodel,8000,13652,1.1791,2.10,0.083988,[.00
A2C_25000_bzip2__instcount_plainmodel,8000,14081,1.1456,2.04,0.082727,[.00
A2C_25000_bzip2__instcount_plainmodel,8000,14163,1.1392,2.02,0.083186,[.00
A2C_25000_bzip2__instcount_plainmodel,8000,16765,0.9360,1.71,0.045459,[.00
A2C_25000_bzip2__instcount_plainmodel,8000,13766,1.1702,2.08,0.079155,[.00
A2C_25000_bzip2__instcount_plainmodel,8000,14461,1.1159,1.98,0.079104,[.00
A2C_25000_bzip2__instcount_plainmodel,8000,13790,1.1684,2.08,0.078502,[.00
A2C_25000_bzip2__instcount_plainmodel,8000,17145,0.9063,1.67,0.045403,[.00
A2C_25000_bzip2__instcount_plainmodel,8000,13798,1.1677,2.08,0.083216,[.00
A2C_25000_bzip2__instcount_plainmodel,8000,14907,1.0811,1.92,0.073317,[.00
A2C_25000_bzip2__instcount_plainmodel,8000,14364,1.1235,2.00,0.079572,[.00
A2C_25000_bzip2__instcount_plainmodel,8000,14784,1.0907,1.94,0.081283,[.00
A2C_25000_bzip2__instcount_plainmodel,8000,27917,0.0649,1.02,0.047872,[.00
A2C_25000_bzip2__instcount_plainmodel,8000,13658,1.1787,2.10,0.083107,[.00
A2C_25000_bzip2__instcount_plainmodel,8000,14144,1.1407,2.03,0.084009,[.00
A2C_25000_bzip2__instcount_plainmodel,8000,13712,1.1745,2.09,0.082996,[.00
A2C_25000_bzip2__instcount_plainmodel,8000,14932,1.0792,1.92,0.068067,[.00
A2C_25000_bzip2__instcount_plainmodel,8000,13828,1.1654,2.07,0.079139,[.00
A2C_25000_bzip2__instcount_plainmodel,8000,13661,1.1784,2.10,0.081125,[.00
A2C_25000_bzip2__instcount_plainmodel,8000,13659,1.1786,2.10,0.087404,[.00
A2C_25000_bzip2__instcount_plainmodel,8000,14195,1.1367,2.02,0.079195,[.00
A2C_25000_bzip2__instcount_plainmodel,8000,13874,1.1618,2.07,0.079362,[.00
A2C_25000_bzip2__instcount_plainmodel,8000,13963,1.1548,2.05,0.082701,[.00
A2C_25000_bzip2__instcount_plainmodel,8000,21258,0.5850,1.35,0.045973,[.00
A2C_25000_bzip2__instcount_plainmodel,8000,13761,1.1706,2.08,0.080237,[.00
A2C_25000_bzip2__instcount_plainmodel,8000,13875,1.1617,2.07,0.08363,[.00
A2C_25000_bzip2__instcount_plainmodel,8000,15130,1.0637,1.90,0.074909,[.00
A2C_25000_bzip2__instcount_plainmodel,8000,16549,0.9528,1.73,0.046587,[.00
A2C_25000_bzip2__instcount_plainmodel,8000,14047,1.1483,2.04,0.079067,[.00
A2C_25000_bzip2__instcount_plainmodel,8000,13954,1.1556,2.06,0.080684,[.00
A2C_25000_bzip2__instcount_plainmodel,8000,14521,1.1113,1.97,0.079314,[.00
A2C_25000_bzip2__instcount_plainmodel,8000,13725,1.1734,2.09,0.079837,[.00
A2C_25000_bzip2__instcount_plainmodel,8000,13894,1.1602,2.06,0.077971,[.00
A2C_25000_bzip2__instcount_plainmodel,8000,16383,0.9658,1.75,0.04653,[.00
A2C_25000_bzip2__instcount_plainmodel,8000,13885,1.1609,2.07,0.0816,[.00
A2C_25000_bzip2__instcount_plainmodel,8000,16693,0.9416,1.72,0.047576,[.00
A2C_25000_bzip2__instcount_plainmodel,8000,13772,1.1698,2.08,0.080265,[.00
A2C_25000_bzip2__instcount_plainmodel,8000,13979,1.1536,2.05,0.081441,[.00
A2C_25000_bzip2__instcount_plainmodel,8000,16782,0.9346,1.71,0.046456,[.00
A2C_25000_bzip2__instcount_plainmodel,8000,14022,1.1502,2.05,0.080566,[.00
A2C_25000_bzip2__instcount_plainmodel,8000,13735,1.1727,2.09,0.080017,[.00
A2C_25000_bzip2__instcount_plainmodel,8000,14136,1.1413,2.03,0.084237,[.00
A2C_25000_bzip2__instcount_plainmodel,8000,13914,1.1587,2.06,0.082585,[.00
A2C_25000_bzip2__instcount_plainmodel,8000,14160,1.1395,2.03,0.081521,[.00
A2C_25000_bzip2__instcount_plainmodel,8000,14813,1.0885,1.94,0.078571,[.00
A2C_25000_bzip2__instcount_plainmodel,8000,17154,0.9056,1.67,0.045647,[.00
A2C_25000_bzip2__instcount_plainmodel,8000,13393,1.1994,2.14,0.080477,[.00
A2C_25000_bzip2__instcount_plainmodel,8000,13795,1.1680,2.08,0.0815,[.00
A2C_25000_bzip2__instcount_plainmodel,8000,14019,1.1505,2.05,0.077744,[.00
A2C_25000_bzip2__instcount_plainmodel,8000,13775,1.1695,2.08,0.08335,[.00
A2C_25000_bzip2__instcount_plainmodel,8000,13795,1.1680,2.08,0.082665,[.00
A2C_25000_bzip2__instcount_plainmodel,8000,14524,1.1110,1.97,0.072681,[.00
A2C_25000_bzip2__instcount_plainmodel,9000,13902,1.1596,2.06,0.087323,[.00
A2C_25000_bzip2__instcount_plainmodel,9000,14578,1.1068,1.97,0.078925,[.00
A2C_25000_bzip2__instcount_plainmodel,9000,14356,1.1241,2.00,0.088252,[.00
A2C_25000_bzip2__instcount_plainmodel,9000,13903,1.1595,2.06,0.081064,[.00
A2C_25000_bzip2__instcount_plainmodel,9000,14178,1.1381,2.02,0.08124,[.00
A2C_25000_bzip2__instcount_plainmodel,9000,17087,0.9108,1.68,0.047462,[.00
A2C_25000_bzip2__instcount_plainmodel,9000,14131,1.1417,2.03,0.08288,[.00
A2C_25000_bzip2__instcount_plainmodel,9000,13935,1.1570,2.06,0.079224,[.00
A2C_25000_bzip2__instcount_plainmodel,9000,14497,1.1131,1.98,0.081363,[.00
A2C_25000_bzip2__instcount_plainmodel,9000,17390,0.8872,1.65,0.046053,[.00
A2C_25000_bzip2__instcount_plainmodel,9000,13852,1.1635,2.07,0.084815,[.00
A2C_25000_bzip2__instcount_plainmodel,9000,13631,1.1808,2.10,0.081451,[.00
A2C_25000_bzip2__instcount_plainmodel,9000,13868,1.1623,2.07,0.078108,[.00
A2C_25000_bzip2__instcount_plainmodel,9000,13905,1.1594,2.06,0.07856,[.00
A2C_25000_bzip2__instcount_plainmodel,9000,13937,1.1569,2.06,0.082646,[.00
A2C_25000_bzip2__instcount_plainmodel,9000,18191,0.8246,1.58,0.045085,[.00
A2C_25000_bzip2__instcount_plainmodel,9000,18483,0.8018,1.55,0.049329,[.00
A2C_25000_bzip2__instcount_plainmodel,9000,13990,1.1527,2.05,0.08343,[.00
A2C_25000_bzip2__instcount_plainmodel,9000,13692,1.1760,2.09,0.081003,[.00
A2C_25000_bzip2__instcount_plainmodel,9000,21543,0.5628,1.33,0.050006,[.00
A2C_25000_bzip2__instcount_plainmodel,9000,13652,1.1791,2.10,0.077279,[.00
A2C_25000_bzip2__instcount_plainmodel,9000,16942,0.9221,1.69,0.083916,[.00
A2C_25000_bzip2__instcount_plainmodel,9000,13929,1.1575,2.06,0.079477,[.00
A2C_25000_bzip2__instcount_plainmodel,9000,14472,1.1151,1.98,0.084451,[.00
A2C_25000_bzip2__instcount_plainmodel,9000,13777,1.1694,2.08,0.078314,[.00
A2C_25000_bzip2__instcount_plainmodel,9000,13905,1.1594,2.06,0.07998,[.00
A2C_25000_bzip2__instcount_plainmodel,9000,13918,1.1584,2.06,0.080265,[.00
A2C_25000_bzip2__instcount_plainmodel,9000,14399,1.1208,1.99,0.082808,[.00
A2C_25000_bzip2__instcount_plainmodel,9000,14378,1.1224,1.99,0.08166,[.00
A2C_25000_bzip2__instcount_plainmodel,9000,14133,1.1416,2.03,0.081708,[.00
A2C_25000_bzip2__instcount_plainmodel,9000,13925,1.1578,2.06,0.08804,[.00
A2C_25000_bzip2__instcount_plainmodel,9000,13783,1.1689,2.08,0.077319,[.00
A2C_25000_bzip2__instcount_plainmodel,9000,17146,0.9062,1.67,0.047467,[.00
A2C_25000_bzip2__instcount_plainmodel,9000,14166,1.1390,2.02,0.081772,[.00
A2C_25000_bzip2__instcount_plainmodel,9000,13951,1.1558,2.06,0.082899,[.00
A2C_25000_bzip2__instcount_plainmodel,9000,13952,1.1557,2.06,0.088238,[.00
A2C_25000_bzip2__instcount_plainmodel,9000,14554,1.1087,1.97,0.072066,[.00
A2C_25000_bzip2__instcount_plainmodel,9000,14381,1.1222,1.99,0.079161,[.00
A2C_25000_bzip2__instcount_plainmodel,9000,13915,1.1586,2.06,0.078502,[.00
A2C_25000_bzip2__instcount_plainmodel,9000,13944,1.1563,2.06,0.085119,[.00
A2C_25000_bzip2__instcount_plainmodel,9000,14011,1.1511,2.05,0.083552,[.00
A2C_25000_bzip2__instcount_plainmodel,9000,16783,0.9346,1.71,0.068168,[.00
A2C_25000_bzip2__instcount_plainmodel,9000,13989,1.1528,2.05,0.081955,[.00
A2C_25000_bzip2__instcount_plainmodel,9000,13911,1.1589,2.06,0.082446,[.00
A2C_25000_bzip2__instcount_plainmodel,9000,14070,1.1465,2.04,0.080002,[.00
A2C_25000_bzip2__instcount_plainmodel,9000,13986,1.1531,2.05,0.079721,[.00
A2C_25000_bzip2__instcount_plainmodel,9000,13778,1.1693,2.08,0.079076,[.00
A2C_25000_bzip2__instcount_plainmodel,9000,13689,1.1763,2.10,0.083291,[.00
A2C_25000_bzip2__instcount_plainmodel,9000,14677,1.0991,1.95,0.084501,[.00
A2C_25000_bzip2__instcount_plainmodel,9000,13966,1.1546,2.05,0.081013,[.00
A2C_25000_bzip2__instcount_plainmodel,9000,13882,1.1612,2.07,0.08089,[.00
A2C_25000_bzip2__instcount_plainmodel,9000,14024,1.1501,2.04,0.079783,[.00
A2C_25000_bzip2__instcount_plainmodel,9000,14170,1.1387,2.02,0.084529,[.00
A2C_25000_bzip2__instcount_plainmodel,9000,13679,1.1770,2.10,0.079908,[.00
A2C_25000_bzip2__instcount_plainmodel,9000,13923,1.1580,2.06,0.081631,[.00
A2C_25000_bzip2__instcount_plainmodel,9000,14343,1.1252,2.00,0.080965,[.00
A2C_25000_bzip2__instcount_plainmodel,9000,14269,1.1309,2.01,0.081973,[.00
A2C_25000_bzip2__instcount_plainmodel,9000,14072,1.1463,2.04,0.080239,[.00
A2C_25000_bzip2__instcount_plainmodel,9000,14053,1.1478,2.04,0.079379,[.00
A2C_25000_bzip2__instcount_plainmodel,9000,15030,1.0715,1.91,0.082258,[.00
A2C_25000_bzip2__instcount_plainmodel,9000,13746,1.1718,2.09,0.08074,[.00
A2C_25000_bzip2__instcount_plainmodel,9000,19494,0.7228,1.47,0.082973,[.00
A2C_25000_bzip2__instcount_plainmodel,9000,21508,0.5655,1.33,0.046504,[.00
A2C_25000_bzip2__instcount_plainmodel,9000,14338,1.1256,2.00,0.082522,[.00
A2C_25000_bzip2__instcount_plainmodel,9000,17252,0.8979,1.66,0.044655,[.00
A2C_25000_bzip2__instcount_plainmodel,9000,14029,1.1497,2.04,0.082816,[.00
A2C_25000_bzip2__instcount_plainmodel,9000,14108,1.1435,2.03,0.079515,[.00
A2C_25000_bzip2__instcount_plainmodel,9000,14589,1.1059,1.97,0.080346,[.00
A2C_25000_bzip2__instcount_plainmodel,9000,14288,1.1295,2.01,0.086674,[.00
A2C_25000_bzip2__instcount_plainmodel,9000,14137,1.1413,2.03,0.079386,[.00
A2C_25000_bzip2__instcount_plainmodel,9000,13881,1.1613,2.07,0.083398,[.00
A2C_25000_bzip2__instcount_plainmodel,9000,14150,1.1402,2.03,0.083056,[.00
A2C_25000_bzip2__instcount_plainmodel,9000,13724,1.1735,2.09,0.086083,[.00
A2C_25000_bzip2__instcount_plainmodel,9000,13919,1.1583,2.06,0.081445,[.00
A2C_25000_bzip2__instcount_plainmodel,9000,16989,0.9185,1.69,0.044051,[.00
A2C_25000_bzip2__instcount_plainmodel,9000,14001,1.1519,2.05,0.082712,[.00
A2C_25000_bzip2__instcount_plainmodel,9000,14667,1.0999,1.96,0.081594,[.00
A2C_25000_bzip2__instcount_plainmodel,9000,14485,1.1141,1.98,0.079682,[.00
A2C_25000_bzip2__instcount_plainmodel,9000,13939,1.1567,2.06,0.081821,[.00
A2C_25000_bzip2__instcount_plainmodel,9000,18568,0.7951,1.54,0.046111,[.00
A2C_25000_bzip2__instcount_plainmodel,9000,15766,1.0140,1.82,0.079908,[.00
A2C_25000_bzip2__instcount_plainmodel,9000,13983,1.1533,2.05,0.082272,[.00
A2C_25000_bzip2__instcount_plainmodel,9000,13905,1.1594,2.06,0.08042,[.00
A2C_25000_bzip2__instcount_plainmodel,9000,14016,1.1507,2.05,0.082511,[.00
A2C_25000_bzip2__instcount_plainmodel,9000,14224,1.1345,2.02,0.086895,[.00
A2C_25000_bzip2__instcount_plainmodel,9000,14041,1.1488,2.04,0.087899,[.00
A2C_25000_bzip2__instcount_plainmodel,9000,14068,1.1466,2.04,0.086204,[.00
A2C_25000_bzip2__instcount_plainmodel,9000,20859,0.6162,1.37,0.047459,[.00
A2C_25000_bzip2__instcount_plainmodel,9000,28725,0.0017,1.00,0.081991,[.00
A2C_25000_bzip2__instcount_plainmodel,9000,14083,1.1455,2.04,0.083522,[.00
A2C_25000_bzip2__instcount_plainmodel,9000,13896,1.1601,2.06,0.079924,[.00
A2C_25000_bzip2__instcount_plainmodel,9000,21498,0.5663,1.33,0.050578,[.00
A2C_25000_bzip2__instcount_plainmodel,9000,13855,1.1633,2.07,0.086667,[.00
A2C_25000_bzip2__instcount_plainmodel,9000,13955,1.1555,2.06,0.087316,[.00
A2C_25000_bzip2__instcount_plainmodel,9000,13919,1.1583,2.06,0.081702,[.00
A2C_25000_bzip2__instcount_plainmodel,9000,14594,1.1056,1.96,0.081605,[.00
A2C_25000_bzip2__instcount_plainmodel,9000,15656,1.0226,1.83,0.074136,[.00
A2C_25000_bzip2__instcount_plainmodel,9000,14072,1.1463,2.04,0.082952,[.00
A2C_25000_bzip2__instcount_plainmodel,9000,14175,1.1383,2.02,0.082807,[.00
A2C_25000_bzip2__instcount_plainmodel,9000,14080,1.1457,2.04,0.083425,[.00
A2C_25000_bzip2__instcount_plainmodel,10000,14197,1.1366,2.02,0.081045,[.00
A2C_25000_bzip2__instcount_plainmodel,10000,13808,1.1670,2.08,0.090171,[.00
A2C_25000_bzip2__instcount_plainmodel,10000,13880,1.1613,2.07,0.091979,[.00
A2C_25000_bzip2__instcount_plainmodel,10000,13701,1.1753,2.09,0.079059,[.00
A2C_25000_bzip2__instcount_plainmodel,10000,14024,1.1501,2.04,0.08686,[.00
A2C_25000_bzip2__instcount_plainmodel,10000,14209,1.1356,2.02,0.083262,[.00
A2C_25000_bzip2__instcount_plainmodel,10000,13696,1.1757,2.09,0.082577,[.00
A2C_25000_bzip2__instcount_plainmodel,10000,13971,1.1542,2.05,0.079569,[.00
A2C_25000_bzip2__instcount_plainmodel,10000,13708,1.1748,2.09,0.080011,[.00
A2C_25000_bzip2__instcount_plainmodel,10000,14505,1.1125,1.98,0.08344,[.00
A2C_25000_bzip2__instcount_plainmodel,10000,13915,1.1586,2.06,0.078944,[.00
A2C_25000_bzip2__instcount_plainmodel,10000,14138,1.1412,2.03,0.078378,[.00
A2C_25000_bzip2__instcount_plainmodel,10000,13995,1.1523,2.05,0.080116,[.00
A2C_25000_bzip2__instcount_plainmodel,10000,13354,1.2024,2.15,0.079995,[.00
A2C_25000_bzip2__instcount_plainmodel,10000,13663,1.1783,2.10,0.080456,[.00
A2C_25000_bzip2__instcount_plainmodel,10000,13924,1.1579,2.06,0.080472,[.00
A2C_25000_bzip2__instcount_plainmodel,10000,13668,1.1779,2.10,0.083022,[.00
A2C_25000_bzip2__instcount_plainmodel,10000,14502,1.1127,1.98,0.082593,[.00
A2C_25000_bzip2__instcount_plainmodel,10000,14111,1.1433,2.03,0.083849,[.00
A2C_25000_bzip2__instcount_plainmodel,10000,14300,1.1285,2.01,0.082571,[.00
A2C_25000_bzip2__instcount_plainmodel,10000,14316,1.1273,2.00,0.083058,[.00
A2C_25000_bzip2__instcount_plainmodel,10000,13713,1.1744,2.09,0.081852,[.00
A2C_25000_bzip2__instcount_plainmodel,10000,14311,1.1277,2.00,0.081727,[.00
A2C_25000_bzip2__instcount_plainmodel,10000,13992,1.1526,2.05,0.084513,[.00
A2C_25000_bzip2__instcount_plainmodel,10000,14583,1.1064,1.97,0.08092,[.00
A2C_25000_bzip2__instcount_plainmodel,10000,13723,1.1736,2.09,0.082524,[.00
A2C_25000_bzip2__instcount_plainmodel,10000,14558,1.1084,1.97,0.082134,[.00
A2C_25000_bzip2__instcount_plainmodel,10000,13906,1.1593,2.06,0.081099,[.00
A2C_25000_bzip2__instcount_plainmodel,10000,13690,1.1762,2.09,0.080487,[.00
A2C_25000_bzip2__instcount_plainmodel,10000,14413,1.1197,1.99,0.083492,[.00
A2C_25000_bzip2__instcount_plainmodel,10000,13697,1.1756,2.09,0.078943,[.00
A2C_25000_bzip2__instcount_plainmodel,10000,14074,1.1462,2.04,0.08281,[.00
A2C_25000_bzip2__instcount_plainmodel,10000,13900,1.1598,2.06,0.086073,[.00
A2C_25000_bzip2__instcount_plainmodel,10000,14170,1.1387,2.02,0.081142,[.00
A2C_25000_bzip2__instcount_plainmodel,10000,14631,1.1027,1.96,0.081316,[.00
A2C_25000_bzip2__instcount_plainmodel,10000,13723,1.1736,2.09,0.082074,[.00
A2C_25000_bzip2__instcount_plainmodel,10000,13695,1.1758,2.09,0.078951,[.00
A2C_25000_bzip2__instcount_plainmodel,10000,13878,1.1615,2.07,0.080661,[.00
A2C_25000_bzip2__instcount_plainmodel,10000,13951,1.1558,2.06,0.078702,[.00
A2C_25000_bzip2__instcount_plainmodel,10000,14020,1.1504,2.05,0.080516,[.00
A2C_25000_bzip2__instcount_plainmodel,10000,15068,1.0685,1.90,0.09023,[.00
A2C_25000_bzip2__instcount_plainmodel,10000,13807,1.1670,2.08,0.078462,[.00
A2C_25000_bzip2__instcount_plainmodel,10000,13676,1.1773,2.10,0.07997,[.00
A2C_25000_bzip2__instcount_plainmodel,10000,13889,1.1606,2.06,0.080802,[.00
A2C_25000_bzip2__instcount_plainmodel,10000,14490,1.1137,1.98,0.079483,[.00
A2C_25000_bzip2__instcount_plainmodel,10000,13926,1.1577,2.06,0.077851,[.00
A2C_25000_bzip2__instcount_plainmodel,10000,14362,1.1237,2.00,0.082995,[.00
A2C_25000_bzip2__instcount_plainmodel,10000,14119,1.1427,2.03,0.085304,[.00
A2C_25000_bzip2__instcount_plainmodel,10000,13934,1.1571,2.06,0.082066,[.00
A2C_25000_bzip2__instcount_plainmodel,10000,14332,1.1260,2.00,0.079494,[.00
A2C_25000_bzip2__instcount_plainmodel,10000,13690,1.1762,2.09,0.081628,[.00
A2C_25000_bzip2__instcount_plainmodel,10000,13930,1.1574,2.06,0.085278,[.00
A2C_25000_bzip2__instcount_plainmodel,10000,13917,1.1584,2.06,0.081571,[.00
A2C_25000_bzip2__instcount_plainmodel,10000,13861,1.1628,2.07,0.081715,[.00
A2C_25000_bzip2__instcount_plainmodel,10000,13908,1.1591,2.06,0.080884,[.00
A2C_25000_bzip2__instcount_plainmodel,10000,14258,1.1318,2.01,0.082446,[.00
A2C_25000_bzip2__instcount_plainmodel,10000,14296,1.1288,2.01,0.079501,[.00
A2C_25000_bzip2__instcount_plainmodel,10000,14274,1.1306,2.01,0.08318,[.00
A2C_25000_bzip2__instcount_plainmodel,10000,14275,1.1305,2.01,0.081825,[.00
A2C_25000_bzip2__instcount_plainmodel,10000,13928,1.1576,2.06,0.082522,[.00
A2C_25000_bzip2__instcount_plainmodel,10000,13922,1.1581,2.06,0.078753,[.00
A2C_25000_bzip2__instcount_plainmodel,10000,13903,1.1595,2.06,0.08182,[.00
A2C_25000_bzip2__instcount_plainmodel,10000,13769,1.1700,2.08,0.087678,[.00
A2C_25000_bzip2__instcount_plainmodel,10000,13727,1.1733,2.09,0.07867,[.00
A2C_25000_bzip2__instcount_plainmodel,10000,14089,1.1450,2.04,0.081235,[.00
A2C_25000_bzip2__instcount_plainmodel,10000,13905,1.1594,2.06,0.081595,[.00
A2C_25000_bzip2__instcount_plainmodel,10000,13881,1.1613,2.07,0.079556,[.00
A2C_25000_bzip2__instcount_plainmodel,10000,13797,1.1678,2.08,0.087047,[.00
A2C_25000_bzip2__instcount_plainmodel,10000,14197,1.1366,2.02,0.080885,[.00
A2C_25000_bzip2__instcount_plainmodel,10000,14105,1.1438,2.03,0.085895,[.00
A2C_25000_bzip2__instcount_plainmodel,10000,14032,1.1495,2.04,0.081003,[.00
A2C_25000_bzip2__instcount_plainmodel,10000,14239,1.1333,2.01,0.085997,[.00
A2C_25000_bzip2__instcount_plainmodel,10000,13918,1.1584,2.06,0.08037,[.00
A2C_25000_bzip2__instcount_plainmodel,10000,14077,1.1459,2.04,0.085378,[.00
A2C_25000_bzip2__instcount_plainmodel,10000,13910,1.1590,2.06,0.082602,[.00
A2C_25000_bzip2__instcount_plainmodel,10000,13901,1.1597,2.06,0.082055,[.00
A2C_25000_bzip2__instcount_plainmodel,10000,14325,1.1266,2.00,0.080683,[.00
A2C_25000_bzip2__instcount_plainmodel,10000,14345,1.1250,2.00,0.080623,[.00
A2C_25000_bzip2__instcount_plainmodel,10000,13687,1.1764,2.10,0.080325,[.00
A2C_25000_bzip2__instcount_plainmodel,10000,13921,1.1581,2.06,0.087209,[.00
A2C_25000_bzip2__instcount_plainmodel,10000,13867,1.1623,2.07,0.079972,[.00
A2C_25000_bzip2__instcount_plainmodel,10000,14150,1.1402,2.03,0.079766,[.00
A2C_25000_bzip2__instcount_plainmodel,10000,13803,1.1673,2.08,0.086956,[.00
A2C_25000_bzip2__instcount_plainmodel,10000,13690,1.1762,2.09,0.079486,[.00
A2C_25000_bzip2__instcount_plainmodel,10000,14526,1.1109,1.97,0.08151,[.00
A2C_25000_bzip2__instcount_plainmodel,10000,13688,1.1763,2.10,0.087766,[.00
A2C_25000_bzip2__instcount_plainmodel,10000,13912,1.1588,2.06,0.079094,[.00
A2C_25000_bzip2__instcount_plainmodel,10000,13672,1.1776,2.10,0.082697,[.00
A2C_25000_bzip2__instcount_plainmodel,10000,13702,1.1752,2.09,0.080326,[.00
A2C_25000_bzip2__instcount_plainmodel,10000,14542,1.1096,1.97,0.080647,[.00
A2C_25000_bzip2__instcount_plainmodel,10000,14266,1.1312,2.01,0.082943,[.00
A2C_25000_bzip2__instcount_plainmodel,10000,13805,1.1672,2.08,0.081721,[.00
A2C_25000_bzip2__instcount_plainmodel,10000,13727,1.1733,2.09,0.079423,[.00
A2C_25000_bzip2__instcount_plainmodel,10000,14033,1.1494,2.04,0.081054,[.00
A2C_25000_bzip2__instcount_plainmodel,10000,13905,1.1594,2.06,0.079095,[.00
A2C_25000_bzip2__instcount_plainmodel,10000,14495,1.1133,1.98,0.084907,[.00
A2C_25000_bzip2__instcount_plainmodel,10000,14259,1.1317,2.01,0.082793,[.00
A2C_25000_bzip2__instcount_plainmodel,10000,13905,1.1594,2.06,0.081976,[.00
A2C_25000_bzip2__instcount_plainmodel,10000,14319,1.1270,2.00,0.080229,[.00
A2C_25000_bzip2__instcount_plainmodel,10000,13639,1.1802,2.10,0.081116,[.00
A2C_25000_bzip2__instcount_plainmodel,11000,13928,1.1576,2.06,0.07814,[.00
A2C_25000_bzip2__instcount_plainmodel,11000,13851,1.1636,2.07,0.084291,[.00
A2C_25000_bzip2__instcount_plainmodel,11000,13905,1.1594,2.06,0.080911,[.00
A2C_25000_bzip2__instcount_plainmodel,11000,13890,1.1605,2.06,0.081026,[.00
A2C_25000_bzip2__instcount_plainmodel,11000,13933,1.1572,2.06,0.080535,[.00
A2C_25000_bzip2__instcount_plainmodel,11000,13707,1.1748,2.09,0.078501,[.00
A2C_25000_bzip2__instcount_plainmodel,11000,14019,1.1505,2.05,0.08077,[.00
A2C_25000_bzip2__instcount_plainmodel,11000,13693,1.1759,2.09,0.083792,[.00
A2C_25000_bzip2__instcount_plainmodel,11000,13391,1.1995,2.14,0.079973,[.00
A2C_25000_bzip2__instcount_plainmodel,11000,13914,1.1587,2.06,0.081492,[.00
A2C_25000_bzip2__instcount_plainmodel,11000,13997,1.1522,2.05,0.079939,[.00
A2C_25000_bzip2__instcount_plainmodel,11000,13695,1.1758,2.09,0.081643,[.00
A2C_25000_bzip2__instcount_plainmodel,11000,13868,1.1623,2.07,0.087094,[.00
A2C_25000_bzip2__instcount_plainmodel,11000,13893,1.1603,2.06,0.082921,[.00
A2C_25000_bzip2__instcount_plainmodel,11000,13911,1.1589,2.06,0.079694,[.00
A2C_25000_bzip2__instcount_plainmodel,11000,13766,1.1702,2.08,0.082581,[.00
A2C_25000_bzip2__instcount_plainmodel,11000,14041,1.1488,2.04,0.077921,[.00
A2C_25000_bzip2__instcount_plainmodel,11000,13738,1.1724,2.09,0.079082,[.00
A2C_25000_bzip2__instcount_plainmodel,11000,14107,1.1436,2.03,0.091185,[.00
A2C_25000_bzip2__instcount_plainmodel,11000,13935,1.1570,2.06,0.082237,[.00
A2C_25000_bzip2__instcount_plainmodel,11000,13837,1.1647,2.07,0.081094,[.00
A2C_25000_bzip2__instcount_plainmodel,11000,14200,1.1363,2.02,0.080726,[.00
A2C_25000_bzip2__instcount_plainmodel,11000,13926,1.1577,2.06,0.078144,[.00
A2C_25000_bzip2__instcount_plainmodel,11000,13785,1.1688,2.08,0.082409,[.00
A2C_25000_bzip2__instcount_plainmodel,11000,14518,1.1115,1.98,0.090066,[.00
A2C_25000_bzip2__instcount_plainmodel,11000,13899,1.1598,2.06,0.081479,[.00
A2C_25000_bzip2__instcount_plainmodel,11000,13917,1.1584,2.06,0.079846,[.00
A2C_25000_bzip2__instcount_plainmodel,11000,13910,1.1590,2.06,0.078622,[.00
A2C_25000_bzip2__instcount_plainmodel,11000,13961,1.1550,2.05,0.079157,[.00
A2C_25000_bzip2__instcount_plainmodel,11000,13605,1.1828,2.11,0.08065,[.00
A2C_25000_bzip2__instcount_plainmodel,11000,14065,1.1469,2.04,0.083517,[.00
A2C_25000_bzip2__instcount_plainmodel,11000,13810,1.1668,2.08,0.082439,[.00
A2C_25000_bzip2__instcount_plainmodel,11000,13806,1.1671,2.08,0.082426,[.00
A2C_25000_bzip2__instcount_plainmodel,11000,14901,1.0816,1.92,0.08072,[.00
A2C_25000_bzip2__instcount_plainmodel,11000,13714,1.1743,2.09,0.080653,[.00
A2C_25000_bzip2__instcount_plainmodel,11000,13937,1.1569,2.06,0.084051,[.00
A2C_25000_bzip2__instcount_plainmodel,11000,13993,1.1525,2.05,0.079149,[.00
A2C_25000_bzip2__instcount_plainmodel,11000,14003,1.1517,2.05,0.079838,[.00
A2C_25000_bzip2__instcount_plainmodel,11000,13955,1.1555,2.06,0.079231,[.00
A2C_25000_bzip2__instcount_plainmodel,11000,13683,1.1767,2.10,0.083162,[.00
A2C_25000_bzip2__instcount_plainmodel,11000,13989,1.1528,2.05,0.081642,[.00
A2C_25000_bzip2__instcount_plainmodel,11000,14034,1.1493,2.04,0.079603,[.00
A2C_25000_bzip2__instcount_plainmodel,11000,13926,1.1577,2.06,0.079987,[.00
A2C_25000_bzip2__instcount_plainmodel,11000,14612,1.1042,1.96,0.082881,[.00
A2C_25000_bzip2__instcount_plainmodel,11000,13920,1.1582,2.06,0.080506,[.00
A2C_25000_bzip2__instcount_plainmodel,11000,13908,1.1591,2.06,0.07962,[.00
A2C_25000_bzip2__instcount_plainmodel,11000,13906,1.1593,2.06,0.083804,[.00
A2C_25000_bzip2__instcount_plainmodel,11000,13970,1.1543,2.05,0.081744,[.00
A2C_25000_bzip2__instcount_plainmodel,11000,13900,1.1598,2.06,0.083107,[.00
A2C_25000_bzip2__instcount_plainmodel,11000,13910,1.1590,2.06,0.087628,[.00
A2C_25000_bzip2__instcount_plainmodel,11000,14016,1.1507,2.05,0.08294,[.00
A2C_25000_bzip2__instcount_plainmodel,11000,14039,1.1489,2.04,0.082141,[.00
A2C_25000_bzip2__instcount_plainmodel,11000,14592,1.1057,1.97,0.079501,[.00
A2C_25000_bzip2__instcount_plainmodel,11000,13908,1.1591,2.06,0.078415,[.00
A2C_25000_bzip2__instcount_plainmodel,11000,14023,1.1502,2.05,0.087823,[.00
A2C_25000_bzip2__instcount_plainmodel,11000,14032,1.1495,2.04,0.078731,[.00
A2C_25000_bzip2__instcount_plainmodel,11000,14027,1.1498,2.04,0.082391,[.00
A2C_25000_bzip2__instcount_plainmodel,11000,13931,1.1573,2.06,0.085878,[.00
A2C_25000_bzip2__instcount_plainmodel,11000,13712,1.1745,2.09,0.080628,[.00
A2C_25000_bzip2__instcount_plainmodel,11000,14049,1.1481,2.04,0.080712,[.00
A2C_25000_bzip2__instcount_plainmodel,11000,13689,1.1763,2.10,0.083308,[.00
A2C_25000_bzip2__instcount_plainmodel,11000,14022,1.1502,2.05,0.0826,[.00
A2C_25000_bzip2__instcount_plainmodel,11000,13693,1.1759,2.09,0.079432,[.00
A2C_25000_bzip2__instcount_plainmodel,11000,13734,1.1727,2.09,0.084723,[.00
A2C_25000_bzip2__instcount_plainmodel,11000,14479,1.1145,1.98,0.079265,[.00
A2C_25000_bzip2__instcount_plainmodel,11000,13701,1.1753,2.09,0.087072,[.00
A2C_25000_bzip2__instcount_plainmodel,11000,13893,1.1603,2.06,0.081897,[.00
A2C_25000_bzip2__instcount_plainmodel,11000,13684,1.1766,2.10,0.082814,[.00
A2C_25000_bzip2__instcount_plainmodel,11000,13922,1.1581,2.06,0.082299,[.00
A2C_25000_bzip2__instcount_plainmodel,11000,13904,1.1595,2.06,0.083869,[.00
A2C_25000_bzip2__instcount_plainmodel,11000,13996,1.1523,2.05,0.081769,[.00
A2C_25000_bzip2__instcount_plainmodel,11000,13914,1.1587,2.06,0.082886,[.00
A2C_25000_bzip2__instcount_plainmodel,11000,13981,1.1534,2.05,0.08134,[.00
A2C_25000_bzip2__instcount_plainmodel,11000,14575,1.1070,1.97,0.079353,[.00
A2C_25000_bzip2__instcount_plainmodel,11000,13798,1.1677,2.08,0.089996,[.00
A2C_25000_bzip2__instcount_plainmodel,11000,13948,1.1560,2.06,0.083217,[.00
A2C_25000_bzip2__instcount_plainmodel,11000,13801,1.1675,2.08,0.07968,[.00
A2C_25000_bzip2__instcount_plainmodel,11000,13694,1.1759,2.09,0.080376,[.00
A2C_25000_bzip2__instcount_plainmodel,11000,14563,1.1080,1.97,0.081307,[.00
A2C_25000_bzip2__instcount_plainmodel,11000,13902,1.1596,2.06,0.079508,[.00
A2C_25000_bzip2__instcount_plainmodel,11000,14026,1.1499,2.04,0.082939,[.00
A2C_25000_bzip2__instcount_plainmodel,11000,13675,1.1773,2.10,0.079109,[.00
A2C_25000_bzip2__instcount_plainmodel,11000,13797,1.1678,2.08,0.084802,[.00
A2C_25000_bzip2__instcount_plainmodel,11000,13917,1.1584,2.06,0.078597,[.00
A2C_25000_bzip2__instcount_plainmodel,11000,14182,1.1377,2.02,0.079301,[.00
A2C_25000_bzip2__instcount_plainmodel,11000,13943,1.1564,2.06,0.080895,[.00
A2C_25000_bzip2__instcount_plainmodel,11000,13639,1.1802,2.10,0.083409,[.00
A2C_25000_bzip2__instcount_plainmodel,11000,13687,1.1764,2.10,0.083579,[.00
A2C_25000_bzip2__instcount_plainmodel,11000,13916,1.1585,2.06,0.079962,[.00
A2C_25000_bzip2__instcount_plainmodel,11000,14005,1.1516,2.05,0.078814,[.00
A2C_25000_bzip2__instcount_plainmodel,11000,14015,1.1508,2.05,0.07883,[.00
A2C_25000_bzip2__instcount_plainmodel,11000,13706,1.1749,2.09,0.080055,[.00
A2C_25000_bzip2__instcount_plainmodel,11000,14290,1.1293,2.01,0.080279,[.00
A2C_25000_bzip2__instcount_plainmodel,11000,13889,1.1606,2.06,0.079123,[.00
A2C_25000_bzip2__instcount_plainmodel,11000,13935,1.1570,2.06,0.079419,[.00
A2C_25000_bzip2__instcount_plainmodel,11000,14269,1.1309,2.01,0.081675,[.00
A2C_25000_bzip2__instcount_plainmodel,11000,13906,1.1593,2.06,0.08237,[.00
A2C_25000_bzip2__instcount_plainmodel,11000,13720,1.1738,2.09,0.080142,[.00
A2C_25000_bzip2__instcount_plainmodel,11000,13957,1.1553,2.05,0.081406,[.00
A2C_25000_bzip2__instcount_plainmodel,11000,13598,1.1834,2.11,0.080443,[.00
A2C_25000_bzip2__instcount_plainmodel,12000,21643,0.5549,1.32,0.045546,[.00
A2C_25000_bzip2__instcount_plainmodel,12000,14082,1.1456,2.04,0.080412,[.00
A2C_25000_bzip2__instcount_plainmodel,12000,13900,1.1598,2.06,0.081145,[.00
A2C_25000_bzip2__instcount_plainmodel,12000,14247,1.1327,2.01,0.083182,[.00
A2C_25000_bzip2__instcount_plainmodel,12000,13916,1.1585,2.06,0.079969,[.00
A2C_25000_bzip2__instcount_plainmodel,12000,21523,0.5643,1.33,0.046589,[.00
A2C_25000_bzip2__instcount_plainmodel,12000,13943,1.1564,2.06,0.080056,[.00
A2C_25000_bzip2__instcount_plainmodel,12000,13898,1.1599,2.06,0.079578,[.00
A2C_25000_bzip2__instcount_plainmodel,12000,14132,1.1416,2.03,0.080122,[.00
A2C_25000_bzip2__instcount_plainmodel,12000,13935,1.1570,2.06,0.085081,[.00
A2C_25000_bzip2__instcount_plainmodel,12000,21390,0.5747,1.34,0.04786,[.00
A2C_25000_bzip2__instcount_plainmodel,12000,13687,1.1764,2.10,0.08204,[.00
A2C_25000_bzip2__instcount_plainmodel,12000,13898,1.1599,2.06,0.079251,[.00
A2C_25000_bzip2__instcount_plainmodel,12000,14005,1.1516,2.05,0.082826,[.00
A2C_25000_bzip2__instcount_plainmodel,12000,21490,0.5669,1.33,0.048237,[.00
A2C_25000_bzip2__instcount_plainmodel,12000,14088,1.1451,2.04,0.080016,[.00
A2C_25000_bzip2__instcount_plainmodel,12000,14031,1.1495,2.04,0.078417,[.00
A2C_25000_bzip2__instcount_plainmodel,12000,14042,1.1487,2.04,0.085601,[.00
A2C_25000_bzip2__instcount_plainmodel,12000,13711,1.1745,2.09,0.078203,[.00
A2C_25000_bzip2__instcount_plainmodel,12000,13872,1.1620,2.07,0.081444,[.00
A2C_25000_bzip2__instcount_plainmodel,12000,13951,1.1558,2.06,0.080898,[.00
A2C_25000_bzip2__instcount_plainmodel,12000,14160,1.1395,2.03,0.082234,[.00
A2C_25000_bzip2__instcount_plainmodel,12000,21480,0.5677,1.33,0.046678,[.00
A2C_25000_bzip2__instcount_plainmodel,12000,13880,1.1613,2.07,0.084494,[.00
A2C_25000_bzip2__instcount_plainmodel,12000,13774,1.1696,2.08,0.080775,[.00
A2C_25000_bzip2__instcount_plainmodel,12000,17288,0.8951,1.66,0.043141,[.00
A2C_25000_bzip2__instcount_plainmodel,12000,14570,1.1074,1.97,0.080707,[.00
A2C_25000_bzip2__instcount_plainmodel,12000,13921,1.1581,2.06,0.079833,[.00
A2C_25000_bzip2__instcount_plainmodel,12000,14154,1.1399,2.03,0.081247,[.00
A2C_25000_bzip2__instcount_plainmodel,12000,21340,0.5786,1.34,0.055797,[.00
A2C_25000_bzip2__instcount_plainmodel,12000,14265,1.1313,2.01,0.086388,[.00
A2C_25000_bzip2__instcount_plainmodel,12000,16989,0.9185,1.69,0.079345,[.00
A2C_25000_bzip2__instcount_plainmodel,12000,14023,1.1502,2.05,0.081007,[.00
A2C_25000_bzip2__instcount_plainmodel,12000,14022,1.1502,2.05,0.078069,[.00
A2C_25000_bzip2__instcount_plainmodel,12000,13906,1.1593,2.06,0.081389,[.00
A2C_25000_bzip2__instcount_plainmodel,12000,14150,1.1402,2.03,0.081042,[.00
A2C_25000_bzip2__instcount_plainmodel,12000,13909,1.1591,2.06,0.08477,[.00
A2C_25000_bzip2__instcount_plainmodel,12000,14015,1.1508,2.05,0.08041,[.00
A2C_25000_bzip2__instcount_plainmodel,12000,13674,1.1774,2.10,0.086907,[.00
A2C_25000_bzip2__instcount_plainmodel,12000,13704,1.1751,2.09,0.081017,[.00
A2C_25000_bzip2__instcount_plainmodel,12000,13913,1.1588,2.06,0.079293,[.00
A2C_25000_bzip2__instcount_plainmodel,12000,14034,1.1493,2.04,0.079379,[.00
A2C_25000_bzip2__instcount_plainmodel,12000,13744,1.1720,2.09,0.082229,[.00
A2C_25000_bzip2__instcount_plainmodel,12000,18456,0.8039,1.55,0.044406,[.00
A2C_25000_bzip2__instcount_plainmodel,12000,14039,1.1489,2.04,0.082388,[.00
A2C_25000_bzip2__instcount_plainmodel,12000,21513,0.5651,1.33,0.045959,[.00
A2C_25000_bzip2__instcount_plainmodel,12000,21524,0.5642,1.33,0.046928,[.00
A2C_25000_bzip2__instcount_plainmodel,12000,18519,0.7990,1.55,0.045651,[.00
A2C_25000_bzip2__instcount_plainmodel,12000,14083,1.1455,2.04,0.082844,[.00
A2C_25000_bzip2__instcount_plainmodel,12000,14599,1.1052,1.96,0.08827,[.00
A2C_25000_bzip2__instcount_plainmodel,12000,18489,0.8013,1.55,0.045165,[.00
A2C_25000_bzip2__instcount_plainmodel,12000,13986,1.1531,2.05,0.07919,[.00
A2C_25000_bzip2__instcount_plainmodel,12000,21493,0.5667,1.33,0.047479,[.00
A2C_25000_bzip2__instcount_plainmodel,12000,21509,0.5654,1.33,0.047036,[.00
A2C_25000_bzip2__instcount_plainmodel,12000,14286,1.1296,2.01,0.078479,[.00
A2C_25000_bzip2__instcount_plainmodel,12000,14156,1.1398,2.03,0.080814,[.00
A2C_25000_bzip2__instcount_plainmodel,12000,13707,1.1748,2.09,0.079552,[.00
A2C_25000_bzip2__instcount_plainmodel,12000,14041,1.1488,2.04,0.083033,[.00
A2C_25000_bzip2__instcount_plainmodel,12000,13834,1.1649,2.07,0.079234,[.00
A2C_25000_bzip2__instcount_plainmodel,12000,14057,1.1475,2.04,0.086178,[.00
A2C_25000_bzip2__instcount_plainmodel,12000,14195,1.1367,2.02,0.08488,[.00
A2C_25000_bzip2__instcount_plainmodel,12000,13976,1.1538,2.05,0.083412,[.00
A2C_25000_bzip2__instcount_plainmodel,12000,22725,0.4704,1.26,0.047557,[.00
A2C_25000_bzip2__instcount_plainmodel,12000,13916,1.1585,2.06,0.079348,[.00
A2C_25000_bzip2__instcount_plainmodel,12000,14059,1.1473,2.04,0.079205,[.00
A2C_25000_bzip2__instcount_plainmodel,12000,25142,0.2816,1.14,0.045878,[.00
A2C_25000_bzip2__instcount_plainmodel,12000,14128,1.1420,2.03,0.081736,[.00
A2C_25000_bzip2__instcount_plainmodel,12000,14055,1.1477,2.04,0.086865,[.00
A2C_25000_bzip2__instcount_plainmodel,12000,14186,1.1374,2.02,0.07882,[.00
A2C_25000_bzip2__instcount_plainmodel,12000,13602,1.1830,2.11,0.079688,[.00
A2C_25000_bzip2__instcount_plainmodel,12000,18538,0.7975,1.55,0.047088,[.00
A2C_25000_bzip2__instcount_plainmodel,12000,21508,0.5655,1.33,0.047569,[.00
A2C_25000_bzip2__instcount_plainmodel,12000,13919,1.1583,2.06,0.078553,[.00
A2C_25000_bzip2__instcount_plainmodel,12000,13902,1.1596,2.06,0.078353,[.00
A2C_25000_bzip2__instcount_plainmodel,12000,13902,1.1596,2.06,0.079019,[.00
A2C_25000_bzip2__instcount_plainmodel,12000,21546,0.5625,1.33,0.048277,[.00
A2C_25000_bzip2__instcount_plainmodel,12000,14174,1.1384,2.02,0.084329,[.00
A2C_25000_bzip2__instcount_plainmodel,12000,13678,1.1771,2.10,0.080293,[.00
A2C_25000_bzip2__instcount_plainmodel,12000,13874,1.1618,2.07,0.079455,[.00
A2C_25000_bzip2__instcount_plainmodel,12000,13714,1.1743,2.09,0.080542,[.00
A2C_25000_bzip2__instcount_plainmodel,12000,14020,1.1504,2.05,0.080761,[.00
A2C_25000_bzip2__instcount_plainmodel,12000,14000,1.1520,2.05,0.080335,[.00
A2C_25000_bzip2__instcount_plainmodel,12000,18545,0.7969,1.55,0.043956,[.00
A2C_25000_bzip2__instcount_plainmodel,12000,13983,1.1533,2.05,0.078545,[.00
A2C_25000_bzip2__instcount_plainmodel,12000,14502,1.1127,1.98,0.080943,[.00
A2C_25000_bzip2__instcount_plainmodel,12000,14649,1.1013,1.96,0.082167,[.00
A2C_25000_bzip2__instcount_plainmodel,12000,14512,1.1120,1.98,0.079334,[.00
A2C_25000_bzip2__instcount_plainmodel,12000,14084,1.1454,2.04,0.085483,[.00
A2C_25000_bzip2__instcount_plainmodel,12000,13797,1.1678,2.08,0.085214,[.00
A2C_25000_bzip2__instcount_plainmodel,12000,14232,1.1338,2.01,0.077746,[.00
A2C_25000_bzip2__instcount_plainmodel,12000,13912,1.1588,2.06,0.078888,[.00
A2C_25000_bzip2__instcount_plainmodel,12000,14025,1.1500,2.04,0.082036,[.00
A2C_25000_bzip2__instcount_plainmodel,12000,14005,1.1516,2.05,0.08368,[.00
A2C_25000_bzip2__instcount_plainmodel,12000,14140,1.1410,2.03,0.08796,[.00
A2C_25000_bzip2__instcount_plainmodel,12000,14044,1.1485,2.04,0.080246,[.00
A2C_25000_bzip2__instcount_plainmodel,12000,21514,0.5650,1.33,0.046403,[.00
A2C_25000_bzip2__instcount_plainmodel,12000,14214,1.1352,2.02,0.081261,[.00
A2C_25000_bzip2__instcount_plainmodel,12000,13999,1.1520,2.05,0.079807,[.00
A2C_25000_bzip2__instcount_plainmodel,12000,13730,1.1730,2.09,0.077995,[.00
A2C_25000_bzip2__instcount_plainmodel,12000,13941,1.1566,2.06,0.079667,[.00
A2C_25000_bzip2__instcount_plainmodel,13000,14204,1.1360,2.02,0.08437,[.00
A2C_25000_bzip2__instcount_plainmodel,13000,14145,1.1406,2.03,0.081463,[.00
A2C_25000_bzip2__instcount_plainmodel,13000,13906,1.1593,2.06,0.082323,[.00
A2C_25000_bzip2__instcount_plainmodel,13000,21512,0.5652,1.33,0.051371,[.00
A2C_25000_bzip2__instcount_plainmodel,13000,13889,1.1606,2.06,0.081815,[.00
A2C_25000_bzip2__instcount_plainmodel,13000,13769,1.1700,2.08,0.079992,[.00
A2C_25000_bzip2__instcount_plainmodel,13000,13908,1.1591,2.06,0.077876,[.00
A2C_25000_bzip2__instcount_plainmodel,13000,24624,0.3221,1.16,0.045819,[.00
A2C_25000_bzip2__instcount_plainmodel,13000,14554,1.1087,1.97,0.083161,[.00
A2C_25000_bzip2__instcount_plainmodel,13000,14556,1.1085,1.97,0.080251,[.00
A2C_25000_bzip2__instcount_plainmodel,13000,14741,1.0941,1.95,0.082671,[.00
A2C_25000_bzip2__instcount_plainmodel,13000,14859,1.0849,1.93,0.081873,[.00
A2C_25000_bzip2__instcount_plainmodel,13000,13903,1.1595,2.06,0.081735,[.00
A2C_25000_bzip2__instcount_plainmodel,13000,21493,0.5667,1.33,0.047016,[.00
A2C_25000_bzip2__instcount_plainmodel,13000,13726,1.1734,2.09,0.081638,[.00
A2C_25000_bzip2__instcount_plainmodel,13000,13682,1.1768,2.10,0.086505,[.00
A2C_25000_bzip2__instcount_plainmodel,13000,13853,1.1634,2.07,0.079224,[.00
A2C_25000_bzip2__instcount_plainmodel,13000,13908,1.1591,2.06,0.08477,[.00
A2C_25000_bzip2__instcount_plainmodel,13000,13908,1.1591,2.06,0.078241,[.00
A2C_25000_bzip2__instcount_plainmodel,13000,13768,1.1701,2.08,0.082401,[.00
A2C_25000_bzip2__instcount_plainmodel,13000,14043,1.1486,2.04,0.082153,[.00
A2C_25000_bzip2__instcount_plainmodel,13000,13914,1.1587,2.06,0.083504,[.00
A2C_25000_bzip2__instcount_plainmodel,13000,14560,1.1082,1.97,0.079983,[.00
A2C_25000_bzip2__instcount_plainmodel,13000,14061,1.1472,2.04,0.079227,[.00
A2C_25000_bzip2__instcount_plainmodel,13000,13691,1.1761,2.09,0.083883,[.00
A2C_25000_bzip2__instcount_plainmodel,13000,14256,1.1320,2.01,0.08304,[.00
A2C_25000_bzip2__instcount_plainmodel,13000,14526,1.1109,1.97,0.082304,[.00
A2C_25000_bzip2__instcount_plainmodel,13000,14290,1.1293,2.01,0.086789,[.00
A2C_25000_bzip2__instcount_plainmodel,13000,13932,1.1573,2.06,0.079187,[.00
A2C_25000_bzip2__instcount_plainmodel,13000,14507,1.1124,1.98,0.078682,[.00
A2C_25000_bzip2__instcount_plainmodel,13000,14581,1.1066,1.97,0.088601,[.00
A2C_25000_bzip2__instcount_plainmodel,13000,14522,1.1112,1.97,0.087964,[.00
A2C_25000_bzip2__instcount_plainmodel,13000,13905,1.1594,2.06,0.082338,[.00
A2C_25000_bzip2__instcount_plainmodel,13000,13922,1.1581,2.06,0.080194,[.00
A2C_25000_bzip2__instcount_plainmodel,13000,13908,1.1591,2.06,0.078283,[.00
A2C_25000_bzip2__instcount_plainmodel,13000,14565,1.1078,1.97,0.079363,[.00
A2C_25000_bzip2__instcount_plainmodel,13000,14568,1.1076,1.97,0.081643,[.00
A2C_25000_bzip2__instcount_plainmodel,13000,14205,1.1359,2.02,0.083488,[.00
A2C_25000_bzip2__instcount_plainmodel,13000,14051,1.1480,2.04,0.082994,[.00
A2C_25000_bzip2__instcount_plainmodel,13000,14025,1.1500,2.04,0.080172,[.00
A2C_25000_bzip2__instcount_plainmodel,13000,14565,1.1078,1.97,0.081194,[.00
A2C_25000_bzip2__instcount_plainmodel,13000,14567,1.1077,1.97,0.080578,[.00
A2C_25000_bzip2__instcount_plainmodel,13000,13978,1.1537,2.05,0.079529,[.00
A2C_25000_bzip2__instcount_plainmodel,13000,14003,1.1517,2.05,0.080669,[.00
A2C_25000_bzip2__instcount_plainmodel,13000,14510,1.1121,1.98,0.079909,[.00
A2C_25000_bzip2__instcount_plainmodel,13000,13912,1.1588,2.06,0.080573,[.00
A2C_25000_bzip2__instcount_plainmodel,13000,14502,1.1127,1.98,0.084096,[.00
A2C_25000_bzip2__instcount_plainmodel,13000,13944,1.1563,2.06,0.079951,[.00
A2C_25000_bzip2__instcount_plainmodel,13000,14326,1.1265,2.00,0.079446,[.00
A2C_25000_bzip2__instcount_plainmodel,13000,13959,1.1552,2.05,0.08363,[.00
A2C_25000_bzip2__instcount_plainmodel,13000,14504,1.1126,1.98,0.083222,[.00
A2C_25000_bzip2__instcount_plainmodel,13000,13906,1.1593,2.06,0.079875,[.00
A2C_25000_bzip2__instcount_plainmodel,13000,13989,1.1528,2.05,0.082025,[.00
A2C_25000_bzip2__instcount_plainmodel,13000,13904,1.1595,2.06,0.082256,[.00
A2C_25000_bzip2__instcount_plainmodel,13000,13935,1.1570,2.06,0.08174,[.00
A2C_25000_bzip2__instcount_plainmodel,13000,13915,1.1586,2.06,0.087261,[.00
A2C_25000_bzip2__instcount_plainmodel,13000,14566,1.1077,1.97,0.080412,[.00
A2C_25000_bzip2__instcount_plainmodel,13000,14525,1.1109,1.97,0.084136,[.00
A2C_25000_bzip2__instcount_plainmodel,13000,13916,1.1585,2.06,0.082432,[.00
A2C_25000_bzip2__instcount_plainmodel,13000,13776,1.1695,2.08,0.086436,[.00
A2C_25000_bzip2__instcount_plainmodel,13000,13935,1.1570,2.06,0.083979,[.00
A2C_25000_bzip2__instcount_plainmodel,13000,14558,1.1084,1.97,0.083797,[.00
A2C_25000_bzip2__instcount_plainmodel,13000,13911,1.1589,2.06,0.077811,[.00
A2C_25000_bzip2__instcount_plainmodel,13000,13904,1.1595,2.06,0.082208,[.00
A2C_25000_bzip2__instcount_plainmodel,13000,13900,1.1598,2.06,0.079183,[.00
A2C_25000_bzip2__instcount_plainmodel,13000,13929,1.1575,2.06,0.08205,[.00
A2C_25000_bzip2__instcount_plainmodel,13000,15657,1.0225,1.83,0.082187,[.00
A2C_25000_bzip2__instcount_plainmodel,13000,14093,1.1447,2.03,0.082775,[.00
A2C_25000_bzip2__instcount_plainmodel,13000,13776,1.1695,2.08,0.081314,[.00
A2C_25000_bzip2__instcount_plainmodel,13000,13885,1.1609,2.07,0.081167,[.00
A2C_25000_bzip2__instcount_plainmodel,13000,14548,1.1092,1.97,0.08315,[.00
A2C_25000_bzip2__instcount_plainmodel,13000,13893,1.1603,2.06,0.079718,[.00
A2C_25000_bzip2__instcount_plainmodel,13000,13606,1.1827,2.11,0.082322,[.00
A2C_25000_bzip2__instcount_plainmodel,13000,13901,1.1597,2.06,0.101208,[.00
A2C_25000_bzip2__instcount_plainmodel,13000,13688,1.1763,2.10,0.07739,[.00
A2C_25000_bzip2__instcount_plainmodel,13000,13933,1.1572,2.06,0.083044,[.00
A2C_25000_bzip2__instcount_plainmodel,13000,14482,1.1143,1.98,0.079742,[.00
A2C_25000_bzip2__instcount_plainmodel,13000,21532,0.5636,1.33,0.047907,[.00
A2C_25000_bzip2__instcount_plainmodel,13000,13893,1.1603,2.06,0.079146,[.00
A2C_25000_bzip2__instcount_plainmodel,13000,13786,1.1687,2.08,0.08188,[.00
A2C_25000_bzip2__instcount_plainmodel,13000,14052,1.1479,2.04,0.08194,[.00
A2C_25000_bzip2__instcount_plainmodel,13000,14205,1.1359,2.02,0.079151,[.00
A2C_25000_bzip2__instcount_plainmodel,13000,13903,1.1595,2.06,0.08668,[.00
A2C_25000_bzip2__instcount_plainmodel,13000,14479,1.1145,1.98,0.081545,[.00
A2C_25000_bzip2__instcount_plainmodel,13000,14289,1.1294,2.01,0.078342,[.00
A2C_25000_bzip2__instcount_plainmodel,13000,13934,1.1571,2.06,0.080138,[.00
A2C_25000_bzip2__instcount_plainmodel,13000,13921,1.1581,2.06,0.078777,[.00
A2C_25000_bzip2__instcount_plainmodel,13000,13984,1.1532,2.05,0.083233,[.00
A2C_25000_bzip2__instcount_plainmodel,13000,13997,1.1522,2.05,0.082408,[.00
A2C_25000_bzip2__instcount_plainmodel,13000,13919,1.1583,2.06,0.079787,[.00
A2C_25000_bzip2__instcount_plainmodel,13000,13896,1.1601,2.06,0.081374,[.00
A2C_25000_bzip2__instcount_plainmodel,13000,13889,1.1606,2.06,0.088371,[.00
A2C_25000_bzip2__instcount_plainmodel,13000,13908,1.1591,2.06,0.083264,[.00
A2C_25000_bzip2__instcount_plainmodel,13000,13854,1.1634,2.07,0.080999,[.00
A2C_25000_bzip2__instcount_plainmodel,13000,13950,1.1559,2.06,0.078226,[.00
A2C_25000_bzip2__instcount_plainmodel,13000,14027,1.1498,2.04,0.082006,[.00
A2C_25000_bzip2__instcount_plainmodel,13000,14007,1.1514,2.05,0.081822,[.00
A2C_25000_bzip2__instcount_plainmodel,13000,13994,1.1524,2.05,0.084246,[.00
A2C_25000_bzip2__instcount_plainmodel,13000,14556,1.1085,1.97,0.084066,[.00
A2C_25000_bzip2__instcount_plainmodel,13000,13907,1.1592,2.06,0.082375,[.00
A2C_25000_bzip2__instcount_plainmodel,14000,13922,1.1581,2.06,0.082839,[.00
A2C_25000_bzip2__instcount_plainmodel,14000,14543,1.1095,1.97,0.082878,[.00
A2C_25000_bzip2__instcount_plainmodel,14000,14645,1.1016,1.96,0.082922,[.00
A2C_25000_bzip2__instcount_plainmodel,14000,13972,1.1541,2.05,0.081283,[.00
A2C_25000_bzip2__instcount_plainmodel,14000,14822,1.0877,1.93,0.093018,[.00
A2C_25000_bzip2__instcount_plainmodel,14000,14256,1.1320,2.01,0.081222,[.00
A2C_25000_bzip2__instcount_plainmodel,14000,13941,1.1566,2.06,0.084188,[.00
A2C_25000_bzip2__instcount_plainmodel,14000,14111,1.1433,2.03,0.078502,[.00
A2C_25000_bzip2__instcount_plainmodel,14000,13966,1.1546,2.05,0.079698,[.00
A2C_25000_bzip2__instcount_plainmodel,14000,14331,1.1261,2.00,0.083639,[.00
A2C_25000_bzip2__instcount_plainmodel,14000,13983,1.1533,2.05,0.079628,[.00
A2C_25000_bzip2__instcount_plainmodel,14000,14000,1.1520,2.05,0.086721,[.00
A2C_25000_bzip2__instcount_plainmodel,14000,13931,1.1573,2.06,0.07863,[.00
A2C_25000_bzip2__instcount_plainmodel,14000,14004,1.1516,2.05,0.0845,[.00
A2C_25000_bzip2__instcount_plainmodel,14000,14364,1.1235,2.00,0.080726,[.00
A2C_25000_bzip2__instcount_plainmodel,14000,13900,1.1598,2.06,0.080615,[.00
A2C_25000_bzip2__instcount_plainmodel,14000,14646,1.1015,1.96,0.083227,[.00
A2C_25000_bzip2__instcount_plainmodel,14000,13898,1.1599,2.06,0.079085,[.00
A2C_25000_bzip2__instcount_plainmodel,14000,14505,1.1125,1.98,0.080146,[.00
A2C_25000_bzip2__instcount_plainmodel,14000,13893,1.1603,2.06,0.083399,[.00
A2C_25000_bzip2__instcount_plainmodel,14000,13912,1.1588,2.06,0.082279,[.00
A2C_25000_bzip2__instcount_plainmodel,14000,14498,1.1131,1.98,0.079866,[.00
A2C_25000_bzip2__instcount_plainmodel,14000,15321,1.0488,1.87,0.079693,[.00
A2C_25000_bzip2__instcount_plainmodel,14000,15705,1.0188,1.83,0.072818,[.00
A2C_25000_bzip2__instcount_plainmodel,14000,16049,0.9919,1.79,0.072332,[.00
A2C_25000_bzip2__instcount_plainmodel,14000,14519,1.1114,1.98,0.082669,[.00
A2C_25000_bzip2__instcount_plainmodel,14000,14190,1.1371,2.02,0.084456,[.00
A2C_25000_bzip2__instcount_plainmodel,14000,14489,1.1138,1.98,0.084487,[.00
A2C_25000_bzip2__instcount_plainmodel,14000,13918,1.1584,2.06,0.081874,[.00
A2C_25000_bzip2__instcount_plainmodel,14000,13938,1.1568,2.06,0.078814,[.00
A2C_25000_bzip2__instcount_plainmodel,14000,14023,1.1502,2.05,0.081914,[.00
A2C_25000_bzip2__instcount_plainmodel,14000,13712,1.1745,2.09,0.079618,[.00
A2C_25000_bzip2__instcount_plainmodel,14000,24624,0.3221,1.16,0.048422,[.00
A2C_25000_bzip2__instcount_plainmodel,14000,14280,1.1301,2.01,0.083797,[.00
A2C_25000_bzip2__instcount_plainmodel,14000,13883,1.1611,2.07,0.08278,[.00
A2C_25000_bzip2__instcount_plainmodel,14000,13942,1.1565,2.06,0.081503,[.00
A2C_25000_bzip2__instcount_plainmodel,14000,14517,1.1116,1.98,0.080308,[.00
A2C_25000_bzip2__instcount_plainmodel,14000,13906,1.1593,2.06,0.08457,[.00
A2C_25000_bzip2__instcount_plainmodel,14000,13594,1.1837,2.11,0.079037,[.00
A2C_25000_bzip2__instcount_plainmodel,14000,14149,1.1403,2.03,0.079975,[.00
A2C_25000_bzip2__instcount_plainmodel,14000,14184,1.1376,2.02,0.084573,[.00
A2C_25000_bzip2__instcount_plainmodel,14000,21581,0.5598,1.33,0.046275,[.00
A2C_25000_bzip2__instcount_plainmodel,14000,14080,1.1457,2.04,0.079513,[.00
A2C_25000_bzip2__instcount_plainmodel,14000,13872,1.1620,2.07,0.079977,[.00
A2C_25000_bzip2__instcount_plainmodel,14000,13964,1.1548,2.05,0.079956,[.00
A2C_25000_bzip2__instcount_plainmodel,14000,14554,1.1087,1.97,0.081221,[.00
A2C_25000_bzip2__instcount_plainmodel,14000,14170,1.1387,2.02,0.079407,[.00
A2C_25000_bzip2__instcount_plainmodel,14000,14571,1.1074,1.97,0.084612,[.00
A2C_25000_bzip2__instcount_plainmodel,14000,13908,1.1591,2.06,0.080884,[.00
A2C_25000_bzip2__instcount_plainmodel,14000,14873,1.0838,1.93,0.075142,[.00
A2C_25000_bzip2__instcount_plainmodel,14000,14185,1.1375,2.02,0.077629,[.00
A2C_25000_bzip2__instcount_plainmodel,14000,14275,1.1305,2.01,0.085309,[.00
A2C_25000_bzip2__instcount_plainmodel,14000,13945,1.1563,2.06,0.082333,[.00
A2C_25000_bzip2__instcount_plainmodel,14000,14508,1.1123,1.98,0.079957,[.00
A2C_25000_bzip2__instcount_plainmodel,14000,14384,1.1220,1.99,0.080993,[.00
A2C_25000_bzip2__instcount_plainmodel,14000,14466,1.1156,1.98,0.081882,[.00
A2C_25000_bzip2__instcount_plainmodel,14000,14565,1.1078,1.97,0.0787,[.00
A2C_25000_bzip2__instcount_plainmodel,14000,14279,1.1302,2.01,0.087934,[.00
A2C_25000_bzip2__instcount_plainmodel,14000,14270,1.1309,2.01,0.081898,[.00
A2C_25000_bzip2__instcount_plainmodel,14000,13901,1.1597,2.06,0.082856,[.00
A2C_25000_bzip2__instcount_plainmodel,14000,24622,0.3222,1.16,0.047216,[.00
A2C_25000_bzip2__instcount_plainmodel,14000,14390,1.1215,1.99,0.081068,[.00
A2C_25000_bzip2__instcount_plainmodel,14000,13996,1.1523,2.05,0.081608,[.00
A2C_25000_bzip2__instcount_plainmodel,14000,13981,1.1534,2.05,0.079098,[.00
A2C_25000_bzip2__instcount_plainmodel,14000,14473,1.1150,1.98,0.081867,[.00
A2C_25000_bzip2__instcount_plainmodel,14000,13899,1.1598,2.06,0.079149,[.00
A2C_25000_bzip2__instcount_plainmodel,14000,13893,1.1603,2.06,0.07845,[.00
A2C_25000_bzip2__instcount_plainmodel,14000,16014,0.9946,1.79,0.069508,[.00
A2C_25000_bzip2__instcount_plainmodel,14000,14223,1.1345,2.02,0.081197,[.00
A2C_25000_bzip2__instcount_plainmodel,14000,13937,1.1569,2.06,0.082235,[.00
A2C_25000_bzip2__instcount_plainmodel,14000,14817,1.0881,1.94,0.072038,[.00
A2C_25000_bzip2__instcount_plainmodel,14000,14632,1.1026,1.96,0.0807,[.00
A2C_25000_bzip2__instcount_plainmodel,14000,13924,1.1579,2.06,0.080112,[.00
A2C_25000_bzip2__instcount_plainmodel,14000,14663,1.1002,1.96,0.068745,[.00
A2C_25000_bzip2__instcount_plainmodel,14000,14439,1.1177,1.99,0.082183,[.00
A2C_25000_bzip2__instcount_plainmodel,14000,13698,1.1755,2.09,0.08631,[.00
A2C_25000_bzip2__instcount_plainmodel,14000,13943,1.1564,2.06,0.080426,[.00
A2C_25000_bzip2__instcount_plainmodel,14000,14613,1.1041,1.96,0.069704,[.00
A2C_25000_bzip2__instcount_plainmodel,14000,14039,1.1489,2.04,0.083202,[.00
A2C_25000_bzip2__instcount_plainmodel,14000,14278,1.1302,2.01,0.083838,[.00
A2C_25000_bzip2__instcount_plainmodel,14000,14194,1.1368,2.02,0.079481,[.00
A2C_25000_bzip2__instcount_plainmodel,14000,13937,1.1569,2.06,0.082952,[.00
A2C_25000_bzip2__instcount_plainmodel,14000,13921,1.1581,2.06,0.078381,[.00
A2C_25000_bzip2__instcount_plainmodel,14000,13910,1.1590,2.06,0.084944,[.00
A2C_25000_bzip2__instcount_plainmodel,14000,13926,1.1577,2.06,0.079183,[.00
A2C_25000_bzip2__instcount_plainmodel,14000,13923,1.1580,2.06,0.087925,[.00
A2C_25000_bzip2__instcount_plainmodel,14000,13764,1.1704,2.08,0.083636,[.00
A2C_25000_bzip2__instcount_plainmodel,14000,14514,1.1118,1.98,0.080324,[.00
A2C_25000_bzip2__instcount_plainmodel,14000,13948,1.1560,2.06,0.078347,[.00
A2C_25000_bzip2__instcount_plainmodel,14000,21651,0.5543,1.32,0.046828,[.00
A2C_25000_bzip2__instcount_plainmodel,14000,13943,1.1564,2.06,0.078376,[.00
A2C_25000_bzip2__instcount_plainmodel,14000,13909,1.1591,2.06,0.078098,[.00
A2C_25000_bzip2__instcount_plainmodel,14000,14024,1.1501,2.04,0.082804,[.00
A2C_25000_bzip2__instcount_plainmodel,14000,13981,1.1534,2.05,0.077544,[.00
A2C_25000_bzip2__instcount_plainmodel,14000,14558,1.1084,1.97,0.082043,[.00
A2C_25000_bzip2__instcount_plainmodel,14000,13948,1.1560,2.06,0.078697,[.00
A2C_25000_bzip2__instcount_plainmodel,14000,13906,1.1593,2.06,0.083539,[.00
A2C_25000_bzip2__instcount_plainmodel,14000,13835,1.1648,2.07,0.080227,[.00
A2C_25000_bzip2__instcount_plainmodel,14000,14313,1.1275,2.00,0.078778,[.00
A2C_25000_bzip2__instcount_plainmodel,14000,14007,1.1514,2.05,0.07987,[.00
A2C_25000_bzip2__instcount_plainmodel,15000,13970,1.1543,2.05,0.078843,[.00
A2C_25000_bzip2__instcount_plainmodel,15000,13714,1.1743,2.09,0.087583,[.00
A2C_25000_bzip2__instcount_plainmodel,15000,14140,1.1410,2.03,0.083154,[.00
A2C_25000_bzip2__instcount_plainmodel,15000,14095,1.1445,2.03,0.085023,[.00
A2C_25000_bzip2__instcount_plainmodel,15000,14491,1.1136,1.98,0.082022,[.00
A2C_25000_bzip2__instcount_plainmodel,15000,14306,1.1281,2.00,0.08369,[.00
A2C_25000_bzip2__instcount_plainmodel,15000,13898,1.1599,2.06,0.082288,[.00
A2C_25000_bzip2__instcount_plainmodel,15000,13913,1.1588,2.06,0.083485,[.00
A2C_25000_bzip2__instcount_plainmodel,15000,13936,1.1570,2.06,0.082375,[.00
A2C_25000_bzip2__instcount_plainmodel,15000,13908,1.1591,2.06,0.080423,[.00
A2C_25000_bzip2__instcount_plainmodel,15000,13694,1.1759,2.09,0.079817,[.00
A2C_25000_bzip2__instcount_plainmodel,15000,14571,1.1074,1.97,0.085916,[.00
A2C_25000_bzip2__instcount_plainmodel,15000,24622,0.3222,1.16,0.04904,[.00
A2C_25000_bzip2__instcount_plainmodel,15000,14647,1.1014,1.96,0.080692,[.00
A2C_25000_bzip2__instcount_plainmodel,15000,13912,1.1588,2.06,0.078236,[.00
A2C_25000_bzip2__instcount_plainmodel,15000,13942,1.1565,2.06,0.077812,[.00
A2C_25000_bzip2__instcount_plainmodel,15000,14518,1.1115,1.98,0.08501,[.00
A2C_25000_bzip2__instcount_plainmodel,15000,14002,1.1518,2.05,0.083059,[.00
A2C_25000_bzip2__instcount_plainmodel,15000,13617,1.1819,2.11,0.0822,[.00
A2C_25000_bzip2__instcount_plainmodel,15000,13933,1.1572,2.06,0.082097,[.00
A2C_25000_bzip2__instcount_plainmodel,15000,13902,1.1596,2.06,0.086659,[.00
A2C_25000_bzip2__instcount_plainmodel,15000,14039,1.1489,2.04,0.080552,[.00
A2C_25000_bzip2__instcount_plainmodel,15000,13916,1.1585,2.06,0.083704,[.00
A2C_25000_bzip2__instcount_plainmodel,15000,13793,1.1681,2.08,0.078996,[.00
A2C_25000_bzip2__instcount_plainmodel,15000,14519,1.1114,1.98,0.083344,[.00
A2C_25000_bzip2__instcount_plainmodel,15000,13930,1.1574,2.06,0.082616,[.00
A2C_25000_bzip2__instcount_plainmodel,15000,13904,1.1595,2.06,0.082934,[.00
A2C_25000_bzip2__instcount_plainmodel,15000,14522,1.1112,1.97,0.080639,[.00
A2C_25000_bzip2__instcount_plainmodel,15000,13911,1.1589,2.06,0.078824,[.00
A2C_25000_bzip2__instcount_plainmodel,15000,13953,1.1556,2.06,0.084677,[.00
A2C_25000_bzip2__instcount_plainmodel,15000,14410,1.1199,1.99,0.079634,[.00
A2C_25000_bzip2__instcount_plainmodel,15000,14204,1.1360,2.02,0.083409,[.00
A2C_25000_bzip2__instcount_plainmodel,15000,13678,1.1771,2.10,0.082378,[.00
A2C_25000_bzip2__instcount_plainmodel,15000,13894,1.1602,2.06,0.084677,[.00
A2C_25000_bzip2__instcount_plainmodel,15000,13929,1.1575,2.06,0.082705,[.00
A2C_25000_bzip2__instcount_plainmodel,15000,14564,1.1079,1.97,0.080366,[.00
A2C_25000_bzip2__instcount_plainmodel,15000,14039,1.1489,2.04,0.078987,[.00
A2C_25000_bzip2__instcount_plainmodel,15000,14153,1.1400,2.03,0.078173,[.00
A2C_25000_bzip2__instcount_plainmodel,15000,13920,1.1582,2.06,0.078902,[.00
A2C_25000_bzip2__instcount_plainmodel,15000,13919,1.1583,2.06,0.080486,[.00
A2C_25000_bzip2__instcount_plainmodel,15000,13973,1.1541,2.05,0.077577,[.00
A2C_25000_bzip2__instcount_plainmodel,15000,13916,1.1585,2.06,0.077856,[.00
A2C_25000_bzip2__instcount_plainmodel,15000,13912,1.1588,2.06,0.079182,[.00
A2C_25000_bzip2__instcount_plainmodel,15000,14019,1.1505,2.05,0.081115,[.00
A2C_25000_bzip2__instcount_plainmodel,15000,13781,1.1691,2.08,0.082087,[.00
A2C_25000_bzip2__instcount_plainmodel,15000,13983,1.1533,2.05,0.078055,[.00
A2C_25000_bzip2__instcount_plainmodel,15000,13902,1.1596,2.06,0.079401,[.00
A2C_25000_bzip2__instcount_plainmodel,15000,14180,1.1379,2.02,0.085684,[.00
A2C_25000_bzip2__instcount_plainmodel,15000,13905,1.1594,2.06,0.079704,[.00
A2C_25000_bzip2__instcount_plainmodel,15000,13824,1.1657,2.07,0.080361,[.00
A2C_25000_bzip2__instcount_plainmodel,15000,14175,1.1383,2.02,0.079497,[.00
A2C_25000_bzip2__instcount_plainmodel,15000,14516,1.1117,1.98,0.07971,[.00
A2C_25000_bzip2__instcount_plainmodel,15000,13912,1.1588,2.06,0.078681,[.00
A2C_25000_bzip2__instcount_plainmodel,15000,13788,1.1685,2.08,0.081497,[.00
A2C_25000_bzip2__instcount_plainmodel,15000,14647,1.1014,1.96,0.084764,[.00
A2C_25000_bzip2__instcount_plainmodel,15000,13947,1.1561,2.06,0.079814,[.00
A2C_25000_bzip2__instcount_plainmodel,15000,14526,1.1109,1.97,0.079776,[.00
A2C_25000_bzip2__instcount_plainmodel,15000,13602,1.1830,2.11,0.081482,[.00
A2C_25000_bzip2__instcount_plainmodel,15000,13742,1.1721,2.09,0.082173,[.00
A2C_25000_bzip2__instcount_plainmodel,15000,14510,1.1121,1.98,0.082592,[.00
A2C_25000_bzip2__instcount_plainmodel,15000,14022,1.1502,2.05,0.080039,[.00
A2C_25000_bzip2__instcount_plainmodel,15000,13914,1.1587,2.06,0.083018,[.00
A2C_25000_bzip2__instcount_plainmodel,15000,14097,1.1444,2.03,0.079853,[.00
A2C_25000_bzip2__instcount_plainmodel,15000,14003,1.1517,2.05,0.082202,[.00
A2C_25000_bzip2__instcount_plainmodel,15000,13911,1.1589,2.06,0.080102,[.00
A2C_25000_bzip2__instcount_plainmodel,15000,13992,1.1526,2.05,0.079203,[.00
A2C_25000_bzip2__instcount_plainmodel,15000,13900,1.1598,2.06,0.087364,[.00
A2C_25000_bzip2__instcount_plainmodel,15000,13645,1.1797,2.10,0.07715,[.00
A2C_25000_bzip2__instcount_plainmodel,15000,13902,1.1596,2.06,0.079497,[.00
A2C_25000_bzip2__instcount_plainmodel,15000,14042,1.1487,2.04,0.082341,[.00
A2C_25000_bzip2__instcount_plainmodel,15000,13957,1.1553,2.05,0.090208,[.00
A2C_25000_bzip2__instcount_plainmodel,15000,13919,1.1583,2.06,0.078288,[.00
A2C_25000_bzip2__instcount_plainmodel,15000,13911,1.1589,2.06,0.079315,[.00
A2C_25000_bzip2__instcount_plainmodel,15000,14238,1.1334,2.01,0.085326,[.00
A2C_25000_bzip2__instcount_plainmodel,15000,13972,1.1541,2.05,0.077914,[.00
A2C_25000_bzip2__instcount_plainmodel,15000,13902,1.1596,2.06,0.079627,[.00
A2C_25000_bzip2__instcount_plainmodel,15000,13916,1.1585,2.06,0.082027,[.00
A2C_25000_bzip2__instcount_plainmodel,15000,14653,1.1009,1.96,0.081165,[.00
A2C_25000_bzip2__instcount_plainmodel,15000,14033,1.1494,2.04,0.08124,[.00
A2C_25000_bzip2__instcount_plainmodel,15000,13907,1.1592,2.06,0.081487,[.00
A2C_25000_bzip2__instcount_plainmodel,15000,13908,1.1591,2.06,0.079887,[.00
A2C_25000_bzip2__instcount_plainmodel,15000,13684,1.1766,2.10,0.081672,[.00
A2C_25000_bzip2__instcount_plainmodel,15000,13906,1.1593,2.06,0.081026,[.00
A2C_25000_bzip2__instcount_plainmodel,15000,13968,1.1545,2.05,0.077639,[.00
A2C_25000_bzip2__instcount_plainmodel,15000,13937,1.1569,2.06,0.081588,[.00
A2C_25000_bzip2__instcount_plainmodel,15000,14543,1.1095,1.97,0.083096,[.00
A2C_25000_bzip2__instcount_plainmodel,15000,13689,1.1763,2.10,0.083193,[.00
A2C_25000_bzip2__instcount_plainmodel,15000,13903,1.1595,2.06,0.103855,[.00
A2C_25000_bzip2__instcount_plainmodel,15000,13397,1.1991,2.14,0.081344,[.00
A2C_25000_bzip2__instcount_plainmodel,15000,13912,1.1588,2.06,0.080903,[.00
A2C_25000_bzip2__instcount_plainmodel,15000,13953,1.1556,2.06,0.081772,[.00
A2C_25000_bzip2__instcount_plainmodel,15000,13965,1.1547,2.05,0.082462,[.00
A2C_25000_bzip2__instcount_plainmodel,15000,14576,1.1070,1.97,0.081339,[.00
A2C_25000_bzip2__instcount_plainmodel,15000,13382,1.2002,2.14,0.087502,[.00
A2C_25000_bzip2__instcount_plainmodel,15000,13912,1.1588,2.06,0.078137,[.00
A2C_25000_bzip2__instcount_plainmodel,15000,13942,1.1565,2.06,0.078576,[.00
A2C_25000_bzip2__instcount_plainmodel,15000,14222,1.1346,2.02,0.083851,[.00
A2C_25000_bzip2__instcount_plainmodel,15000,14051,1.1480,2.04,0.082329,[.00
A2C_25000_bzip2__instcount_plainmodel,15000,13905,1.1594,2.06,0.081493,[.00
A2C_25000_bzip2__instcount_plainmodel,15000,14117,1.1428,2.03,0.080199,[.00
A2C_25000_bzip2__instcount_plainmodel,16000,13929,1.1575,2.06,0.079757,[.00
A2C_25000_bzip2__instcount_plainmodel,16000,13662,1.1784,2.10,0.079718,[.00
A2C_25000_bzip2__instcount_plainmodel,16000,14029,1.1497,2.04,0.0804,[.00
A2C_25000_bzip2__instcount_plainmodel,16000,14026,1.1499,2.04,0.080037,[.00
A2C_25000_bzip2__instcount_plainmodel,16000,13436,1.1960,2.13,0.077485,[.00
A2C_25000_bzip2__instcount_plainmodel,16000,13932,1.1573,2.06,0.078206,[.00
A2C_25000_bzip2__instcount_plainmodel,16000,13917,1.1584,2.06,0.081967,[.00
A2C_25000_bzip2__instcount_plainmodel,16000,14209,1.1356,2.02,0.079148,[.00
A2C_25000_bzip2__instcount_plainmodel,16000,14347,1.1249,2.00,0.082088,[.00
A2C_25000_bzip2__instcount_plainmodel,16000,13973,1.1541,2.05,0.079066,[.00
A2C_25000_bzip2__instcount_plainmodel,16000,13353,1.2025,2.15,0.077831,[.00
A2C_25000_bzip2__instcount_plainmodel,16000,14592,1.1057,1.97,0.078815,[.00
A2C_25000_bzip2__instcount_plainmodel,16000,14599,1.1052,1.96,0.083831,[.00
A2C_25000_bzip2__instcount_plainmodel,16000,13962,1.1549,2.05,0.082131,[.00
A2C_25000_bzip2__instcount_plainmodel,16000,13641,1.1800,2.10,0.079899,[.00
A2C_25000_bzip2__instcount_plainmodel,16000,13965,1.1547,2.05,0.079559,[.00
A2C_25000_bzip2__instcount_plainmodel,16000,13970,1.1543,2.05,0.082901,[.00
A2C_25000_bzip2__instcount_plainmodel,16000,13973,1.1541,2.05,0.081973,[.00
A2C_25000_bzip2__instcount_plainmodel,16000,13604,1.1829,2.11,0.087004,[.00
A2C_25000_bzip2__instcount_plainmodel,16000,13973,1.1541,2.05,0.081381,[.00
A2C_25000_bzip2__instcount_plainmodel,16000,14037,1.1491,2.04,0.081923,[.00
A2C_25000_bzip2__instcount_plainmodel,16000,13958,1.1552,2.05,0.082786,[.00
A2C_25000_bzip2__instcount_plainmodel,16000,13973,1.1541,2.05,0.080867,[.00
A2C_25000_bzip2__instcount_plainmodel,16000,14607,1.1045,1.96,0.092879,[.00
A2C_25000_bzip2__instcount_plainmodel,16000,14495,1.1133,1.98,0.081107,[.00
A2C_25000_bzip2__instcount_plainmodel,16000,14217,1.1350,2.02,0.090256,[.00
A2C_25000_bzip2__instcount_plainmodel,16000,14215,1.1352,2.02,0.084038,[.00
A2C_25000_bzip2__instcount_plainmodel,16000,13915,1.1586,2.06,0.081369,[.00
A2C_25000_bzip2__instcount_plainmodel,16000,13922,1.1581,2.06,0.080725,[.00
A2C_25000_bzip2__instcount_plainmodel,16000,13969,1.1544,2.05,0.085592,[.00
A2C_25000_bzip2__instcount_plainmodel,16000,14522,1.1112,1.97,0.0825,[.00
A2C_25000_bzip2__instcount_plainmodel,16000,13422,1.1971,2.14,0.079634,[.00
A2C_25000_bzip2__instcount_plainmodel,16000,13652,1.1791,2.10,0.079571,[.00
A2C_25000_bzip2__instcount_plainmodel,16000,14603,1.1049,1.96,0.078347,[.00
A2C_25000_bzip2__instcount_plainmodel,16000,13367,1.2014,2.15,0.078611,[.00
A2C_25000_bzip2__instcount_plainmodel,16000,13966,1.1546,2.05,0.07946,[.00
A2C_25000_bzip2__instcount_plainmodel,16000,13760,1.1707,2.08,0.078917,[.00
A2C_25000_bzip2__instcount_plainmodel,16000,14311,1.1277,2.00,0.086926,[.00
A2C_25000_bzip2__instcount_plainmodel,16000,14097,1.1444,2.03,0.081425,[.00
A2C_25000_bzip2__instcount_plainmodel,16000,13969,1.1544,2.05,0.080421,[.00
A2C_25000_bzip2__instcount_plainmodel,16000,13957,1.1553,2.05,0.078975,[.00
A2C_25000_bzip2__instcount_plainmodel,16000,13966,1.1546,2.05,0.079148,[.00
A2C_25000_bzip2__instcount_plainmodel,16000,13931,1.1573,2.06,0.082906,[.00
A2C_25000_bzip2__instcount_plainmodel,16000,14347,1.1249,2.00,0.081347,[.00
A2C_25000_bzip2__instcount_plainmodel,16000,14592,1.1057,1.97,0.083592,[.00
A2C_25000_bzip2__instcount_plainmodel,16000,17070,0.9122,1.68,0.066052,[.00
A2C_25000_bzip2__instcount_plainmodel,16000,13912,1.1588,2.06,0.078703,[.00
A2C_25000_bzip2__instcount_plainmodel,16000,13664,1.1782,2.10,0.083382,[.00
A2C_25000_bzip2__instcount_plainmodel,16000,14351,1.1245,2.00,0.082011,[.00
A2C_25000_bzip2__instcount_plainmodel,16000,14294,1.1290,2.01,0.079463,[.00
A2C_25000_bzip2__instcount_plainmodel,16000,13975,1.1539,2.05,0.079785,[.00
A2C_25000_bzip2__instcount_plainmodel,16000,13683,1.1767,2.10,0.079305,[.00
A2C_25000_bzip2__instcount_plainmodel,16000,13915,1.1586,2.06,0.082439,[.00
A2C_25000_bzip2__instcount_plainmodel,16000,14534,1.1102,1.97,0.086683,[.00
A2C_25000_bzip2__instcount_plainmodel,16000,13966,1.1546,2.05,0.081758,[.00
A2C_25000_bzip2__instcount_plainmodel,16000,13732,1.1729,2.09,0.082434,[.00
A2C_25000_bzip2__instcount_plainmodel,16000,14296,1.1288,2.01,0.082767,[.00
A2C_25000_bzip2__instcount_plainmodel,16000,14559,1.1083,1.97,0.083149,[.00
A2C_25000_bzip2__instcount_plainmodel,16000,13744,1.1720,2.09,0.08191,[.00
A2C_25000_bzip2__instcount_plainmodel,16000,13597,1.1834,2.11,0.078568,[.00
A2C_25000_bzip2__instcount_plainmodel,16000,14171,1.1386,2.02,0.079951,[.00
A2C_25000_bzip2__instcount_plainmodel,16000,14306,1.1281,2.00,0.079293,[.00
A2C_25000_bzip2__instcount_plainmodel,16000,14184,1.1376,2.02,0.087539,[.00
A2C_25000_bzip2__instcount_plainmodel,16000,13789,1.1684,2.08,0.085215,[.00
A2C_25000_bzip2__instcount_plainmodel,16000,14599,1.1052,1.96,0.080029,[.00
A2C_25000_bzip2__instcount_plainmodel,16000,14599,1.1052,1.96,0.08305,[.00
A2C_25000_bzip2__instcount_plainmodel,16000,14608,1.1045,1.96,0.082829,[.00
A2C_25000_bzip2__instcount_plainmodel,16000,13917,1.1584,2.06,0.083463,[.00
A2C_25000_bzip2__instcount_plainmodel,16000,14592,1.1057,1.97,0.080156,[.00
A2C_25000_bzip2__instcount_plainmodel,16000,14599,1.1052,1.96,0.085368,[.00
A2C_25000_bzip2__instcount_plainmodel,16000,13687,1.1764,2.10,0.083402,[.00
A2C_25000_bzip2__instcount_plainmodel,16000,13912,1.1588,2.06,0.082615,[.00
A2C_25000_bzip2__instcount_plainmodel,16000,13938,1.1568,2.06,0.082757,[.00
A2C_25000_bzip2__instcount_plainmodel,16000,14632,1.1026,1.96,0.079754,[.00
A2C_25000_bzip2__instcount_plainmodel,16000,13883,1.1611,2.07,0.083611,[.00
A2C_25000_bzip2__instcount_plainmodel,16000,18568,0.7951,1.54,0.043997,[.00
A2C_25000_bzip2__instcount_plainmodel,16000,13569,1.1856,2.11,0.07998,[.00
A2C_25000_bzip2__instcount_plainmodel,16000,13907,1.1592,2.06,0.082392,[.00
A2C_25000_bzip2__instcount_plainmodel,16000,13716,1.1741,2.09,0.08053,[.00
A2C_25000_bzip2__instcount_plainmodel,16000,14628,1.1029,1.96,0.084604,[.00
A2C_25000_bzip2__instcount_plainmodel,16000,13940,1.1566,2.06,0.080643,[.00
A2C_25000_bzip2__instcount_plainmodel,16000,13962,1.1549,2.05,0.086408,[.00
A2C_25000_bzip2__instcount_plainmodel,16000,13851,1.1636,2.07,0.07868,[.00
A2C_25000_bzip2__instcount_plainmodel,16000,13934,1.1571,2.06,0.07837,[.00
A2C_25000_bzip2__instcount_plainmodel,16000,15021,1.0722,1.91,0.081892,[.00
A2C_25000_bzip2__instcount_plainmodel,16000,13648,1.1795,2.10,0.078764,[.00
A2C_25000_bzip2__instcount_plainmodel,16000,13988,1.1529,2.05,0.084238,[.00
A2C_25000_bzip2__instcount_plainmodel,16000,13957,1.1553,2.05,0.080736,[.00
A2C_25000_bzip2__instcount_plainmodel,16000,13966,1.1546,2.05,0.081885,[.00
A2C_25000_bzip2__instcount_plainmodel,16000,13909,1.1591,2.06,0.078085,[.00
A2C_25000_bzip2__instcount_plainmodel,16000,13912,1.1588,2.06,0.079025,[.00
A2C_25000_bzip2__instcount_plainmodel,16000,14015,1.1508,2.05,0.078713,[.00
A2C_25000_bzip2__instcount_plainmodel,16000,13909,1.1591,2.06,0.078359,[.00
A2C_25000_bzip2__instcount_plainmodel,16000,14599,1.1052,1.96,0.080708,[.00
A2C_25000_bzip2__instcount_plainmodel,16000,13668,1.1779,2.10,0.079562,[.00
A2C_25000_bzip2__instcount_plainmodel,16000,14576,1.1070,1.97,0.079962,[.00
A2C_25000_bzip2__instcount_plainmodel,16000,13910,1.1590,2.06,0.078732,[.00
A2C_25000_bzip2__instcount_plainmodel,16000,14533,1.1103,1.97,0.079783,[.00
A2C_25000_bzip2__instcount_plainmodel,16000,13930,1.1574,2.06,0.079099,[.00
A2C_25000_bzip2__instcount_plainmodel,16000,13733,1.1728,2.09,0.079694,[.00
A2C_25000_bzip2__instcount_plainmodel,17000,13649,1.1794,2.10,0.081312,[.00
A2C_25000_bzip2__instcount_plainmodel,17000,14033,1.1494,2.04,0.083592,[.00
A2C_25000_bzip2__instcount_plainmodel,17000,14025,1.1500,2.04,0.083515,[.00
A2C_25000_bzip2__instcount_plainmodel,17000,13659,1.1786,2.10,0.077865,[.00
A2C_25000_bzip2__instcount_plainmodel,17000,13926,1.1577,2.06,0.086792,[.00
A2C_25000_bzip2__instcount_plainmodel,17000,13909,1.1591,2.06,0.088811,[.00
A2C_25000_bzip2__instcount_plainmodel,17000,13601,1.1831,2.11,0.077515,[.00
A2C_25000_bzip2__instcount_plainmodel,17000,13917,1.1584,2.06,0.080869,[.00
A2C_25000_bzip2__instcount_plainmodel,17000,14043,1.1486,2.04,0.089471,[.00
A2C_25000_bzip2__instcount_plainmodel,17000,14135,1.1414,2.03,0.080651,[.00
A2C_25000_bzip2__instcount_plainmodel,17000,14148,1.1404,2.03,0.078914,[.00
A2C_25000_bzip2__instcount_plainmodel,17000,13912,1.1588,2.06,0.077498,[.00
A2C_25000_bzip2__instcount_plainmodel,17000,13749,1.1716,2.09,0.081188,[.00
A2C_25000_bzip2__instcount_plainmodel,17000,13721,1.1738,2.09,0.083647,[.00
A2C_25000_bzip2__instcount_plainmodel,17000,13973,1.1541,2.05,0.077917,[.00
A2C_25000_bzip2__instcount_plainmodel,17000,13769,1.1700,2.08,0.080291,[.00
A2C_25000_bzip2__instcount_plainmodel,17000,13719,1.1739,2.09,0.082822,[.00
A2C_25000_bzip2__instcount_plainmodel,17000,13812,1.1666,2.08,0.082075,[.00
A2C_25000_bzip2__instcount_plainmodel,17000,14095,1.1445,2.03,0.081333,[.00
A2C_25000_bzip2__instcount_plainmodel,17000,13732,1.1729,2.09,0.078593,[.00
A2C_25000_bzip2__instcount_plainmodel,17000,13920,1.1582,2.06,0.081145,[.00
A2C_25000_bzip2__instcount_plainmodel,17000,21317,0.5804,1.34,0.046687,[.00
A2C_25000_bzip2__instcount_plainmodel,17000,13608,1.1826,2.11,0.080026,[.00
A2C_25000_bzip2__instcount_plainmodel,17000,13921,1.1581,2.06,0.081874,[.00
A2C_25000_bzip2__instcount_plainmodel,17000,13652,1.1791,2.10,0.079617,[.00
A2C_25000_bzip2__instcount_plainmodel,17000,13720,1.1738,2.09,0.079308,[.00
A2C_25000_bzip2__instcount_plainmodel,17000,13382,1.2002,2.14,0.078441,[.00
A2C_25000_bzip2__instcount_plainmodel,17000,13956,1.1554,2.05,0.07886,[.00
A2C_25000_bzip2__instcount_plainmodel,17000,13912,1.1588,2.06,0.082277,[.00
A2C_25000_bzip2__instcount_plainmodel,17000,14225,1.1344,2.02,0.078812,[.00
A2C_25000_bzip2__instcount_plainmodel,17000,13966,1.1546,2.05,0.082709,[.00
A2C_25000_bzip2__instcount_plainmodel,17000,13833,1.1650,2.07,0.078377,[.00
A2C_25000_bzip2__instcount_plainmodel,17000,14121,1.1425,2.03,0.081471,[.00
A2C_25000_bzip2__instcount_plainmodel,17000,14254,1.1321,2.01,0.076936,[.00
A2C_25000_bzip2__instcount_plainmodel,17000,13441,1.1956,2.13,0.078318,[.00
A2C_25000_bzip2__instcount_plainmodel,17000,13966,1.1546,2.05,0.079015,[.00
A2C_25000_bzip2__instcount_plainmodel,17000,14604,1.1048,1.96,0.081214,[.00
A2C_25000_bzip2__instcount_plainmodel,17000,13780,1.1691,2.08,0.079189,[.00
A2C_25000_bzip2__instcount_plainmodel,17000,13733,1.1728,2.09,0.079055,[.00
A2C_25000_bzip2__instcount_plainmodel,17000,13695,1.1758,2.09,0.079577,[.00
A2C_25000_bzip2__instcount_plainmodel,17000,13653,1.1791,2.10,0.08626,[.00
A2C_25000_bzip2__instcount_plainmodel,17000,13598,1.1834,2.11,0.082204,[.00
A2C_25000_bzip2__instcount_plainmodel,17000,14968,1.0763,1.92,0.068886,[.00
A2C_25000_bzip2__instcount_plainmodel,17000,13909,1.1591,2.06,0.078704,[.00
A2C_25000_bzip2__instcount_plainmodel,17000,13968,1.1545,2.05,0.084907,[.00
A2C_25000_bzip2__instcount_plainmodel,17000,13643,1.1798,2.10,0.080772,[.00
A2C_25000_bzip2__instcount_plainmodel,17000,14063,1.1470,2.04,0.081761,[.00
A2C_25000_bzip2__instcount_plainmodel,17000,13532,1.1885,2.12,0.084863,[.00
A2C_25000_bzip2__instcount_plainmodel,17000,14116,1.1429,2.03,0.080313,[.00
A2C_25000_bzip2__instcount_plainmodel,17000,21709,0.5498,1.32,0.045687,[.00
A2C_25000_bzip2__instcount_plainmodel,17000,13612,1.1823,2.11,0.081206,[.00
A2C_25000_bzip2__instcount_plainmodel,17000,13973,1.1541,2.05,0.083912,[.00
A2C_25000_bzip2__instcount_plainmodel,17000,13916,1.1585,2.06,0.080751,[.00
A2C_25000_bzip2__instcount_plainmodel,17000,13619,1.1817,2.11,0.078685,[.00
A2C_25000_bzip2__instcount_plainmodel,17000,17070,0.9122,1.68,0.065579,[.00
A2C_25000_bzip2__instcount_plainmodel,17000,13703,1.1752,2.09,0.080482,[.00
A2C_25000_bzip2__instcount_plainmodel,17000,21517,0.5648,1.33,0.046689,[.00
A2C_25000_bzip2__instcount_plainmodel,17000,13583,1.1845,2.11,0.080157,[.00
A2C_25000_bzip2__instcount_plainmodel,17000,13968,1.1545,2.05,0.080208,[.00
A2C_25000_bzip2__instcount_plainmodel,17000,13968,1.1545,2.05,0.079503,[.00
A2C_25000_bzip2__instcount_plainmodel,17000,14028,1.1498,2.04,0.079419,[.00
A2C_25000_bzip2__instcount_plainmodel,17000,13916,1.1585,2.06,0.079665,[.00
A2C_25000_bzip2__instcount_plainmodel,17000,13729,1.1731,2.09,0.083781,[.00
A2C_25000_bzip2__instcount_plainmodel,17000,13973,1.1541,2.05,0.082847,[.00
A2C_25000_bzip2__instcount_plainmodel,17000,14035,1.1492,2.04,0.08171,[.00
A2C_25000_bzip2__instcount_plainmodel,17000,13670,1.1777,2.10,0.088033,[.00
A2C_25000_bzip2__instcount_plainmodel,17000,13961,1.1550,2.05,0.079678,[.00
A2C_25000_bzip2__instcount_plainmodel,17000,14000,1.1520,2.05,0.082754,[.00
A2C_25000_bzip2__instcount_plainmodel,17000,13692,1.1760,2.09,0.080545,[.00
A2C_25000_bzip2__instcount_plainmodel,17000,15802,1.0112,1.81,0.068405,[.00
A2C_25000_bzip2__instcount_plainmodel,17000,13429,1.1966,2.14,0.078541,[.00
A2C_25000_bzip2__instcount_plainmodel,17000,13938,1.1568,2.06,0.077501,[.00
A2C_25000_bzip2__instcount_plainmodel,17000,13339,1.2036,2.15,0.079423,[.00
A2C_25000_bzip2__instcount_plainmodel,17000,13824,1.1657,2.07,0.080471,[.00
A2C_25000_bzip2__instcount_plainmodel,17000,13976,1.1538,2.05,0.086815,[.00
A2C_25000_bzip2__instcount_plainmodel,17000,13595,1.1836,2.11,0.086504,[.00
A2C_25000_bzip2__instcount_plainmodel,17000,13675,1.1773,2.10,0.083389,[.00
A2C_25000_bzip2__instcount_plainmodel,17000,13662,1.1784,2.10,0.078526,[.00
A2C_25000_bzip2__instcount_plainmodel,17000,24631,0.3215,1.16,0.046708,[.00
A2C_25000_bzip2__instcount_plainmodel,17000,13643,1.1798,2.10,0.078879,[.00
A2C_25000_bzip2__instcount_plainmodel,17000,16189,0.9810,1.77,0.073393,[.00
A2C_25000_bzip2__instcount_plainmodel,17000,21536,0.5633,1.33,0.047053,[.00
A2C_25000_bzip2__instcount_plainmodel,17000,13919,1.1583,2.06,0.081881,[.00
A2C_25000_bzip2__instcount_plainmodel,17000,15838,1.0084,1.81,0.065797,[.00
A2C_25000_bzip2__instcount_plainmodel,17000,13968,1.1545,2.05,0.079505,[.00
A2C_25000_bzip2__instcount_plainmodel,17000,14294,1.1290,2.01,0.079309,[.00
A2C_25000_bzip2__instcount_plainmodel,17000,13912,1.1588,2.06,0.079397,[.00
A2C_25000_bzip2__instcount_plainmodel,17000,14040,1.1488,2.04,0.082895,[.00
A2C_25000_bzip2__instcount_plainmodel,17000,13424,1.1970,2.14,0.083348,[.00
A2C_25000_bzip2__instcount_plainmodel,17000,13972,1.1541,2.05,0.079251,[.00
A2C_25000_bzip2__instcount_plainmodel,17000,21533,0.5635,1.33,0.046516,[.00
A2C_25000_bzip2__instcount_plainmodel,17000,14057,1.1475,2.04,0.082924,[.00
A2C_25000_bzip2__instcount_plainmodel,17000,14032,1.1495,2.04,0.079276,[.00
A2C_25000_bzip2__instcount_plainmodel,17000,13647,1.1795,2.10,0.079562,[.00
A2C_25000_bzip2__instcount_plainmodel,17000,18538,0.7975,1.55,0.047521,[.00
A2C_25000_bzip2__instcount_plainmodel,17000,13900,1.1598,2.06,0.081609,[.00
A2C_25000_bzip2__instcount_plainmodel,17000,14448,1.1170,1.98,0.068541,[.00
A2C_25000_bzip2__instcount_plainmodel,17000,13603,1.1830,2.11,0.080134,[.00
A2C_25000_bzip2__instcount_plainmodel,17000,13742,1.1721,2.09,0.090197,[.00
A2C_25000_bzip2__instcount_plainmodel,17000,13684,1.1766,2.10,0.079746,[.00
A2C_25000_bzip2__instcount_plainmodel,18000,14028,1.1498,2.04,0.082991,[.00
A2C_25000_bzip2__instcount_plainmodel,18000,17236,0.8992,1.66,0.045606,[.00
A2C_25000_bzip2__instcount_plainmodel,18000,21551,0.5621,1.33,0.046217,[.00
A2C_25000_bzip2__instcount_plainmodel,18000,13953,1.1556,2.06,0.080988,[.00
A2C_25000_bzip2__instcount_plainmodel,18000,13891,1.1605,2.06,0.080077,[.00
A2C_25000_bzip2__instcount_plainmodel,18000,13987,1.1530,2.05,0.080991,[.00
A2C_25000_bzip2__instcount_plainmodel,18000,13653,1.1791,2.10,0.086827,[.00
A2C_25000_bzip2__instcount_plainmodel,18000,14025,1.1500,2.04,0.079,[.00
A2C_25000_bzip2__instcount_plainmodel,18000,13662,1.1784,2.10,0.08085,[.00
A2C_25000_bzip2__instcount_plainmodel,18000,13427,1.1967,2.14,0.077924,[.00
A2C_25000_bzip2__instcount_plainmodel,18000,13613,1.1822,2.11,0.088584,[.00
A2C_25000_bzip2__instcount_plainmodel,18000,13663,1.1783,2.10,0.079731,[.00
A2C_25000_bzip2__instcount_plainmodel,18000,14030,1.1496,2.04,0.079715,[.00
A2C_25000_bzip2__instcount_plainmodel,18000,13963,1.1548,2.05,0.082655,[.00
A2C_25000_bzip2__instcount_plainmodel,18000,13957,1.1553,2.05,0.077752,[.00
A2C_25000_bzip2__instcount_plainmodel,18000,13327,1.2045,2.15,0.078014,[.00
A2C_25000_bzip2__instcount_plainmodel,18000,13917,1.1584,2.06,0.081684,[.00
A2C_25000_bzip2__instcount_plainmodel,18000,17164,0.9048,1.67,0.043656,[.00
A2C_25000_bzip2__instcount_plainmodel,18000,13825,1.1656,2.07,0.08142,[.00
A2C_25000_bzip2__instcount_plainmodel,18000,13606,1.1827,2.11,0.081103,[.00
A2C_25000_bzip2__instcount_plainmodel,18000,13962,1.1549,2.05,0.078472,[.00
A2C_25000_bzip2__instcount_plainmodel,18000,13951,1.1558,2.06,0.08111,[.00
A2C_25000_bzip2__instcount_plainmodel,18000,13743,1.1720,2.09,0.083711,[.00
A2C_25000_bzip2__instcount_plainmodel,18000,21505,0.5657,1.33,0.046226,[.00
A2C_25000_bzip2__instcount_plainmodel,18000,13838,1.1646,2.07,0.081912,[.00
A2C_25000_bzip2__instcount_plainmodel,18000,13972,1.1541,2.05,0.08203,[.00
A2C_25000_bzip2__instcount_plainmodel,18000,13836,1.1648,2.07,0.081749,[.00
A2C_25000_bzip2__instcount_plainmodel,18000,13999,1.1520,2.05,0.081007,[.00
A2C_25000_bzip2__instcount_plainmodel,18000,21513,0.5651,1.33,0.04784,[.00
A2C_25000_bzip2__instcount_plainmodel,18000,21549,0.5623,1.33,0.047831,[.00
A2C_25000_bzip2__instcount_plainmodel,18000,13670,1.1777,2.10,0.082054,[.00
A2C_25000_bzip2__instcount_plainmodel,18000,14049,1.1481,2.04,0.078789,[.00
A2C_25000_bzip2__instcount_plainmodel,18000,14066,1.1468,2.04,0.082423,[.00
A2C_25000_bzip2__instcount_plainmodel,18000,13961,1.1550,2.05,0.081943,[.00
A2C_25000_bzip2__instcount_plainmodel,18000,24613,0.3229,1.16,0.048108,[.00
A2C_25000_bzip2__instcount_plainmodel,18000,13646,1.1796,2.10,0.081048,[.00
A2C_25000_bzip2__instcount_plainmodel,18000,17170,0.9043,1.67,0.045704,[.00
A2C_25000_bzip2__instcount_plainmodel,18000,13970,1.1543,2.05,0.077062,[.00
A2C_25000_bzip2__instcount_plainmodel,18000,13910,1.1590,2.06,0.084765,[.00
A2C_25000_bzip2__instcount_plainmodel,18000,21505,0.5657,1.33,0.046664,[.00
A2C_25000_bzip2__instcount_plainmodel,18000,21513,0.5651,1.33,0.046799,[.00
A2C_25000_bzip2__instcount_plainmodel,18000,13821,1.1659,2.08,0.082303,[.00
A2C_25000_bzip2__instcount_plainmodel,18000,21532,0.5636,1.33,0.047213,[.00
A2C_25000_bzip2__instcount_plainmodel,18000,21540,0.5630,1.33,0.046746,[.00
A2C_25000_bzip2__instcount_plainmodel,18000,13895,1.1602,2.06,0.081518,[.00
A2C_25000_bzip2__instcount_plainmodel,18000,14166,1.1390,2.02,0.079751,[.00
A2C_25000_bzip2__instcount_plainmodel,18000,14058,1.1474,2.04,0.081923,[.00
A2C_25000_bzip2__instcount_plainmodel,18000,13733,1.1728,2.09,0.082238,[.00
A2C_25000_bzip2__instcount_plainmodel,18000,15681,1.0206,1.83,0.068218,[.00
A2C_25000_bzip2__instcount_plainmodel,18000,14277,1.1303,2.01,0.080331,[.00
A2C_25000_bzip2__instcount_plainmodel,18000,14053,1.1478,2.04,0.081883,[.00
A2C_25000_bzip2__instcount_plainmodel,18000,14066,1.1468,2.04,0.083235,[.00
A2C_25000_bzip2__instcount_plainmodel,18000,13956,1.1554,2.05,0.082921,[.00
A2C_25000_bzip2__instcount_plainmodel,18000,21540,0.5630,1.33,0.045871,[.00
A2C_25000_bzip2__instcount_plainmodel,18000,13433,1.1962,2.14,0.082295,[.00
A2C_25000_bzip2__instcount_plainmodel,18000,14128,1.1420,2.03,0.085919,[.00
A2C_25000_bzip2__instcount_plainmodel,18000,17024,0.9157,1.68,0.044754,[.00
A2C_25000_bzip2__instcount_plainmodel,18000,13502,1.1909,2.12,0.081192,[.00
A2C_25000_bzip2__instcount_plainmodel,18000,13920,1.1582,2.06,0.080738,[.00
A2C_25000_bzip2__instcount_plainmodel,18000,13979,1.1536,2.05,0.089051,[.00
A2C_25000_bzip2__instcount_plainmodel,18000,16764,0.9361,1.71,0.045606,[.00
A2C_25000_bzip2__instcount_plainmodel,18000,14082,1.1456,2.04,0.082303,[.00
A2C_25000_bzip2__instcount_plainmodel,18000,13846,1.1640,2.07,0.078338,[.00
A2C_25000_bzip2__instcount_plainmodel,18000,13942,1.1565,2.06,0.081179,[.00
A2C_25000_bzip2__instcount_plainmodel,18000,13744,1.1720,2.09,0.083667,[.00
A2C_25000_bzip2__instcount_plainmodel,18000,17082,0.9112,1.68,0.044375,[.00
A2C_25000_bzip2__instcount_plainmodel,18000,13830,1.1652,2.07,0.086677,[.00
A2C_25000_bzip2__instcount_plainmodel,18000,17170,0.9043,1.67,0.04528,[.00
A2C_25000_bzip2__instcount_plainmodel,18000,13984,1.1532,2.05,0.078856,[.00
A2C_25000_bzip2__instcount_plainmodel,18000,14198,1.1365,2.02,0.080763,[.00
A2C_25000_bzip2__instcount_plainmodel,18000,16439,0.9614,1.74,0.045912,[.00
A2C_25000_bzip2__instcount_plainmodel,18000,14062,1.1471,2.04,0.078916,[.00
A2C_25000_bzip2__instcount_plainmodel,18000,21551,0.5621,1.33,0.044978,[.00
A2C_25000_bzip2__instcount_plainmodel,18000,21505,0.5657,1.33,0.045816,[.00
A2C_25000_bzip2__instcount_plainmodel,18000,14180,1.1379,2.02,0.083118,[.00
A2C_25000_bzip2__instcount_plainmodel,18000,13863,1.1627,2.07,0.08294,[.00
A2C_25000_bzip2__instcount_plainmodel,18000,15010,1.0731,1.91,0.068487,[.00
A2C_25000_bzip2__instcount_plainmodel,18000,14047,1.1483,2.04,0.08488,[.00
A2C_25000_bzip2__instcount_plainmodel,18000,13725,1.1734,2.09,0.07829,[.00
A2C_25000_bzip2__instcount_plainmodel,18000,20440,0.6489,1.40,0.046096,[.00
A2C_25000_bzip2__instcount_plainmodel,18000,21538,0.5631,1.33,0.048127,[.00
A2C_25000_bzip2__instcount_plainmodel,18000,21488,0.5670,1.33,0.047813,[.00
A2C_25000_bzip2__instcount_plainmodel,18000,15587,1.0280,1.84,0.07763,[.00
A2C_25000_bzip2__instcount_plainmodel,18000,21548,0.5624,1.33,0.049003,[.00
A2C_25000_bzip2__instcount_plainmodel,18000,14567,1.1077,1.97,0.088221,[.00
A2C_25000_bzip2__instcount_plainmodel,18000,16680,0.9426,1.72,0.046388,[.00
A2C_25000_bzip2__instcount_plainmodel,18000,15199,1.0583,1.89,0.079449,[.00
A2C_25000_bzip2__instcount_plainmodel,18000,14296,1.1288,2.01,0.078774,[.00
A2C_25000_bzip2__instcount_plainmodel,18000,21487,0.5671,1.33,0.045865,[.00
A2C_25000_bzip2__instcount_plainmodel,18000,13637,1.1803,2.10,0.086138,[.00
A2C_25000_bzip2__instcount_plainmodel,18000,13686,1.1765,2.10,0.080606,[.00
A2C_25000_bzip2__instcount_plainmodel,18000,13508,1.1904,2.12,0.07838,[.00
A2C_25000_bzip2__instcount_plainmodel,18000,13615,1.1820,2.11,0.079548,[.00
A2C_25000_bzip2__instcount_plainmodel,18000,14028,1.1498,2.04,0.084436,[.00
A2C_25000_bzip2__instcount_plainmodel,18000,21491,0.5668,1.33,0.047254,[.00
A2C_25000_bzip2__instcount_plainmodel,18000,13644,1.1798,2.10,0.078829,[.00
A2C_25000_bzip2__instcount_plainmodel,18000,13809,1.1669,2.08,0.084451,[.00
A2C_25000_bzip2__instcount_plainmodel,18000,13709,1.1747,2.09,0.08524,[.00
A2C_25000_bzip2__instcount_plainmodel,18000,13956,1.1554,2.05,0.085118,[.00
A2C_25000_bzip2__instcount_plainmodel,18000,13610,1.1824,2.11,0.079777,[.00
A2C_25000_bzip2__instcount_plainmodel,19000,13601,1.1831,2.11,0.082209,[.00
A2C_25000_bzip2__instcount_plainmodel,19000,13730,1.1730,2.09,0.082805,[.00
A2C_25000_bzip2__instcount_plainmodel,19000,21935,0.5321,1.31,0.053557,[.00
A2C_25000_bzip2__instcount_plainmodel,19000,13655,1.1789,2.10,0.078356,[.00
A2C_25000_bzip2__instcount_plainmodel,19000,13714,1.1743,2.09,0.082252,[.00
A2C_25000_bzip2__instcount_plainmodel,19000,13424,1.1970,2.14,0.078,[.00
A2C_25000_bzip2__instcount_plainmodel,19000,13663,1.1783,2.10,0.08147,[.00
A2C_25000_bzip2__instcount_plainmodel,19000,14107,1.1436,2.03,0.082633,[.00
A2C_25000_bzip2__instcount_plainmodel,19000,13622,1.1815,2.11,0.080175,[.00
A2C_25000_bzip2__instcount_plainmodel,19000,13380,1.2004,2.14,0.079641,[.00
A2C_25000_bzip2__instcount_plainmodel,19000,13407,1.1983,2.14,0.082366,[.00
A2C_25000_bzip2__instcount_plainmodel,19000,14028,1.1498,2.04,0.079103,[.00
A2C_25000_bzip2__instcount_plainmodel,19000,14033,1.1494,2.04,0.08082,[.00
A2C_25000_bzip2__instcount_plainmodel,19000,13755,1.1711,2.09,0.08286,[.00
A2C_25000_bzip2__instcount_plainmodel,19000,14051,1.1480,2.04,0.081788,[.00
A2C_25000_bzip2__instcount_plainmodel,19000,13653,1.1791,2.10,0.082105,[.00
A2C_25000_bzip2__instcount_plainmodel,19000,13628,1.1810,2.10,0.078811,[.00
A2C_25000_bzip2__instcount_plainmodel,19000,14000,1.1520,2.05,0.078402,[.00
A2C_25000_bzip2__instcount_plainmodel,19000,13571,1.1855,2.11,0.081301,[.00
A2C_25000_bzip2__instcount_plainmodel,19000,13455,1.1945,2.13,0.082548,[.00
A2C_25000_bzip2__instcount_plainmodel,19000,14043,1.1486,2.04,0.079655,[.00
A2C_25000_bzip2__instcount_plainmodel,19000,13428,1.1966,2.14,0.078671,[.00
A2C_25000_bzip2__instcount_plainmodel,19000,14051,1.1480,2.04,0.080692,[.00
A2C_25000_bzip2__instcount_plainmodel,19000,13652,1.1791,2.10,0.078138,[.00
A2C_25000_bzip2__instcount_plainmodel,19000,21505,0.5657,1.33,0.047458,[.00
A2C_25000_bzip2__instcount_plainmodel,19000,13990,1.1527,2.05,0.091041,[.00
A2C_25000_bzip2__instcount_plainmodel,19000,14039,1.1489,2.04,0.081024,[.00
A2C_25000_bzip2__instcount_plainmodel,19000,13963,1.1548,2.05,0.078877,[.00
A2C_25000_bzip2__instcount_plainmodel,19000,13694,1.1759,2.09,0.080903,[.00
A2C_25000_bzip2__instcount_plainmodel,19000,14013,1.1509,2.05,0.081841,[.00
A2C_25000_bzip2__instcount_plainmodel,19000,13884,1.1610,2.07,0.080601,[.00
A2C_25000_bzip2__instcount_plainmodel,19000,14009,1.1513,2.05,0.07876,[.00
A2C_25000_bzip2__instcount_plainmodel,19000,13660,1.1785,2.10,0.081813,[.00
A2C_25000_bzip2__instcount_plainmodel,19000,13499,1.1911,2.12,0.081263,[.00
A2C_25000_bzip2__instcount_plainmodel,19000,18939,0.7662,1.51,0.080743,[.00
A2C_25000_bzip2__instcount_plainmodel,19000,13370,1.2012,2.15,0.081851,[.00
A2C_25000_bzip2__instcount_plainmodel,19000,13423,1.1970,2.14,0.083364,[.00
A2C_25000_bzip2__instcount_plainmodel,19000,13579,1.1848,2.11,0.081609,[.00
A2C_25000_bzip2__instcount_plainmodel,19000,13515,1.1898,2.12,0.081156,[.00
A2C_25000_bzip2__instcount_plainmodel,19000,17073,0.9119,1.68,0.043969,[.00
A2C_25000_bzip2__instcount_plainmodel,19000,13394,1.1993,2.14,0.078832,[.00
A2C_25000_bzip2__instcount_plainmodel,19000,13838,1.1646,2.07,0.084974,[.00
A2C_25000_bzip2__instcount_plainmodel,19000,13610,1.1824,2.11,0.081693,[.00
A2C_25000_bzip2__instcount_plainmodel,19000,13731,1.1730,2.09,0.081938,[.00
A2C_25000_bzip2__instcount_plainmodel,19000,13646,1.1796,2.10,0.079906,[.00
A2C_25000_bzip2__instcount_plainmodel,19000,13529,1.1887,2.12,0.082078,[.00
A2C_25000_bzip2__instcount_plainmodel,19000,13663,1.1783,2.10,0.081369,[.00
A2C_25000_bzip2__instcount_plainmodel,19000,13788,1.1685,2.08,0.080668,[.00
A2C_25000_bzip2__instcount_plainmodel,19000,13977,1.1538,2.05,0.080836,[.00
A2C_25000_bzip2__instcount_plainmodel,19000,13973,1.1541,2.05,0.07875,[.00
A2C_25000_bzip2__instcount_plainmodel,19000,13717,1.1741,2.09,0.07772,[.00
A2C_25000_bzip2__instcount_plainmodel,19000,15816,1.0101,1.81,0.080965,[.00
A2C_25000_bzip2__instcount_plainmodel,19000,13370,1.2012,2.15,0.081954,[.00
A2C_25000_bzip2__instcount_plainmodel,19000,13896,1.1601,2.06,0.084065,[.00
A2C_25000_bzip2__instcount_plainmodel,19000,13651,1.1792,2.10,0.08139,[.00
A2C_25000_bzip2__instcount_plainmodel,19000,13949,1.1559,2.06,0.079417,[.00
A2C_25000_bzip2__instcount_plainmodel,19000,13641,1.1800,2.10,0.079299,[.00
A2C_25000_bzip2__instcount_plainmodel,19000,14617,1.1038,1.96,0.079745,[.00
A2C_25000_bzip2__instcount_plainmodel,19000,14174,1.1384,2.02,0.09008,[.00
A2C_25000_bzip2__instcount_plainmodel,19000,13947,1.1561,2.06,0.080453,[.00
A2C_25000_bzip2__instcount_plainmodel,19000,13738,1.1724,2.09,0.082396,[.00
A2C_25000_bzip2__instcount_plainmodel,19000,21534,0.5635,1.33,0.044834,[.00
A2C_25000_bzip2__instcount_plainmodel,19000,13390,1.1996,2.14,0.078276,[.00
A2C_25000_bzip2__instcount_plainmodel,19000,13862,1.1627,2.07,0.081729,[.00
A2C_25000_bzip2__instcount_plainmodel,19000,14064,1.1470,2.04,0.085764,[.00
A2C_25000_bzip2__instcount_plainmodel,19000,13741,1.1722,2.09,0.082838,[.00
A2C_25000_bzip2__instcount_plainmodel,19000,13566,1.1859,2.11,0.090291,[.00
A2C_25000_bzip2__instcount_plainmodel,19000,14022,1.1502,2.05,0.078619,[.00
A2C_25000_bzip2__instcount_plainmodel,19000,13748,1.1716,2.09,0.083537,[.00
A2C_25000_bzip2__instcount_plainmodel,19000,13664,1.1782,2.10,0.081205,[.00
A2C_25000_bzip2__instcount_plainmodel,19000,13430,1.1965,2.14,0.083364,[.00
A2C_25000_bzip2__instcount_plainmodel,19000,13418,1.1974,2.14,0.079014,[.00
A2C_25000_bzip2__instcount_plainmodel,19000,13426,1.1968,2.14,0.087971,[.00
A2C_25000_bzip2__instcount_plainmodel,19000,13614,1.1821,2.11,0.08224,[.00
A2C_25000_bzip2__instcount_plainmodel,19000,13829,1.1653,2.07,0.077986,[.00
A2C_25000_bzip2__instcount_plainmodel,19000,14754,1.0931,1.94,0.082882,[.00
A2C_25000_bzip2__instcount_plainmodel,19000,13399,1.1989,2.14,0.085547,[.00
A2C_25000_bzip2__instcount_plainmodel,19000,13376,1.2007,2.14,0.077838,[.00
A2C_25000_bzip2__instcount_plainmodel,19000,13411,1.1980,2.14,0.086997,[.00
A2C_25000_bzip2__instcount_plainmodel,19000,13642,1.1799,2.10,0.078233,[.00
A2C_25000_bzip2__instcount_plainmodel,19000,14003,1.1517,2.05,0.081966,[.00
A2C_25000_bzip2__instcount_plainmodel,19000,14055,1.1477,2.04,0.087126,[.00
A2C_25000_bzip2__instcount_plainmodel,19000,13732,1.1729,2.09,0.08291,[.00
A2C_25000_bzip2__instcount_plainmodel,19000,13625,1.1812,2.10,0.078219,[.00
A2C_25000_bzip2__instcount_plainmodel,19000,13412,1.1979,2.14,0.078434,[.00
A2C_25000_bzip2__instcount_plainmodel,19000,17133,0.9072,1.67,0.069585,[.00
A2C_25000_bzip2__instcount_plainmodel,19000,13481,1.1925,2.13,0.081565,[.00
A2C_25000_bzip2__instcount_plainmodel,19000,13575,1.1852,2.11,0.087326,[.00
A2C_25000_bzip2__instcount_plainmodel,19000,21538,0.5631,1.33,0.046486,[.00
A2C_25000_bzip2__instcount_plainmodel,19000,13410,1.1980,2.14,0.077752,[.00
A2C_25000_bzip2__instcount_plainmodel,19000,13421,1.1972,2.14,0.077076,[.00
A2C_25000_bzip2__instcount_plainmodel,19000,13435,1.1961,2.13,0.081175,[.00
A2C_25000_bzip2__instcount_plainmodel,19000,13602,1.1830,2.11,0.080905,[.00
A2C_25000_bzip2__instcount_plainmodel,19000,13915,1.1586,2.06,0.084635,[.00
A2C_25000_bzip2__instcount_plainmodel,19000,13892,1.1604,2.06,0.079346,[.00
A2C_25000_bzip2__instcount_plainmodel,19000,13618,1.1818,2.11,0.084798,[.00
A2C_25000_bzip2__instcount_plainmodel,19000,13725,1.1734,2.09,0.080544,[.00
A2C_25000_bzip2__instcount_plainmodel,19000,13829,1.1653,2.07,0.079475,[.00
A2C_25000_bzip2__instcount_plainmodel,19000,13640,1.1801,2.10,0.091977,[.00
A2C_25000_bzip2__instcount_plainmodel,19000,13861,1.1628,2.07,0.082992,[.00
A2C_25000_bzip2__instcount_plainmodel,20000,13409,1.1981,2.14,0.078736,[.00
A2C_25000_bzip2__instcount_plainmodel,20000,13535,1.1883,2.12,0.087497,[.00
A2C_25000_bzip2__instcount_plainmodel,20000,13813,1.1666,2.08,0.079739,[.00
A2C_25000_bzip2__instcount_plainmodel,20000,13787,1.1686,2.08,0.08211,[.00
A2C_25000_bzip2__instcount_plainmodel,20000,13782,1.1690,2.08,0.080981,[.00
A2C_25000_bzip2__instcount_plainmodel,20000,14082,1.1456,2.04,0.080914,[.00
A2C_25000_bzip2__instcount_plainmodel,20000,13653,1.1791,2.10,0.081689,[.00
A2C_25000_bzip2__instcount_plainmodel,20000,13602,1.1830,2.11,0.081729,[.00
A2C_25000_bzip2__instcount_plainmodel,20000,13411,1.1980,2.14,0.080956,[.00
A2C_25000_bzip2__instcount_plainmodel,20000,13460,1.1941,2.13,0.081176,[.00
A2C_25000_bzip2__instcount_plainmodel,20000,13527,1.1889,2.12,0.085168,[.00
A2C_25000_bzip2__instcount_plainmodel,20000,13598,1.1834,2.11,0.079643,[.00
A2C_25000_bzip2__instcount_plainmodel,20000,14377,1.1225,1.99,0.067813,[.00
A2C_25000_bzip2__instcount_plainmodel,20000,13663,1.1783,2.10,0.081037,[.00
A2C_25000_bzip2__instcount_plainmodel,20000,14543,1.1095,1.97,0.06847,[.00
A2C_25000_bzip2__instcount_plainmodel,20000,13729,1.1731,2.09,0.082141,[.00
A2C_25000_bzip2__instcount_plainmodel,20000,13654,1.1790,2.10,0.079019,[.00
A2C_25000_bzip2__instcount_plainmodel,20000,13530,1.1887,2.12,0.081536,[.00
A2C_25000_bzip2__instcount_plainmodel,20000,13481,1.1925,2.13,0.081589,[.00
A2C_25000_bzip2__instcount_plainmodel,20000,13419,1.1973,2.14,0.081939,[.00
A2C_25000_bzip2__instcount_plainmodel,20000,13656,1.1788,2.10,0.082013,[.00
A2C_25000_bzip2__instcount_plainmodel,20000,13308,1.2060,2.16,0.081776,[.00
A2C_25000_bzip2__instcount_plainmodel,20000,16968,0.9201,1.69,0.044986,[.00
A2C_25000_bzip2__instcount_plainmodel,20000,13437,1.1959,2.13,0.079532,[.00
A2C_25000_bzip2__instcount_plainmodel,20000,13450,1.1949,2.13,0.080654,[.00
A2C_25000_bzip2__instcount_plainmodel,20000,14194,1.1368,2.02,0.081598,[.00
A2C_25000_bzip2__instcount_plainmodel,20000,13647,1.1795,2.10,0.082755,[.00
A2C_25000_bzip2__instcount_plainmodel,20000,13733,1.1728,2.09,0.079617,[.00
A2C_25000_bzip2__instcount_plainmodel,20000,13422,1.1971,2.14,0.078415,[.00
A2C_25000_bzip2__instcount_plainmodel,20000,13369,1.2012,2.15,0.078716,[.00
A2C_25000_bzip2__instcount_plainmodel,20000,13416,1.1976,2.14,0.078987,[.00
A2C_25000_bzip2__instcount_plainmodel,20000,13370,1.2012,2.15,0.079142,[.00
A2C_25000_bzip2__instcount_plainmodel,20000,13402,1.1987,2.14,0.082041,[.00
A2C_25000_bzip2__instcount_plainmodel,20000,13365,1.2016,2.15,0.078586,[.00
A2C_25000_bzip2__instcount_plainmodel,20000,13381,1.2003,2.14,0.082053,[.00
A2C_25000_bzip2__instcount_plainmodel,20000,13511,1.1902,2.12,0.086454,[.00
A2C_25000_bzip2__instcount_plainmodel,20000,17106,0.9093,1.68,0.078991,[.00
A2C_25000_bzip2__instcount_plainmodel,20000,13637,1.1803,2.10,0.082187,[.00
A2C_25000_bzip2__instcount_plainmodel,20000,13994,1.1524,2.05,0.087105,[.00
A2C_25000_bzip2__instcount_plainmodel,20000,16191,0.9808,1.77,0.04804,[.00
A2C_25000_bzip2__instcount_plainmodel,20000,13464,1.1938,2.13,0.080911,[.00
A2C_25000_bzip2__instcount_plainmodel,20000,13503,1.1908,2.12,0.081783,[.00
A2C_25000_bzip2__instcount_plainmodel,20000,13478,1.1927,2.13,0.081595,[.00
A2C_25000_bzip2__instcount_plainmodel,20000,13416,1.1976,2.14,0.081907,[.00
A2C_25000_bzip2__instcount_plainmodel,20000,13660,1.1785,2.10,0.078196,[.00
A2C_25000_bzip2__instcount_plainmodel,20000,13464,1.1938,2.13,0.090624,[.00
A2C_25000_bzip2__instcount_plainmodel,20000,16321,0.9707,1.76,0.044131,[.00
A2C_25000_bzip2__instcount_plainmodel,20000,13949,1.1559,2.06,0.082471,[.00
A2C_25000_bzip2__instcount_plainmodel,20000,13429,1.1966,2.14,0.083786,[.00
A2C_25000_bzip2__instcount_plainmodel,20000,13455,1.1945,2.13,0.08114,[.00
A2C_25000_bzip2__instcount_plainmodel,20000,13625,1.1812,2.10,0.079859,[.00
A2C_25000_bzip2__instcount_plainmodel,20000,16366,0.9671,1.75,0.044222,[.00
A2C_25000_bzip2__instcount_plainmodel,20000,13421,1.1972,2.14,0.082673,[.00
A2C_25000_bzip2__instcount_plainmodel,20000,14137,1.1413,2.03,0.08165,[.00
A2C_25000_bzip2__instcount_plainmodel,20000,13441,1.1956,2.13,0.081174,[.00
A2C_25000_bzip2__instcount_plainmodel,20000,13410,1.1980,2.14,0.081147,[.00
A2C_25000_bzip2__instcount_plainmodel,20000,13379,1.2005,2.14,0.079123,[.00
A2C_25000_bzip2__instcount_plainmodel,20000,21551,0.5621,1.33,0.045879,[.00
A2C_25000_bzip2__instcount_plainmodel,20000,13399,1.1989,2.14,0.08436,[.00
A2C_25000_bzip2__instcount_plainmodel,20000,13429,1.1966,2.14,0.082567,[.00
A2C_25000_bzip2__instcount_plainmodel,20000,13509,1.1903,2.12,0.082019,[.00
A2C_25000_bzip2__instcount_plainmodel,20000,13388,1.1998,2.14,0.091331,[.00
A2C_25000_bzip2__instcount_plainmodel,20000,13554,1.1868,2.12,0.080643,[.00
A2C_25000_bzip2__instcount_plainmodel,20000,18541,0.7972,1.55,0.047116,[.00
A2C_25000_bzip2__instcount_plainmodel,20000,13421,1.1972,2.14,0.08103,[.00
A2C_25000_bzip2__instcount_plainmodel,20000,13652,1.1791,2.10,0.07975,[.00
A2C_25000_bzip2__instcount_plainmodel,20000,13519,1.1895,2.12,0.081649,[.00
A2C_25000_bzip2__instcount_plainmodel,20000,13367,1.2014,2.15,0.077707,[.00
A2C_25000_bzip2__instcount_plainmodel,20000,13639,1.1802,2.10,0.078545,[.00
A2C_25000_bzip2__instcount_plainmodel,20000,13728,1.1732,2.09,0.080703,[.00
A2C_25000_bzip2__instcount_plainmodel,20000,13421,1.1972,2.14,0.083942,[.00
A2C_25000_bzip2__instcount_plainmodel,20000,14042,1.1487,2.04,0.078736,[.00
A2C_25000_bzip2__instcount_plainmodel,20000,13387,1.1998,2.14,0.081315,[.00
A2C_25000_bzip2__instcount_plainmodel,20000,13516,1.1898,2.12,0.079063,[.00
A2C_25000_bzip2__instcount_plainmodel,20000,16568,0.9514,1.73,0.046166,[.00
A2C_25000_bzip2__instcount_plainmodel,20000,21553,0.5620,1.33,0.046978,[.00
A2C_25000_bzip2__instcount_plainmodel,20000,13646,1.1796,2.10,0.08189,[.00
A2C_25000_bzip2__instcount_plainmodel,20000,13421,1.1972,2.14,0.082603,[.00
A2C_25000_bzip2__instcount_plainmodel,20000,13944,1.1563,2.06,0.083582,[.00
A2C_25000_bzip2__instcount_plainmodel,20000,13802,1.1674,2.08,0.085037,[.00
A2C_25000_bzip2__instcount_plainmodel,20000,13475,1.1930,2.13,0.081549,[.00
A2C_25000_bzip2__instcount_plainmodel,20000,13370,1.2012,2.15,0.083993,[.00
A2C_25000_bzip2__instcount_plainmodel,20000,13494,1.1915,2.13,0.079805,[.00
A2C_25000_bzip2__instcount_plainmodel,20000,13462,1.1940,2.13,0.081125,[.00
A2C_25000_bzip2__instcount_plainmodel,20000,13949,1.1559,2.06,0.078422,[.00
A2C_25000_bzip2__instcount_plainmodel,20000,13689,1.1763,2.10,0.081214,[.00
A2C_25000_bzip2__instcount_plainmodel,20000,13667,1.1780,2.10,0.081509,[.00
A2C_25000_bzip2__instcount_plainmodel,20000,13491,1.1917,2.13,0.08241,[.00
A2C_25000_bzip2__instcount_plainmodel,20000,13441,1.1956,2.13,0.079963,[.00
A2C_25000_bzip2__instcount_plainmodel,20000,24617,0.3226,1.16,0.048373,[.00
A2C_25000_bzip2__instcount_plainmodel,20000,13417,1.1975,2.14,0.080193,[.00
A2C_25000_bzip2__instcount_plainmodel,20000,13589,1.1841,2.11,0.081985,[.00
A2C_25000_bzip2__instcount_plainmodel,20000,13391,1.1995,2.14,0.08456,[.00
A2C_25000_bzip2__instcount_plainmodel,20000,13408,1.1982,2.14,0.083152,[.00
A2C_25000_bzip2__instcount_plainmodel,20000,13399,1.1989,2.14,0.078262,[.00
A2C_25000_bzip2__instcount_plainmodel,20000,13757,1.1709,2.08,0.079852,[.00
A2C_25000_bzip2__instcount_plainmodel,20000,13528,1.1888,2.12,0.083386,[.00
A2C_25000_bzip2__instcount_plainmodel,20000,14015,1.1508,2.05,0.080791,[.00
A2C_25000_bzip2__instcount_plainmodel,20000,13368,1.2013,2.15,0.07894,[.00
A2C_25000_bzip2__instcount_plainmodel,20000,13754,1.1712,2.09,0.081393,[.00
A2C_25000_bzip2__instcount_plainmodel,21000,13420,1.1973,2.14,0.079185,[.00
A2C_25000_bzip2__instcount_plainmodel,21000,13931,1.1573,2.06,0.070539,[.00
A2C_25000_bzip2__instcount_plainmodel,21000,13502,1.1909,2.12,0.087145,[.00
A2C_25000_bzip2__instcount_plainmodel,21000,13418,1.1974,2.14,0.078408,[.00
A2C_25000_bzip2__instcount_plainmodel,21000,13397,1.1991,2.14,0.079048,[.00
A2C_25000_bzip2__instcount_plainmodel,21000,24556,0.3274,1.17,0.048922,[.00
A2C_25000_bzip2__instcount_plainmodel,21000,13492,1.1916,2.13,0.082551,[.00
A2C_25000_bzip2__instcount_plainmodel,21000,24615,0.3228,1.16,0.047173,[.00
A2C_25000_bzip2__instcount_plainmodel,21000,13544,1.1876,2.12,0.085728,[.00
A2C_25000_bzip2__instcount_plainmodel,21000,13545,1.1875,2.12,0.083401,[.00
A2C_25000_bzip2__instcount_plainmodel,21000,13882,1.1612,2.07,0.084031,[.00
A2C_25000_bzip2__instcount_plainmodel,21000,14196,1.1366,2.02,0.079063,[.00
A2C_25000_bzip2__instcount_plainmodel,21000,13698,1.1755,2.09,0.078684,[.00
A2C_25000_bzip2__instcount_plainmodel,21000,13425,1.1969,2.14,0.089801,[.00
A2C_25000_bzip2__instcount_plainmodel,21000,13421,1.1972,2.14,0.081654,[.00
A2C_25000_bzip2__instcount_plainmodel,21000,13569,1.1856,2.11,0.080833,[.00
A2C_25000_bzip2__instcount_plainmodel,21000,13647,1.1795,2.10,0.081503,[.00
A2C_25000_bzip2__instcount_plainmodel,21000,15974,0.9978,1.79,0.047678,[.00
A2C_25000_bzip2__instcount_plainmodel,21000,21549,0.5623,1.33,0.045975,[.00
A2C_25000_bzip2__instcount_plainmodel,21000,14673,1.0994,1.95,0.081436,[.00
A2C_25000_bzip2__instcount_plainmodel,21000,13399,1.1989,2.14,0.077869,[.00
A2C_25000_bzip2__instcount_plainmodel,21000,13432,1.1963,2.14,0.082644,[.00
A2C_25000_bzip2__instcount_plainmodel,21000,13486,1.1921,2.13,0.082171,[.00
A2C_25000_bzip2__instcount_plainmodel,21000,13524,1.1891,2.12,0.081838,[.00
A2C_25000_bzip2__instcount_plainmodel,21000,16361,0.9675,1.75,0.048001,[.00
A2C_25000_bzip2__instcount_plainmodel,21000,13619,1.1817,2.11,0.078503,[.00
A2C_25000_bzip2__instcount_plainmodel,21000,13380,1.2004,2.14,0.077953,[.00
A2C_25000_bzip2__instcount_plainmodel,21000,21549,0.5623,1.33,0.047898,[.00
A2C_25000_bzip2__instcount_plainmodel,21000,13386,1.1999,2.14,0.086818,[.00
A2C_25000_bzip2__instcount_plainmodel,21000,13663,1.1783,2.10,0.08069,[.00
A2C_25000_bzip2__instcount_plainmodel,21000,13424,1.1970,2.14,0.078531,[.00
A2C_25000_bzip2__instcount_plainmodel,21000,13470,1.1934,2.13,0.089728,[.00
A2C_25000_bzip2__instcount_plainmodel,21000,13729,1.1731,2.09,0.079123,[.00
A2C_25000_bzip2__instcount_plainmodel,21000,13638,1.1802,2.10,0.081794,[.00
A2C_25000_bzip2__instcount_plainmodel,21000,13471,1.1933,2.13,0.080091,[.00
A2C_25000_bzip2__instcount_plainmodel,21000,13500,1.1910,2.12,0.092894,[.00
A2C_25000_bzip2__instcount_plainmodel,21000,13426,1.1968,2.14,0.081831,[.00
A2C_25000_bzip2__instcount_plainmodel,21000,13423,1.1970,2.14,0.079243,[.00
A2C_25000_bzip2__instcount_plainmodel,21000,17016,0.9164,1.68,0.046357,[.00
A2C_25000_bzip2__instcount_plainmodel,21000,13419,1.1973,2.14,0.08093,[.00
A2C_25000_bzip2__instcount_plainmodel,21000,13566,1.1859,2.11,0.080556,[.00
A2C_25000_bzip2__instcount_plainmodel,21000,16264,0.9751,1.76,0.04689,[.00
A2C_25000_bzip2__instcount_plainmodel,21000,16317,0.9710,1.76,0.053311,[.00
A2C_25000_bzip2__instcount_plainmodel,21000,13410,1.1980,2.14,0.082109,[.00
A2C_25000_bzip2__instcount_plainmodel,21000,13903,1.1595,2.06,0.089092,[.00
A2C_25000_bzip2__instcount_plainmodel,21000,13380,1.2004,2.14,0.077502,[.00
A2C_25000_bzip2__instcount_plainmodel,21000,13431,1.1964,2.14,0.0846,[.00
A2C_25000_bzip2__instcount_plainmodel,21000,17169,0.9044,1.67,0.046756,[.00
A2C_25000_bzip2__instcount_plainmodel,21000,14267,1.1311,2.01,0.071741,[.00
A2C_25000_bzip2__instcount_plainmodel,21000,14050,1.1481,2.04,0.083202,[.00
A2C_25000_bzip2__instcount_plainmodel,21000,13345,1.2031,2.15,0.078659,[.00
A2C_25000_bzip2__instcount_plainmodel,21000,16254,0.9759,1.76,0.046353,[.00
A2C_25000_bzip2__instcount_plainmodel,21000,13377,1.2006,2.14,0.083034,[.00
A2C_25000_bzip2__instcount_plainmodel,21000,13500,1.1910,2.12,0.082536,[.00
A2C_25000_bzip2__instcount_plainmodel,21000,13871,1.1620,2.07,0.079057,[.00
A2C_25000_bzip2__instcount_plainmodel,21000,13498,1.1912,2.12,0.084837,[.00
A2C_25000_bzip2__instcount_plainmodel,21000,13430,1.1965,2.14,0.080626,[.00
A2C_25000_bzip2__instcount_plainmodel,21000,14296,1.1288,2.01,0.081959,[.00
A2C_25000_bzip2__instcount_plainmodel,21000,13632,1.1807,2.10,0.081937,[.00
A2C_25000_bzip2__instcount_plainmodel,21000,16781,0.9347,1.71,0.09708,[.00
A2C_25000_bzip2__instcount_plainmodel,21000,14918,1.0802,1.92,0.078586,[.00
A2C_25000_bzip2__instcount_plainmodel,21000,13442,1.1955,2.13,0.083747,[.00
A2C_25000_bzip2__instcount_plainmodel,21000,13428,1.1966,2.14,0.080186,[.00
A2C_25000_bzip2__instcount_plainmodel,21000,13623,1.1814,2.11,0.087259,[.00
A2C_25000_bzip2__instcount_plainmodel,21000,13568,1.1857,2.11,0.08287,[.00
A2C_25000_bzip2__instcount_plainmodel,21000,13730,1.1730,2.09,0.079065,[.00
A2C_25000_bzip2__instcount_plainmodel,21000,13426,1.1968,2.14,0.078916,[.00
A2C_25000_bzip2__instcount_plainmodel,21000,13645,1.1797,2.10,0.084002,[.00
A2C_25000_bzip2__instcount_plainmodel,21000,13370,1.2012,2.15,0.081452,[.00
A2C_25000_bzip2__instcount_plainmodel,21000,13495,1.1914,2.13,0.087272,[.00
A2C_25000_bzip2__instcount_plainmodel,21000,14462,1.1159,1.98,0.08065,[.00
A2C_25000_bzip2__instcount_plainmodel,21000,13516,1.1898,2.12,0.079651,[.00
A2C_25000_bzip2__instcount_plainmodel,21000,13500,1.1910,2.12,0.082786,[.00
A2C_25000_bzip2__instcount_plainmodel,21000,13487,1.1920,2.13,0.086807,[.00
A2C_25000_bzip2__instcount_plainmodel,21000,13436,1.1960,2.13,0.078747,[.00
A2C_25000_bzip2__instcount_plainmodel,21000,13503,1.1908,2.12,0.08194,[.00
A2C_25000_bzip2__instcount_plainmodel,21000,16585,0.9500,1.73,0.047613,[.00
A2C_25000_bzip2__instcount_plainmodel,21000,13770,1.1699,2.08,0.081621,[.00
A2C_25000_bzip2__instcount_plainmodel,21000,13429,1.1966,2.14,0.077519,[.00
A2C_25000_bzip2__instcount_plainmodel,21000,19686,0.7078,1.46,0.046384,[.00
A2C_25000_bzip2__instcount_plainmodel,21000,13495,1.1914,2.13,0.079907,[.00
A2C_25000_bzip2__instcount_plainmodel,21000,13464,1.1938,2.13,0.08135,[.00
A2C_25000_bzip2__instcount_plainmodel,21000,13785,1.1688,2.08,0.078796,[.00
A2C_25000_bzip2__instcount_plainmodel,21000,13426,1.1968,2.14,0.07962,[.00
A2C_25000_bzip2__instcount_plainmodel,21000,13419,1.1973,2.14,0.08296,[.00
A2C_25000_bzip2__instcount_plainmodel,21000,13464,1.1938,2.13,0.080064,[.00
A2C_25000_bzip2__instcount_plainmodel,21000,13440,1.1957,2.13,0.080729,[.00
A2C_25000_bzip2__instcount_plainmodel,21000,13465,1.1937,2.13,0.080884,[.00
A2C_25000_bzip2__instcount_plainmodel,21000,13426,1.1968,2.14,0.080477,[.00
A2C_25000_bzip2__instcount_plainmodel,21000,16465,0.9594,1.74,0.045378,[.00
A2C_25000_bzip2__instcount_plainmodel,21000,14425,1.1188,1.99,0.077042,[.00
A2C_25000_bzip2__instcount_plainmodel,21000,13517,1.1897,2.12,0.081006,[.00
A2C_25000_bzip2__instcount_plainmodel,21000,16361,0.9675,1.75,0.045945,[.00
A2C_25000_bzip2__instcount_plainmodel,21000,13426,1.1968,2.14,0.079696,[.00
A2C_25000_bzip2__instcount_plainmodel,21000,13463,1.1939,2.13,0.082295,[.00
A2C_25000_bzip2__instcount_plainmodel,21000,13523,1.1892,2.12,0.084793,[.00
A2C_25000_bzip2__instcount_plainmodel,21000,13878,1.1615,2.07,0.066423,[.00
A2C_25000_bzip2__instcount_plainmodel,21000,13594,1.1837,2.11,0.082419,[.00
A2C_25000_bzip2__instcount_plainmodel,21000,13663,1.1783,2.10,0.078125,[.00
A2C_25000_bzip2__instcount_plainmodel,21000,13435,1.1961,2.13,0.081488,[.00
A2C_25000_bzip2__instcount_plainmodel,22000,13410,1.1980,2.14,0.08421,[.00
A2C_25000_bzip2__instcount_plainmodel,22000,13594,1.1837,2.11,0.095688,[.00
A2C_25000_bzip2__instcount_plainmodel,22000,13351,1.2027,2.15,0.081611,[.00
A2C_25000_bzip2__instcount_plainmodel,22000,13617,1.1819,2.11,0.08195,[.00
A2C_25000_bzip2__instcount_plainmodel,22000,13651,1.1792,2.10,0.079245,[.00
A2C_25000_bzip2__instcount_plainmodel,22000,13415,1.1977,2.14,0.08141,[.00
A2C_25000_bzip2__instcount_plainmodel,22000,13405,1.1984,2.14,0.079482,[.00
A2C_25000_bzip2__instcount_plainmodel,22000,13423,1.1970,2.14,0.080172,[.00
A2C_25000_bzip2__instcount_plainmodel,22000,13425,1.1969,2.14,0.086825,[.00
A2C_25000_bzip2__instcount_plainmodel,22000,13755,1.1711,2.09,0.081362,[.00
A2C_25000_bzip2__instcount_plainmodel,22000,13422,1.1971,2.14,0.079923,[.00
A2C_25000_bzip2__instcount_plainmodel,22000,13395,1.1992,2.14,0.083135,[.00
A2C_25000_bzip2__instcount_plainmodel,22000,16273,0.9744,1.76,0.045545,[.00
A2C_25000_bzip2__instcount_plainmodel,22000,13413,1.1978,2.14,0.082022,[.00
A2C_25000_bzip2__instcount_plainmodel,22000,13423,1.1970,2.14,0.080584,[.00
A2C_25000_bzip2__instcount_plainmodel,22000,13387,1.1998,2.14,0.084215,[.00
A2C_25000_bzip2__instcount_plainmodel,22000,13410,1.1980,2.14,0.082053,[.00
A2C_25000_bzip2__instcount_plainmodel,22000,13426,1.1968,2.14,0.081375,[.00
A2C_25000_bzip2__instcount_plainmodel,22000,13335,1.2039,2.15,0.082109,[.00
A2C_25000_bzip2__instcount_plainmodel,22000,13476,1.1929,2.13,0.080958,[.00
A2C_25000_bzip2__instcount_plainmodel,22000,13559,1.1864,2.12,0.08009,[.00
A2C_25000_bzip2__instcount_plainmodel,22000,13503,1.1908,2.12,0.077006,[.00
A2C_25000_bzip2__instcount_plainmodel,22000,13460,1.1941,2.13,0.079957,[.00
A2C_25000_bzip2__instcount_plainmodel,22000,13452,1.1948,2.13,0.078999,[.00
A2C_25000_bzip2__instcount_plainmodel,22000,13411,1.1980,2.14,0.081109,[.00
A2C_25000_bzip2__instcount_plainmodel,22000,27633,0.0870,1.04,0.083548,[.00
A2C_25000_bzip2__instcount_plainmodel,22000,13387,1.1998,2.14,0.086761,[.00
A2C_25000_bzip2__instcount_plainmodel,22000,13411,1.1980,2.14,0.081358,[.00
A2C_25000_bzip2__instcount_plainmodel,22000,13405,1.1984,2.14,0.08122,[.00
A2C_25000_bzip2__instcount_plainmodel,22000,13370,1.2012,2.15,0.080982,[.00
A2C_25000_bzip2__instcount_plainmodel,22000,16221,0.9785,1.77,0.045254,[.00
A2C_25000_bzip2__instcount_plainmodel,22000,13616,1.1820,2.11,0.079359,[.00
A2C_25000_bzip2__instcount_plainmodel,22000,13697,1.1756,2.09,0.081728,[.00
A2C_25000_bzip2__instcount_plainmodel,22000,13620,1.1816,2.11,0.083012,[.00
A2C_25000_bzip2__instcount_plainmodel,22000,13420,1.1973,2.14,0.08312,[.00
A2C_25000_bzip2__instcount_plainmodel,22000,13802,1.1674,2.08,0.083335,[.00
A2C_25000_bzip2__instcount_plainmodel,22000,13440,1.1957,2.13,0.081258,[.00
A2C_25000_bzip2__instcount_plainmodel,22000,13415,1.1977,2.14,0.078271,[.00
A2C_25000_bzip2__instcount_plainmodel,22000,13977,1.1538,2.05,0.06639,[.00
A2C_25000_bzip2__instcount_plainmodel,22000,13500,1.1910,2.12,0.081438,[.00
A2C_25000_bzip2__instcount_plainmodel,22000,13727,1.1733,2.09,0.078178,[.00
A2C_25000_bzip2__instcount_plainmodel,22000,13416,1.1976,2.14,0.082506,[.00
A2C_25000_bzip2__instcount_plainmodel,22000,13423,1.1970,2.14,0.081956,[.00
A2C_25000_bzip2__instcount_plainmodel,22000,13463,1.1939,2.13,0.080395,[.00
A2C_25000_bzip2__instcount_plainmodel,22000,13426,1.1968,2.14,0.079098,[.00
A2C_25000_bzip2__instcount_plainmodel,22000,13441,1.1956,2.13,0.07895,[.00
A2C_25000_bzip2__instcount_plainmodel,22000,13466,1.1937,2.13,0.082072,[.00
A2C_25000_bzip2__instcount_plainmodel,22000,13991,1.1527,2.05,0.082618,[.00
A2C_25000_bzip2__instcount_plainmodel,22000,13616,1.1820,2.11,0.077005,[.00
A2C_25000_bzip2__instcount_plainmodel,22000,13412,1.1979,2.14,0.08165,[.00
A2C_25000_bzip2__instcount_plainmodel,22000,13876,1.1616,2.07,0.07787,[.00
A2C_25000_bzip2__instcount_plainmodel,22000,13412,1.1979,2.14,0.077752,[.00
A2C_25000_bzip2__instcount_plainmodel,22000,13456,1.1945,2.13,0.079368,[.00
A2C_25000_bzip2__instcount_plainmodel,22000,13478,1.1927,2.13,0.080462,[.00
A2C_25000_bzip2__instcount_plainmodel,22000,16281,0.9738,1.76,0.04688,[.00
A2C_25000_bzip2__instcount_plainmodel,22000,13421,1.1972,2.14,0.082562,[.00
A2C_25000_bzip2__instcount_plainmodel,22000,13365,1.2016,2.15,0.081288,[.00
A2C_25000_bzip2__instcount_plainmodel,22000,16263,0.9752,1.76,0.045974,[.00
A2C_25000_bzip2__instcount_plainmodel,22000,13416,1.1976,2.14,0.078503,[.00
A2C_25000_bzip2__instcount_plainmodel,22000,13424,1.1970,2.14,0.079146,[.00
A2C_25000_bzip2__instcount_plainmodel,22000,13442,1.1955,2.13,0.080978,[.00
A2C_25000_bzip2__instcount_plainmodel,22000,13628,1.1810,2.10,0.08245,[.00
A2C_25000_bzip2__instcount_plainmodel,22000,13533,1.1884,2.12,0.08644,[.00
A2C_25000_bzip2__instcount_plainmodel,22000,13404,1.1985,2.14,0.082231,[.00
A2C_25000_bzip2__instcount_plainmodel,22000,13398,1.1990,2.14,0.083111,[.00
A2C_25000_bzip2__instcount_plainmodel,22000,13716,1.1741,2.09,0.078746,[.00
A2C_25000_bzip2__instcount_plainmodel,22000,13480,1.1926,2.13,0.083943,[.00
A2C_25000_bzip2__instcount_plainmodel,22000,13436,1.1960,2.13,0.082383,[.00
A2C_25000_bzip2__instcount_plainmodel,22000,13374,1.2009,2.14,0.079357,[.00
A2C_25000_bzip2__instcount_plainmodel,22000,13896,1.1601,2.06,0.078341,[.00
A2C_25000_bzip2__instcount_plainmodel,22000,13445,1.1953,2.13,0.09009,[.00
A2C_25000_bzip2__instcount_plainmodel,22000,13433,1.1962,2.14,0.086705,[.00
A2C_25000_bzip2__instcount_plainmodel,22000,13415,1.1977,2.14,0.077154,[.00
A2C_25000_bzip2__instcount_plainmodel,22000,13411,1.1980,2.14,0.080729,[.00
A2C_25000_bzip2__instcount_plainmodel,22000,13446,1.1952,2.13,0.081856,[.00
A2C_25000_bzip2__instcount_plainmodel,22000,13418,1.1974,2.14,0.078556,[.00
A2C_25000_bzip2__instcount_plainmodel,22000,13411,1.1980,2.14,0.078615,[.00
A2C_25000_bzip2__instcount_plainmodel,22000,13701,1.1753,2.09,0.082698,[.00
A2C_25000_bzip2__instcount_plainmodel,22000,13645,1.1797,2.10,0.077374,[.00
A2C_25000_bzip2__instcount_plainmodel,22000,13425,1.1969,2.14,0.086378,[.00
A2C_25000_bzip2__instcount_plainmodel,22000,13385,1.2000,2.14,0.085535,[.00
A2C_25000_bzip2__instcount_plainmodel,22000,14121,1.1425,2.03,0.073522,[.00
A2C_25000_bzip2__instcount_plainmodel,22000,13387,1.1998,2.14,0.080081,[.00
A2C_25000_bzip2__instcount_plainmodel,22000,13493,1.1916,2.13,0.081843,[.00
A2C_25000_bzip2__instcount_plainmodel,22000,13396,1.1991,2.14,0.077862,[.00
A2C_25000_bzip2__instcount_plainmodel,22000,14229,1.1341,2.02,0.078084,[.00
A2C_25000_bzip2__instcount_plainmodel,22000,13437,1.1959,2.13,0.079071,[.00
A2C_25000_bzip2__instcount_plainmodel,22000,13700,1.1754,2.09,0.081083,[.00
A2C_25000_bzip2__instcount_plainmodel,22000,13409,1.1981,2.14,0.08616,[.00
A2C_25000_bzip2__instcount_plainmodel,22000,13418,1.1974,2.14,0.091701,[.00
A2C_25000_bzip2__instcount_plainmodel,22000,13416,1.1976,2.14,0.082099,[.00
A2C_25000_bzip2__instcount_plainmodel,22000,13435,1.1961,2.13,0.077527,[.00
A2C_25000_bzip2__instcount_plainmodel,22000,13459,1.1942,2.13,0.079256,[.00
A2C_25000_bzip2__instcount_plainmodel,22000,13390,1.1996,2.14,0.081261,[.00
A2C_25000_bzip2__instcount_plainmodel,22000,13407,1.1983,2.14,0.081065,[.00
A2C_25000_bzip2__instcount_plainmodel,22000,13423,1.1970,2.14,0.081508,[.00
A2C_25000_bzip2__instcount_plainmodel,22000,16326,0.9703,1.76,0.046349,[.00
A2C_25000_bzip2__instcount_plainmodel,22000,13746,1.1718,2.09,0.080808,[.00
A2C_25000_bzip2__instcount_plainmodel,22000,13343,1.2033,2.15,0.080092,[.00
A2C_25000_bzip2__instcount_plainmodel,22000,13503,1.1908,2.12,0.082491,[.00
A2C_25000_bzip2__instcount_plainmodel,23000,16515,0.9555,1.74,0.045866,[.00
A2C_25000_bzip2__instcount_plainmodel,23000,13464,1.1938,2.13,0.08133,[.00
A2C_25000_bzip2__instcount_plainmodel,23000,13493,1.1916,2.13,0.0823,[.00
A2C_25000_bzip2__instcount_plainmodel,23000,13456,1.1945,2.13,0.078691,[.00
A2C_25000_bzip2__instcount_plainmodel,23000,16598,0.9490,1.73,0.049955,[.00
A2C_25000_bzip2__instcount_plainmodel,23000,13431,1.1964,2.14,0.084096,[.00
A2C_25000_bzip2__instcount_plainmodel,23000,13487,1.1920,2.13,0.084123,[.00
A2C_25000_bzip2__instcount_plainmodel,23000,13405,1.1984,2.14,0.0813,[.00
A2C_25000_bzip2__instcount_plainmodel,23000,13570,1.1855,2.11,0.080367,[.00
A2C_25000_bzip2__instcount_plainmodel,23000,13524,1.1891,2.12,0.081785,[.00
A2C_25000_bzip2__instcount_plainmodel,23000,13375,1.2008,2.14,0.082741,[.00
A2C_25000_bzip2__instcount_plainmodel,23000,13465,1.1937,2.13,0.079969,[.00
A2C_25000_bzip2__instcount_plainmodel,23000,13494,1.1915,2.13,0.082814,[.00
A2C_25000_bzip2__instcount_plainmodel,23000,13417,1.1975,2.14,0.088395,[.00
A2C_25000_bzip2__instcount_plainmodel,23000,13345,1.2031,2.15,0.078606,[.00
A2C_25000_bzip2__instcount_plainmodel,23000,13648,1.1795,2.10,0.086785,[.00
A2C_25000_bzip2__instcount_plainmodel,23000,13513,1.1900,2.12,0.082565,[.00
A2C_25000_bzip2__instcount_plainmodel,23000,13476,1.1929,2.13,0.082389,[.00
A2C_25000_bzip2__instcount_plainmodel,23000,13349,1.2028,2.15,0.082315,[.00
A2C_25000_bzip2__instcount_plainmodel,23000,13526,1.1890,2.12,0.081698,[.00
A2C_25000_bzip2__instcount_plainmodel,23000,16425,0.9625,1.75,0.047551,[.00
A2C_25000_bzip2__instcount_plainmodel,23000,17122,0.9081,1.67,0.080757,[.00
A2C_25000_bzip2__instcount_plainmodel,23000,13469,1.1934,2.13,0.079589,[.00
A2C_25000_bzip2__instcount_plainmodel,23000,16140,0.9848,1.78,0.047232,[.00
A2C_25000_bzip2__instcount_plainmodel,23000,13424,1.1970,2.14,0.078918,[.00
A2C_25000_bzip2__instcount_plainmodel,23000,13420,1.1973,2.14,0.081252,[.00
A2C_25000_bzip2__instcount_plainmodel,23000,13376,1.2007,2.14,0.078983,[.00
A2C_25000_bzip2__instcount_plainmodel,23000,13375,1.2008,2.14,0.08694,[.00
A2C_25000_bzip2__instcount_plainmodel,23000,13420,1.1973,2.14,0.081114,[.00
A2C_25000_bzip2__instcount_plainmodel,23000,13383,1.2002,2.14,0.076949,[.00
A2C_25000_bzip2__instcount_plainmodel,23000,13405,1.1984,2.14,0.081437,[.00
A2C_25000_bzip2__instcount_plainmodel,23000,13736,1.1726,2.09,0.083029,[.00
A2C_25000_bzip2__instcount_plainmodel,23000,13407,1.1983,2.14,0.081054,[.00
A2C_25000_bzip2__instcount_plainmodel,23000,13720,1.1738,2.09,0.080017,[.00
A2C_25000_bzip2__instcount_plainmodel,23000,13471,1.1933,2.13,0.086951,[.00
A2C_25000_bzip2__instcount_plainmodel,23000,13427,1.1967,2.14,0.089622,[.00
A2C_25000_bzip2__instcount_plainmodel,23000,13960,1.1551,2.05,0.083072,[.00
A2C_25000_bzip2__instcount_plainmodel,23000,13395,1.1992,2.14,0.08129,[.00
A2C_25000_bzip2__instcount_plainmodel,23000,14333,1.1259,2.00,0.074972,[.00
A2C_25000_bzip2__instcount_plainmodel,23000,16620,0.9473,1.72,0.047059,[.00
A2C_25000_bzip2__instcount_plainmodel,23000,13425,1.1969,2.14,0.086935,[.00
A2C_25000_bzip2__instcount_plainmodel,23000,16095,0.9883,1.78,0.045601,[.00
A2C_25000_bzip2__instcount_plainmodel,23000,13431,1.1964,2.14,0.078962,[.00
A2C_25000_bzip2__instcount_plainmodel,23000,14688,1.0982,1.95,0.072239,[.00
A2C_25000_bzip2__instcount_plainmodel,23000,13432,1.1963,2.14,0.078999,[.00
A2C_25000_bzip2__instcount_plainmodel,23000,13458,1.1943,2.13,0.082338,[.00
A2C_25000_bzip2__instcount_plainmodel,23000,13416,1.1976,2.14,0.077095,[.00
A2C_25000_bzip2__instcount_plainmodel,23000,13496,1.1913,2.13,0.079297,[.00
A2C_25000_bzip2__instcount_plainmodel,23000,16231,0.9777,1.77,0.047042,[.00
A2C_25000_bzip2__instcount_plainmodel,23000,13437,1.1959,2.13,0.082368,[.00
A2C_25000_bzip2__instcount_plainmodel,23000,13671,1.1777,2.10,0.080968,[.00
A2C_25000_bzip2__instcount_plainmodel,23000,13452,1.1948,2.13,0.082857,[.00
A2C_25000_bzip2__instcount_plainmodel,23000,13538,1.1880,2.12,0.082272,[.00
A2C_25000_bzip2__instcount_plainmodel,23000,13388,1.1998,2.14,0.087665,[.00
A2C_25000_bzip2__instcount_plainmodel,23000,13414,1.1977,2.14,0.078505,[.00
A2C_25000_bzip2__instcount_plainmodel,23000,13672,1.1776,2.10,0.086513,[.00
A2C_25000_bzip2__instcount_plainmodel,23000,13489,1.1919,2.13,0.078674,[.00
A2C_25000_bzip2__instcount_plainmodel,23000,13419,1.1973,2.14,0.077806,[.00
A2C_25000_bzip2__instcount_plainmodel,23000,13398,1.1990,2.14,0.082062,[.00
A2C_25000_bzip2__instcount_plainmodel,23000,16541,0.9535,1.73,0.044857,[.00
A2C_25000_bzip2__instcount_plainmodel,23000,13469,1.1934,2.13,0.083334,[.00
A2C_25000_bzip2__instcount_plainmodel,23000,13501,1.1909,2.12,0.078938,[.00
A2C_25000_bzip2__instcount_plainmodel,23000,13368,1.2013,2.15,0.083846,[.00
A2C_25000_bzip2__instcount_plainmodel,23000,13476,1.1929,2.13,0.079017,[.00
A2C_25000_bzip2__instcount_plainmodel,23000,13418,1.1974,2.14,0.078478,[.00
A2C_25000_bzip2__instcount_plainmodel,23000,13497,1.1912,2.12,0.081357,[.00
A2C_25000_bzip2__instcount_plainmodel,23000,13499,1.1911,2.12,0.079834,[.00
A2C_25000_bzip2__instcount_plainmodel,23000,16380,0.9660,1.75,0.046991,[.00
A2C_25000_bzip2__instcount_plainmodel,23000,13680,1.1770,2.10,0.078617,[.00
A2C_25000_bzip2__instcount_plainmodel,23000,13501,1.1909,2.12,0.081037,[.00
A2C_25000_bzip2__instcount_plainmodel,23000,13404,1.1985,2.14,0.089055,[.00
A2C_25000_bzip2__instcount_plainmodel,23000,13604,1.1829,2.11,0.083349,[.00
A2C_25000_bzip2__instcount_plainmodel,23000,13495,1.1914,2.13,0.082522,[.00
A2C_25000_bzip2__instcount_plainmodel,23000,13473,1.1931,2.13,0.08501,[.00
A2C_25000_bzip2__instcount_plainmodel,23000,13409,1.1981,2.14,0.077202,[.00
A2C_25000_bzip2__instcount_plainmodel,23000,16460,0.9598,1.74,0.047836,[.00
A2C_25000_bzip2__instcount_plainmodel,23000,13661,1.1784,2.10,0.081876,[.00
A2C_25000_bzip2__instcount_plainmodel,23000,13563,1.1861,2.11,0.082091,[.00
A2C_25000_bzip2__instcount_plainmodel,23000,16281,0.9738,1.76,0.04678,[.00
A2C_25000_bzip2__instcount_plainmodel,23000,13487,1.1920,2.13,0.079465,[.00
A2C_25000_bzip2__instcount_plainmodel,23000,13484,1.1923,2.13,0.077697,[.00
A2C_25000_bzip2__instcount_plainmodel,23000,13706,1.1749,2.09,0.082954,[.00
A2C_25000_bzip2__instcount_plainmodel,23000,13365,1.2016,2.15,0.080942,[.00
A2C_25000_bzip2__instcount_plainmodel,23000,13407,1.1983,2.14,0.082565,[.00
A2C_25000_bzip2__instcount_plainmodel,23000,13422,1.1971,2.14,0.081303,[.00
A2C_25000_bzip2__instcount_plainmodel,23000,16257,0.9757,1.76,0.046878,[.00
A2C_25000_bzip2__instcount_plainmodel,23000,13581,1.1847,2.11,0.0795,[.00
A2C_25000_bzip2__instcount_plainmodel,23000,13739,1.1723,2.09,0.078505,[.00
A2C_25000_bzip2__instcount_plainmodel,23000,13476,1.1929,2.13,0.087091,[.00
A2C_25000_bzip2__instcount_plainmodel,23000,13556,1.1866,2.12,0.080102,[.00
A2C_25000_bzip2__instcount_plainmodel,23000,13528,1.1888,2.12,0.089284,[.00
A2C_25000_bzip2__instcount_plainmodel,23000,13397,1.1991,2.14,0.081658,[.00
A2C_25000_bzip2__instcount_plainmodel,23000,13492,1.1916,2.13,0.079938,[.00
A2C_25000_bzip2__instcount_plainmodel,23000,13422,1.1971,2.14,0.081779,[.00
A2C_25000_bzip2__instcount_plainmodel,23000,13445,1.1953,2.13,0.078587,[.00
A2C_25000_bzip2__instcount_plainmodel,23000,16190,0.9809,1.77,0.046235,[.00
A2C_25000_bzip2__instcount_plainmodel,23000,13549,1.1872,2.12,0.07736,[.00
A2C_25000_bzip2__instcount_plainmodel,23000,13392,1.1995,2.14,0.079603,[.00
A2C_25000_bzip2__instcount_plainmodel,23000,13733,1.1728,2.09,0.083229,[.00
A2C_25000_bzip2__instcount_plainmodel,23000,16278,0.9740,1.76,0.046178,[.00
A2C_25000_bzip2__instcount_plainmodel,24000,13433,1.1962,2.14,0.077366,[.00
A2C_25000_bzip2__instcount_plainmodel,24000,13512,1.1901,2.12,0.089411,[.00
A2C_25000_bzip2__instcount_plainmodel,24000,14371,1.1230,2.00,0.082962,[.00
A2C_25000_bzip2__instcount_plainmodel,24000,13406,1.1984,2.14,0.080791,[.00
A2C_25000_bzip2__instcount_plainmodel,24000,13433,1.1962,2.14,0.080252,[.00
A2C_25000_bzip2__instcount_plainmodel,24000,13405,1.1984,2.14,0.079873,[.00
A2C_25000_bzip2__instcount_plainmodel,24000,13348,1.2029,2.15,0.080924,[.00
A2C_25000_bzip2__instcount_plainmodel,24000,14139,1.1411,2.03,0.082199,[.00
A2C_25000_bzip2__instcount_plainmodel,24000,13508,1.1904,2.12,0.081039,[.00
A2C_25000_bzip2__instcount_plainmodel,24000,14480,1.1145,1.98,0.079789,[.00
A2C_25000_bzip2__instcount_plainmodel,24000,21509,0.5654,1.33,0.048102,[.00
A2C_25000_bzip2__instcount_plainmodel,24000,13670,1.1777,2.10,0.082309,[.00
A2C_25000_bzip2__instcount_plainmodel,24000,13420,1.1973,2.14,0.088142,[.00
A2C_25000_bzip2__instcount_plainmodel,24000,16183,0.9814,1.77,0.045106,[.00
A2C_25000_bzip2__instcount_plainmodel,24000,13940,1.1566,2.06,0.076327,[.00
A2C_25000_bzip2__instcount_plainmodel,24000,13455,1.1945,2.13,0.083166,[.00
A2C_25000_bzip2__instcount_plainmodel,24000,13661,1.1784,2.10,0.093495,[.00
A2C_25000_bzip2__instcount_plainmodel,24000,17024,0.9157,1.68,0.05176,[.00
A2C_25000_bzip2__instcount_plainmodel,24000,13459,1.1942,2.13,0.086203,[.00
A2C_25000_bzip2__instcount_plainmodel,24000,14128,1.1420,2.03,0.08298,[.00
A2C_25000_bzip2__instcount_plainmodel,24000,13412,1.1979,2.14,0.081944,[.00
A2C_25000_bzip2__instcount_plainmodel,24000,14068,1.1466,2.04,0.07977,[.00
A2C_25000_bzip2__instcount_plainmodel,24000,16289,0.9732,1.76,0.046436,[.00
A2C_25000_bzip2__instcount_plainmodel,24000,13379,1.2005,2.14,0.079464,[.00
A2C_25000_bzip2__instcount_plainmodel,24000,13656,1.1788,2.10,0.081652,[.00
A2C_25000_bzip2__instcount_plainmodel,24000,17027,0.9155,1.68,0.044393,[.00
A2C_25000_bzip2__instcount_plainmodel,24000,16477,0.9585,1.74,0.04525,[.00
A2C_25000_bzip2__instcount_plainmodel,24000,13427,1.1967,2.14,0.080823,[.00
A2C_25000_bzip2__instcount_plainmodel,24000,13653,1.1791,2.10,0.079012,[.00
A2C_25000_bzip2__instcount_plainmodel,24000,14570,1.1074,1.97,0.092094,[.00
A2C_25000_bzip2__instcount_plainmodel,24000,13787,1.1686,2.08,0.079124,[.00
A2C_25000_bzip2__instcount_plainmodel,24000,13374,1.2009,2.14,0.080111,[.00
A2C_25000_bzip2__instcount_plainmodel,24000,16270,0.9746,1.76,0.044473,[.00
A2C_25000_bzip2__instcount_plainmodel,24000,13403,1.1986,2.14,0.080492,[.00
A2C_25000_bzip2__instcount_plainmodel,24000,14049,1.1481,2.04,0.083613,[.00
A2C_25000_bzip2__instcount_plainmodel,24000,13807,1.1670,2.08,0.080138,[.00
A2C_25000_bzip2__instcount_plainmodel,24000,20382,0.6534,1.41,0.046579,[.00
A2C_25000_bzip2__instcount_plainmodel,24000,13498,1.1912,2.12,0.078768,[.00
A2C_25000_bzip2__instcount_plainmodel,24000,13822,1.1659,2.07,0.081795,[.00
A2C_25000_bzip2__instcount_plainmodel,24000,13391,1.1995,2.14,0.079807,[.00
A2C_25000_bzip2__instcount_plainmodel,24000,13664,1.1782,2.10,0.08299,[.00
A2C_25000_bzip2__instcount_plainmodel,24000,16374,0.9665,1.75,0.046401,[.00
A2C_25000_bzip2__instcount_plainmodel,24000,21551,0.5621,1.33,0.045517,[.00
A2C_25000_bzip2__instcount_plainmodel,24000,13633,1.1806,2.10,0.078935,[.00
A2C_25000_bzip2__instcount_plainmodel,24000,13404,1.1985,2.14,0.080897,[.00
A2C_25000_bzip2__instcount_plainmodel,24000,14074,1.1462,2.04,0.083719,[.00
A2C_25000_bzip2__instcount_plainmodel,24000,13416,1.1976,2.14,0.082504,[.00
A2C_25000_bzip2__instcount_plainmodel,24000,24611,0.3231,1.16,0.049295,[.00
A2C_25000_bzip2__instcount_plainmodel,24000,13407,1.1983,2.14,0.078108,[.00
A2C_25000_bzip2__instcount_plainmodel,24000,13769,1.1700,2.08,0.082393,[.00
A2C_25000_bzip2__instcount_plainmodel,24000,17198,0.9022,1.67,0.044596,[.00
A2C_25000_bzip2__instcount_plainmodel,24000,13759,1.1708,2.08,0.079164,[.00
A2C_25000_bzip2__instcount_plainmodel,24000,13411,1.1980,2.14,0.077572,[.00
A2C_25000_bzip2__instcount_plainmodel,24000,13381,1.2003,2.14,0.078071,[.00
A2C_25000_bzip2__instcount_plainmodel,24000,13417,1.1975,2.14,0.082372,[.00
A2C_25000_bzip2__instcount_plainmodel,24000,13436,1.1960,2.13,0.078201,[.00
A2C_25000_bzip2__instcount_plainmodel,24000,13385,1.2000,2.14,0.079136,[.00
A2C_25000_bzip2__instcount_plainmodel,24000,17140,0.9067,1.67,0.043877,[.00
A2C_25000_bzip2__instcount_plainmodel,24000,13416,1.1976,2.14,0.081077,[.00
A2C_25000_bzip2__instcount_plainmodel,24000,16300,0.9723,1.76,0.049495,[.00
A2C_25000_bzip2__instcount_plainmodel,24000,13493,1.1916,2.13,0.08707,[.00
A2C_25000_bzip2__instcount_plainmodel,24000,13419,1.1973,2.14,0.08159,[.00
A2C_25000_bzip2__instcount_plainmodel,24000,16281,0.9738,1.76,0.044782,[.00
A2C_25000_bzip2__instcount_plainmodel,24000,13416,1.1976,2.14,0.079503,[.00
A2C_25000_bzip2__instcount_plainmodel,24000,13422,1.1971,2.14,0.079831,[.00
A2C_25000_bzip2__instcount_plainmodel,24000,13464,1.1938,2.13,0.080414,[.00
A2C_25000_bzip2__instcount_plainmodel,24000,16236,0.9773,1.77,0.044769,[.00
A2C_25000_bzip2__instcount_plainmodel,24000,13442,1.1955,2.13,0.081657,[.00
A2C_25000_bzip2__instcount_plainmodel,24000,13388,1.1998,2.14,0.081477,[.00
A2C_25000_bzip2__instcount_plainmodel,24000,16172,0.9823,1.77,0.047941,[.00
A2C_25000_bzip2__instcount_plainmodel,24000,13409,1.1981,2.14,0.08128,[.00
A2C_25000_bzip2__instcount_plainmodel,24000,13667,1.1780,2.10,0.078227,[.00
A2C_25000_bzip2__instcount_plainmodel,24000,15140,1.0629,1.89,0.078117,[.00
A2C_25000_bzip2__instcount_plainmodel,24000,13461,1.1941,2.13,0.082784,[.00
A2C_25000_bzip2__instcount_plainmodel,24000,13369,1.2012,2.15,0.08014,[.00
A2C_25000_bzip2__instcount_plainmodel,24000,13344,1.2032,2.15,0.082219,[.00
A2C_25000_bzip2__instcount_plainmodel,24000,13355,1.2023,2.15,0.083136,[.00
A2C_25000_bzip2__instcount_plainmodel,24000,14043,1.1486,2.04,0.080881,[.00
A2C_25000_bzip2__instcount_plainmodel,24000,13429,1.1966,2.14,0.081733,[.00
A2C_25000_bzip2__instcount_plainmodel,24000,13730,1.1730,2.09,0.083158,[.00
A2C_25000_bzip2__instcount_plainmodel,24000,13668,1.1779,2.10,0.0794,[.00
A2C_25000_bzip2__instcount_plainmodel,24000,13473,1.1931,2.13,0.080451,[.00
A2C_25000_bzip2__instcount_plainmodel,24000,13508,1.1904,2.12,0.086225,[.00
A2C_25000_bzip2__instcount_plainmodel,24000,13424,1.1970,2.14,0.084965,[.00
A2C_25000_bzip2__instcount_plainmodel,24000,13502,1.1909,2.12,0.079297,[.00
A2C_25000_bzip2__instcount_plainmodel,24000,13413,1.1978,2.14,0.079158,[.00
A2C_25000_bzip2__instcount_plainmodel,24000,16275,0.9743,1.76,0.047306,[.00
A2C_25000_bzip2__instcount_plainmodel,24000,19512,0.7214,1.47,0.044919,[.00
A2C_25000_bzip2__instcount_plainmodel,24000,13407,1.1983,2.14,0.081173,[.00
A2C_25000_bzip2__instcount_plainmodel,24000,13408,1.1982,2.14,0.07871,[.00
A2C_25000_bzip2__instcount_plainmodel,24000,13411,1.1980,2.14,0.081218,[.00
A2C_25000_bzip2__instcount_plainmodel,24000,14060,1.1473,2.04,0.080929,[.00
A2C_25000_bzip2__instcount_plainmodel,24000,20387,0.6531,1.41,0.045804,[.00
A2C_25000_bzip2__instcount_plainmodel,24000,16356,0.9679,1.75,0.045077,[.00
A2C_25000_bzip2__instcount_plainmodel,24000,13417,1.1975,2.14,0.079495,[.00
A2C_25000_bzip2__instcount_plainmodel,24000,13744,1.1720,2.09,0.077696,[.00
A2C_25000_bzip2__instcount_plainmodel,24000,13421,1.1972,2.14,0.081806,[.00
A2C_25000_bzip2__instcount_plainmodel,24000,17139,0.9068,1.67,0.044039,[.00
A2C_25000_bzip2__instcount_plainmodel,24000,17170,0.9043,1.67,0.04536,[.00
A2C_25000_bzip2__instcount_plainmodel,24000,13428,1.1966,2.14,0.081025,[.00
A2C_25000_bzip2__instcount_plainmodel,25000,13423,1.1970,2.14,0.078627,[.00
A2C_25000_bzip2__instcount_plainmodel,25000,13413,1.1978,2.14,0.078749,[.00
A2C_25000_bzip2__instcount_plainmodel,25000,13369,1.2012,2.15,0.079779,[.00
A2C_25000_bzip2__instcount_plainmodel,25000,13358,1.2021,2.15,0.101989,[.00
A2C_25000_bzip2__instcount_plainmodel,25000,13358,1.2021,2.15,0.082458,[.00
A2C_25000_bzip2__instcount_plainmodel,25000,13417,1.1975,2.14,0.080585,[.00
A2C_25000_bzip2__instcount_plainmodel,25000,13407,1.1983,2.14,0.077588,[.00
A2C_25000_bzip2__instcount_plainmodel,25000,13516,1.1898,2.12,0.084799,[.00
A2C_25000_bzip2__instcount_plainmodel,25000,13382,1.2002,2.14,0.077575,[.00
A2C_25000_bzip2__instcount_plainmodel,25000,13394,1.1993,2.14,0.082094,[.00
A2C_25000_bzip2__instcount_plainmodel,25000,13398,1.1990,2.14,0.096127,[.00
A2C_25000_bzip2__instcount_plainmodel,25000,13421,1.1972,2.14,0.080876,[.00
A2C_25000_bzip2__instcount_plainmodel,25000,13408,1.1982,2.14,0.079292,[.00
A2C_25000_bzip2__instcount_plainmodel,25000,13524,1.1891,2.12,0.07884,[.00
A2C_25000_bzip2__instcount_plainmodel,25000,13415,1.1977,2.14,0.082954,[.00
A2C_25000_bzip2__instcount_plainmodel,25000,13426,1.1968,2.14,0.081364,[.00
A2C_25000_bzip2__instcount_plainmodel,25000,13422,1.1971,2.14,0.082335,[.00
A2C_25000_bzip2__instcount_plainmodel,25000,13411,1.1980,2.14,0.092243,[.00
A2C_25000_bzip2__instcount_plainmodel,25000,13428,1.1966,2.14,0.078716,[.00
A2C_25000_bzip2__instcount_plainmodel,25000,13443,1.1955,2.13,0.080361,[.00
A2C_25000_bzip2__instcount_plainmodel,25000,13810,1.1668,2.08,0.083293,[.00
A2C_25000_bzip2__instcount_plainmodel,25000,13404,1.1985,2.14,0.078454,[.00
A2C_25000_bzip2__instcount_plainmodel,25000,13404,1.1985,2.14,0.078719,[.00
A2C_25000_bzip2__instcount_plainmodel,25000,13411,1.1980,2.14,0.078634,[.00
A2C_25000_bzip2__instcount_plainmodel,25000,13459,1.1942,2.13,0.078007,[.00
A2C_25000_bzip2__instcount_plainmodel,25000,13521,1.1894,2.12,0.081538,[.00
A2C_25000_bzip2__instcount_plainmodel,25000,13473,1.1931,2.13,0.080047,[.00
A2C_25000_bzip2__instcount_plainmodel,25000,13414,1.1977,2.14,0.078772,[.00
A2C_25000_bzip2__instcount_plainmodel,25000,13453,1.1947,2.13,0.077048,[.00
A2C_25000_bzip2__instcount_plainmodel,25000,13416,1.1976,2.14,0.077246,[.00
A2C_25000_bzip2__instcount_plainmodel,25000,13407,1.1983,2.14,0.078957,[.00
A2C_25000_bzip2__instcount_plainmodel,25000,13513,1.1900,2.12,0.077855,[.00
A2C_25000_bzip2__instcount_plainmodel,25000,13428,1.1966,2.14,0.077981,[.00
A2C_25000_bzip2__instcount_plainmodel,25000,13397,1.1991,2.14,0.084504,[.00
A2C_25000_bzip2__instcount_plainmodel,25000,13392,1.1995,2.14,0.084692,[.00
A2C_25000_bzip2__instcount_plainmodel,25000,13363,1.2017,2.15,0.084264,[.00
A2C_25000_bzip2__instcount_plainmodel,25000,13426,1.1968,2.14,0.084256,[.00
A2C_25000_bzip2__instcount_plainmodel,25000,13381,1.2003,2.14,0.083746,[.00
A2C_25000_bzip2__instcount_plainmodel,25000,13421,1.1972,2.14,0.087165,[.00
A2C_25000_bzip2__instcount_plainmodel,25000,13404,1.1985,2.14,0.079393,[.00
A2C_25000_bzip2__instcount_plainmodel,25000,13399,1.1989,2.14,0.078196,[.00
A2C_25000_bzip2__instcount_plainmodel,25000,13699,1.1755,2.09,0.081149,[.00
A2C_25000_bzip2__instcount_plainmodel,25000,13386,1.1999,2.14,0.083942,[.00
A2C_25000_bzip2__instcount_plainmodel,25000,13420,1.1973,2.14,0.078517,[.00
A2C_25000_bzip2__instcount_plainmodel,25000,29727,-0.0764,0.96,0.086892,[.00
A2C_25000_bzip2__instcount_plainmodel,25000,13467,1.1936,2.13,0.077718,[.00
A2C_25000_bzip2__instcount_plainmodel,25000,13366,1.2015,2.15,0.083094,[.00
A2C_25000_bzip2__instcount_plainmodel,25000,13421,1.1972,2.14,0.078243,[.00
A2C_25000_bzip2__instcount_plainmodel,25000,13334,1.2040,2.15,0.078822,[.00
A2C_25000_bzip2__instcount_plainmodel,25000,13487,1.1920,2.13,0.078745,[.00
A2C_25000_bzip2__instcount_plainmodel,25000,13501,1.1909,2.12,0.079625,[.00
A2C_25000_bzip2__instcount_plainmodel,25000,13801,1.1675,2.08,0.081751,[.00
A2C_25000_bzip2__instcount_plainmodel,25000,13725,1.1734,2.09,0.083651,[.00
A2C_25000_bzip2__instcount_plainmodel,25000,16842,0.9300,1.70,0.08182,[.00
A2C_25000_bzip2__instcount_plainmodel,25000,13488,1.1920,2.13,0.087618,[.00
A2C_25000_bzip2__instcount_plainmodel,25000,14298,1.1287,2.01,0.081325,[.00
A2C_25000_bzip2__instcount_plainmodel,25000,13416,1.1976,2.14,0.082623,[.00
A2C_25000_bzip2__instcount_plainmodel,25000,13405,1.1984,2.14,0.078945,[.00
A2C_25000_bzip2__instcount_plainmodel,25000,13400,1.1988,2.14,0.078555,[.00
A2C_25000_bzip2__instcount_plainmodel,25000,13430,1.1965,2.14,0.079239,[.00
A2C_25000_bzip2__instcount_plainmodel,25000,13408,1.1982,2.14,0.080196,[.00
A2C_25000_bzip2__instcount_plainmodel,25000,13374,1.2009,2.14,0.077879,[.00
A2C_25000_bzip2__instcount_plainmodel,25000,13352,1.2026,2.15,0.079991,[.00
A2C_25000_bzip2__instcount_plainmodel,25000,13345,1.2031,2.15,0.082067,[.00
A2C_25000_bzip2__instcount_plainmodel,25000,13370,1.2012,2.15,0.079703,[.00
A2C_25000_bzip2__instcount_plainmodel,25000,13405,1.1984,2.14,0.078334,[.00
A2C_25000_bzip2__instcount_plainmodel,25000,13407,1.1983,2.14,0.079193,[.00
A2C_25000_bzip2__instcount_plainmodel,25000,13412,1.1979,2.14,0.08212,[.00
A2C_25000_bzip2__instcount_plainmodel,25000,13414,1.1977,2.14,0.078734,[.00
A2C_25000_bzip2__instcount_plainmodel,25000,13400,1.1988,2.14,0.086656,[.00
A2C_25000_bzip2__instcount_plainmodel,25000,13490,1.1918,2.13,0.082054,[.00
A2C_25000_bzip2__instcount_plainmodel,25000,13441,1.1956,2.13,0.078085,[.00
A2C_25000_bzip2__instcount_plainmodel,25000,13371,1.2011,2.15,0.078648,[.00
A2C_25000_bzip2__instcount_plainmodel,25000,13433,1.1962,2.14,0.080622,[.00
A2C_25000_bzip2__instcount_plainmodel,25000,13428,1.1966,2.14,0.077801,[.00
A2C_25000_bzip2__instcount_plainmodel,25000,13371,1.2011,2.15,0.081599,[.00
A2C_25000_bzip2__instcount_plainmodel,25000,13367,1.2014,2.15,0.079648,[.00
A2C_25000_bzip2__instcount_plainmodel,25000,13388,1.1998,2.14,0.079069,[.00
A2C_25000_bzip2__instcount_plainmodel,25000,13518,1.1896,2.12,0.090176,[.00
A2C_25000_bzip2__instcount_plainmodel,25000,13412,1.1979,2.14,0.077127,[.00
A2C_25000_bzip2__instcount_plainmodel,25000,13420,1.1973,2.14,0.079468,[.00
A2C_25000_bzip2__instcount_plainmodel,25000,13379,1.2005,2.14,0.079038,[.00
A2C_25000_bzip2__instcount_plainmodel,25000,13361,1.2019,2.15,0.080414,[.00
A2C_25000_bzip2__instcount_plainmodel,25000,13423,1.1970,2.14,0.082816,[.00
A2C_25000_bzip2__instcount_plainmodel,25000,13364,1.2016,2.15,0.079529,[.00
A2C_25000_bzip2__instcount_plainmodel,25000,13415,1.1977,2.14,0.076824,[.00
A2C_25000_bzip2__instcount_plainmodel,25000,13455,1.1945,2.13,0.085328,[.00
A2C_25000_bzip2__instcount_plainmodel,25000,13387,1.1998,2.14,0.084377,[.00
A2C_25000_bzip2__instcount_plainmodel,25000,13430,1.1965,2.14,0.079955,[.00
A2C_25000_bzip2__instcount_plainmodel,25000,13408,1.1982,2.14,0.081491,[.00
A2C_25000_bzip2__instcount_plainmodel,25000,13432,1.1963,2.14,0.081087,[.00
A2C_25000_bzip2__instcount_plainmodel,25000,13386,1.1999,2.14,0.08302,[.00
A2C_25000_bzip2__instcount_plainmodel,25000,13412,1.1979,2.14,0.082589,[.00
A2C_25000_bzip2__instcount_plainmodel,25000,16271,0.9746,1.76,0.04419,[.00
A2C_25000_bzip2__instcount_plainmodel,25000,13426,1.1968,2.14,0.087148,[.00
A2C_25000_bzip2__instcount_plainmodel,25000,13408,1.1982,2.14,0.082568,[.00
A2C_25000_bzip2__instcount_plainmodel,25000,13382,1.2002,2.14,0.084763,[.00
A2C_25000_bzip2__instcount_plainmodel,25000,13406,1.1984,2.14,0.078955,[.00
A2C_25000_bzip2__instcount_plainmodel,25000,13411,1.1980,2.14,0.080456,[.00
A2C_25000_bzip2__instcount_plainmodel,25000,13410,1.1980,2.14,0.080133,[.00
