PPO_25000_bzip2__instcount_512,1000,18162,0.8269,1.58,0.083835,[.00
PPO_25000_bzip2__instcount_512,1000,16839,0.9302,1.70,0.086408,[.00
PPO_25000_bzip2__instcount_512,1000,15746,1.0156,1.82,0.072367,[.00
PPO_25000_bzip2__instcount_512,1000,19842,0.6956,1.44,0.069457,[.00
PPO_25000_bzip2__instcount_512,1000,17639,0.8677,1.62,0.074827,[.00
PPO_25000_bzip2__instcount_512,1000,15846,1.0078,1.81,0.081136,[.00
PPO_25000_bzip2__instcount_512,1000,15584,1.0282,1.84,0.071648,[.00
PPO_25000_bzip2__instcount_512,1000,16899,0.9255,1.70,0.081724,[.00
PPO_25000_bzip2__instcount_512,1000,19496,0.7226,1.47,0.089818,[.00
PPO_25000_bzip2__instcount_512,1000,20249,0.6638,1.41,0.081299,[.00
PPO_25000_bzip2__instcount_512,1000,16532,0.9542,1.73,0.08709,[.00
PPO_25000_bzip2__instcount_512,1000,16028,0.9935,1.79,0.072028,[.00
PPO_25000_bzip2__instcount_512,1000,38242,-0.7416,0.75,0.089592,[.00
PPO_25000_bzip2__instcount_512,1000,14983,1.0752,1.91,0.071055,[.00
PPO_25000_bzip2__instcount_512,1000,19719,0.7052,1.45,0.072214,[.00
PPO_25000_bzip2__instcount_512,1000,15251,1.0542,1.88,0.097031,[.00
PPO_25000_bzip2__instcount_512,1000,21706,0.5500,1.32,0.082258,[.00
PPO_25000_bzip2__instcount_512,1000,38144,-0.7339,0.75,0.08664,[.00
PPO_25000_bzip2__instcount_512,1000,22592,0.4808,1.27,0.078494,[.00
PPO_25000_bzip2__instcount_512,1000,16768,0.9357,1.71,0.070547,[.00
PPO_25000_bzip2__instcount_512,1000,38452,-0.7580,0.74,0.083006,[.00
PPO_25000_bzip2__instcount_512,1000,39466,-0.8372,0.72,0.087361,[.00
PPO_25000_bzip2__instcount_512,1000,16512,0.9557,1.74,0.069346,[.00
PPO_25000_bzip2__instcount_512,1000,19004,0.7611,1.51,0.090406,[.00
PPO_25000_bzip2__instcount_512,1000,26793,0.1527,1.07,0.067545,[.00
PPO_25000_bzip2__instcount_512,1000,16581,0.9503,1.73,0.067828,[.00
PPO_25000_bzip2__instcount_512,1000,19749,0.7029,1.45,0.071327,[.00
PPO_25000_bzip2__instcount_512,1000,17729,0.8607,1.62,0.083644,[.00
PPO_25000_bzip2__instcount_512,1000,15855,1.0071,1.81,0.087834,[.00
PPO_25000_bzip2__instcount_512,1000,19485,0.7235,1.47,0.07368,[.00
PPO_25000_bzip2__instcount_512,1000,17175,0.9039,1.67,0.094801,[.00
PPO_25000_bzip2__instcount_512,1000,17052,0.9136,1.68,0.069757,[.00
PPO_25000_bzip2__instcount_512,1000,15318,1.0490,1.87,0.082925,[.00
PPO_25000_bzip2__instcount_512,1000,20969,0.6076,1.37,0.083042,[.00
PPO_25000_bzip2__instcount_512,1000,17052,0.9136,1.68,0.072255,[.00
PPO_25000_bzip2__instcount_512,1000,18695,0.7852,1.53,0.08074,[.00
PPO_25000_bzip2__instcount_512,1000,15599,1.0271,1.84,0.073125,[.00
PPO_25000_bzip2__instcount_512,1000,16627,0.9468,1.72,0.071869,[.00
PPO_25000_bzip2__instcount_512,1000,19173,0.7479,1.49,0.071656,[.00
PPO_25000_bzip2__instcount_512,1000,17632,0.8683,1.63,0.085431,[.00
PPO_25000_bzip2__instcount_512,1000,36707,-0.6216,0.78,0.082165,[.00
PPO_25000_bzip2__instcount_512,1000,15863,1.0064,1.81,0.072917,[.00
PPO_25000_bzip2__instcount_512,1000,16733,0.9385,1.71,0.069087,[.00
PPO_25000_bzip2__instcount_512,1000,18298,0.8162,1.57,0.072918,[.00
PPO_25000_bzip2__instcount_512,1000,28838,-0.0070,0.99,0.084651,[.00
PPO_25000_bzip2__instcount_512,1000,17867,0.8499,1.60,0.079087,[.00
PPO_25000_bzip2__instcount_512,1000,15001,1.0738,1.91,0.085508,[.00
PPO_25000_bzip2__instcount_512,1000,16749,0.9372,1.71,0.07273,[.00
PPO_25000_bzip2__instcount_512,1000,16216,0.9789,1.77,0.075809,[.00
PPO_25000_bzip2__instcount_512,1000,16194,0.9806,1.77,0.069546,[.00
PPO_25000_bzip2__instcount_512,1000,19974,0.6853,1.43,0.083633,[.00
PPO_25000_bzip2__instcount_512,1000,14226,1.1343,2.02,0.082921,[.00
PPO_25000_bzip2__instcount_512,1000,42194,-1.0503,0.68,0.099984,[.00
PPO_25000_bzip2__instcount_512,1000,17648,0.8670,1.62,0.087032,[.00
PPO_25000_bzip2__instcount_512,1000,16597,0.9491,1.73,0.079938,[.00
PPO_25000_bzip2__instcount_512,1000,15580,1.0285,1.84,0.079581,[.00
PPO_25000_bzip2__instcount_512,1000,18836,0.7742,1.52,0.080379,[.00
PPO_25000_bzip2__instcount_512,1000,19543,0.7190,1.47,0.080884,[.00
PPO_25000_bzip2__instcount_512,1000,15069,1.0685,1.90,0.081434,[.00
PPO_25000_bzip2__instcount_512,1000,15773,1.0135,1.82,0.069063,[.00
PPO_25000_bzip2__instcount_512,1000,21261,0.5848,1.35,0.08923,[.00
PPO_25000_bzip2__instcount_512,1000,23324,0.4236,1.23,0.069925,[.00
PPO_25000_bzip2__instcount_512,1000,18969,0.7638,1.51,0.084999,[.00
PPO_25000_bzip2__instcount_512,1000,17570,0.8731,1.63,0.082778,[.00
PPO_25000_bzip2__instcount_512,1000,15908,1.0029,1.80,0.069318,[.00
PPO_25000_bzip2__instcount_512,1000,20593,0.6370,1.39,0.089197,[.00
PPO_25000_bzip2__instcount_512,1000,28404,0.0268,1.01,0.085972,[.00
PPO_25000_bzip2__instcount_512,1000,14238,1.1334,2.01,0.085962,[.00
PPO_25000_bzip2__instcount_512,1000,15106,1.0656,1.90,0.085819,[.00
PPO_25000_bzip2__instcount_512,1000,14938,1.0787,1.92,0.082826,[.00
PPO_25000_bzip2__instcount_512,1000,15171,1.0605,1.89,0.086669,[.00
PPO_25000_bzip2__instcount_512,1000,14542,1.1096,1.97,0.078891,[.00
PPO_25000_bzip2__instcount_512,1000,20427,0.6499,1.40,0.070102,[.00
PPO_25000_bzip2__instcount_512,1000,14076,1.1460,2.04,0.082375,[.00
PPO_25000_bzip2__instcount_512,1000,18895,0.7696,1.52,0.067215,[.00
PPO_25000_bzip2__instcount_512,1000,15692,1.0198,1.83,0.073813,[.00
PPO_25000_bzip2__instcount_512,1000,22511,0.4871,1.27,0.073217,[.00
PPO_25000_bzip2__instcount_512,1000,38900,-0.7930,0.73,0.092136,[.00
PPO_25000_bzip2__instcount_512,1000,19450,0.7262,1.47,0.075194,[.00
PPO_25000_bzip2__instcount_512,1000,18786,0.7781,1.53,0.070066,[.00
PPO_25000_bzip2__instcount_512,1000,25013,0.2917,1.14,0.072496,[.00
PPO_25000_bzip2__instcount_512,1000,16510,0.9559,1.74,0.066975,[.00
PPO_25000_bzip2__instcount_512,1000,35849,-0.5546,0.80,0.083286,[.00
PPO_25000_bzip2__instcount_512,1000,20436,0.6492,1.40,0.071301,[.00
PPO_25000_bzip2__instcount_512,1000,16527,0.9546,1.73,0.081833,[.00
PPO_25000_bzip2__instcount_512,1000,16463,0.9596,1.74,0.082077,[.00
PPO_25000_bzip2__instcount_512,1000,15085,1.0672,1.90,0.083529,[.00
PPO_25000_bzip2__instcount_512,1000,16475,0.9586,1.74,0.067338,[.00
PPO_25000_bzip2__instcount_512,1000,15820,1.0098,1.81,0.080449,[.00
PPO_25000_bzip2__instcount_512,1000,15899,1.0036,1.80,0.074034,[.00
PPO_25000_bzip2__instcount_512,1000,14974,1.0759,1.91,0.081587,[.00
PPO_25000_bzip2__instcount_512,1000,15470,1.0371,1.85,0.06898,[.00
PPO_25000_bzip2__instcount_512,1000,18873,0.7713,1.52,0.083366,[.00
PPO_25000_bzip2__instcount_512,1000,16280,0.9739,1.76,0.067983,[.00
PPO_25000_bzip2__instcount_512,1000,17567,0.8733,1.63,0.070438,[.00
PPO_25000_bzip2__instcount_512,1000,17972,0.8417,1.59,0.077909,[.00
PPO_25000_bzip2__instcount_512,1000,15218,1.0568,1.88,0.077431,[.00
PPO_25000_bzip2__instcount_512,1000,16165,0.9828,1.77,0.074893,[.00
PPO_25000_bzip2__instcount_512,1000,16554,0.9525,1.73,0.071933,[.00
PPO_25000_bzip2__instcount_512,1000,15884,1.0048,1.80,0.07413,[.00
PPO_25000_bzip2__instcount_512,2000,15342,1.0471,1.87,0.08355,[.00
PPO_25000_bzip2__instcount_512,2000,21381,0.5754,1.34,0.066111,[.00
PPO_25000_bzip2__instcount_512,2000,16738,0.9381,1.71,0.071114,[.00
PPO_25000_bzip2__instcount_512,2000,17033,0.9150,1.68,0.070393,[.00
PPO_25000_bzip2__instcount_512,2000,20181,0.6691,1.42,0.088959,[.00
PPO_25000_bzip2__instcount_512,2000,17421,0.8847,1.65,0.069388,[.00
PPO_25000_bzip2__instcount_512,2000,14345,1.1250,2.00,0.085875,[.00
PPO_25000_bzip2__instcount_512,2000,19653,0.7104,1.46,0.071976,[.00
PPO_25000_bzip2__instcount_512,2000,15903,1.0033,1.80,0.083705,[.00
PPO_25000_bzip2__instcount_512,2000,15177,1.0600,1.89,0.081992,[.00
PPO_25000_bzip2__instcount_512,2000,16944,0.9220,1.69,0.082556,[.00
PPO_25000_bzip2__instcount_512,2000,15997,0.9960,1.79,0.067578,[.00
PPO_25000_bzip2__instcount_512,2000,15639,1.0239,1.83,0.079899,[.00
PPO_25000_bzip2__instcount_512,2000,14164,1.1391,2.02,0.086376,[.00
PPO_25000_bzip2__instcount_512,2000,16985,0.9188,1.69,0.071947,[.00
PPO_25000_bzip2__instcount_512,2000,14743,1.0939,1.94,0.079864,[.00
PPO_25000_bzip2__instcount_512,2000,15655,1.0227,1.83,0.073085,[.00
PPO_25000_bzip2__instcount_512,2000,18887,0.7702,1.52,0.068178,[.00
PPO_25000_bzip2__instcount_512,2000,16574,0.9509,1.73,0.071308,[.00
PPO_25000_bzip2__instcount_512,2000,14853,1.0853,1.93,0.078052,[.00
PPO_25000_bzip2__instcount_512,2000,15874,1.0056,1.81,0.072395,[.00
PPO_25000_bzip2__instcount_512,2000,15033,1.0713,1.91,0.06918,[.00
PPO_25000_bzip2__instcount_512,2000,15963,0.9986,1.80,0.081408,[.00
PPO_25000_bzip2__instcount_512,2000,22684,0.4736,1.26,0.080747,[.00
PPO_25000_bzip2__instcount_512,2000,15318,1.0490,1.87,0.088749,[.00
PPO_25000_bzip2__instcount_512,2000,15232,1.0557,1.88,0.076241,[.00
PPO_25000_bzip2__instcount_512,2000,21296,0.5820,1.34,0.079267,[.00
PPO_25000_bzip2__instcount_512,2000,16216,0.9789,1.77,0.071127,[.00
PPO_25000_bzip2__instcount_512,2000,15386,1.0437,1.86,0.070882,[.00
PPO_25000_bzip2__instcount_512,2000,15672,1.0214,1.83,0.087153,[.00
PPO_25000_bzip2__instcount_512,2000,14848,1.0857,1.93,0.082642,[.00
PPO_25000_bzip2__instcount_512,2000,16740,0.9379,1.71,0.085678,[.00
PPO_25000_bzip2__instcount_512,2000,15996,0.9960,1.79,0.069127,[.00
PPO_25000_bzip2__instcount_512,2000,15932,1.0010,1.80,0.071204,[.00
PPO_25000_bzip2__instcount_512,2000,20518,0.6428,1.40,0.070413,[.00
PPO_25000_bzip2__instcount_512,2000,16532,0.9542,1.73,0.080896,[.00
PPO_25000_bzip2__instcount_512,2000,15720,1.0176,1.82,0.0707,[.00
PPO_25000_bzip2__instcount_512,2000,24301,0.3473,1.18,0.069353,[.00
PPO_25000_bzip2__instcount_512,2000,15627,1.0249,1.83,0.068784,[.00
PPO_25000_bzip2__instcount_512,2000,16802,0.9331,1.71,0.080219,[.00
PPO_25000_bzip2__instcount_512,2000,16753,0.9369,1.71,0.075357,[.00
PPO_25000_bzip2__instcount_512,2000,14207,1.1358,2.02,0.084707,[.00
PPO_25000_bzip2__instcount_512,2000,18139,0.8286,1.58,0.071555,[.00
PPO_25000_bzip2__instcount_512,2000,21773,0.5448,1.32,0.06956,[.00
PPO_25000_bzip2__instcount_512,2000,20168,0.6702,1.42,0.074118,[.00
PPO_25000_bzip2__instcount_512,2000,15349,1.0466,1.87,0.07033,[.00
PPO_25000_bzip2__instcount_512,2000,15059,1.0692,1.90,0.066812,[.00
PPO_25000_bzip2__instcount_512,2000,15792,1.0120,1.82,0.070053,[.00
PPO_25000_bzip2__instcount_512,2000,15794,1.0118,1.82,0.084427,[.00
PPO_25000_bzip2__instcount_512,2000,16915,0.9243,1.69,0.083107,[.00
PPO_25000_bzip2__instcount_512,2000,16423,0.9627,1.75,0.071838,[.00
PPO_25000_bzip2__instcount_512,2000,16773,0.9354,1.71,0.071703,[.00
PPO_25000_bzip2__instcount_512,2000,18833,0.7744,1.52,0.072168,[.00
PPO_25000_bzip2__instcount_512,2000,20618,0.6350,1.39,0.078823,[.00
PPO_25000_bzip2__instcount_512,2000,14472,1.1151,1.98,0.08788,[.00
PPO_25000_bzip2__instcount_512,2000,15556,1.0304,1.84,0.071724,[.00
PPO_25000_bzip2__instcount_512,2000,19588,0.7155,1.46,0.071943,[.00
PPO_25000_bzip2__instcount_512,2000,19394,0.7306,1.48,0.069634,[.00
PPO_25000_bzip2__instcount_512,2000,20506,0.6438,1.40,0.072545,[.00
PPO_25000_bzip2__instcount_512,2000,16023,0.9939,1.79,0.070764,[.00
PPO_25000_bzip2__instcount_512,2000,15142,1.0628,1.89,0.078312,[.00
PPO_25000_bzip2__instcount_512,2000,20780,0.6224,1.38,0.082409,[.00
PPO_25000_bzip2__instcount_512,2000,15011,1.0730,1.91,0.069468,[.00
PPO_25000_bzip2__instcount_512,2000,15333,1.0478,1.87,0.071157,[.00
PPO_25000_bzip2__instcount_512,2000,15368,1.0451,1.87,0.094106,[.00
PPO_25000_bzip2__instcount_512,2000,16054,0.9915,1.79,0.080802,[.00
PPO_25000_bzip2__instcount_512,2000,19728,0.7045,1.45,0.078064,[.00
PPO_25000_bzip2__instcount_512,2000,16379,0.9661,1.75,0.081779,[.00
PPO_25000_bzip2__instcount_512,2000,17550,0.8747,1.63,0.069898,[.00
PPO_25000_bzip2__instcount_512,2000,15346,1.0468,1.87,0.071961,[.00
PPO_25000_bzip2__instcount_512,2000,15179,1.0599,1.89,0.070459,[.00
PPO_25000_bzip2__instcount_512,2000,14648,1.1013,1.96,0.080037,[.00
PPO_25000_bzip2__instcount_512,2000,15670,1.0215,1.83,0.073957,[.00
PPO_25000_bzip2__instcount_512,2000,15059,1.0692,1.90,0.082472,[.00
PPO_25000_bzip2__instcount_512,2000,16664,0.9439,1.72,0.084768,[.00
PPO_25000_bzip2__instcount_512,2000,16057,0.9913,1.79,0.069916,[.00
PPO_25000_bzip2__instcount_512,2000,17274,0.8962,1.66,0.085931,[.00
PPO_25000_bzip2__instcount_512,2000,15311,1.0496,1.87,0.07916,[.00
PPO_25000_bzip2__instcount_512,2000,15301,1.0503,1.87,0.085576,[.00
PPO_25000_bzip2__instcount_512,2000,14588,1.1060,1.97,0.0668,[.00
PPO_25000_bzip2__instcount_512,2000,18237,0.8210,1.57,0.07192,[.00
PPO_25000_bzip2__instcount_512,2000,14882,1.0831,1.93,0.083421,[.00
PPO_25000_bzip2__instcount_512,2000,16454,0.9603,1.74,0.069121,[.00
PPO_25000_bzip2__instcount_512,2000,15099,1.0661,1.90,0.085952,[.00
PPO_25000_bzip2__instcount_512,2000,15687,1.0202,1.83,0.067957,[.00
PPO_25000_bzip2__instcount_512,2000,17156,0.9054,1.67,0.070347,[.00
PPO_25000_bzip2__instcount_512,2000,17852,0.8511,1.61,0.084881,[.00
PPO_25000_bzip2__instcount_512,2000,15123,1.0642,1.90,0.071746,[.00
PPO_25000_bzip2__instcount_512,2000,15023,1.0720,1.91,0.071246,[.00
PPO_25000_bzip2__instcount_512,2000,17392,0.8870,1.65,0.077156,[.00
PPO_25000_bzip2__instcount_512,2000,16315,0.9711,1.76,0.071602,[.00
PPO_25000_bzip2__instcount_512,2000,18999,0.7615,1.51,0.069618,[.00
PPO_25000_bzip2__instcount_512,2000,18087,0.8327,1.58,0.08487,[.00
PPO_25000_bzip2__instcount_512,2000,19646,0.7109,1.46,0.070204,[.00
PPO_25000_bzip2__instcount_512,2000,16349,0.9685,1.75,0.06575,[.00
PPO_25000_bzip2__instcount_512,2000,16238,0.9771,1.77,0.072515,[.00
PPO_25000_bzip2__instcount_512,2000,16204,0.9798,1.77,0.067636,[.00
PPO_25000_bzip2__instcount_512,2000,15488,1.0357,1.85,0.070439,[.00
PPO_25000_bzip2__instcount_512,2000,17758,0.8584,1.61,0.092594,[.00
PPO_25000_bzip2__instcount_512,2000,18276,0.8179,1.57,0.08642,[.00
PPO_25000_bzip2__instcount_512,3000,15654,1.0228,1.83,0.081716,[.00
PPO_25000_bzip2__instcount_512,3000,15217,1.0569,1.88,0.082193,[.00
PPO_25000_bzip2__instcount_512,3000,15953,0.9994,1.80,0.081018,[.00
PPO_25000_bzip2__instcount_512,3000,14855,1.0852,1.93,0.085121,[.00
PPO_25000_bzip2__instcount_512,3000,15614,1.0259,1.84,0.088033,[.00
PPO_25000_bzip2__instcount_512,3000,15309,1.0497,1.87,0.070398,[.00
PPO_25000_bzip2__instcount_512,3000,16980,0.9192,1.69,0.083655,[.00
PPO_25000_bzip2__instcount_512,3000,15156,1.0617,1.89,0.083123,[.00
PPO_25000_bzip2__instcount_512,3000,16505,0.9563,1.74,0.081851,[.00
PPO_25000_bzip2__instcount_512,3000,14180,1.1379,2.02,0.078366,[.00
PPO_25000_bzip2__instcount_512,3000,16177,0.9819,1.77,0.082638,[.00
PPO_25000_bzip2__instcount_512,3000,16514,0.9556,1.74,0.082744,[.00
PPO_25000_bzip2__instcount_512,3000,16762,0.9362,1.71,0.080235,[.00
PPO_25000_bzip2__instcount_512,3000,16586,0.9500,1.73,0.071128,[.00
PPO_25000_bzip2__instcount_512,3000,16379,0.9661,1.75,0.075511,[.00
PPO_25000_bzip2__instcount_512,3000,15749,1.0153,1.82,0.085472,[.00
PPO_25000_bzip2__instcount_512,3000,16162,0.9831,1.77,0.071052,[.00
PPO_25000_bzip2__instcount_512,3000,15186,1.0593,1.89,0.079551,[.00
PPO_25000_bzip2__instcount_512,3000,14579,1.1067,1.97,0.079417,[.00
PPO_25000_bzip2__instcount_512,3000,15509,1.0341,1.85,0.085383,[.00
PPO_25000_bzip2__instcount_512,3000,15958,0.9990,1.80,0.070741,[.00
PPO_25000_bzip2__instcount_512,3000,15883,1.0049,1.80,0.072159,[.00
PPO_25000_bzip2__instcount_512,3000,15035,1.0711,1.91,0.08076,[.00
PPO_25000_bzip2__instcount_512,3000,15556,1.0304,1.84,0.074512,[.00
PPO_25000_bzip2__instcount_512,3000,15802,1.0112,1.81,0.073818,[.00
PPO_25000_bzip2__instcount_512,3000,18470,0.8028,1.55,0.07187,[.00
PPO_25000_bzip2__instcount_512,3000,16017,0.9944,1.79,0.079401,[.00
PPO_25000_bzip2__instcount_512,3000,14181,1.1378,2.02,0.082895,[.00
PPO_25000_bzip2__instcount_512,3000,18681,0.7863,1.53,0.068272,[.00
PPO_25000_bzip2__instcount_512,3000,15748,1.0154,1.82,0.084164,[.00
PPO_25000_bzip2__instcount_512,3000,20322,0.6581,1.41,0.075901,[.00
PPO_25000_bzip2__instcount_512,3000,18454,0.8040,1.55,0.081085,[.00
PPO_25000_bzip2__instcount_512,3000,16589,0.9497,1.73,0.070893,[.00
PPO_25000_bzip2__instcount_512,3000,17973,0.8416,1.59,0.070607,[.00
PPO_25000_bzip2__instcount_512,3000,22247,0.5078,1.29,0.071037,[.00
PPO_25000_bzip2__instcount_512,3000,19295,0.7384,1.48,0.088121,[.00
PPO_25000_bzip2__instcount_512,3000,15139,1.0630,1.89,0.075111,[.00
PPO_25000_bzip2__instcount_512,3000,16485,0.9578,1.74,0.07032,[.00
PPO_25000_bzip2__instcount_512,3000,20001,0.6832,1.43,0.071231,[.00
PPO_25000_bzip2__instcount_512,3000,14616,1.1038,1.96,0.085538,[.00
PPO_25000_bzip2__instcount_512,3000,14946,1.0781,1.92,0.082942,[.00
PPO_25000_bzip2__instcount_512,3000,15569,1.0294,1.84,0.068225,[.00
PPO_25000_bzip2__instcount_512,3000,15072,1.0682,1.90,0.080971,[.00
PPO_25000_bzip2__instcount_512,3000,17211,0.9011,1.67,0.073582,[.00
PPO_25000_bzip2__instcount_512,3000,14682,1.0987,1.95,0.086369,[.00
PPO_25000_bzip2__instcount_512,3000,14776,1.0913,1.94,0.081825,[.00
PPO_25000_bzip2__instcount_512,3000,15730,1.0168,1.82,0.083607,[.00
PPO_25000_bzip2__instcount_512,3000,15930,1.0012,1.80,0.073606,[.00
PPO_25000_bzip2__instcount_512,3000,16091,0.9886,1.78,0.071044,[.00
PPO_25000_bzip2__instcount_512,3000,15910,1.0028,1.80,0.071907,[.00
PPO_25000_bzip2__instcount_512,3000,15928,1.0014,1.80,0.075122,[.00
PPO_25000_bzip2__instcount_512,3000,15152,1.0620,1.89,0.087449,[.00
PPO_25000_bzip2__instcount_512,3000,14475,1.1149,1.98,0.082244,[.00
PPO_25000_bzip2__instcount_512,3000,19044,0.7580,1.50,0.074395,[.00
PPO_25000_bzip2__instcount_512,3000,15084,1.0673,1.90,0.083343,[.00
PPO_25000_bzip2__instcount_512,3000,19436,0.7273,1.47,0.082165,[.00
PPO_25000_bzip2__instcount_512,3000,19369,0.7326,1.48,0.069099,[.00
PPO_25000_bzip2__instcount_512,3000,13695,1.1758,2.09,0.08695,[.00
PPO_25000_bzip2__instcount_512,3000,14494,1.1134,1.98,0.083738,[.00
PPO_25000_bzip2__instcount_512,3000,19111,0.7527,1.50,0.081311,[.00
PPO_25000_bzip2__instcount_512,3000,15026,1.0718,1.91,0.084274,[.00
PPO_25000_bzip2__instcount_512,3000,15400,1.0426,1.86,0.073624,[.00
PPO_25000_bzip2__instcount_512,3000,14322,1.1268,2.00,0.085491,[.00
PPO_25000_bzip2__instcount_512,3000,16318,0.9709,1.76,0.082056,[.00
PPO_25000_bzip2__instcount_512,3000,17794,0.8556,1.61,0.093963,[.00
PPO_25000_bzip2__instcount_512,3000,21039,0.6021,1.36,0.071062,[.00
PPO_25000_bzip2__instcount_512,3000,15825,1.0094,1.81,0.083864,[.00
PPO_25000_bzip2__instcount_512,3000,17222,0.9003,1.66,0.089301,[.00
PPO_25000_bzip2__instcount_512,3000,15509,1.0341,1.85,0.077903,[.00
PPO_25000_bzip2__instcount_512,3000,15481,1.0363,1.85,0.070433,[.00
PPO_25000_bzip2__instcount_512,3000,16089,0.9888,1.78,0.073054,[.00
PPO_25000_bzip2__instcount_512,3000,18944,0.7658,1.51,0.080793,[.00
PPO_25000_bzip2__instcount_512,3000,14595,1.1055,1.96,0.082836,[.00
PPO_25000_bzip2__instcount_512,3000,15203,1.0580,1.89,0.084123,[.00
PPO_25000_bzip2__instcount_512,3000,15699,1.0192,1.83,0.068022,[.00
PPO_25000_bzip2__instcount_512,3000,15981,0.9972,1.79,0.079411,[.00
PPO_25000_bzip2__instcount_512,3000,14991,1.0745,1.91,0.073571,[.00
PPO_25000_bzip2__instcount_512,3000,15190,1.0590,1.89,0.084352,[.00
PPO_25000_bzip2__instcount_512,3000,18332,0.8136,1.56,0.086782,[.00
PPO_25000_bzip2__instcount_512,3000,13520,1.1895,2.12,0.093444,[.00
PPO_25000_bzip2__instcount_512,3000,17419,0.8849,1.65,0.081083,[.00
PPO_25000_bzip2__instcount_512,3000,15004,1.0735,1.91,0.081852,[.00
PPO_25000_bzip2__instcount_512,3000,18928,0.7670,1.51,0.070196,[.00
PPO_25000_bzip2__instcount_512,3000,15394,1.0431,1.86,0.084917,[.00
PPO_25000_bzip2__instcount_512,3000,14205,1.1359,2.02,0.082692,[.00
PPO_25000_bzip2__instcount_512,3000,19931,0.6887,1.44,0.07244,[.00
PPO_25000_bzip2__instcount_512,3000,15235,1.0555,1.88,0.084557,[.00
PPO_25000_bzip2__instcount_512,3000,32426,-0.2872,0.88,0.088245,[.00
PPO_25000_bzip2__instcount_512,3000,15971,0.9980,1.80,0.076572,[.00
PPO_25000_bzip2__instcount_512,3000,14436,1.1179,1.99,0.081226,[.00
PPO_25000_bzip2__instcount_512,3000,15296,1.0507,1.87,0.071445,[.00
PPO_25000_bzip2__instcount_512,3000,16657,0.9444,1.72,0.079957,[.00
PPO_25000_bzip2__instcount_512,3000,14580,1.1067,1.97,0.083951,[.00
PPO_25000_bzip2__instcount_512,3000,16856,0.9289,1.70,0.073681,[.00
PPO_25000_bzip2__instcount_512,3000,16052,0.9917,1.79,0.081826,[.00
PPO_25000_bzip2__instcount_512,3000,17790,0.8559,1.61,0.08217,[.00
PPO_25000_bzip2__instcount_512,3000,17867,0.8499,1.60,0.085701,[.00
PPO_25000_bzip2__instcount_512,3000,15547,1.0311,1.84,0.070236,[.00
PPO_25000_bzip2__instcount_512,3000,18025,0.8376,1.59,0.073115,[.00
PPO_25000_bzip2__instcount_512,3000,16503,0.9564,1.74,0.070778,[.00
PPO_25000_bzip2__instcount_512,4000,14817,1.0881,1.94,0.089395,[.00
PPO_25000_bzip2__instcount_512,4000,14861,1.0847,1.93,0.084255,[.00
PPO_25000_bzip2__instcount_512,4000,17176,0.9039,1.67,0.06788,[.00
PPO_25000_bzip2__instcount_512,4000,14750,1.0934,1.94,0.078052,[.00
PPO_25000_bzip2__instcount_512,4000,14870,1.0840,1.93,0.083091,[.00
PPO_25000_bzip2__instcount_512,4000,15060,1.0692,1.90,0.079674,[.00
PPO_25000_bzip2__instcount_512,4000,15382,1.0440,1.86,0.07387,[.00
PPO_25000_bzip2__instcount_512,4000,15642,1.0237,1.83,0.066838,[.00
PPO_25000_bzip2__instcount_512,4000,14716,1.0960,1.95,0.084195,[.00
PPO_25000_bzip2__instcount_512,4000,15256,1.0538,1.88,0.077323,[.00
PPO_25000_bzip2__instcount_512,4000,14694,1.0977,1.95,0.08086,[.00
PPO_25000_bzip2__instcount_512,4000,15512,1.0339,1.85,0.068645,[.00
PPO_25000_bzip2__instcount_512,4000,14726,1.0952,1.95,0.082412,[.00
PPO_25000_bzip2__instcount_512,4000,16349,0.9685,1.75,0.08518,[.00
PPO_25000_bzip2__instcount_512,4000,15191,1.0589,1.89,0.071024,[.00
PPO_25000_bzip2__instcount_512,4000,16438,0.9615,1.74,0.090207,[.00
PPO_25000_bzip2__instcount_512,4000,14978,1.0756,1.91,0.080158,[.00
PPO_25000_bzip2__instcount_512,4000,14058,1.1474,2.04,0.084535,[.00
PPO_25000_bzip2__instcount_512,4000,15471,1.0371,1.85,0.071367,[.00
PPO_25000_bzip2__instcount_512,4000,15783,1.0127,1.82,0.073683,[.00
PPO_25000_bzip2__instcount_512,4000,16081,0.9894,1.78,0.071781,[.00
PPO_25000_bzip2__instcount_512,4000,18524,0.7986,1.55,0.086503,[.00
PPO_25000_bzip2__instcount_512,4000,14789,1.0903,1.94,0.070234,[.00
PPO_25000_bzip2__instcount_512,4000,14882,1.0831,1.93,0.080252,[.00
PPO_25000_bzip2__instcount_512,4000,15059,1.0692,1.90,0.082401,[.00
PPO_25000_bzip2__instcount_512,4000,16438,0.9615,1.74,0.071466,[.00
PPO_25000_bzip2__instcount_512,4000,15753,1.0150,1.82,0.073695,[.00
PPO_25000_bzip2__instcount_512,4000,13861,1.1628,2.07,0.096812,[.00
PPO_25000_bzip2__instcount_512,4000,15008,1.0732,1.91,0.098146,[.00
PPO_25000_bzip2__instcount_512,4000,14619,1.1036,1.96,0.08193,[.00
PPO_25000_bzip2__instcount_512,4000,14221,1.1347,2.02,0.080348,[.00
PPO_25000_bzip2__instcount_512,4000,14179,1.1380,2.02,0.083023,[.00
PPO_25000_bzip2__instcount_512,4000,15041,1.0706,1.91,0.083148,[.00
PPO_25000_bzip2__instcount_512,4000,16604,0.9486,1.73,0.079334,[.00
PPO_25000_bzip2__instcount_512,4000,16114,0.9868,1.78,0.084771,[.00
PPO_25000_bzip2__instcount_512,4000,16100,0.9879,1.78,0.074645,[.00
PPO_25000_bzip2__instcount_512,4000,14699,1.0974,1.95,0.080598,[.00
PPO_25000_bzip2__instcount_512,4000,16181,0.9816,1.77,0.073515,[.00
PPO_25000_bzip2__instcount_512,4000,15173,1.0603,1.89,0.080856,[.00
PPO_25000_bzip2__instcount_512,4000,15924,1.0017,1.80,0.073058,[.00
PPO_25000_bzip2__instcount_512,4000,15239,1.0552,1.88,0.079387,[.00
PPO_25000_bzip2__instcount_512,4000,14743,1.0939,1.94,0.080493,[.00
PPO_25000_bzip2__instcount_512,4000,15272,1.0526,1.88,0.08126,[.00
PPO_25000_bzip2__instcount_512,4000,16107,0.9874,1.78,0.06968,[.00
PPO_25000_bzip2__instcount_512,4000,14785,1.0906,1.94,0.080471,[.00
PPO_25000_bzip2__instcount_512,4000,16263,0.9752,1.76,0.080597,[.00
PPO_25000_bzip2__instcount_512,4000,15032,1.0713,1.91,0.082254,[.00
PPO_25000_bzip2__instcount_512,4000,15485,1.0360,1.85,0.067501,[.00
PPO_25000_bzip2__instcount_512,4000,14830,1.0871,1.93,0.084287,[.00
PPO_25000_bzip2__instcount_512,4000,15096,1.0663,1.90,0.080603,[.00
PPO_25000_bzip2__instcount_512,4000,15118,1.0646,1.90,0.08157,[.00
PPO_25000_bzip2__instcount_512,4000,16251,0.9761,1.76,0.075326,[.00
PPO_25000_bzip2__instcount_512,4000,15187,1.0592,1.89,0.08243,[.00
PPO_25000_bzip2__instcount_512,4000,15380,1.0442,1.86,0.084135,[.00
PPO_25000_bzip2__instcount_512,4000,14467,1.1155,1.98,0.086603,[.00
PPO_25000_bzip2__instcount_512,4000,14888,1.0826,1.93,0.083276,[.00
PPO_25000_bzip2__instcount_512,4000,14221,1.1347,2.02,0.08646,[.00
PPO_25000_bzip2__instcount_512,4000,14421,1.1191,1.99,0.083071,[.00
PPO_25000_bzip2__instcount_512,4000,15476,1.0367,1.85,0.087112,[.00
PPO_25000_bzip2__instcount_512,4000,15813,1.0103,1.81,0.070458,[.00
PPO_25000_bzip2__instcount_512,4000,15045,1.0703,1.91,0.079721,[.00
PPO_25000_bzip2__instcount_512,4000,15410,1.0418,1.86,0.073381,[.00
PPO_25000_bzip2__instcount_512,4000,14680,1.0988,1.95,0.083089,[.00
PPO_25000_bzip2__instcount_512,4000,14724,1.0954,1.95,0.081331,[.00
PPO_25000_bzip2__instcount_512,4000,18198,0.8240,1.57,0.06769,[.00
PPO_25000_bzip2__instcount_512,4000,16735,0.9383,1.71,0.082752,[.00
PPO_25000_bzip2__instcount_512,4000,15816,1.0101,1.81,0.070697,[.00
PPO_25000_bzip2__instcount_512,4000,15207,1.0577,1.89,0.088822,[.00
PPO_25000_bzip2__instcount_512,4000,15088,1.0670,1.90,0.084445,[.00
PPO_25000_bzip2__instcount_512,4000,16239,0.9771,1.77,0.082177,[.00
PPO_25000_bzip2__instcount_512,4000,15396,1.0429,1.86,0.078802,[.00
PPO_25000_bzip2__instcount_512,4000,15716,1.0179,1.82,0.074696,[.00
PPO_25000_bzip2__instcount_512,4000,15365,1.0453,1.87,0.084163,[.00
PPO_25000_bzip2__instcount_512,4000,15985,0.9969,1.79,0.08647,[.00
PPO_25000_bzip2__instcount_512,4000,16442,0.9612,1.74,0.069184,[.00
PPO_25000_bzip2__instcount_512,4000,15419,1.0411,1.86,0.0828,[.00
PPO_25000_bzip2__instcount_512,4000,16131,0.9855,1.78,0.070071,[.00
PPO_25000_bzip2__instcount_512,4000,15758,1.0146,1.82,0.073784,[.00
PPO_25000_bzip2__instcount_512,4000,14941,1.0785,1.92,0.089446,[.00
PPO_25000_bzip2__instcount_512,4000,15150,1.0621,1.89,0.083972,[.00
PPO_25000_bzip2__instcount_512,4000,21038,0.6022,1.36,0.046412,[.00
PPO_25000_bzip2__instcount_512,4000,14626,1.1031,1.96,0.0809,[.00
PPO_25000_bzip2__instcount_512,4000,15623,1.0252,1.84,0.0873,[.00
PPO_25000_bzip2__instcount_512,4000,14906,1.0812,1.92,0.08539,[.00
PPO_25000_bzip2__instcount_512,4000,15323,1.0486,1.87,0.068958,[.00
PPO_25000_bzip2__instcount_512,4000,15039,1.0708,1.91,0.068349,[.00
PPO_25000_bzip2__instcount_512,4000,15073,1.0681,1.90,0.088055,[.00
PPO_25000_bzip2__instcount_512,4000,16693,0.9416,1.72,0.070289,[.00
PPO_25000_bzip2__instcount_512,4000,16271,0.9746,1.76,0.072218,[.00
PPO_25000_bzip2__instcount_512,4000,15110,1.0653,1.90,0.072552,[.00
PPO_25000_bzip2__instcount_512,4000,15087,1.0670,1.90,0.079357,[.00
PPO_25000_bzip2__instcount_512,4000,18472,0.8026,1.55,0.069331,[.00
PPO_25000_bzip2__instcount_512,4000,15436,1.0398,1.86,0.071775,[.00
PPO_25000_bzip2__instcount_512,4000,14655,1.1008,1.96,0.082484,[.00
PPO_25000_bzip2__instcount_512,4000,15938,1.0006,1.80,0.069393,[.00
PPO_25000_bzip2__instcount_512,4000,16031,0.9933,1.79,0.069146,[.00
PPO_25000_bzip2__instcount_512,4000,14835,1.0867,1.93,0.081438,[.00
PPO_25000_bzip2__instcount_512,4000,15335,1.0477,1.87,0.069876,[.00
PPO_25000_bzip2__instcount_512,4000,15713,1.0182,1.82,0.084178,[.00
PPO_25000_bzip2__instcount_512,4000,15671,1.0214,1.83,0.07027,[.00
PPO_25000_bzip2__instcount_512,5000,14154,1.1399,2.03,0.080305,[.00
PPO_25000_bzip2__instcount_512,5000,15944,1.0001,1.80,0.070837,[.00
PPO_25000_bzip2__instcount_512,5000,16171,0.9824,1.77,0.093474,[.00
PPO_25000_bzip2__instcount_512,5000,14341,1.1253,2.00,0.086131,[.00
PPO_25000_bzip2__instcount_512,5000,14571,1.1074,1.97,0.078089,[.00
PPO_25000_bzip2__instcount_512,5000,13905,1.1594,2.06,0.082665,[.00
PPO_25000_bzip2__instcount_512,5000,14033,1.1494,2.04,0.083721,[.00
PPO_25000_bzip2__instcount_512,5000,14189,1.1372,2.02,0.085309,[.00
PPO_25000_bzip2__instcount_512,5000,15380,1.0442,1.86,0.072278,[.00
PPO_25000_bzip2__instcount_512,5000,15812,1.0104,1.81,0.075156,[.00
PPO_25000_bzip2__instcount_512,5000,14579,1.1067,1.97,0.087283,[.00
PPO_25000_bzip2__instcount_512,5000,16083,0.9892,1.78,0.068935,[.00
PPO_25000_bzip2__instcount_512,5000,15506,1.0343,1.85,0.068504,[.00
PPO_25000_bzip2__instcount_512,5000,15402,1.0424,1.86,0.069311,[.00
PPO_25000_bzip2__instcount_512,5000,14166,1.1390,2.02,0.083422,[.00
PPO_25000_bzip2__instcount_512,5000,14826,1.0874,1.93,0.080147,[.00
PPO_25000_bzip2__instcount_512,5000,15096,1.0663,1.90,0.068476,[.00
PPO_25000_bzip2__instcount_512,5000,14251,1.1324,2.01,0.08269,[.00
PPO_25000_bzip2__instcount_512,5000,14106,1.1437,2.03,0.082276,[.00
PPO_25000_bzip2__instcount_512,5000,14546,1.1093,1.97,0.081239,[.00
PPO_25000_bzip2__instcount_512,5000,15574,1.0290,1.84,0.071059,[.00
PPO_25000_bzip2__instcount_512,5000,14333,1.1259,2.00,0.080758,[.00
PPO_25000_bzip2__instcount_512,5000,15285,1.0516,1.88,0.071865,[.00
PPO_25000_bzip2__instcount_512,5000,14199,1.1364,2.02,0.082681,[.00
PPO_25000_bzip2__instcount_512,5000,14970,1.0762,1.92,0.067772,[.00
PPO_25000_bzip2__instcount_512,5000,14067,1.1467,2.04,0.078709,[.00
PPO_25000_bzip2__instcount_512,5000,13675,1.1773,2.10,0.085244,[.00
PPO_25000_bzip2__instcount_512,5000,14880,1.0832,1.93,0.083896,[.00
PPO_25000_bzip2__instcount_512,5000,14672,1.0995,1.95,0.083726,[.00
PPO_25000_bzip2__instcount_512,5000,14175,1.1383,2.02,0.082527,[.00
PPO_25000_bzip2__instcount_512,5000,14838,1.0865,1.93,0.083579,[.00
PPO_25000_bzip2__instcount_512,5000,21247,0.5859,1.35,0.068892,[.00
PPO_25000_bzip2__instcount_512,5000,14466,1.1156,1.98,0.086324,[.00
PPO_25000_bzip2__instcount_512,5000,13880,1.1613,2.07,0.081213,[.00
PPO_25000_bzip2__instcount_512,5000,14894,1.0821,1.93,0.068639,[.00
PPO_25000_bzip2__instcount_512,5000,15196,1.0585,1.89,0.085915,[.00
PPO_25000_bzip2__instcount_512,5000,14117,1.1428,2.03,0.083569,[.00
PPO_25000_bzip2__instcount_512,5000,15040,1.0707,1.91,0.074893,[.00
PPO_25000_bzip2__instcount_512,5000,14155,1.1399,2.03,0.079606,[.00
PPO_25000_bzip2__instcount_512,5000,15575,1.0289,1.84,0.073076,[.00
PPO_25000_bzip2__instcount_512,5000,14554,1.1087,1.97,0.083836,[.00
PPO_25000_bzip2__instcount_512,5000,14043,1.1486,2.04,0.085908,[.00
PPO_25000_bzip2__instcount_512,5000,15714,1.0181,1.82,0.075056,[.00
PPO_25000_bzip2__instcount_512,5000,14672,1.0995,1.95,0.083768,[.00
PPO_25000_bzip2__instcount_512,5000,14434,1.1181,1.99,0.085036,[.00
PPO_25000_bzip2__instcount_512,5000,15771,1.0136,1.82,0.080451,[.00
PPO_25000_bzip2__instcount_512,5000,13973,1.1541,2.05,0.082035,[.00
PPO_25000_bzip2__instcount_512,5000,14461,1.1159,1.98,0.088005,[.00
PPO_25000_bzip2__instcount_512,5000,16364,0.9673,1.75,0.082344,[.00
PPO_25000_bzip2__instcount_512,5000,14170,1.1387,2.02,0.081321,[.00
PPO_25000_bzip2__instcount_512,5000,13988,1.1529,2.05,0.080207,[.00
PPO_25000_bzip2__instcount_512,5000,14517,1.1116,1.98,0.082523,[.00
PPO_25000_bzip2__instcount_512,5000,14299,1.1286,2.01,0.086857,[.00
PPO_25000_bzip2__instcount_512,5000,14976,1.0757,1.91,0.073971,[.00
PPO_25000_bzip2__instcount_512,5000,14471,1.1152,1.98,0.085145,[.00
PPO_25000_bzip2__instcount_512,5000,15423,1.0408,1.86,0.069215,[.00
PPO_25000_bzip2__instcount_512,5000,14786,1.0906,1.94,0.080392,[.00
PPO_25000_bzip2__instcount_512,5000,15423,1.0408,1.86,0.07193,[.00
PPO_25000_bzip2__instcount_512,5000,14433,1.1181,1.99,0.082412,[.00
PPO_25000_bzip2__instcount_512,5000,15494,1.0353,1.85,0.070092,[.00
PPO_25000_bzip2__instcount_512,5000,14898,1.0818,1.92,0.090394,[.00
PPO_25000_bzip2__instcount_512,5000,14785,1.0906,1.94,0.068011,[.00
PPO_25000_bzip2__instcount_512,5000,15092,1.0667,1.90,0.068096,[.00
PPO_25000_bzip2__instcount_512,5000,15141,1.0628,1.89,0.067591,[.00
PPO_25000_bzip2__instcount_512,5000,14466,1.1156,1.98,0.089349,[.00
PPO_25000_bzip2__instcount_512,5000,15918,1.0021,1.80,0.070171,[.00
PPO_25000_bzip2__instcount_512,5000,15877,1.0053,1.81,0.070123,[.00
PPO_25000_bzip2__instcount_512,5000,14629,1.1028,1.96,0.080362,[.00
PPO_25000_bzip2__instcount_512,5000,15303,1.0502,1.87,0.075441,[.00
PPO_25000_bzip2__instcount_512,5000,13814,1.1665,2.08,0.08103,[.00
PPO_25000_bzip2__instcount_512,5000,15795,1.0117,1.82,0.072679,[.00
PPO_25000_bzip2__instcount_512,5000,14064,1.1470,2.04,0.081711,[.00
PPO_25000_bzip2__instcount_512,5000,14826,1.0874,1.93,0.082788,[.00
PPO_25000_bzip2__instcount_512,5000,14315,1.1274,2.00,0.079748,[.00
PPO_25000_bzip2__instcount_512,5000,14268,1.1310,2.01,0.081405,[.00
PPO_25000_bzip2__instcount_512,5000,14510,1.1121,1.98,0.083739,[.00
PPO_25000_bzip2__instcount_512,5000,14248,1.1326,2.01,0.079115,[.00
PPO_25000_bzip2__instcount_512,5000,14014,1.1509,2.05,0.078544,[.00
PPO_25000_bzip2__instcount_512,5000,14387,1.1217,1.99,0.080143,[.00
PPO_25000_bzip2__instcount_512,5000,15257,1.0538,1.88,0.07019,[.00
PPO_25000_bzip2__instcount_512,5000,15063,1.0689,1.90,0.081929,[.00
PPO_25000_bzip2__instcount_512,5000,16392,0.9651,1.75,0.073263,[.00
PPO_25000_bzip2__instcount_512,5000,15290,1.0512,1.88,0.067955,[.00
PPO_25000_bzip2__instcount_512,5000,14752,1.0932,1.94,0.068917,[.00
PPO_25000_bzip2__instcount_512,5000,16178,0.9818,1.77,0.074245,[.00
PPO_25000_bzip2__instcount_512,5000,15178,1.0599,1.89,0.083809,[.00
PPO_25000_bzip2__instcount_512,5000,14289,1.1294,2.01,0.082691,[.00
PPO_25000_bzip2__instcount_512,5000,15035,1.0711,1.91,0.087138,[.00
PPO_25000_bzip2__instcount_512,5000,14586,1.1062,1.97,0.078101,[.00
PPO_25000_bzip2__instcount_512,5000,14631,1.1027,1.96,0.082778,[.00
PPO_25000_bzip2__instcount_512,5000,16195,0.9805,1.77,0.07424,[.00
PPO_25000_bzip2__instcount_512,5000,17457,0.8819,1.64,0.052604,[.00
PPO_25000_bzip2__instcount_512,5000,14258,1.1318,2.01,0.08672,[.00
PPO_25000_bzip2__instcount_512,5000,14278,1.1302,2.01,0.078586,[.00
PPO_25000_bzip2__instcount_512,5000,14615,1.1039,1.96,0.081082,[.00
PPO_25000_bzip2__instcount_512,5000,14719,1.0958,1.95,0.066795,[.00
PPO_25000_bzip2__instcount_512,5000,14492,1.1135,1.98,0.082963,[.00
PPO_25000_bzip2__instcount_512,5000,15106,1.0656,1.90,0.073201,[.00
PPO_25000_bzip2__instcount_512,5000,18177,0.8257,1.58,0.083327,[.00
PPO_25000_bzip2__instcount_512,5000,14945,1.0781,1.92,0.067999,[.00
PPO_25000_bzip2__instcount_512,6000,15891,1.0042,1.80,0.086841,[.00
PPO_25000_bzip2__instcount_512,6000,13920,1.1582,2.06,0.085324,[.00
PPO_25000_bzip2__instcount_512,6000,15091,1.0667,1.90,0.070495,[.00
PPO_25000_bzip2__instcount_512,6000,14040,1.1488,2.04,0.082177,[.00
PPO_25000_bzip2__instcount_512,6000,14936,1.0788,1.92,0.087898,[.00
PPO_25000_bzip2__instcount_512,6000,15508,1.0342,1.85,0.070745,[.00
PPO_25000_bzip2__instcount_512,6000,13500,1.1910,2.12,0.079295,[.00
PPO_25000_bzip2__instcount_512,6000,14558,1.1084,1.97,0.083482,[.00
PPO_25000_bzip2__instcount_512,6000,14763,1.0924,1.94,0.070325,[.00
PPO_25000_bzip2__instcount_512,6000,14648,1.1013,1.96,0.083359,[.00
PPO_25000_bzip2__instcount_512,6000,14152,1.1401,2.03,0.091992,[.00
PPO_25000_bzip2__instcount_512,6000,13956,1.1554,2.05,0.080779,[.00
PPO_25000_bzip2__instcount_512,6000,15159,1.0614,1.89,0.067396,[.00
PPO_25000_bzip2__instcount_512,6000,14647,1.1014,1.96,0.080675,[.00
PPO_25000_bzip2__instcount_512,6000,13464,1.1938,2.13,0.083772,[.00
PPO_25000_bzip2__instcount_512,6000,14544,1.1095,1.97,0.0869,[.00
PPO_25000_bzip2__instcount_512,6000,15178,1.0599,1.89,0.082213,[.00
PPO_25000_bzip2__instcount_512,6000,14078,1.1459,2.04,0.090743,[.00
PPO_25000_bzip2__instcount_512,6000,14921,1.0800,1.92,0.082107,[.00
PPO_25000_bzip2__instcount_512,6000,15449,1.0388,1.86,0.071245,[.00
PPO_25000_bzip2__instcount_512,6000,15132,1.0635,1.89,0.075176,[.00
PPO_25000_bzip2__instcount_512,6000,14040,1.1488,2.04,0.08138,[.00
PPO_25000_bzip2__instcount_512,6000,15310,1.0496,1.87,0.071788,[.00
PPO_25000_bzip2__instcount_512,6000,15502,1.0346,1.85,0.071406,[.00
PPO_25000_bzip2__instcount_512,6000,15947,0.9999,1.80,0.072695,[.00
PPO_25000_bzip2__instcount_512,6000,15017,1.0725,1.91,0.067,[.00
PPO_25000_bzip2__instcount_512,6000,15956,0.9992,1.80,0.070504,[.00
PPO_25000_bzip2__instcount_512,6000,14866,1.0843,1.93,0.079999,[.00
PPO_25000_bzip2__instcount_512,6000,15231,1.0558,1.88,0.069943,[.00
PPO_25000_bzip2__instcount_512,6000,14454,1.1165,1.98,0.084228,[.00
PPO_25000_bzip2__instcount_512,6000,14202,1.1362,2.02,0.082112,[.00
PPO_25000_bzip2__instcount_512,6000,15651,1.0230,1.83,0.07219,[.00
PPO_25000_bzip2__instcount_512,6000,13453,1.1947,2.13,0.080887,[.00
PPO_25000_bzip2__instcount_512,6000,15558,1.0303,1.84,0.082795,[.00
PPO_25000_bzip2__instcount_512,6000,15773,1.0135,1.82,0.069043,[.00
PPO_25000_bzip2__instcount_512,6000,14328,1.1263,2.00,0.079868,[.00
PPO_25000_bzip2__instcount_512,6000,15028,1.0717,1.91,0.082097,[.00
PPO_25000_bzip2__instcount_512,6000,13971,1.1542,2.05,0.07905,[.00
PPO_25000_bzip2__instcount_512,6000,14904,1.0813,1.92,0.07415,[.00
PPO_25000_bzip2__instcount_512,6000,14271,1.1308,2.01,0.079055,[.00
PPO_25000_bzip2__instcount_512,6000,14557,1.1084,1.97,0.078851,[.00
PPO_25000_bzip2__instcount_512,6000,14652,1.1010,1.96,0.088154,[.00
PPO_25000_bzip2__instcount_512,6000,15013,1.0728,1.91,0.068069,[.00
PPO_25000_bzip2__instcount_512,6000,14186,1.1374,2.02,0.080515,[.00
PPO_25000_bzip2__instcount_512,6000,14541,1.1097,1.97,0.083961,[.00
PPO_25000_bzip2__instcount_512,6000,16605,0.9485,1.73,0.06958,[.00
PPO_25000_bzip2__instcount_512,6000,14364,1.1235,2.00,0.084134,[.00
PPO_25000_bzip2__instcount_512,6000,14615,1.1039,1.96,0.067277,[.00
PPO_25000_bzip2__instcount_512,6000,15765,1.0141,1.82,0.070254,[.00
PPO_25000_bzip2__instcount_512,6000,14311,1.1277,2.00,0.079898,[.00
PPO_25000_bzip2__instcount_512,6000,14805,1.0891,1.94,0.069829,[.00
PPO_25000_bzip2__instcount_512,6000,13521,1.1894,2.12,0.08364,[.00
PPO_25000_bzip2__instcount_512,6000,13701,1.1753,2.09,0.086144,[.00
PPO_25000_bzip2__instcount_512,6000,14783,1.0908,1.94,0.089699,[.00
PPO_25000_bzip2__instcount_512,6000,15287,1.0514,1.88,0.087216,[.00
PPO_25000_bzip2__instcount_512,6000,14129,1.1419,2.03,0.079211,[.00
PPO_25000_bzip2__instcount_512,6000,16804,0.9329,1.71,0.097875,[.00
PPO_25000_bzip2__instcount_512,6000,14561,1.1081,1.97,0.069706,[.00
PPO_25000_bzip2__instcount_512,6000,14459,1.1161,1.98,0.069187,[.00
PPO_25000_bzip2__instcount_512,6000,14613,1.1041,1.96,0.084856,[.00
PPO_25000_bzip2__instcount_512,6000,14292,1.1291,2.01,0.088804,[.00
PPO_25000_bzip2__instcount_512,6000,14202,1.1362,2.02,0.078758,[.00
PPO_25000_bzip2__instcount_512,6000,13707,1.1748,2.09,0.083196,[.00
PPO_25000_bzip2__instcount_512,6000,15434,1.0399,1.86,0.071217,[.00
PPO_25000_bzip2__instcount_512,6000,13691,1.1761,2.09,0.084938,[.00
PPO_25000_bzip2__instcount_512,6000,15558,1.0303,1.84,0.06961,[.00
PPO_25000_bzip2__instcount_512,6000,14399,1.1208,1.99,0.082701,[.00
PPO_25000_bzip2__instcount_512,6000,14617,1.1038,1.96,0.081894,[.00
PPO_25000_bzip2__instcount_512,6000,15702,1.0190,1.83,0.070037,[.00
PPO_25000_bzip2__instcount_512,6000,14496,1.1132,1.98,0.09132,[.00
PPO_25000_bzip2__instcount_512,6000,15141,1.0628,1.89,0.069997,[.00
PPO_25000_bzip2__instcount_512,6000,14433,1.1181,1.99,0.086991,[.00
PPO_25000_bzip2__instcount_512,6000,14538,1.1099,1.97,0.083386,[.00
PPO_25000_bzip2__instcount_512,6000,14581,1.1066,1.97,0.068329,[.00
PPO_25000_bzip2__instcount_512,6000,14309,1.1278,2.00,0.088168,[.00
PPO_25000_bzip2__instcount_512,6000,14663,1.1002,1.96,0.081131,[.00
PPO_25000_bzip2__instcount_512,6000,14103,1.1439,2.03,0.088823,[.00
PPO_25000_bzip2__instcount_512,6000,14405,1.1203,1.99,0.079187,[.00
PPO_25000_bzip2__instcount_512,6000,14722,1.0956,1.95,0.06802,[.00
PPO_25000_bzip2__instcount_512,6000,14355,1.1242,2.00,0.084632,[.00
PPO_25000_bzip2__instcount_512,6000,14638,1.1021,1.96,0.084572,[.00
PPO_25000_bzip2__instcount_512,6000,14255,1.1320,2.01,0.082343,[.00
PPO_25000_bzip2__instcount_512,6000,14258,1.1318,2.01,0.079821,[.00
PPO_25000_bzip2__instcount_512,6000,14877,1.0835,1.93,0.086531,[.00
PPO_25000_bzip2__instcount_512,6000,16401,0.9644,1.75,0.069959,[.00
PPO_25000_bzip2__instcount_512,6000,14946,1.0781,1.92,0.06946,[.00
PPO_25000_bzip2__instcount_512,6000,15081,1.0675,1.90,0.069144,[.00
PPO_25000_bzip2__instcount_512,6000,14779,1.0911,1.94,0.079575,[.00
PPO_25000_bzip2__instcount_512,6000,15033,1.0713,1.91,0.070042,[.00
PPO_25000_bzip2__instcount_512,6000,18190,0.8247,1.58,0.093599,[.00
PPO_25000_bzip2__instcount_512,6000,14946,1.0781,1.92,0.082049,[.00
PPO_25000_bzip2__instcount_512,6000,15265,1.0531,1.88,0.07029,[.00
PPO_25000_bzip2__instcount_512,6000,15233,1.0556,1.88,0.08147,[.00
PPO_25000_bzip2__instcount_512,6000,14032,1.1495,2.04,0.085126,[.00
PPO_25000_bzip2__instcount_512,6000,15540,1.0317,1.84,0.070816,[.00
PPO_25000_bzip2__instcount_512,6000,14649,1.1013,1.96,0.081369,[.00
PPO_25000_bzip2__instcount_512,6000,15823,1.0096,1.81,0.079513,[.00
PPO_25000_bzip2__instcount_512,6000,14003,1.1517,2.05,0.086209,[.00
PPO_25000_bzip2__instcount_512,6000,14969,1.0763,1.92,0.070672,[.00
PPO_25000_bzip2__instcount_512,6000,14547,1.1092,1.97,0.078778,[.00
PPO_25000_bzip2__instcount_512,7000,14583,1.1064,1.97,0.084944,[.00
PPO_25000_bzip2__instcount_512,7000,13447,1.1952,2.13,0.097013,[.00
PPO_25000_bzip2__instcount_512,7000,14919,1.0802,1.92,0.090871,[.00
PPO_25000_bzip2__instcount_512,7000,14065,1.1469,2.04,0.080157,[.00
PPO_25000_bzip2__instcount_512,7000,14106,1.1437,2.03,0.082295,[.00
PPO_25000_bzip2__instcount_512,7000,13721,1.1738,2.09,0.078311,[.00
PPO_25000_bzip2__instcount_512,7000,14866,1.0843,1.93,0.084067,[.00
PPO_25000_bzip2__instcount_512,7000,14010,1.1512,2.05,0.080472,[.00
PPO_25000_bzip2__instcount_512,7000,14758,1.0927,1.94,0.084044,[.00
PPO_25000_bzip2__instcount_512,7000,15474,1.0368,1.85,0.089374,[.00
PPO_25000_bzip2__instcount_512,7000,14982,1.0753,1.91,0.069748,[.00
PPO_25000_bzip2__instcount_512,7000,14287,1.1295,2.01,0.081564,[.00
PPO_25000_bzip2__instcount_512,7000,14729,1.0950,1.95,0.068393,[.00
PPO_25000_bzip2__instcount_512,7000,14384,1.1220,1.99,0.08357,[.00
PPO_25000_bzip2__instcount_512,7000,15760,1.0145,1.82,0.071105,[.00
PPO_25000_bzip2__instcount_512,7000,14159,1.1395,2.03,0.079803,[.00
PPO_25000_bzip2__instcount_512,7000,15936,1.0007,1.80,0.085375,[.00
PPO_25000_bzip2__instcount_512,7000,14710,1.0965,1.95,0.069953,[.00
PPO_25000_bzip2__instcount_512,7000,15232,1.0557,1.88,0.068207,[.00
PPO_25000_bzip2__instcount_512,7000,14798,1.0896,1.94,0.07213,[.00
PPO_25000_bzip2__instcount_512,7000,14021,1.1503,2.05,0.084929,[.00
PPO_25000_bzip2__instcount_512,7000,13821,1.1659,2.08,0.07859,[.00
PPO_25000_bzip2__instcount_512,7000,13488,1.1920,2.13,0.082264,[.00
PPO_25000_bzip2__instcount_512,7000,15243,1.0549,1.88,0.069287,[.00
PPO_25000_bzip2__instcount_512,7000,14680,1.0988,1.95,0.085338,[.00
PPO_25000_bzip2__instcount_512,7000,14798,1.0896,1.94,0.087416,[.00
PPO_25000_bzip2__instcount_512,7000,14494,1.1134,1.98,0.082062,[.00
PPO_25000_bzip2__instcount_512,7000,14092,1.1448,2.04,0.080172,[.00
PPO_25000_bzip2__instcount_512,7000,14618,1.1037,1.96,0.081001,[.00
PPO_25000_bzip2__instcount_512,7000,14433,1.1181,1.99,0.079087,[.00
PPO_25000_bzip2__instcount_512,7000,15329,1.0481,1.87,0.06735,[.00
PPO_25000_bzip2__instcount_512,7000,14508,1.1123,1.98,0.071234,[.00
PPO_25000_bzip2__instcount_512,7000,14158,1.1396,2.03,0.079835,[.00
PPO_25000_bzip2__instcount_512,7000,14800,1.0895,1.94,0.081061,[.00
PPO_25000_bzip2__instcount_512,7000,13593,1.1837,2.11,0.079898,[.00
PPO_25000_bzip2__instcount_512,7000,14069,1.1466,2.04,0.080225,[.00
PPO_25000_bzip2__instcount_512,7000,14598,1.1052,1.96,0.080865,[.00
PPO_25000_bzip2__instcount_512,7000,14082,1.1456,2.04,0.083484,[.00
PPO_25000_bzip2__instcount_512,7000,14365,1.1234,2.00,0.08105,[.00
PPO_25000_bzip2__instcount_512,7000,14565,1.1078,1.97,0.082546,[.00
PPO_25000_bzip2__instcount_512,7000,13796,1.1679,2.08,0.07886,[.00
PPO_25000_bzip2__instcount_512,7000,14630,1.1027,1.96,0.085688,[.00
PPO_25000_bzip2__instcount_512,7000,14158,1.1396,2.03,0.081056,[.00
PPO_25000_bzip2__instcount_512,7000,13636,1.1804,2.10,0.08218,[.00
PPO_25000_bzip2__instcount_512,7000,14158,1.1396,2.03,0.082024,[.00
PPO_25000_bzip2__instcount_512,7000,14599,1.1052,1.96,0.083475,[.00
PPO_25000_bzip2__instcount_512,7000,14582,1.1065,1.97,0.083957,[.00
PPO_25000_bzip2__instcount_512,7000,14679,1.0989,1.95,0.080896,[.00
PPO_25000_bzip2__instcount_512,7000,14174,1.1384,2.02,0.085079,[.00
PPO_25000_bzip2__instcount_512,7000,14116,1.1429,2.03,0.085044,[.00
PPO_25000_bzip2__instcount_512,7000,15691,1.0199,1.83,0.083127,[.00
PPO_25000_bzip2__instcount_512,7000,14213,1.1353,2.02,0.083816,[.00
PPO_25000_bzip2__instcount_512,7000,14420,1.1192,1.99,0.071422,[.00
PPO_25000_bzip2__instcount_512,7000,14469,1.1153,1.98,0.069965,[.00
PPO_25000_bzip2__instcount_512,7000,15272,1.0526,1.88,0.086091,[.00
PPO_25000_bzip2__instcount_512,7000,14343,1.1252,2.00,0.070402,[.00
PPO_25000_bzip2__instcount_512,7000,14353,1.1244,2.00,0.078967,[.00
PPO_25000_bzip2__instcount_512,7000,13533,1.1884,2.12,0.082037,[.00
PPO_25000_bzip2__instcount_512,7000,14738,1.0943,1.95,0.091229,[.00
PPO_25000_bzip2__instcount_512,7000,14250,1.1324,2.01,0.083076,[.00
PPO_25000_bzip2__instcount_512,7000,14970,1.0762,1.92,0.078731,[.00
PPO_25000_bzip2__instcount_512,7000,14944,1.0782,1.92,0.079945,[.00
PPO_25000_bzip2__instcount_512,7000,14504,1.1126,1.98,0.083599,[.00
PPO_25000_bzip2__instcount_512,7000,14233,1.1338,2.01,0.083214,[.00
PPO_25000_bzip2__instcount_512,7000,15367,1.0452,1.87,0.068544,[.00
PPO_25000_bzip2__instcount_512,7000,14953,1.0775,1.92,0.069783,[.00
PPO_25000_bzip2__instcount_512,7000,16467,0.9593,1.74,0.092412,[.00
PPO_25000_bzip2__instcount_512,7000,15640,1.0239,1.83,0.088539,[.00
PPO_25000_bzip2__instcount_512,7000,14187,1.1374,2.02,0.080945,[.00
PPO_25000_bzip2__instcount_512,7000,15200,1.0582,1.89,0.070367,[.00
PPO_25000_bzip2__instcount_512,7000,14676,1.0992,1.95,0.08314,[.00
PPO_25000_bzip2__instcount_512,7000,14313,1.1275,2.00,0.079735,[.00
PPO_25000_bzip2__instcount_512,7000,14689,1.0981,1.95,0.082992,[.00
PPO_25000_bzip2__instcount_512,7000,14557,1.1084,1.97,0.082636,[.00
PPO_25000_bzip2__instcount_512,7000,14538,1.1099,1.97,0.080861,[.00
PPO_25000_bzip2__instcount_512,7000,16910,0.9246,1.70,0.090018,[.00
PPO_25000_bzip2__instcount_512,7000,13608,1.1826,2.11,0.078731,[.00
PPO_25000_bzip2__instcount_512,7000,14122,1.1424,2.03,0.080039,[.00
PPO_25000_bzip2__instcount_512,7000,14602,1.1049,1.96,0.080307,[.00
PPO_25000_bzip2__instcount_512,7000,14988,1.0748,1.91,0.079581,[.00
PPO_25000_bzip2__instcount_512,7000,14288,1.1295,2.01,0.084541,[.00
PPO_25000_bzip2__instcount_512,7000,13514,1.1899,2.12,0.082926,[.00
PPO_25000_bzip2__instcount_512,7000,14466,1.1156,1.98,0.083716,[.00
PPO_25000_bzip2__instcount_512,7000,13913,1.1588,2.06,0.091757,[.00
PPO_25000_bzip2__instcount_512,7000,13753,1.1713,2.09,0.08226,[.00
PPO_25000_bzip2__instcount_512,7000,14025,1.1500,2.04,0.082138,[.00
PPO_25000_bzip2__instcount_512,7000,14769,1.0919,1.94,0.083046,[.00
PPO_25000_bzip2__instcount_512,7000,14598,1.1052,1.96,0.096719,[.00
PPO_25000_bzip2__instcount_512,7000,14997,1.0741,1.91,0.07071,[.00
PPO_25000_bzip2__instcount_512,7000,14050,1.1481,2.04,0.08306,[.00
PPO_25000_bzip2__instcount_512,7000,14234,1.1337,2.01,0.081053,[.00
PPO_25000_bzip2__instcount_512,7000,14142,1.1409,2.03,0.085318,[.00
PPO_25000_bzip2__instcount_512,7000,14479,1.1145,1.98,0.07,[.00
PPO_25000_bzip2__instcount_512,7000,15020,1.0723,1.91,0.081264,[.00
PPO_25000_bzip2__instcount_512,7000,13990,1.1527,2.05,0.080091,[.00
PPO_25000_bzip2__instcount_512,7000,15470,1.0371,1.85,0.06927,[.00
PPO_25000_bzip2__instcount_512,7000,15587,1.0280,1.84,0.086919,[.00
PPO_25000_bzip2__instcount_512,7000,14305,1.1281,2.00,0.084177,[.00
PPO_25000_bzip2__instcount_512,7000,14703,1.0970,1.95,0.095766,[.00
PPO_25000_bzip2__instcount_512,7000,14497,1.1131,1.98,0.082749,[.00
PPO_25000_bzip2__instcount_512,8000,14098,1.1443,2.03,0.078493,[.00
PPO_25000_bzip2__instcount_512,8000,14428,1.1185,1.99,0.080061,[.00
PPO_25000_bzip2__instcount_512,8000,14490,1.1137,1.98,0.080539,[.00
PPO_25000_bzip2__instcount_512,8000,15167,1.0608,1.89,0.085593,[.00
PPO_25000_bzip2__instcount_512,8000,14264,1.1313,2.01,0.082865,[.00
PPO_25000_bzip2__instcount_512,8000,14836,1.0867,1.93,0.082269,[.00
PPO_25000_bzip2__instcount_512,8000,14492,1.1135,1.98,0.069543,[.00
PPO_25000_bzip2__instcount_512,8000,14095,1.1445,2.03,0.078382,[.00
PPO_25000_bzip2__instcount_512,8000,13815,1.1664,2.08,0.081294,[.00
PPO_25000_bzip2__instcount_512,8000,14975,1.0758,1.91,0.081441,[.00
PPO_25000_bzip2__instcount_512,8000,13973,1.1541,2.05,0.085805,[.00
PPO_25000_bzip2__instcount_512,8000,14038,1.1490,2.04,0.081004,[.00
PPO_25000_bzip2__instcount_512,8000,14825,1.0875,1.93,0.080713,[.00
PPO_25000_bzip2__instcount_512,8000,14094,1.1446,2.03,0.084781,[.00
PPO_25000_bzip2__instcount_512,8000,14582,1.1065,1.97,0.078254,[.00
PPO_25000_bzip2__instcount_512,8000,13919,1.1583,2.06,0.079078,[.00
PPO_25000_bzip2__instcount_512,8000,14519,1.1114,1.98,0.081164,[.00
PPO_25000_bzip2__instcount_512,8000,14389,1.1216,1.99,0.088226,[.00
PPO_25000_bzip2__instcount_512,8000,14185,1.1375,2.02,0.079452,[.00
PPO_25000_bzip2__instcount_512,8000,14909,1.0810,1.92,0.070812,[.00
PPO_25000_bzip2__instcount_512,8000,13957,1.1553,2.05,0.081646,[.00
PPO_25000_bzip2__instcount_512,8000,15024,1.0720,1.91,0.071681,[.00
PPO_25000_bzip2__instcount_512,8000,15607,1.0264,1.84,0.070332,[.00
PPO_25000_bzip2__instcount_512,8000,15491,1.0355,1.85,0.072366,[.00
PPO_25000_bzip2__instcount_512,8000,13843,1.1642,2.07,0.079714,[.00
PPO_25000_bzip2__instcount_512,8000,14461,1.1159,1.98,0.082939,[.00
PPO_25000_bzip2__instcount_512,8000,14397,1.1209,1.99,0.072245,[.00
PPO_25000_bzip2__instcount_512,8000,14795,1.0899,1.94,0.084557,[.00
PPO_25000_bzip2__instcount_512,8000,13800,1.1676,2.08,0.084377,[.00
PPO_25000_bzip2__instcount_512,8000,14482,1.1143,1.98,0.078161,[.00
PPO_25000_bzip2__instcount_512,8000,14503,1.1127,1.98,0.078376,[.00
PPO_25000_bzip2__instcount_512,8000,14441,1.1175,1.99,0.079571,[.00
PPO_25000_bzip2__instcount_512,8000,13801,1.1675,2.08,0.078775,[.00
PPO_25000_bzip2__instcount_512,8000,14439,1.1177,1.99,0.080954,[.00
PPO_25000_bzip2__instcount_512,8000,14003,1.1517,2.05,0.081332,[.00
PPO_25000_bzip2__instcount_512,8000,14386,1.1218,1.99,0.079058,[.00
PPO_25000_bzip2__instcount_512,8000,14488,1.1138,1.98,0.079836,[.00
PPO_25000_bzip2__instcount_512,8000,14287,1.1295,2.01,0.0828,[.00
PPO_25000_bzip2__instcount_512,8000,14296,1.1288,2.01,0.082694,[.00
PPO_25000_bzip2__instcount_512,8000,13597,1.1834,2.11,0.079556,[.00
PPO_25000_bzip2__instcount_512,8000,14189,1.1372,2.02,0.079952,[.00
PPO_25000_bzip2__instcount_512,8000,14088,1.1451,2.04,0.080648,[.00
PPO_25000_bzip2__instcount_512,8000,13475,1.1930,2.13,0.078807,[.00
PPO_25000_bzip2__instcount_512,8000,14289,1.1294,2.01,0.081129,[.00
PPO_25000_bzip2__instcount_512,8000,13508,1.1904,2.12,0.079703,[.00
PPO_25000_bzip2__instcount_512,8000,14412,1.1198,1.99,0.077335,[.00
PPO_25000_bzip2__instcount_512,8000,14324,1.1266,2.00,0.081735,[.00
PPO_25000_bzip2__instcount_512,8000,14837,1.0866,1.93,0.069918,[.00
PPO_25000_bzip2__instcount_512,8000,13878,1.1615,2.07,0.078727,[.00
PPO_25000_bzip2__instcount_512,8000,14503,1.1127,1.98,0.078924,[.00
PPO_25000_bzip2__instcount_512,8000,14145,1.1406,2.03,0.078189,[.00
PPO_25000_bzip2__instcount_512,8000,13948,1.1560,2.06,0.079732,[.00
PPO_25000_bzip2__instcount_512,8000,15748,1.0154,1.82,0.081783,[.00
PPO_25000_bzip2__instcount_512,8000,14968,1.0763,1.92,0.082492,[.00
PPO_25000_bzip2__instcount_512,8000,13974,1.1540,2.05,0.081853,[.00
PPO_25000_bzip2__instcount_512,8000,15102,1.0659,1.90,0.071285,[.00
PPO_25000_bzip2__instcount_512,8000,13551,1.1870,2.12,0.083483,[.00
PPO_25000_bzip2__instcount_512,8000,14661,1.1003,1.96,0.081264,[.00
PPO_25000_bzip2__instcount_512,8000,14238,1.1334,2.01,0.081841,[.00
PPO_25000_bzip2__instcount_512,8000,13418,1.1974,2.14,0.079907,[.00
PPO_25000_bzip2__instcount_512,8000,14040,1.1488,2.04,0.0805,[.00
PPO_25000_bzip2__instcount_512,8000,14552,1.1088,1.97,0.08282,[.00
PPO_25000_bzip2__instcount_512,8000,14010,1.1512,2.05,0.079638,[.00
PPO_25000_bzip2__instcount_512,8000,13982,1.1534,2.05,0.081301,[.00
PPO_25000_bzip2__instcount_512,8000,14459,1.1161,1.98,0.083575,[.00
PPO_25000_bzip2__instcount_512,8000,15437,1.0397,1.86,0.0729,[.00
PPO_25000_bzip2__instcount_512,8000,14111,1.1433,2.03,0.082369,[.00
PPO_25000_bzip2__instcount_512,8000,14996,1.0742,1.91,0.067464,[.00
PPO_25000_bzip2__instcount_512,8000,14765,1.0922,1.94,0.091869,[.00
PPO_25000_bzip2__instcount_512,8000,14838,1.0865,1.93,0.089929,[.00
PPO_25000_bzip2__instcount_512,8000,14484,1.1142,1.98,0.067339,[.00
PPO_25000_bzip2__instcount_512,8000,15651,1.0230,1.83,0.08238,[.00
PPO_25000_bzip2__instcount_512,8000,14975,1.0758,1.91,0.071267,[.00
PPO_25000_bzip2__instcount_512,8000,14063,1.1470,2.04,0.084535,[.00
PPO_25000_bzip2__instcount_512,8000,14273,1.1306,2.01,0.098184,[.00
PPO_25000_bzip2__instcount_512,8000,14579,1.1067,1.97,0.080809,[.00
PPO_25000_bzip2__instcount_512,8000,14047,1.1483,2.04,0.088971,[.00
PPO_25000_bzip2__instcount_512,8000,13628,1.1810,2.10,0.077963,[.00
PPO_25000_bzip2__instcount_512,8000,15153,1.0619,1.89,0.081065,[.00
PPO_25000_bzip2__instcount_512,8000,14120,1.1426,2.03,0.080864,[.00
PPO_25000_bzip2__instcount_512,8000,14098,1.1443,2.03,0.079862,[.00
PPO_25000_bzip2__instcount_512,8000,14500,1.1129,1.98,0.079917,[.00
PPO_25000_bzip2__instcount_512,8000,14787,1.0905,1.94,0.071982,[.00
PPO_25000_bzip2__instcount_512,8000,14567,1.1077,1.97,0.08693,[.00
PPO_25000_bzip2__instcount_512,8000,15594,1.0274,1.84,0.070479,[.00
PPO_25000_bzip2__instcount_512,8000,14007,1.1514,2.05,0.086711,[.00
PPO_25000_bzip2__instcount_512,8000,13923,1.1580,2.06,0.086631,[.00
PPO_25000_bzip2__instcount_512,8000,14584,1.1063,1.97,0.078462,[.00
PPO_25000_bzip2__instcount_512,8000,14428,1.1185,1.99,0.086082,[.00
PPO_25000_bzip2__instcount_512,8000,14576,1.1070,1.97,0.081372,[.00
PPO_25000_bzip2__instcount_512,8000,14395,1.1211,1.99,0.094345,[.00
PPO_25000_bzip2__instcount_512,8000,13733,1.1728,2.09,0.083198,[.00
PPO_25000_bzip2__instcount_512,8000,14354,1.1243,2.00,0.081784,[.00
PPO_25000_bzip2__instcount_512,8000,13580,1.1848,2.11,0.080101,[.00
PPO_25000_bzip2__instcount_512,8000,14108,1.1435,2.03,0.080458,[.00
PPO_25000_bzip2__instcount_512,8000,14378,1.1224,1.99,0.083624,[.00
PPO_25000_bzip2__instcount_512,8000,14494,1.1134,1.98,0.083349,[.00
PPO_25000_bzip2__instcount_512,8000,13804,1.1673,2.08,0.080485,[.00
PPO_25000_bzip2__instcount_512,8000,14685,1.0985,1.95,0.08377,[.00
PPO_25000_bzip2__instcount_512,8000,14780,1.0910,1.94,0.079016,[.00
PPO_25000_bzip2__instcount_512,9000,14017,1.1506,2.05,0.082149,[.00
PPO_25000_bzip2__instcount_512,9000,14427,1.1186,1.99,0.084101,[.00
PPO_25000_bzip2__instcount_512,9000,13536,1.1882,2.12,0.08128,[.00
PPO_25000_bzip2__instcount_512,9000,13520,1.1895,2.12,0.079865,[.00
PPO_25000_bzip2__instcount_512,9000,13814,1.1665,2.08,0.081798,[.00
PPO_25000_bzip2__instcount_512,9000,14081,1.1456,2.04,0.079484,[.00
PPO_25000_bzip2__instcount_512,9000,13989,1.1528,2.05,0.083163,[.00
PPO_25000_bzip2__instcount_512,9000,14069,1.1466,2.04,0.079804,[.00
PPO_25000_bzip2__instcount_512,9000,14310,1.1277,2.00,0.082221,[.00
PPO_25000_bzip2__instcount_512,9000,13382,1.2002,2.14,0.079757,[.00
PPO_25000_bzip2__instcount_512,9000,13487,1.1920,2.13,0.084913,[.00
PPO_25000_bzip2__instcount_512,9000,14027,1.1498,2.04,0.081648,[.00
PPO_25000_bzip2__instcount_512,9000,15779,1.0130,1.82,0.068015,[.00
PPO_25000_bzip2__instcount_512,9000,14772,1.0917,1.94,0.077585,[.00
PPO_25000_bzip2__instcount_512,9000,13914,1.1587,2.06,0.084814,[.00
PPO_25000_bzip2__instcount_512,9000,14821,1.0878,1.93,0.085211,[.00
PPO_25000_bzip2__instcount_512,9000,14230,1.1340,2.02,0.082301,[.00
PPO_25000_bzip2__instcount_512,9000,14341,1.1253,2.00,0.083553,[.00
PPO_25000_bzip2__instcount_512,9000,14397,1.1209,1.99,0.08353,[.00
PPO_25000_bzip2__instcount_512,9000,14305,1.1281,2.00,0.085595,[.00
PPO_25000_bzip2__instcount_512,9000,14532,1.1104,1.97,0.082877,[.00
PPO_25000_bzip2__instcount_512,9000,14018,1.1506,2.05,0.079994,[.00
PPO_25000_bzip2__instcount_512,9000,14065,1.1469,2.04,0.083628,[.00
PPO_25000_bzip2__instcount_512,9000,13557,1.1866,2.12,0.081703,[.00
PPO_25000_bzip2__instcount_512,9000,14073,1.1463,2.04,0.07901,[.00
PPO_25000_bzip2__instcount_512,9000,14200,1.1363,2.02,0.078255,[.00
PPO_25000_bzip2__instcount_512,9000,13834,1.1649,2.07,0.08459,[.00
PPO_25000_bzip2__instcount_512,9000,14042,1.1487,2.04,0.084249,[.00
PPO_25000_bzip2__instcount_512,9000,14171,1.1386,2.02,0.084809,[.00
PPO_25000_bzip2__instcount_512,9000,14423,1.1189,1.99,0.084854,[.00
PPO_25000_bzip2__instcount_512,9000,14281,1.1300,2.01,0.080831,[.00
PPO_25000_bzip2__instcount_512,9000,14031,1.1495,2.04,0.078433,[.00
PPO_25000_bzip2__instcount_512,9000,14179,1.1380,2.02,0.078947,[.00
PPO_25000_bzip2__instcount_512,9000,13780,1.1691,2.08,0.078048,[.00
PPO_25000_bzip2__instcount_512,9000,13630,1.1809,2.10,0.081314,[.00
PPO_25000_bzip2__instcount_512,9000,14948,1.0779,1.92,0.082264,[.00
PPO_25000_bzip2__instcount_512,9000,13774,1.1696,2.08,0.07854,[.00
PPO_25000_bzip2__instcount_512,9000,13531,1.1886,2.12,0.079875,[.00
PPO_25000_bzip2__instcount_512,9000,14179,1.1380,2.02,0.080101,[.00
PPO_25000_bzip2__instcount_512,9000,14747,1.0936,1.94,0.086954,[.00
PPO_25000_bzip2__instcount_512,9000,14254,1.1321,2.01,0.083956,[.00
PPO_25000_bzip2__instcount_512,9000,14407,1.1202,1.99,0.078843,[.00
PPO_25000_bzip2__instcount_512,9000,13422,1.1971,2.14,0.081722,[.00
PPO_25000_bzip2__instcount_512,9000,14206,1.1359,2.02,0.081125,[.00
PPO_25000_bzip2__instcount_512,9000,14257,1.1319,2.01,0.077485,[.00
PPO_25000_bzip2__instcount_512,9000,14160,1.1395,2.03,0.077977,[.00
PPO_25000_bzip2__instcount_512,9000,13543,1.1877,2.12,0.080484,[.00
PPO_25000_bzip2__instcount_512,9000,13943,1.1564,2.06,0.080175,[.00
PPO_25000_bzip2__instcount_512,9000,14641,1.1019,1.96,0.084887,[.00
PPO_25000_bzip2__instcount_512,9000,13734,1.1727,2.09,0.079302,[.00
PPO_25000_bzip2__instcount_512,9000,14430,1.1184,1.99,0.089297,[.00
PPO_25000_bzip2__instcount_512,9000,14241,1.1331,2.01,0.080403,[.00
PPO_25000_bzip2__instcount_512,9000,15306,1.0499,1.87,0.071688,[.00
PPO_25000_bzip2__instcount_512,9000,14264,1.1313,2.01,0.081163,[.00
PPO_25000_bzip2__instcount_512,9000,13469,1.1934,2.13,0.081432,[.00
PPO_25000_bzip2__instcount_512,9000,14195,1.1367,2.02,0.090306,[.00
PPO_25000_bzip2__instcount_512,9000,14621,1.1034,1.96,0.081727,[.00
PPO_25000_bzip2__instcount_512,9000,13486,1.1921,2.13,0.082853,[.00
PPO_25000_bzip2__instcount_512,9000,14253,1.1322,2.01,0.085537,[.00
PPO_25000_bzip2__instcount_512,9000,13423,1.1970,2.14,0.090967,[.00
PPO_25000_bzip2__instcount_512,9000,14598,1.1052,1.96,0.067806,[.00
PPO_25000_bzip2__instcount_512,9000,14423,1.1189,1.99,0.084765,[.00
PPO_25000_bzip2__instcount_512,9000,13568,1.1857,2.11,0.078285,[.00
PPO_25000_bzip2__instcount_512,9000,15228,1.0560,1.88,0.085879,[.00
PPO_25000_bzip2__instcount_512,9000,14064,1.1470,2.04,0.079322,[.00
PPO_25000_bzip2__instcount_512,9000,14047,1.1483,2.04,0.078377,[.00
PPO_25000_bzip2__instcount_512,9000,14138,1.1412,2.03,0.086077,[.00
PPO_25000_bzip2__instcount_512,9000,14788,1.0904,1.94,0.07958,[.00
PPO_25000_bzip2__instcount_512,9000,15566,1.0296,1.84,0.071667,[.00
PPO_25000_bzip2__instcount_512,9000,14178,1.1381,2.02,0.080953,[.00
PPO_25000_bzip2__instcount_512,9000,14142,1.1409,2.03,0.08414,[.00
PPO_25000_bzip2__instcount_512,9000,14691,1.0980,1.95,0.083276,[.00
PPO_25000_bzip2__instcount_512,9000,13974,1.1540,2.05,0.079816,[.00
PPO_25000_bzip2__instcount_512,9000,13771,1.1698,2.08,0.081813,[.00
PPO_25000_bzip2__instcount_512,9000,13912,1.1588,2.06,0.08391,[.00
PPO_25000_bzip2__instcount_512,9000,13539,1.1880,2.12,0.079989,[.00
PPO_25000_bzip2__instcount_512,9000,14130,1.1418,2.03,0.087433,[.00
PPO_25000_bzip2__instcount_512,9000,13883,1.1611,2.07,0.081962,[.00
PPO_25000_bzip2__instcount_512,9000,14692,1.0979,1.95,0.079922,[.00
PPO_25000_bzip2__instcount_512,9000,13471,1.1933,2.13,0.081729,[.00
PPO_25000_bzip2__instcount_512,9000,14235,1.1336,2.01,0.086552,[.00
PPO_25000_bzip2__instcount_512,9000,13441,1.1956,2.13,0.083176,[.00
PPO_25000_bzip2__instcount_512,9000,13949,1.1559,2.06,0.079251,[.00
PPO_25000_bzip2__instcount_512,9000,14209,1.1356,2.02,0.079903,[.00
PPO_25000_bzip2__instcount_512,9000,13958,1.1552,2.05,0.084161,[.00
PPO_25000_bzip2__instcount_512,9000,14279,1.1302,2.01,0.082178,[.00
PPO_25000_bzip2__instcount_512,9000,13758,1.1709,2.08,0.082348,[.00
PPO_25000_bzip2__instcount_512,9000,14004,1.1516,2.05,0.088683,[.00
PPO_25000_bzip2__instcount_512,9000,17649,0.8669,1.62,0.079043,[.00
PPO_25000_bzip2__instcount_512,9000,14317,1.1272,2.00,0.082153,[.00
PPO_25000_bzip2__instcount_512,9000,13966,1.1546,2.05,0.084157,[.00
PPO_25000_bzip2__instcount_512,9000,15083,1.0674,1.90,0.067088,[.00
PPO_25000_bzip2__instcount_512,9000,13776,1.1695,2.08,0.084539,[.00
PPO_25000_bzip2__instcount_512,9000,13770,1.1699,2.08,0.082155,[.00
PPO_25000_bzip2__instcount_512,9000,14681,1.0988,1.95,0.081015,[.00
PPO_25000_bzip2__instcount_512,9000,13598,1.1834,2.11,0.078935,[.00
PPO_25000_bzip2__instcount_512,9000,14310,1.1277,2.00,0.083174,[.00
PPO_25000_bzip2__instcount_512,9000,13414,1.1977,2.14,0.080625,[.00
PPO_25000_bzip2__instcount_512,9000,13728,1.1732,2.09,0.082623,[.00
PPO_25000_bzip2__instcount_512,9000,13889,1.1606,2.06,0.081517,[.00
PPO_25000_bzip2__instcount_512,10000,15431,1.0402,1.86,0.071323,[.00
PPO_25000_bzip2__instcount_512,10000,13405,1.1984,2.14,0.08159,[.00
PPO_25000_bzip2__instcount_512,10000,14227,1.1342,2.02,0.082664,[.00
PPO_25000_bzip2__instcount_512,10000,13876,1.1616,2.07,0.079183,[.00
PPO_25000_bzip2__instcount_512,10000,14048,1.1482,2.04,0.083091,[.00
PPO_25000_bzip2__instcount_512,10000,15027,1.0717,1.91,0.073177,[.00
PPO_25000_bzip2__instcount_512,10000,13975,1.1539,2.05,0.084947,[.00
PPO_25000_bzip2__instcount_512,10000,13590,1.1840,2.11,0.082133,[.00
PPO_25000_bzip2__instcount_512,10000,13434,1.1962,2.13,0.082712,[.00
PPO_25000_bzip2__instcount_512,10000,13871,1.1620,2.07,0.08169,[.00
PPO_25000_bzip2__instcount_512,10000,14791,1.0902,1.94,0.082099,[.00
PPO_25000_bzip2__instcount_512,10000,14082,1.1456,2.04,0.087328,[.00
PPO_25000_bzip2__instcount_512,10000,15517,1.0335,1.85,0.069876,[.00
PPO_25000_bzip2__instcount_512,10000,14268,1.1310,2.01,0.08183,[.00
PPO_25000_bzip2__instcount_512,10000,14477,1.1147,1.98,0.07942,[.00
PPO_25000_bzip2__instcount_512,10000,14753,1.0931,1.94,0.079877,[.00
PPO_25000_bzip2__instcount_512,10000,15103,1.0658,1.90,0.068446,[.00
PPO_25000_bzip2__instcount_512,10000,13505,1.1906,2.12,0.085303,[.00
PPO_25000_bzip2__instcount_512,10000,14461,1.1159,1.98,0.08174,[.00
PPO_25000_bzip2__instcount_512,10000,13918,1.1584,2.06,0.080396,[.00
PPO_25000_bzip2__instcount_512,10000,14274,1.1306,2.01,0.080342,[.00
PPO_25000_bzip2__instcount_512,10000,14246,1.1327,2.01,0.084422,[.00
PPO_25000_bzip2__instcount_512,10000,13580,1.1848,2.11,0.084186,[.00
PPO_25000_bzip2__instcount_512,10000,14655,1.1008,1.96,0.084304,[.00
PPO_25000_bzip2__instcount_512,10000,14631,1.1027,1.96,0.079231,[.00
PPO_25000_bzip2__instcount_512,10000,15518,1.0334,1.85,0.068797,[.00
PPO_25000_bzip2__instcount_512,10000,13984,1.1532,2.05,0.082183,[.00
PPO_25000_bzip2__instcount_512,10000,14733,1.0947,1.95,0.080489,[.00
PPO_25000_bzip2__instcount_512,10000,13759,1.1708,2.08,0.083486,[.00
PPO_25000_bzip2__instcount_512,10000,13535,1.1883,2.12,0.081743,[.00
PPO_25000_bzip2__instcount_512,10000,13518,1.1896,2.12,0.081372,[.00
PPO_25000_bzip2__instcount_512,10000,13844,1.1641,2.07,0.082228,[.00
PPO_25000_bzip2__instcount_512,10000,13736,1.1726,2.09,0.080543,[.00
PPO_25000_bzip2__instcount_512,10000,14417,1.1194,1.99,0.094581,[.00
PPO_25000_bzip2__instcount_512,10000,13804,1.1673,2.08,0.084969,[.00
PPO_25000_bzip2__instcount_512,10000,14650,1.1012,1.96,0.079824,[.00
PPO_25000_bzip2__instcount_512,10000,14436,1.1179,1.99,0.085082,[.00
PPO_25000_bzip2__instcount_512,10000,13749,1.1716,2.09,0.079355,[.00
PPO_25000_bzip2__instcount_512,10000,15594,1.0274,1.84,0.071792,[.00
PPO_25000_bzip2__instcount_512,10000,14082,1.1456,2.04,0.081371,[.00
PPO_25000_bzip2__instcount_512,10000,13992,1.1526,2.05,0.101293,[.00
PPO_25000_bzip2__instcount_512,10000,13706,1.1749,2.09,0.086696,[.00
PPO_25000_bzip2__instcount_512,10000,14140,1.1410,2.03,0.080571,[.00
PPO_25000_bzip2__instcount_512,10000,13751,1.1714,2.09,0.079366,[.00
PPO_25000_bzip2__instcount_512,10000,14564,1.1079,1.97,0.078502,[.00
PPO_25000_bzip2__instcount_512,10000,13569,1.1856,2.11,0.085781,[.00
PPO_25000_bzip2__instcount_512,10000,14100,1.1441,2.03,0.078996,[.00
PPO_25000_bzip2__instcount_512,10000,14093,1.1447,2.03,0.081786,[.00
PPO_25000_bzip2__instcount_512,10000,14563,1.1080,1.97,0.081648,[.00
PPO_25000_bzip2__instcount_512,10000,13855,1.1633,2.07,0.105276,[.00
PPO_25000_bzip2__instcount_512,10000,13492,1.1916,2.13,0.082355,[.00
PPO_25000_bzip2__instcount_512,10000,14382,1.1221,1.99,0.083227,[.00
PPO_25000_bzip2__instcount_512,10000,13944,1.1563,2.06,0.081174,[.00
PPO_25000_bzip2__instcount_512,10000,13483,1.1923,2.13,0.080502,[.00
PPO_25000_bzip2__instcount_512,10000,14345,1.1250,2.00,0.079055,[.00
PPO_25000_bzip2__instcount_512,10000,14487,1.1139,1.98,0.080707,[.00
PPO_25000_bzip2__instcount_512,10000,14397,1.1209,1.99,0.082274,[.00
PPO_25000_bzip2__instcount_512,10000,13531,1.1886,2.12,0.080275,[.00
PPO_25000_bzip2__instcount_512,10000,14355,1.1242,2.00,0.084915,[.00
PPO_25000_bzip2__instcount_512,10000,14364,1.1235,2.00,0.081676,[.00
PPO_25000_bzip2__instcount_512,10000,14188,1.1373,2.02,0.084024,[.00
PPO_25000_bzip2__instcount_512,10000,13656,1.1788,2.10,0.082934,[.00
PPO_25000_bzip2__instcount_512,10000,14038,1.1490,2.04,0.078955,[.00
PPO_25000_bzip2__instcount_512,10000,14333,1.1259,2.00,0.083008,[.00
PPO_25000_bzip2__instcount_512,10000,14207,1.1358,2.02,0.082041,[.00
PPO_25000_bzip2__instcount_512,10000,13926,1.1577,2.06,0.084991,[.00
PPO_25000_bzip2__instcount_512,10000,14055,1.1477,2.04,0.082329,[.00
PPO_25000_bzip2__instcount_512,10000,13532,1.1885,2.12,0.079186,[.00
PPO_25000_bzip2__instcount_512,10000,14294,1.1290,2.01,0.083564,[.00
PPO_25000_bzip2__instcount_512,10000,13421,1.1972,2.14,0.081902,[.00
PPO_25000_bzip2__instcount_512,10000,13480,1.1926,2.13,0.082539,[.00
PPO_25000_bzip2__instcount_512,10000,14148,1.1404,2.03,0.081853,[.00
PPO_25000_bzip2__instcount_512,10000,13844,1.1641,2.07,0.077835,[.00
PPO_25000_bzip2__instcount_512,10000,13702,1.1752,2.09,0.08017,[.00
PPO_25000_bzip2__instcount_512,10000,13726,1.1734,2.09,0.084743,[.00
PPO_25000_bzip2__instcount_512,10000,15838,1.0084,1.81,0.069596,[.00
PPO_25000_bzip2__instcount_512,10000,14237,1.1334,2.01,0.085149,[.00
PPO_25000_bzip2__instcount_512,10000,14112,1.1432,2.03,0.080484,[.00
PPO_25000_bzip2__instcount_512,10000,14272,1.1307,2.01,0.08352,[.00
PPO_25000_bzip2__instcount_512,10000,14511,1.1120,1.98,0.081516,[.00
PPO_25000_bzip2__instcount_512,10000,14479,1.1145,1.98,0.081637,[.00
PPO_25000_bzip2__instcount_512,10000,13947,1.1561,2.06,0.079258,[.00
PPO_25000_bzip2__instcount_512,10000,14370,1.1231,2.00,0.081599,[.00
PPO_25000_bzip2__instcount_512,10000,13708,1.1748,2.09,0.08014,[.00
PPO_25000_bzip2__instcount_512,10000,13758,1.1709,2.08,0.083602,[.00
PPO_25000_bzip2__instcount_512,10000,14175,1.1383,2.02,0.081582,[.00
PPO_25000_bzip2__instcount_512,10000,13671,1.1777,2.10,0.081705,[.00
PPO_25000_bzip2__instcount_512,10000,13986,1.1531,2.05,0.07969,[.00
PPO_25000_bzip2__instcount_512,10000,14377,1.1225,1.99,0.082992,[.00
PPO_25000_bzip2__instcount_512,10000,14221,1.1347,2.02,0.081594,[.00
PPO_25000_bzip2__instcount_512,10000,14678,1.0990,1.95,0.085536,[.00
PPO_25000_bzip2__instcount_512,10000,14778,1.0912,1.94,0.069831,[.00
PPO_25000_bzip2__instcount_512,10000,14508,1.1123,1.98,0.082559,[.00
PPO_25000_bzip2__instcount_512,10000,15033,1.0713,1.91,0.071016,[.00
PPO_25000_bzip2__instcount_512,10000,14104,1.1438,2.03,0.082772,[.00
PPO_25000_bzip2__instcount_512,10000,13729,1.1731,2.09,0.081458,[.00
PPO_25000_bzip2__instcount_512,10000,13473,1.1931,2.13,0.089185,[.00
PPO_25000_bzip2__instcount_512,10000,14073,1.1463,2.04,0.0789,[.00
PPO_25000_bzip2__instcount_512,10000,14588,1.1060,1.97,0.079234,[.00
PPO_25000_bzip2__instcount_512,10000,14171,1.1386,2.02,0.085945,[.00
PPO_25000_bzip2__instcount_512,11000,13719,1.1739,2.09,0.083895,[.00
PPO_25000_bzip2__instcount_512,11000,15123,1.0642,1.90,0.072039,[.00
PPO_25000_bzip2__instcount_512,11000,13821,1.1659,2.08,0.08141,[.00
PPO_25000_bzip2__instcount_512,11000,13430,1.1965,2.14,0.080862,[.00
PPO_25000_bzip2__instcount_512,11000,14196,1.1366,2.02,0.085094,[.00
PPO_25000_bzip2__instcount_512,11000,13703,1.1752,2.09,0.090704,[.00
PPO_25000_bzip2__instcount_512,11000,14976,1.0757,1.91,0.08128,[.00
PPO_25000_bzip2__instcount_512,11000,14233,1.1338,2.01,0.080291,[.00
PPO_25000_bzip2__instcount_512,11000,13889,1.1606,2.06,0.080247,[.00
PPO_25000_bzip2__instcount_512,11000,14218,1.1349,2.02,0.089878,[.00
PPO_25000_bzip2__instcount_512,11000,13675,1.1773,2.10,0.081254,[.00
PPO_25000_bzip2__instcount_512,11000,13905,1.1594,2.06,0.083707,[.00
PPO_25000_bzip2__instcount_512,11000,13770,1.1699,2.08,0.082795,[.00
PPO_25000_bzip2__instcount_512,11000,14199,1.1364,2.02,0.079185,[.00
PPO_25000_bzip2__instcount_512,11000,14713,1.0963,1.95,0.069683,[.00
PPO_25000_bzip2__instcount_512,11000,13961,1.1550,2.05,0.082324,[.00
PPO_25000_bzip2__instcount_512,11000,14219,1.1349,2.02,0.081058,[.00
PPO_25000_bzip2__instcount_512,11000,13853,1.1634,2.07,0.085923,[.00
PPO_25000_bzip2__instcount_512,11000,13851,1.1636,2.07,0.079976,[.00
PPO_25000_bzip2__instcount_512,11000,13957,1.1553,2.05,0.081412,[.00
PPO_25000_bzip2__instcount_512,11000,14813,1.0885,1.94,0.083021,[.00
PPO_25000_bzip2__instcount_512,11000,13527,1.1889,2.12,0.081385,[.00
PPO_25000_bzip2__instcount_512,11000,13665,1.1781,2.10,0.080651,[.00
PPO_25000_bzip2__instcount_512,11000,13946,1.1562,2.06,0.086049,[.00
PPO_25000_bzip2__instcount_512,11000,13628,1.1810,2.10,0.08081,[.00
PPO_25000_bzip2__instcount_512,11000,14984,1.0751,1.91,0.082769,[.00
PPO_25000_bzip2__instcount_512,11000,14067,1.1467,2.04,0.078357,[.00
PPO_25000_bzip2__instcount_512,11000,13352,1.2026,2.15,0.081658,[.00
PPO_25000_bzip2__instcount_512,11000,14596,1.1054,1.96,0.070116,[.00
PPO_25000_bzip2__instcount_512,11000,13700,1.1754,2.09,0.090973,[.00
PPO_25000_bzip2__instcount_512,11000,14133,1.1416,2.03,0.085192,[.00
PPO_25000_bzip2__instcount_512,11000,14705,1.0969,1.95,0.080662,[.00
PPO_25000_bzip2__instcount_512,11000,13922,1.1581,2.06,0.082385,[.00
PPO_25000_bzip2__instcount_512,11000,14963,1.0767,1.92,0.072891,[.00
PPO_25000_bzip2__instcount_512,11000,14563,1.1080,1.97,0.08317,[.00
PPO_25000_bzip2__instcount_512,11000,14511,1.1120,1.98,0.084927,[.00
PPO_25000_bzip2__instcount_512,11000,13954,1.1556,2.06,0.084753,[.00
PPO_25000_bzip2__instcount_512,11000,14734,1.0946,1.95,0.088443,[.00
PPO_25000_bzip2__instcount_512,11000,15460,1.0379,1.85,0.071353,[.00
PPO_25000_bzip2__instcount_512,11000,13554,1.1868,2.12,0.082164,[.00
PPO_25000_bzip2__instcount_512,11000,13843,1.1642,2.07,0.081238,[.00
PPO_25000_bzip2__instcount_512,11000,14065,1.1469,2.04,0.078361,[.00
PPO_25000_bzip2__instcount_512,11000,13685,1.1766,2.10,0.087509,[.00
PPO_25000_bzip2__instcount_512,11000,14008,1.1513,2.05,0.085946,[.00
PPO_25000_bzip2__instcount_512,11000,14455,1.1164,1.98,0.082812,[.00
PPO_25000_bzip2__instcount_512,11000,13588,1.1841,2.11,0.080783,[.00
PPO_25000_bzip2__instcount_512,11000,13873,1.1619,2.07,0.085622,[.00
PPO_25000_bzip2__instcount_512,11000,14010,1.1512,2.05,0.07936,[.00
PPO_25000_bzip2__instcount_512,11000,15481,1.0363,1.85,0.082127,[.00
PPO_25000_bzip2__instcount_512,11000,13517,1.1897,2.12,0.08011,[.00
PPO_25000_bzip2__instcount_512,11000,14061,1.1472,2.04,0.079053,[.00
PPO_25000_bzip2__instcount_512,11000,13573,1.1853,2.11,0.084456,[.00
PPO_25000_bzip2__instcount_512,11000,14623,1.1033,1.96,0.082297,[.00
PPO_25000_bzip2__instcount_512,11000,13456,1.1945,2.13,0.080756,[.00
PPO_25000_bzip2__instcount_512,11000,13933,1.1572,2.06,0.077645,[.00
PPO_25000_bzip2__instcount_512,11000,14335,1.1258,2.00,0.081424,[.00
PPO_25000_bzip2__instcount_512,11000,14474,1.1149,1.98,0.084478,[.00
PPO_25000_bzip2__instcount_512,11000,13930,1.1574,2.06,0.082006,[.00
PPO_25000_bzip2__instcount_512,11000,13315,1.2055,2.15,0.078983,[.00
PPO_25000_bzip2__instcount_512,11000,13617,1.1819,2.11,0.082825,[.00
PPO_25000_bzip2__instcount_512,11000,14058,1.1474,2.04,0.081295,[.00
PPO_25000_bzip2__instcount_512,11000,14573,1.1072,1.97,0.075009,[.00
PPO_25000_bzip2__instcount_512,11000,14478,1.1146,1.98,0.066904,[.00
PPO_25000_bzip2__instcount_512,11000,14023,1.1502,2.05,0.082088,[.00
PPO_25000_bzip2__instcount_512,11000,15750,1.0153,1.82,0.096943,[.00
PPO_25000_bzip2__instcount_512,11000,13815,1.1664,2.08,0.080212,[.00
PPO_25000_bzip2__instcount_512,11000,13813,1.1666,2.08,0.08198,[.00
PPO_25000_bzip2__instcount_512,11000,13768,1.1701,2.08,0.080701,[.00
PPO_25000_bzip2__instcount_512,11000,13967,1.1545,2.05,0.077998,[.00
PPO_25000_bzip2__instcount_512,11000,13797,1.1678,2.08,0.082683,[.00
PPO_25000_bzip2__instcount_512,11000,14119,1.1427,2.03,0.093773,[.00
PPO_25000_bzip2__instcount_512,11000,14511,1.1120,1.98,0.073554,[.00
PPO_25000_bzip2__instcount_512,11000,13713,1.1744,2.09,0.078124,[.00
PPO_25000_bzip2__instcount_512,11000,14374,1.1227,2.00,0.082043,[.00
PPO_25000_bzip2__instcount_512,11000,13694,1.1759,2.09,0.078664,[.00
PPO_25000_bzip2__instcount_512,11000,15275,1.0524,1.88,0.082711,[.00
PPO_25000_bzip2__instcount_512,11000,13683,1.1767,2.10,0.081761,[.00
PPO_25000_bzip2__instcount_512,11000,13773,1.1697,2.08,0.082012,[.00
PPO_25000_bzip2__instcount_512,11000,13935,1.1570,2.06,0.078356,[.00
PPO_25000_bzip2__instcount_512,11000,14720,1.0957,1.95,0.096263,[.00
PPO_25000_bzip2__instcount_512,11000,13999,1.1520,2.05,0.080769,[.00
PPO_25000_bzip2__instcount_512,11000,14254,1.1321,2.01,0.082452,[.00
PPO_25000_bzip2__instcount_512,11000,14308,1.1279,2.00,0.087302,[.00
PPO_25000_bzip2__instcount_512,11000,13466,1.1937,2.13,0.079031,[.00
PPO_25000_bzip2__instcount_512,11000,14528,1.1107,1.97,0.07293,[.00
PPO_25000_bzip2__instcount_512,11000,13737,1.1725,2.09,0.077076,[.00
PPO_25000_bzip2__instcount_512,11000,13578,1.1849,2.11,0.081334,[.00
PPO_25000_bzip2__instcount_512,11000,14030,1.1496,2.04,0.082569,[.00
PPO_25000_bzip2__instcount_512,11000,14080,1.1457,2.04,0.084094,[.00
PPO_25000_bzip2__instcount_512,11000,13884,1.1610,2.07,0.087951,[.00
PPO_25000_bzip2__instcount_512,11000,13689,1.1763,2.10,0.084139,[.00
PPO_25000_bzip2__instcount_512,11000,14916,1.0804,1.92,0.070931,[.00
PPO_25000_bzip2__instcount_512,11000,13430,1.1965,2.14,0.08132,[.00
PPO_25000_bzip2__instcount_512,11000,13469,1.1934,2.13,0.07922,[.00
PPO_25000_bzip2__instcount_512,11000,13725,1.1734,2.09,0.082015,[.00
PPO_25000_bzip2__instcount_512,11000,13892,1.1604,2.06,0.09126,[.00
PPO_25000_bzip2__instcount_512,11000,13490,1.1918,2.13,0.09035,[.00
PPO_25000_bzip2__instcount_512,11000,14238,1.1334,2.01,0.082391,[.00
PPO_25000_bzip2__instcount_512,11000,13738,1.1724,2.09,0.078085,[.00
PPO_25000_bzip2__instcount_512,11000,14110,1.1434,2.03,0.087185,[.00
PPO_25000_bzip2__instcount_512,12000,13723,1.1736,2.09,0.081368,[.00
PPO_25000_bzip2__instcount_512,12000,13296,1.2069,2.16,0.080075,[.00
PPO_25000_bzip2__instcount_512,12000,13606,1.1827,2.11,0.082004,[.00
PPO_25000_bzip2__instcount_512,12000,14197,1.1366,2.02,0.083759,[.00
PPO_25000_bzip2__instcount_512,12000,14417,1.1194,1.99,0.078908,[.00
PPO_25000_bzip2__instcount_512,12000,13737,1.1725,2.09,0.080658,[.00
PPO_25000_bzip2__instcount_512,12000,13407,1.1983,2.14,0.080459,[.00
PPO_25000_bzip2__instcount_512,12000,13832,1.1651,2.07,0.085726,[.00
PPO_25000_bzip2__instcount_512,12000,13750,1.1715,2.09,0.079129,[.00
PPO_25000_bzip2__instcount_512,12000,13350,1.2027,2.15,0.080655,[.00
PPO_25000_bzip2__instcount_512,12000,13359,1.2020,2.15,0.086138,[.00
PPO_25000_bzip2__instcount_512,12000,13972,1.1541,2.05,0.08165,[.00
PPO_25000_bzip2__instcount_512,12000,13750,1.1715,2.09,0.078819,[.00
PPO_25000_bzip2__instcount_512,12000,13292,1.2073,2.16,0.080646,[.00
PPO_25000_bzip2__instcount_512,12000,15256,1.0538,1.88,0.082539,[.00
PPO_25000_bzip2__instcount_512,12000,13328,1.2044,2.15,0.082932,[.00
PPO_25000_bzip2__instcount_512,12000,13288,1.2076,2.16,0.081941,[.00
PPO_25000_bzip2__instcount_512,12000,14117,1.1428,2.03,0.086723,[.00
PPO_25000_bzip2__instcount_512,12000,13437,1.1959,2.13,0.098911,[.00
PPO_25000_bzip2__instcount_512,12000,14269,1.1309,2.01,0.08798,[.00
PPO_25000_bzip2__instcount_512,12000,14477,1.1147,1.98,0.072056,[.00
PPO_25000_bzip2__instcount_512,12000,13756,1.1710,2.08,0.086423,[.00
PPO_25000_bzip2__instcount_512,12000,13495,1.1914,2.13,0.08012,[.00
PPO_25000_bzip2__instcount_512,12000,14940,1.0785,1.92,0.080238,[.00
PPO_25000_bzip2__instcount_512,12000,14026,1.1499,2.04,0.083402,[.00
PPO_25000_bzip2__instcount_512,12000,13315,1.2055,2.15,0.08292,[.00
PPO_25000_bzip2__instcount_512,12000,14002,1.1518,2.05,0.083026,[.00
PPO_25000_bzip2__instcount_512,12000,13407,1.1983,2.14,0.079238,[.00
PPO_25000_bzip2__instcount_512,12000,13426,1.1968,2.14,0.079335,[.00
PPO_25000_bzip2__instcount_512,12000,13815,1.1664,2.08,0.081744,[.00
PPO_25000_bzip2__instcount_512,12000,13674,1.1774,2.10,0.082487,[.00
PPO_25000_bzip2__instcount_512,12000,14422,1.1190,1.99,0.081493,[.00
PPO_25000_bzip2__instcount_512,12000,13822,1.1659,2.07,0.082984,[.00
PPO_25000_bzip2__instcount_512,12000,14420,1.1192,1.99,0.069738,[.00
PPO_25000_bzip2__instcount_512,12000,13504,1.1907,2.12,0.08027,[.00
PPO_25000_bzip2__instcount_512,12000,13840,1.1645,2.07,0.081825,[.00
PPO_25000_bzip2__instcount_512,12000,14627,1.1030,1.96,0.083438,[.00
PPO_25000_bzip2__instcount_512,12000,13439,1.1958,2.13,0.078715,[.00
PPO_25000_bzip2__instcount_512,12000,13537,1.1881,2.12,0.08722,[.00
PPO_25000_bzip2__instcount_512,12000,13732,1.1729,2.09,0.079741,[.00
PPO_25000_bzip2__instcount_512,12000,13732,1.1729,2.09,0.083486,[.00
PPO_25000_bzip2__instcount_512,12000,13484,1.1923,2.13,0.081014,[.00
PPO_25000_bzip2__instcount_512,12000,13447,1.1952,2.13,0.081778,[.00
PPO_25000_bzip2__instcount_512,12000,14703,1.0970,1.95,0.081449,[.00
PPO_25000_bzip2__instcount_512,12000,14863,1.0845,1.93,0.069727,[.00
PPO_25000_bzip2__instcount_512,12000,14418,1.1193,1.99,0.079792,[.00
PPO_25000_bzip2__instcount_512,12000,13758,1.1709,2.08,0.078929,[.00
PPO_25000_bzip2__instcount_512,12000,13903,1.1595,2.06,0.083467,[.00
PPO_25000_bzip2__instcount_512,12000,14183,1.1377,2.02,0.080642,[.00
PPO_25000_bzip2__instcount_512,12000,13824,1.1657,2.07,0.078365,[.00
PPO_25000_bzip2__instcount_512,12000,14067,1.1467,2.04,0.081155,[.00
PPO_25000_bzip2__instcount_512,12000,13996,1.1523,2.05,0.082555,[.00
PPO_25000_bzip2__instcount_512,12000,13693,1.1759,2.09,0.078772,[.00
PPO_25000_bzip2__instcount_512,12000,14934,1.0790,1.92,0.085885,[.00
PPO_25000_bzip2__instcount_512,12000,13415,1.1977,2.14,0.081033,[.00
PPO_25000_bzip2__instcount_512,12000,13419,1.1973,2.14,0.080822,[.00
PPO_25000_bzip2__instcount_512,12000,13563,1.1861,2.11,0.083589,[.00
PPO_25000_bzip2__instcount_512,12000,13576,1.1851,2.11,0.085069,[.00
PPO_25000_bzip2__instcount_512,12000,14525,1.1109,1.97,0.082894,[.00
PPO_25000_bzip2__instcount_512,12000,13664,1.1782,2.10,0.08029,[.00
PPO_25000_bzip2__instcount_512,12000,13626,1.1812,2.10,0.081574,[.00
PPO_25000_bzip2__instcount_512,12000,15544,1.0314,1.84,0.069669,[.00
PPO_25000_bzip2__instcount_512,12000,13466,1.1937,2.13,0.081231,[.00
PPO_25000_bzip2__instcount_512,12000,14181,1.1378,2.02,0.081198,[.00
PPO_25000_bzip2__instcount_512,12000,13511,1.1902,2.12,0.078351,[.00
PPO_25000_bzip2__instcount_512,12000,13283,1.2080,2.16,0.078551,[.00
PPO_25000_bzip2__instcount_512,12000,13586,1.1843,2.11,0.083312,[.00
PPO_25000_bzip2__instcount_512,12000,14389,1.1216,1.99,0.08163,[.00
PPO_25000_bzip2__instcount_512,12000,13875,1.1617,2.07,0.079098,[.00
PPO_25000_bzip2__instcount_512,12000,13724,1.1735,2.09,0.081991,[.00
PPO_25000_bzip2__instcount_512,12000,13950,1.1559,2.06,0.080709,[.00
PPO_25000_bzip2__instcount_512,12000,13388,1.1998,2.14,0.083034,[.00
PPO_25000_bzip2__instcount_512,12000,13713,1.1744,2.09,0.079055,[.00
PPO_25000_bzip2__instcount_512,12000,13934,1.1571,2.06,0.078579,[.00
PPO_25000_bzip2__instcount_512,12000,13446,1.1952,2.13,0.082191,[.00
PPO_25000_bzip2__instcount_512,12000,15713,1.0182,1.82,0.098319,[.00
PPO_25000_bzip2__instcount_512,12000,13888,1.1607,2.06,0.077253,[.00
PPO_25000_bzip2__instcount_512,12000,13379,1.2005,2.14,0.081151,[.00
PPO_25000_bzip2__instcount_512,12000,13436,1.1960,2.13,0.082406,[.00
PPO_25000_bzip2__instcount_512,12000,13458,1.1943,2.13,0.080809,[.00
PPO_25000_bzip2__instcount_512,12000,15639,1.0239,1.83,0.086091,[.00
PPO_25000_bzip2__instcount_512,12000,13394,1.1993,2.14,0.084827,[.00
PPO_25000_bzip2__instcount_512,12000,13638,1.1802,2.10,0.085509,[.00
PPO_25000_bzip2__instcount_512,12000,14895,1.0820,1.93,0.067879,[.00
PPO_25000_bzip2__instcount_512,12000,13885,1.1609,2.07,0.078322,[.00
PPO_25000_bzip2__instcount_512,12000,13859,1.1630,2.07,0.084204,[.00
PPO_25000_bzip2__instcount_512,12000,14058,1.1474,2.04,0.079538,[.00
PPO_25000_bzip2__instcount_512,12000,13945,1.1563,2.06,0.080262,[.00
PPO_25000_bzip2__instcount_512,12000,13372,1.2010,2.14,0.079155,[.00
PPO_25000_bzip2__instcount_512,12000,13452,1.1948,2.13,0.080542,[.00
PPO_25000_bzip2__instcount_512,12000,13420,1.1973,2.14,0.086177,[.00
PPO_25000_bzip2__instcount_512,12000,13739,1.1723,2.09,0.08091,[.00
PPO_25000_bzip2__instcount_512,12000,13370,1.2012,2.15,0.080136,[.00
PPO_25000_bzip2__instcount_512,12000,13504,1.1907,2.12,0.080435,[.00
PPO_25000_bzip2__instcount_512,12000,13771,1.1698,2.08,0.082743,[.00
PPO_25000_bzip2__instcount_512,12000,13754,1.1712,2.09,0.080107,[.00
PPO_25000_bzip2__instcount_512,12000,13303,1.2064,2.16,0.089659,[.00
PPO_25000_bzip2__instcount_512,12000,13803,1.1673,2.08,0.082178,[.00
PPO_25000_bzip2__instcount_512,12000,13842,1.1643,2.07,0.081666,[.00
PPO_25000_bzip2__instcount_512,12000,13380,1.2004,2.14,0.084017,[.00
PPO_25000_bzip2__instcount_512,13000,13666,1.1780,2.10,0.083059,[.00
PPO_25000_bzip2__instcount_512,13000,13511,1.1902,2.12,0.078447,[.00
PPO_25000_bzip2__instcount_512,13000,13495,1.1914,2.13,0.085814,[.00
PPO_25000_bzip2__instcount_512,13000,13803,1.1673,2.08,0.081446,[.00
PPO_25000_bzip2__instcount_512,13000,13461,1.1941,2.13,0.080963,[.00
PPO_25000_bzip2__instcount_512,13000,13415,1.1977,2.14,0.083361,[.00
PPO_25000_bzip2__instcount_512,13000,13303,1.2064,2.16,0.078725,[.00
PPO_25000_bzip2__instcount_512,13000,13383,1.2002,2.14,0.092024,[.00
PPO_25000_bzip2__instcount_512,13000,13562,1.1862,2.11,0.080235,[.00
PPO_25000_bzip2__instcount_512,13000,13970,1.1543,2.05,0.080004,[.00
PPO_25000_bzip2__instcount_512,13000,13435,1.1961,2.13,0.078789,[.00
PPO_25000_bzip2__instcount_512,13000,13600,1.1832,2.11,0.078374,[.00
PPO_25000_bzip2__instcount_512,13000,13900,1.1598,2.06,0.083428,[.00
PPO_25000_bzip2__instcount_512,13000,14116,1.1429,2.03,0.079757,[.00
PPO_25000_bzip2__instcount_512,13000,13927,1.1577,2.06,0.0814,[.00
PPO_25000_bzip2__instcount_512,13000,13412,1.1979,2.14,0.08058,[.00
PPO_25000_bzip2__instcount_512,13000,13545,1.1875,2.12,0.08418,[.00
PPO_25000_bzip2__instcount_512,13000,13387,1.1998,2.14,0.08095,[.00
PPO_25000_bzip2__instcount_512,13000,14163,1.1392,2.02,0.079061,[.00
PPO_25000_bzip2__instcount_512,13000,13385,1.2000,2.14,0.080011,[.00
PPO_25000_bzip2__instcount_512,13000,14028,1.1498,2.04,0.081601,[.00
PPO_25000_bzip2__instcount_512,13000,13410,1.1980,2.14,0.082635,[.00
PPO_25000_bzip2__instcount_512,13000,13876,1.1616,2.07,0.079403,[.00
PPO_25000_bzip2__instcount_512,13000,13769,1.1700,2.08,0.081676,[.00
PPO_25000_bzip2__instcount_512,13000,13490,1.1918,2.13,0.076893,[.00
PPO_25000_bzip2__instcount_512,13000,13299,1.2067,2.16,0.080165,[.00
PPO_25000_bzip2__instcount_512,13000,13395,1.1992,2.14,0.083895,[.00
PPO_25000_bzip2__instcount_512,13000,13480,1.1926,2.13,0.081997,[.00
PPO_25000_bzip2__instcount_512,13000,13467,1.1936,2.13,0.079159,[.00
PPO_25000_bzip2__instcount_512,13000,13402,1.1987,2.14,0.084293,[.00
PPO_25000_bzip2__instcount_512,13000,14012,1.1510,2.05,0.079393,[.00
PPO_25000_bzip2__instcount_512,13000,13349,1.2028,2.15,0.078745,[.00
PPO_25000_bzip2__instcount_512,13000,13969,1.1544,2.05,0.082164,[.00
PPO_25000_bzip2__instcount_512,13000,13728,1.1732,2.09,0.076325,[.00
PPO_25000_bzip2__instcount_512,13000,13798,1.1677,2.08,0.07889,[.00
PPO_25000_bzip2__instcount_512,13000,14377,1.1225,1.99,0.08064,[.00
PPO_25000_bzip2__instcount_512,13000,13867,1.1623,2.07,0.083466,[.00
PPO_25000_bzip2__instcount_512,13000,13445,1.1953,2.13,0.08385,[.00
PPO_25000_bzip2__instcount_512,13000,13624,1.1813,2.11,0.082724,[.00
PPO_25000_bzip2__instcount_512,13000,15176,1.0601,1.89,0.0931,[.00
PPO_25000_bzip2__instcount_512,13000,14230,1.1340,2.02,0.08539,[.00
PPO_25000_bzip2__instcount_512,13000,13793,1.1681,2.08,0.081665,[.00
PPO_25000_bzip2__instcount_512,13000,15232,1.0557,1.88,0.086645,[.00
PPO_25000_bzip2__instcount_512,13000,14330,1.1262,2.00,0.072502,[.00
PPO_25000_bzip2__instcount_512,13000,13496,1.1913,2.13,0.083819,[.00
PPO_25000_bzip2__instcount_512,13000,13382,1.2002,2.14,0.079009,[.00
PPO_25000_bzip2__instcount_512,13000,14018,1.1506,2.05,0.078983,[.00
PPO_25000_bzip2__instcount_512,13000,14447,1.1170,1.98,0.086996,[.00
PPO_25000_bzip2__instcount_512,13000,13479,1.1927,2.13,0.080571,[.00
PPO_25000_bzip2__instcount_512,13000,13451,1.1948,2.13,0.079335,[.00
PPO_25000_bzip2__instcount_512,13000,13538,1.1880,2.12,0.080795,[.00
PPO_25000_bzip2__instcount_512,13000,13838,1.1646,2.07,0.080237,[.00
PPO_25000_bzip2__instcount_512,13000,13682,1.1768,2.10,0.079881,[.00
PPO_25000_bzip2__instcount_512,13000,13592,1.1838,2.11,0.086886,[.00
PPO_25000_bzip2__instcount_512,13000,14051,1.1480,2.04,0.089101,[.00
PPO_25000_bzip2__instcount_512,13000,13778,1.1693,2.08,0.094707,[.00
PPO_25000_bzip2__instcount_512,13000,13533,1.1884,2.12,0.079979,[.00
PPO_25000_bzip2__instcount_512,13000,13383,1.2002,2.14,0.079799,[.00
PPO_25000_bzip2__instcount_512,13000,13959,1.1552,2.05,0.079978,[.00
PPO_25000_bzip2__instcount_512,13000,13468,1.1935,2.13,0.086068,[.00
PPO_25000_bzip2__instcount_512,13000,13536,1.1882,2.12,0.083214,[.00
PPO_25000_bzip2__instcount_512,13000,13990,1.1527,2.05,0.081693,[.00
PPO_25000_bzip2__instcount_512,13000,13588,1.1841,2.11,0.081926,[.00
PPO_25000_bzip2__instcount_512,13000,13984,1.1532,2.05,0.082975,[.00
PPO_25000_bzip2__instcount_512,13000,13781,1.1691,2.08,0.082939,[.00
PPO_25000_bzip2__instcount_512,13000,13778,1.1693,2.08,0.087172,[.00
PPO_25000_bzip2__instcount_512,13000,13444,1.1954,2.13,0.081514,[.00
PPO_25000_bzip2__instcount_512,13000,13625,1.1812,2.10,0.081788,[.00
PPO_25000_bzip2__instcount_512,13000,13369,1.2012,2.15,0.08124,[.00
PPO_25000_bzip2__instcount_512,13000,13358,1.2021,2.15,0.081823,[.00
PPO_25000_bzip2__instcount_512,13000,13403,1.1986,2.14,0.079159,[.00
PPO_25000_bzip2__instcount_512,13000,13972,1.1541,2.05,0.08075,[.00
PPO_25000_bzip2__instcount_512,13000,13667,1.1780,2.10,0.081041,[.00
PPO_25000_bzip2__instcount_512,13000,14138,1.1412,2.03,0.083869,[.00
PPO_25000_bzip2__instcount_512,13000,13442,1.1955,2.13,0.081466,[.00
PPO_25000_bzip2__instcount_512,13000,13691,1.1761,2.09,0.081183,[.00
PPO_25000_bzip2__instcount_512,13000,13542,1.1877,2.12,0.081073,[.00
PPO_25000_bzip2__instcount_512,13000,13643,1.1798,2.10,0.083315,[.00
PPO_25000_bzip2__instcount_512,13000,13442,1.1955,2.13,0.084153,[.00
PPO_25000_bzip2__instcount_512,13000,15437,1.0397,1.86,0.069823,[.00
PPO_25000_bzip2__instcount_512,13000,13413,1.1978,2.14,0.078033,[.00
PPO_25000_bzip2__instcount_512,13000,13450,1.1949,2.13,0.091136,[.00
PPO_25000_bzip2__instcount_512,13000,13348,1.2029,2.15,0.080462,[.00
PPO_25000_bzip2__instcount_512,13000,14223,1.1345,2.02,0.081125,[.00
PPO_25000_bzip2__instcount_512,13000,13854,1.1634,2.07,0.078166,[.00
PPO_25000_bzip2__instcount_512,13000,13406,1.1984,2.14,0.082085,[.00
PPO_25000_bzip2__instcount_512,13000,13921,1.1581,2.06,0.086291,[.00
PPO_25000_bzip2__instcount_512,13000,14737,1.0944,1.95,0.072404,[.00
PPO_25000_bzip2__instcount_512,13000,13742,1.1721,2.09,0.081457,[.00
PPO_25000_bzip2__instcount_512,13000,14547,1.1092,1.97,0.087196,[.00
PPO_25000_bzip2__instcount_512,13000,13785,1.1688,2.08,0.083682,[.00
PPO_25000_bzip2__instcount_512,13000,14425,1.1188,1.99,0.070958,[.00
PPO_25000_bzip2__instcount_512,13000,13948,1.1560,2.06,0.080406,[.00
PPO_25000_bzip2__instcount_512,13000,13461,1.1941,2.13,0.081539,[.00
PPO_25000_bzip2__instcount_512,13000,13638,1.1802,2.10,0.080413,[.00
PPO_25000_bzip2__instcount_512,13000,14370,1.1231,2.00,0.083936,[.00
PPO_25000_bzip2__instcount_512,13000,13567,1.1858,2.11,0.077029,[.00
PPO_25000_bzip2__instcount_512,13000,13666,1.1780,2.10,0.079803,[.00
PPO_25000_bzip2__instcount_512,13000,13540,1.1879,2.12,0.082348,[.00
PPO_25000_bzip2__instcount_512,13000,13648,1.1795,2.10,0.081595,[.00
PPO_25000_bzip2__instcount_512,14000,14304,1.1282,2.00,0.087179,[.00
PPO_25000_bzip2__instcount_512,14000,13516,1.1898,2.12,0.081378,[.00
PPO_25000_bzip2__instcount_512,14000,13651,1.1792,2.10,0.080682,[.00
PPO_25000_bzip2__instcount_512,14000,13672,1.1776,2.10,0.088892,[.00
PPO_25000_bzip2__instcount_512,14000,13342,1.2034,2.15,0.084444,[.00
PPO_25000_bzip2__instcount_512,14000,13377,1.2006,2.14,0.07979,[.00
PPO_25000_bzip2__instcount_512,14000,13469,1.1934,2.13,0.08018,[.00
PPO_25000_bzip2__instcount_512,14000,13931,1.1573,2.06,0.085578,[.00
PPO_25000_bzip2__instcount_512,14000,13477,1.1928,2.13,0.081197,[.00
PPO_25000_bzip2__instcount_512,14000,13905,1.1594,2.06,0.077299,[.00
PPO_25000_bzip2__instcount_512,14000,13547,1.1873,2.12,0.079606,[.00
PPO_25000_bzip2__instcount_512,14000,13823,1.1658,2.07,0.082419,[.00
PPO_25000_bzip2__instcount_512,14000,13645,1.1797,2.10,0.079314,[.00
PPO_25000_bzip2__instcount_512,14000,14251,1.1324,2.01,0.081678,[.00
PPO_25000_bzip2__instcount_512,14000,14367,1.1233,2.00,0.068917,[.00
PPO_25000_bzip2__instcount_512,14000,14567,1.1077,1.97,0.082725,[.00
PPO_25000_bzip2__instcount_512,14000,13483,1.1923,2.13,0.082063,[.00
PPO_25000_bzip2__instcount_512,14000,13420,1.1973,2.14,0.078118,[.00
PPO_25000_bzip2__instcount_512,14000,13965,1.1547,2.05,0.078287,[.00
PPO_25000_bzip2__instcount_512,14000,14289,1.1294,2.01,0.085321,[.00
PPO_25000_bzip2__instcount_512,14000,13690,1.1762,2.09,0.082882,[.00
PPO_25000_bzip2__instcount_512,14000,13428,1.1966,2.14,0.082262,[.00
PPO_25000_bzip2__instcount_512,14000,13707,1.1748,2.09,0.077685,[.00
PPO_25000_bzip2__instcount_512,14000,13439,1.1958,2.13,0.078602,[.00
PPO_25000_bzip2__instcount_512,14000,13919,1.1583,2.06,0.088805,[.00
PPO_25000_bzip2__instcount_512,14000,14670,1.0996,1.95,0.069577,[.00
PPO_25000_bzip2__instcount_512,14000,13503,1.1908,2.12,0.08226,[.00
PPO_25000_bzip2__instcount_512,14000,13419,1.1973,2.14,0.081618,[.00
PPO_25000_bzip2__instcount_512,14000,14543,1.1095,1.97,0.07044,[.00
PPO_25000_bzip2__instcount_512,14000,13290,1.2074,2.16,0.07936,[.00
PPO_25000_bzip2__instcount_512,14000,13514,1.1899,2.12,0.089884,[.00
PPO_25000_bzip2__instcount_512,14000,13285,1.2078,2.16,0.078234,[.00
PPO_25000_bzip2__instcount_512,14000,13532,1.1885,2.12,0.080842,[.00
PPO_25000_bzip2__instcount_512,14000,13703,1.1752,2.09,0.082631,[.00
PPO_25000_bzip2__instcount_512,14000,13495,1.1914,2.13,0.085048,[.00
PPO_25000_bzip2__instcount_512,14000,13358,1.2021,2.15,0.083054,[.00
PPO_25000_bzip2__instcount_512,14000,13462,1.1940,2.13,0.08151,[.00
PPO_25000_bzip2__instcount_512,14000,13725,1.1734,2.09,0.082413,[.00
PPO_25000_bzip2__instcount_512,14000,13443,1.1955,2.13,0.079915,[.00
PPO_25000_bzip2__instcount_512,14000,14486,1.1140,1.98,0.070471,[.00
PPO_25000_bzip2__instcount_512,14000,13818,1.1662,2.08,0.090442,[.00
PPO_25000_bzip2__instcount_512,14000,13991,1.1527,2.05,0.081778,[.00
PPO_25000_bzip2__instcount_512,14000,14690,1.0981,1.95,0.0837,[.00
PPO_25000_bzip2__instcount_512,14000,13959,1.1552,2.05,0.080996,[.00
PPO_25000_bzip2__instcount_512,14000,14384,1.1220,1.99,0.073157,[.00
PPO_25000_bzip2__instcount_512,14000,13484,1.1923,2.13,0.08335,[.00
PPO_25000_bzip2__instcount_512,14000,13784,1.1688,2.08,0.083234,[.00
PPO_25000_bzip2__instcount_512,14000,13449,1.1950,2.13,0.078867,[.00
PPO_25000_bzip2__instcount_512,14000,13858,1.1630,2.07,0.083389,[.00
PPO_25000_bzip2__instcount_512,14000,13600,1.1832,2.11,0.08115,[.00
PPO_25000_bzip2__instcount_512,14000,13743,1.1720,2.09,0.081121,[.00
PPO_25000_bzip2__instcount_512,14000,13894,1.1602,2.06,0.08611,[.00
PPO_25000_bzip2__instcount_512,14000,13360,1.2019,2.15,0.08182,[.00
PPO_25000_bzip2__instcount_512,14000,13806,1.1671,2.08,0.081087,[.00
PPO_25000_bzip2__instcount_512,14000,13823,1.1658,2.07,0.079728,[.00
PPO_25000_bzip2__instcount_512,14000,13642,1.1799,2.10,0.078522,[.00
PPO_25000_bzip2__instcount_512,14000,13403,1.1986,2.14,0.079516,[.00
PPO_25000_bzip2__instcount_512,14000,13617,1.1819,2.11,0.083611,[.00
PPO_25000_bzip2__instcount_512,14000,13888,1.1607,2.06,0.080681,[.00
PPO_25000_bzip2__instcount_512,14000,13870,1.1621,2.07,0.080752,[.00
PPO_25000_bzip2__instcount_512,14000,13660,1.1785,2.10,0.085134,[.00
PPO_25000_bzip2__instcount_512,14000,14411,1.1199,1.99,0.071627,[.00
PPO_25000_bzip2__instcount_512,14000,13413,1.1978,2.14,0.084581,[.00
PPO_25000_bzip2__instcount_512,14000,13588,1.1841,2.11,0.084773,[.00
PPO_25000_bzip2__instcount_512,14000,13345,1.2031,2.15,0.081183,[.00
PPO_25000_bzip2__instcount_512,14000,13984,1.1532,2.05,0.07881,[.00
PPO_25000_bzip2__instcount_512,14000,13359,1.2020,2.15,0.080559,[.00
PPO_25000_bzip2__instcount_512,14000,13912,1.1588,2.06,0.080432,[.00
PPO_25000_bzip2__instcount_512,14000,13310,1.2059,2.15,0.079971,[.00
PPO_25000_bzip2__instcount_512,14000,13702,1.1752,2.09,0.079199,[.00
PPO_25000_bzip2__instcount_512,14000,13426,1.1968,2.14,0.08146,[.00
PPO_25000_bzip2__instcount_512,14000,13696,1.1757,2.09,0.080394,[.00
PPO_25000_bzip2__instcount_512,14000,13291,1.2073,2.16,0.086808,[.00
PPO_25000_bzip2__instcount_512,14000,13360,1.2019,2.15,0.083092,[.00
PPO_25000_bzip2__instcount_512,14000,13539,1.1880,2.12,0.079362,[.00
PPO_25000_bzip2__instcount_512,14000,13374,1.2009,2.14,0.084737,[.00
PPO_25000_bzip2__instcount_512,14000,17298,0.8943,1.66,0.06989,[.00
PPO_25000_bzip2__instcount_512,14000,13950,1.1559,2.06,0.087249,[.00
PPO_25000_bzip2__instcount_512,14000,15888,1.0045,1.80,0.047933,[.00
PPO_25000_bzip2__instcount_512,14000,13572,1.1854,2.11,0.082426,[.00
PPO_25000_bzip2__instcount_512,14000,13707,1.1748,2.09,0.077688,[.00
PPO_25000_bzip2__instcount_512,14000,13389,1.1997,2.14,0.080749,[.00
PPO_25000_bzip2__instcount_512,14000,13616,1.1820,2.11,0.081805,[.00
PPO_25000_bzip2__instcount_512,14000,13397,1.1991,2.14,0.082934,[.00
PPO_25000_bzip2__instcount_512,14000,13335,1.2039,2.15,0.080085,[.00
PPO_25000_bzip2__instcount_512,14000,13515,1.1898,2.12,0.080807,[.00
PPO_25000_bzip2__instcount_512,14000,13755,1.1711,2.09,0.087544,[.00
PPO_25000_bzip2__instcount_512,14000,13530,1.1887,2.12,0.084488,[.00
PPO_25000_bzip2__instcount_512,14000,13649,1.1794,2.10,0.077649,[.00
PPO_25000_bzip2__instcount_512,14000,13517,1.1897,2.12,0.079704,[.00
PPO_25000_bzip2__instcount_512,14000,13571,1.1855,2.11,0.082021,[.00
PPO_25000_bzip2__instcount_512,14000,14267,1.1311,2.01,0.079513,[.00
PPO_25000_bzip2__instcount_512,14000,14607,1.1045,1.96,0.075117,[.00
PPO_25000_bzip2__instcount_512,14000,13478,1.1927,2.13,0.081078,[.00
PPO_25000_bzip2__instcount_512,14000,13684,1.1766,2.10,0.0813,[.00
PPO_25000_bzip2__instcount_512,14000,13360,1.2019,2.15,0.083176,[.00
PPO_25000_bzip2__instcount_512,14000,13515,1.1898,2.12,0.080751,[.00
PPO_25000_bzip2__instcount_512,14000,13873,1.1619,2.07,0.07968,[.00
PPO_25000_bzip2__instcount_512,14000,13444,1.1954,2.13,0.081501,[.00
PPO_25000_bzip2__instcount_512,14000,13900,1.1598,2.06,0.086327,[.00
PPO_25000_bzip2__instcount_512,15000,14084,1.1454,2.04,0.081937,[.00
PPO_25000_bzip2__instcount_512,15000,13597,1.1834,2.11,0.079141,[.00
PPO_25000_bzip2__instcount_512,15000,13424,1.1970,2.14,0.083829,[.00
PPO_25000_bzip2__instcount_512,15000,13609,1.1825,2.11,0.080248,[.00
PPO_25000_bzip2__instcount_512,15000,13434,1.1962,2.13,0.081934,[.00
PPO_25000_bzip2__instcount_512,15000,13342,1.2034,2.15,0.081231,[.00
PPO_25000_bzip2__instcount_512,15000,13486,1.1921,2.13,0.081442,[.00
PPO_25000_bzip2__instcount_512,15000,13369,1.2012,2.15,0.080809,[.00
PPO_25000_bzip2__instcount_512,15000,14000,1.1520,2.05,0.079458,[.00
PPO_25000_bzip2__instcount_512,15000,13472,1.1932,2.13,0.085649,[.00
PPO_25000_bzip2__instcount_512,15000,13417,1.1975,2.14,0.080971,[.00
PPO_25000_bzip2__instcount_512,15000,13484,1.1923,2.13,0.079855,[.00
PPO_25000_bzip2__instcount_512,15000,13473,1.1931,2.13,0.078892,[.00
PPO_25000_bzip2__instcount_512,15000,13439,1.1958,2.13,0.077651,[.00
PPO_25000_bzip2__instcount_512,15000,13349,1.2028,2.15,0.081973,[.00
PPO_25000_bzip2__instcount_512,15000,13548,1.1873,2.12,0.079336,[.00
PPO_25000_bzip2__instcount_512,15000,13435,1.1961,2.13,0.083873,[.00
PPO_25000_bzip2__instcount_512,15000,13342,1.2034,2.15,0.081501,[.00
PPO_25000_bzip2__instcount_512,15000,13897,1.1600,2.06,0.083619,[.00
PPO_25000_bzip2__instcount_512,15000,13611,1.1823,2.11,0.080315,[.00
PPO_25000_bzip2__instcount_512,15000,13640,1.1801,2.10,0.080144,[.00
PPO_25000_bzip2__instcount_512,15000,13388,1.1998,2.14,0.086175,[.00
PPO_25000_bzip2__instcount_512,15000,13548,1.1873,2.12,0.087733,[.00
PPO_25000_bzip2__instcount_512,15000,13405,1.1984,2.14,0.081308,[.00
PPO_25000_bzip2__instcount_512,15000,13456,1.1945,2.13,0.087091,[.00
PPO_25000_bzip2__instcount_512,15000,13500,1.1910,2.12,0.083731,[.00
PPO_25000_bzip2__instcount_512,15000,13431,1.1964,2.14,0.078135,[.00
PPO_25000_bzip2__instcount_512,15000,13312,1.2057,2.15,0.082259,[.00
PPO_25000_bzip2__instcount_512,15000,13406,1.1984,2.14,0.079422,[.00
PPO_25000_bzip2__instcount_512,15000,13378,1.2005,2.14,0.078155,[.00
PPO_25000_bzip2__instcount_512,15000,14882,1.0831,1.93,0.081637,[.00
PPO_25000_bzip2__instcount_512,15000,13530,1.1887,2.12,0.084317,[.00
PPO_25000_bzip2__instcount_512,15000,13766,1.1702,2.08,0.08077,[.00
PPO_25000_bzip2__instcount_512,15000,13603,1.1830,2.11,0.07821,[.00
PPO_25000_bzip2__instcount_512,15000,13662,1.1784,2.10,0.078271,[.00
PPO_25000_bzip2__instcount_512,15000,13422,1.1971,2.14,0.086959,[.00
PPO_25000_bzip2__instcount_512,15000,13518,1.1896,2.12,0.081032,[.00
PPO_25000_bzip2__instcount_512,15000,13781,1.1691,2.08,0.084068,[.00
PPO_25000_bzip2__instcount_512,15000,13966,1.1546,2.05,0.077456,[.00
PPO_25000_bzip2__instcount_512,15000,13478,1.1927,2.13,0.084841,[.00
PPO_25000_bzip2__instcount_512,15000,13418,1.1974,2.14,0.082577,[.00
PPO_25000_bzip2__instcount_512,15000,13424,1.1970,2.14,0.077835,[.00
PPO_25000_bzip2__instcount_512,15000,13289,1.2075,2.16,0.078044,[.00
PPO_25000_bzip2__instcount_512,15000,13673,1.1775,2.10,0.078666,[.00
PPO_25000_bzip2__instcount_512,15000,13889,1.1606,2.06,0.080689,[.00
PPO_25000_bzip2__instcount_512,15000,13402,1.1987,2.14,0.083383,[.00
PPO_25000_bzip2__instcount_512,15000,13584,1.1845,2.11,0.088655,[.00
PPO_25000_bzip2__instcount_512,15000,13335,1.2039,2.15,0.081053,[.00
PPO_25000_bzip2__instcount_512,15000,13410,1.1980,2.14,0.079944,[.00
PPO_25000_bzip2__instcount_512,15000,13389,1.1997,2.14,0.083465,[.00
PPO_25000_bzip2__instcount_512,15000,13550,1.1871,2.12,0.078936,[.00
PPO_25000_bzip2__instcount_512,15000,14637,1.1022,1.96,0.072543,[.00
PPO_25000_bzip2__instcount_512,15000,13376,1.2007,2.14,0.082994,[.00
PPO_25000_bzip2__instcount_512,15000,13433,1.1962,2.14,0.079451,[.00
PPO_25000_bzip2__instcount_512,15000,13443,1.1955,2.13,0.080898,[.00
PPO_25000_bzip2__instcount_512,15000,14518,1.1115,1.98,0.078693,[.00
PPO_25000_bzip2__instcount_512,15000,13789,1.1684,2.08,0.086456,[.00
PPO_25000_bzip2__instcount_512,15000,13397,1.1991,2.14,0.082447,[.00
PPO_25000_bzip2__instcount_512,15000,13392,1.1995,2.14,0.083393,[.00
PPO_25000_bzip2__instcount_512,15000,13673,1.1775,2.10,0.08556,[.00
PPO_25000_bzip2__instcount_512,15000,13395,1.1992,2.14,0.081705,[.00
PPO_25000_bzip2__instcount_512,15000,13650,1.1793,2.10,0.079588,[.00
PPO_25000_bzip2__instcount_512,15000,14996,1.0742,1.91,0.085253,[.00
PPO_25000_bzip2__instcount_512,15000,13421,1.1972,2.14,0.078982,[.00
PPO_25000_bzip2__instcount_512,15000,13429,1.1966,2.14,0.078732,[.00
PPO_25000_bzip2__instcount_512,15000,13624,1.1813,2.11,0.078423,[.00
PPO_25000_bzip2__instcount_512,15000,13391,1.1995,2.14,0.08006,[.00
PPO_25000_bzip2__instcount_512,15000,13658,1.1787,2.10,0.080124,[.00
PPO_25000_bzip2__instcount_512,15000,13425,1.1969,2.14,0.084886,[.00
PPO_25000_bzip2__instcount_512,15000,13389,1.1997,2.14,0.088164,[.00
PPO_25000_bzip2__instcount_512,15000,13572,1.1854,2.11,0.081441,[.00
PPO_25000_bzip2__instcount_512,15000,13381,1.2003,2.14,0.078575,[.00
PPO_25000_bzip2__instcount_512,15000,13417,1.1975,2.14,0.080555,[.00
PPO_25000_bzip2__instcount_512,15000,13487,1.1920,2.13,0.080706,[.00
PPO_25000_bzip2__instcount_512,15000,13394,1.1993,2.14,0.082358,[.00
PPO_25000_bzip2__instcount_512,15000,13394,1.1993,2.14,0.084639,[.00
PPO_25000_bzip2__instcount_512,15000,13465,1.1937,2.13,0.085258,[.00
PPO_25000_bzip2__instcount_512,15000,13487,1.1920,2.13,0.081123,[.00
PPO_25000_bzip2__instcount_512,15000,13407,1.1983,2.14,0.083798,[.00
PPO_25000_bzip2__instcount_512,15000,13690,1.1762,2.09,0.079328,[.00
PPO_25000_bzip2__instcount_512,15000,13488,1.1920,2.13,0.079449,[.00
PPO_25000_bzip2__instcount_512,15000,13387,1.1998,2.14,0.080414,[.00
PPO_25000_bzip2__instcount_512,15000,13492,1.1916,2.13,0.078863,[.00
PPO_25000_bzip2__instcount_512,15000,13429,1.1966,2.14,0.078413,[.00
PPO_25000_bzip2__instcount_512,15000,13911,1.1589,2.06,0.0792,[.00
PPO_25000_bzip2__instcount_512,15000,13379,1.2005,2.14,0.079226,[.00
PPO_25000_bzip2__instcount_512,15000,13389,1.1997,2.14,0.082462,[.00
PPO_25000_bzip2__instcount_512,15000,13484,1.1923,2.13,0.079405,[.00
PPO_25000_bzip2__instcount_512,15000,13413,1.1978,2.14,0.079099,[.00
PPO_25000_bzip2__instcount_512,15000,13204,1.2141,2.17,0.079731,[.00
PPO_25000_bzip2__instcount_512,15000,13294,1.2071,2.16,0.080296,[.00
PPO_25000_bzip2__instcount_512,15000,13802,1.1674,2.08,0.082564,[.00
PPO_25000_bzip2__instcount_512,15000,13478,1.1927,2.13,0.078908,[.00
PPO_25000_bzip2__instcount_512,15000,13515,1.1898,2.12,0.093534,[.00
PPO_25000_bzip2__instcount_512,15000,13761,1.1706,2.08,0.080658,[.00
PPO_25000_bzip2__instcount_512,15000,13487,1.1920,2.13,0.080199,[.00
PPO_25000_bzip2__instcount_512,15000,13496,1.1913,2.13,0.081494,[.00
PPO_25000_bzip2__instcount_512,15000,13504,1.1907,2.12,0.082369,[.00
PPO_25000_bzip2__instcount_512,15000,13810,1.1668,2.08,0.080509,[.00
PPO_25000_bzip2__instcount_512,15000,13669,1.1778,2.10,0.087744,[.00
PPO_25000_bzip2__instcount_512,16000,13457,1.1944,2.13,0.08221,[.00
PPO_25000_bzip2__instcount_512,16000,14896,1.0820,1.92,0.085059,[.00
PPO_25000_bzip2__instcount_512,16000,13513,1.1900,2.12,0.085847,[.00
PPO_25000_bzip2__instcount_512,16000,14126,1.1421,2.03,0.078957,[.00
PPO_25000_bzip2__instcount_512,16000,13697,1.1756,2.09,0.083451,[.00
PPO_25000_bzip2__instcount_512,16000,13432,1.1963,2.14,0.078619,[.00
PPO_25000_bzip2__instcount_512,16000,13534,1.1884,2.12,0.081721,[.00
PPO_25000_bzip2__instcount_512,16000,13371,1.2011,2.15,0.080386,[.00
PPO_25000_bzip2__instcount_512,16000,13333,1.2041,2.15,0.081213,[.00
PPO_25000_bzip2__instcount_512,16000,13761,1.1706,2.08,0.079955,[.00
PPO_25000_bzip2__instcount_512,16000,13408,1.1982,2.14,0.083633,[.00
PPO_25000_bzip2__instcount_512,16000,13309,1.2059,2.16,0.08191,[.00
PPO_25000_bzip2__instcount_512,16000,13269,1.2091,2.16,0.082926,[.00
PPO_25000_bzip2__instcount_512,16000,13344,1.2032,2.15,0.080602,[.00
PPO_25000_bzip2__instcount_512,16000,13642,1.1799,2.10,0.080974,[.00
PPO_25000_bzip2__instcount_512,16000,13482,1.1924,2.13,0.079697,[.00
PPO_25000_bzip2__instcount_512,16000,13392,1.1995,2.14,0.081498,[.00
PPO_25000_bzip2__instcount_512,16000,13940,1.1566,2.06,0.088927,[.00
PPO_25000_bzip2__instcount_512,16000,13545,1.1875,2.12,0.079399,[.00
PPO_25000_bzip2__instcount_512,16000,13579,1.1848,2.11,0.080657,[.00
PPO_25000_bzip2__instcount_512,16000,13490,1.1918,2.13,0.079888,[.00
PPO_25000_bzip2__instcount_512,16000,13336,1.2038,2.15,0.079425,[.00
PPO_25000_bzip2__instcount_512,16000,13360,1.2019,2.15,0.083066,[.00
PPO_25000_bzip2__instcount_512,16000,13533,1.1884,2.12,0.081431,[.00
PPO_25000_bzip2__instcount_512,16000,13454,1.1946,2.13,0.08174,[.00
PPO_25000_bzip2__instcount_512,16000,13411,1.1980,2.14,0.08216,[.00
PPO_25000_bzip2__instcount_512,16000,13780,1.1691,2.08,0.07876,[.00
PPO_25000_bzip2__instcount_512,16000,13407,1.1983,2.14,0.083364,[.00
PPO_25000_bzip2__instcount_512,16000,13810,1.1668,2.08,0.081202,[.00
PPO_25000_bzip2__instcount_512,16000,13507,1.1905,2.12,0.08273,[.00
PPO_25000_bzip2__instcount_512,16000,13677,1.1772,2.10,0.079876,[.00
PPO_25000_bzip2__instcount_512,16000,13776,1.1695,2.08,0.082887,[.00
PPO_25000_bzip2__instcount_512,16000,13445,1.1953,2.13,0.079672,[.00
PPO_25000_bzip2__instcount_512,16000,13274,1.2087,2.16,0.077844,[.00
PPO_25000_bzip2__instcount_512,16000,13595,1.1836,2.11,0.07747,[.00
PPO_25000_bzip2__instcount_512,16000,13418,1.1974,2.14,0.098288,[.00
PPO_25000_bzip2__instcount_512,16000,13318,1.2052,2.15,0.078413,[.00
PPO_25000_bzip2__instcount_512,16000,13472,1.1932,2.13,0.081724,[.00
PPO_25000_bzip2__instcount_512,16000,14529,1.1106,1.97,0.083183,[.00
PPO_25000_bzip2__instcount_512,16000,13456,1.1945,2.13,0.081447,[.00
PPO_25000_bzip2__instcount_512,16000,13374,1.2009,2.14,0.085105,[.00
PPO_25000_bzip2__instcount_512,16000,13925,1.1578,2.06,0.085473,[.00
PPO_25000_bzip2__instcount_512,16000,13428,1.1966,2.14,0.078803,[.00
PPO_25000_bzip2__instcount_512,16000,13380,1.2004,2.14,0.082602,[.00
PPO_25000_bzip2__instcount_512,16000,13428,1.1966,2.14,0.08807,[.00
PPO_25000_bzip2__instcount_512,16000,13405,1.1984,2.14,0.091687,[.00
PPO_25000_bzip2__instcount_512,16000,13430,1.1965,2.14,0.077937,[.00
PPO_25000_bzip2__instcount_512,16000,13376,1.2007,2.14,0.078642,[.00
PPO_25000_bzip2__instcount_512,16000,13324,1.2048,2.15,0.080051,[.00
PPO_25000_bzip2__instcount_512,16000,13482,1.1924,2.13,0.085999,[.00
PPO_25000_bzip2__instcount_512,16000,13533,1.1884,2.12,0.080777,[.00
PPO_25000_bzip2__instcount_512,16000,13493,1.1916,2.13,0.083337,[.00
PPO_25000_bzip2__instcount_512,16000,13408,1.1982,2.14,0.093019,[.00
PPO_25000_bzip2__instcount_512,16000,13345,1.2031,2.15,0.07891,[.00
PPO_25000_bzip2__instcount_512,16000,14051,1.1480,2.04,0.084896,[.00
PPO_25000_bzip2__instcount_512,16000,13420,1.1973,2.14,0.082865,[.00
PPO_25000_bzip2__instcount_512,16000,13498,1.1912,2.12,0.081487,[.00
PPO_25000_bzip2__instcount_512,16000,13506,1.1905,2.12,0.078257,[.00
PPO_25000_bzip2__instcount_512,16000,13443,1.1955,2.13,0.08144,[.00
PPO_25000_bzip2__instcount_512,16000,13514,1.1899,2.12,0.078146,[.00
PPO_25000_bzip2__instcount_512,16000,13179,1.2161,2.18,0.084667,[.00
PPO_25000_bzip2__instcount_512,16000,13316,1.2054,2.15,0.080469,[.00
PPO_25000_bzip2__instcount_512,16000,13333,1.2041,2.15,0.08605,[.00
PPO_25000_bzip2__instcount_512,16000,13378,1.2005,2.14,0.081818,[.00
PPO_25000_bzip2__instcount_512,16000,13464,1.1938,2.13,0.079033,[.00
PPO_25000_bzip2__instcount_512,16000,13734,1.1727,2.09,0.08264,[.00
PPO_25000_bzip2__instcount_512,16000,14322,1.1268,2.00,0.082786,[.00
PPO_25000_bzip2__instcount_512,16000,13615,1.1820,2.11,0.079879,[.00
PPO_25000_bzip2__instcount_512,16000,13299,1.2067,2.16,0.079025,[.00
PPO_25000_bzip2__instcount_512,16000,13487,1.1920,2.13,0.079653,[.00
PPO_25000_bzip2__instcount_512,16000,13479,1.1927,2.13,0.08074,[.00
PPO_25000_bzip2__instcount_512,16000,13425,1.1969,2.14,0.084173,[.00
PPO_25000_bzip2__instcount_512,16000,13296,1.2069,2.16,0.078803,[.00
PPO_25000_bzip2__instcount_512,16000,13363,1.2017,2.15,0.078781,[.00
PPO_25000_bzip2__instcount_512,16000,13497,1.1912,2.12,0.080732,[.00
PPO_25000_bzip2__instcount_512,16000,13790,1.1684,2.08,0.081618,[.00
PPO_25000_bzip2__instcount_512,16000,13346,1.2030,2.15,0.083116,[.00
PPO_25000_bzip2__instcount_512,16000,13433,1.1962,2.14,0.084015,[.00
PPO_25000_bzip2__instcount_512,16000,13421,1.1972,2.14,0.078949,[.00
PPO_25000_bzip2__instcount_512,16000,13865,1.1625,2.07,0.081671,[.00
PPO_25000_bzip2__instcount_512,16000,13807,1.1670,2.08,0.081526,[.00
PPO_25000_bzip2__instcount_512,16000,13402,1.1987,2.14,0.084225,[.00
PPO_25000_bzip2__instcount_512,16000,14670,1.0996,1.95,0.081107,[.00
PPO_25000_bzip2__instcount_512,16000,13351,1.2027,2.15,0.090905,[.00
PPO_25000_bzip2__instcount_512,16000,13382,1.2002,2.14,0.08572,[.00
PPO_25000_bzip2__instcount_512,16000,13571,1.1855,2.11,0.083913,[.00
PPO_25000_bzip2__instcount_512,16000,13539,1.1880,2.12,0.088445,[.00
PPO_25000_bzip2__instcount_512,16000,13499,1.1911,2.12,0.078027,[.00
PPO_25000_bzip2__instcount_512,16000,13493,1.1916,2.13,0.080461,[.00
PPO_25000_bzip2__instcount_512,16000,13376,1.2007,2.14,0.078735,[.00
PPO_25000_bzip2__instcount_512,16000,13371,1.2011,2.15,0.082913,[.00
PPO_25000_bzip2__instcount_512,16000,13425,1.1969,2.14,0.079453,[.00
PPO_25000_bzip2__instcount_512,16000,13505,1.1906,2.12,0.080397,[.00
PPO_25000_bzip2__instcount_512,16000,13465,1.1937,2.13,0.079531,[.00
PPO_25000_bzip2__instcount_512,16000,13596,1.1835,2.11,0.080473,[.00
PPO_25000_bzip2__instcount_512,16000,13296,1.2069,2.16,0.080226,[.00
PPO_25000_bzip2__instcount_512,16000,13462,1.1940,2.13,0.080573,[.00
PPO_25000_bzip2__instcount_512,16000,13346,1.2030,2.15,0.079682,[.00
PPO_25000_bzip2__instcount_512,16000,13332,1.2041,2.15,0.08457,[.00
PPO_25000_bzip2__instcount_512,16000,13416,1.1976,2.14,0.079428,[.00
PPO_25000_bzip2__instcount_512,17000,13755,1.1711,2.09,0.085052,[.00
PPO_25000_bzip2__instcount_512,17000,13972,1.1541,2.05,0.080597,[.00
PPO_25000_bzip2__instcount_512,17000,13401,1.1987,2.14,0.079397,[.00
PPO_25000_bzip2__instcount_512,17000,14411,1.1199,1.99,0.069068,[.00
PPO_25000_bzip2__instcount_512,17000,13194,1.2149,2.17,0.08037,[.00
PPO_25000_bzip2__instcount_512,17000,13315,1.2055,2.15,0.08804,[.00
PPO_25000_bzip2__instcount_512,17000,13981,1.1534,2.05,0.078883,[.00
PPO_25000_bzip2__instcount_512,17000,13453,1.1947,2.13,0.082029,[.00
PPO_25000_bzip2__instcount_512,17000,13693,1.1759,2.09,0.07872,[.00
PPO_25000_bzip2__instcount_512,17000,13975,1.1539,2.05,0.079885,[.00
PPO_25000_bzip2__instcount_512,17000,14469,1.1153,1.98,0.073507,[.00
PPO_25000_bzip2__instcount_512,17000,13414,1.1977,2.14,0.078108,[.00
PPO_25000_bzip2__instcount_512,17000,13484,1.1923,2.13,0.08377,[.00
PPO_25000_bzip2__instcount_512,17000,13745,1.1719,2.09,0.080382,[.00
PPO_25000_bzip2__instcount_512,17000,13402,1.1987,2.14,0.082239,[.00
PPO_25000_bzip2__instcount_512,17000,13496,1.1913,2.13,0.087572,[.00
PPO_25000_bzip2__instcount_512,17000,13746,1.1718,2.09,0.089959,[.00
PPO_25000_bzip2__instcount_512,17000,14079,1.1458,2.04,0.081187,[.00
PPO_25000_bzip2__instcount_512,17000,13801,1.1675,2.08,0.083893,[.00
PPO_25000_bzip2__instcount_512,17000,13447,1.1952,2.13,0.084994,[.00
PPO_25000_bzip2__instcount_512,17000,15103,1.0658,1.90,0.080322,[.00
PPO_25000_bzip2__instcount_512,17000,13303,1.2064,2.16,0.081923,[.00
PPO_25000_bzip2__instcount_512,17000,13527,1.1889,2.12,0.080583,[.00
PPO_25000_bzip2__instcount_512,17000,13377,1.2006,2.14,0.08383,[.00
PPO_25000_bzip2__instcount_512,17000,13323,1.2048,2.15,0.082077,[.00
PPO_25000_bzip2__instcount_512,17000,13954,1.1556,2.06,0.078853,[.00
PPO_25000_bzip2__instcount_512,17000,13891,1.1605,2.06,0.081788,[.00
PPO_25000_bzip2__instcount_512,17000,13978,1.1537,2.05,0.080257,[.00
PPO_25000_bzip2__instcount_512,17000,13661,1.1784,2.10,0.07833,[.00
PPO_25000_bzip2__instcount_512,17000,13769,1.1700,2.08,0.078859,[.00
PPO_25000_bzip2__instcount_512,17000,13360,1.2019,2.15,0.082979,[.00
PPO_25000_bzip2__instcount_512,17000,13444,1.1954,2.13,0.081134,[.00
PPO_25000_bzip2__instcount_512,17000,13648,1.1795,2.10,0.082554,[.00
PPO_25000_bzip2__instcount_512,17000,13379,1.2005,2.14,0.078009,[.00
PPO_25000_bzip2__instcount_512,17000,13654,1.1790,2.10,0.083093,[.00
PPO_25000_bzip2__instcount_512,17000,13656,1.1788,2.10,0.081546,[.00
PPO_25000_bzip2__instcount_512,17000,13475,1.1930,2.13,0.078687,[.00
PPO_25000_bzip2__instcount_512,17000,13354,1.2024,2.15,0.081609,[.00
PPO_25000_bzip2__instcount_512,17000,13345,1.2031,2.15,0.080776,[.00
PPO_25000_bzip2__instcount_512,17000,13436,1.1960,2.13,0.081489,[.00
PPO_25000_bzip2__instcount_512,17000,13427,1.1967,2.14,0.078582,[.00
PPO_25000_bzip2__instcount_512,17000,13751,1.1714,2.09,0.087368,[.00
PPO_25000_bzip2__instcount_512,17000,13352,1.2026,2.15,0.080456,[.00
PPO_25000_bzip2__instcount_512,17000,13431,1.1964,2.14,0.078375,[.00
PPO_25000_bzip2__instcount_512,17000,13410,1.1980,2.14,0.079752,[.00
PPO_25000_bzip2__instcount_512,17000,13483,1.1923,2.13,0.081535,[.00
PPO_25000_bzip2__instcount_512,17000,13416,1.1976,2.14,0.079385,[.00
PPO_25000_bzip2__instcount_512,17000,13521,1.1894,2.12,0.079887,[.00
PPO_25000_bzip2__instcount_512,17000,13370,1.2012,2.15,0.078467,[.00
PPO_25000_bzip2__instcount_512,17000,13693,1.1759,2.09,0.083637,[.00
PPO_25000_bzip2__instcount_512,17000,13773,1.1697,2.08,0.083237,[.00
PPO_25000_bzip2__instcount_512,17000,13746,1.1718,2.09,0.085424,[.00
PPO_25000_bzip2__instcount_512,17000,13885,1.1609,2.07,0.07929,[.00
PPO_25000_bzip2__instcount_512,17000,13475,1.1930,2.13,0.081923,[.00
PPO_25000_bzip2__instcount_512,17000,13348,1.2029,2.15,0.087011,[.00
PPO_25000_bzip2__instcount_512,17000,13347,1.2030,2.15,0.078976,[.00
PPO_25000_bzip2__instcount_512,17000,13379,1.2005,2.14,0.080584,[.00
PPO_25000_bzip2__instcount_512,17000,13592,1.1838,2.11,0.077977,[.00
PPO_25000_bzip2__instcount_512,17000,13379,1.2005,2.14,0.077866,[.00
PPO_25000_bzip2__instcount_512,17000,13483,1.1923,2.13,0.081109,[.00
PPO_25000_bzip2__instcount_512,17000,13502,1.1909,2.12,0.078793,[.00
PPO_25000_bzip2__instcount_512,17000,13388,1.1998,2.14,0.079116,[.00
PPO_25000_bzip2__instcount_512,17000,13352,1.2026,2.15,0.081465,[.00
PPO_25000_bzip2__instcount_512,17000,13316,1.2054,2.15,0.083171,[.00
PPO_25000_bzip2__instcount_512,17000,13785,1.1688,2.08,0.080582,[.00
PPO_25000_bzip2__instcount_512,17000,13391,1.1995,2.14,0.07836,[.00
PPO_25000_bzip2__instcount_512,17000,14727,1.0952,1.95,0.084534,[.00
PPO_25000_bzip2__instcount_512,17000,13365,1.2016,2.15,0.087247,[.00
PPO_25000_bzip2__instcount_512,17000,13365,1.2016,2.15,0.079434,[.00
PPO_25000_bzip2__instcount_512,17000,13409,1.1981,2.14,0.085204,[.00
PPO_25000_bzip2__instcount_512,17000,13739,1.1723,2.09,0.081483,[.00
PPO_25000_bzip2__instcount_512,17000,13463,1.1939,2.13,0.082935,[.00
PPO_25000_bzip2__instcount_512,17000,13417,1.1975,2.14,0.081248,[.00
PPO_25000_bzip2__instcount_512,17000,13464,1.1938,2.13,0.080735,[.00
PPO_25000_bzip2__instcount_512,17000,13418,1.1974,2.14,0.081274,[.00
PPO_25000_bzip2__instcount_512,17000,13628,1.1810,2.10,0.080756,[.00
PPO_25000_bzip2__instcount_512,17000,13396,1.1991,2.14,0.080683,[.00
PPO_25000_bzip2__instcount_512,17000,13317,1.2053,2.15,0.079934,[.00
PPO_25000_bzip2__instcount_512,17000,13422,1.1971,2.14,0.097151,[.00
PPO_25000_bzip2__instcount_512,17000,13373,1.2009,2.14,0.080337,[.00
PPO_25000_bzip2__instcount_512,17000,13448,1.1951,2.13,0.080794,[.00
PPO_25000_bzip2__instcount_512,17000,13455,1.1945,2.13,0.082512,[.00
PPO_25000_bzip2__instcount_512,17000,13495,1.1914,2.13,0.083572,[.00
PPO_25000_bzip2__instcount_512,17000,13668,1.1779,2.10,0.079002,[.00
PPO_25000_bzip2__instcount_512,17000,13488,1.1920,2.13,0.079813,[.00
PPO_25000_bzip2__instcount_512,17000,14333,1.1259,2.00,0.084838,[.00
PPO_25000_bzip2__instcount_512,17000,13961,1.1550,2.05,0.083726,[.00
PPO_25000_bzip2__instcount_512,17000,13398,1.1990,2.14,0.082583,[.00
PPO_25000_bzip2__instcount_512,17000,13679,1.1770,2.10,0.08137,[.00
PPO_25000_bzip2__instcount_512,17000,13503,1.1908,2.12,0.080211,[.00
PPO_25000_bzip2__instcount_512,17000,13470,1.1934,2.13,0.081875,[.00
PPO_25000_bzip2__instcount_512,17000,13421,1.1972,2.14,0.077798,[.00
PPO_25000_bzip2__instcount_512,17000,13516,1.1898,2.12,0.079897,[.00
PPO_25000_bzip2__instcount_512,17000,13850,1.1637,2.07,0.080454,[.00
PPO_25000_bzip2__instcount_512,17000,13402,1.1987,2.14,0.084859,[.00
PPO_25000_bzip2__instcount_512,17000,13574,1.1852,2.11,0.08009,[.00
PPO_25000_bzip2__instcount_512,17000,13409,1.1981,2.14,0.08067,[.00
PPO_25000_bzip2__instcount_512,17000,13448,1.1951,2.13,0.082332,[.00
PPO_25000_bzip2__instcount_512,17000,13762,1.1705,2.08,0.078998,[.00
PPO_25000_bzip2__instcount_512,17000,13488,1.1920,2.13,0.081606,[.00
PPO_25000_bzip2__instcount_512,18000,13589,1.1841,2.11,0.080937,[.00
PPO_25000_bzip2__instcount_512,18000,13376,1.2007,2.14,0.08591,[.00
PPO_25000_bzip2__instcount_512,18000,13409,1.1981,2.14,0.079615,[.00
PPO_25000_bzip2__instcount_512,18000,13524,1.1891,2.12,0.0813,[.00
PPO_25000_bzip2__instcount_512,18000,13399,1.1989,2.14,0.083532,[.00
PPO_25000_bzip2__instcount_512,18000,13494,1.1915,2.13,0.090485,[.00
PPO_25000_bzip2__instcount_512,18000,13475,1.1930,2.13,0.082222,[.00
PPO_25000_bzip2__instcount_512,18000,13461,1.1941,2.13,0.085289,[.00
PPO_25000_bzip2__instcount_512,18000,13366,1.2015,2.15,0.08379,[.00
PPO_25000_bzip2__instcount_512,18000,13386,1.1999,2.14,0.081585,[.00
PPO_25000_bzip2__instcount_512,18000,13948,1.1560,2.06,0.079411,[.00
PPO_25000_bzip2__instcount_512,18000,13991,1.1527,2.05,0.081733,[.00
PPO_25000_bzip2__instcount_512,18000,13344,1.2032,2.15,0.081362,[.00
PPO_25000_bzip2__instcount_512,18000,13399,1.1989,2.14,0.085054,[.00
PPO_25000_bzip2__instcount_512,18000,13395,1.1992,2.14,0.083823,[.00
PPO_25000_bzip2__instcount_512,18000,13901,1.1597,2.06,0.083003,[.00
PPO_25000_bzip2__instcount_512,18000,13480,1.1926,2.13,0.084221,[.00
PPO_25000_bzip2__instcount_512,18000,13438,1.1959,2.13,0.087433,[.00
PPO_25000_bzip2__instcount_512,18000,13366,1.2015,2.15,0.081854,[.00
PPO_25000_bzip2__instcount_512,18000,13469,1.1934,2.13,0.082153,[.00
PPO_25000_bzip2__instcount_512,18000,13809,1.1669,2.08,0.079045,[.00
PPO_25000_bzip2__instcount_512,18000,13388,1.1998,2.14,0.079671,[.00
PPO_25000_bzip2__instcount_512,18000,13478,1.1927,2.13,0.079682,[.00
PPO_25000_bzip2__instcount_512,18000,13437,1.1959,2.13,0.088094,[.00
PPO_25000_bzip2__instcount_512,18000,13399,1.1989,2.14,0.079557,[.00
PPO_25000_bzip2__instcount_512,18000,13318,1.2052,2.15,0.08159,[.00
PPO_25000_bzip2__instcount_512,18000,13466,1.1937,2.13,0.082101,[.00
PPO_25000_bzip2__instcount_512,18000,13479,1.1927,2.13,0.08448,[.00
PPO_25000_bzip2__instcount_512,18000,13310,1.2059,2.15,0.082165,[.00
PPO_25000_bzip2__instcount_512,18000,13432,1.1963,2.14,0.084229,[.00
PPO_25000_bzip2__instcount_512,18000,13298,1.2068,2.16,0.079098,[.00
PPO_25000_bzip2__instcount_512,18000,13356,1.2023,2.15,0.080981,[.00
PPO_25000_bzip2__instcount_512,18000,13235,1.2117,2.17,0.079941,[.00
PPO_25000_bzip2__instcount_512,18000,13459,1.1942,2.13,0.086495,[.00
PPO_25000_bzip2__instcount_512,18000,13889,1.1606,2.06,0.084765,[.00
PPO_25000_bzip2__instcount_512,18000,13407,1.1983,2.14,0.08372,[.00
PPO_25000_bzip2__instcount_512,18000,13304,1.2063,2.16,0.080512,[.00
PPO_25000_bzip2__instcount_512,18000,13362,1.2018,2.15,0.078152,[.00
PPO_25000_bzip2__instcount_512,18000,13364,1.2016,2.15,0.080012,[.00
PPO_25000_bzip2__instcount_512,18000,13371,1.2011,2.15,0.099515,[.00
PPO_25000_bzip2__instcount_512,18000,13418,1.1974,2.14,0.080628,[.00
PPO_25000_bzip2__instcount_512,18000,13421,1.1972,2.14,0.080394,[.00
PPO_25000_bzip2__instcount_512,18000,13404,1.1985,2.14,0.080142,[.00
PPO_25000_bzip2__instcount_512,18000,13304,1.2063,2.16,0.080167,[.00
PPO_25000_bzip2__instcount_512,18000,13454,1.1946,2.13,0.084421,[.00
PPO_25000_bzip2__instcount_512,18000,13360,1.2019,2.15,0.090954,[.00
PPO_25000_bzip2__instcount_512,18000,13446,1.1952,2.13,0.080868,[.00
PPO_25000_bzip2__instcount_512,18000,13505,1.1906,2.12,0.082444,[.00
PPO_25000_bzip2__instcount_512,18000,13463,1.1939,2.13,0.078483,[.00
PPO_25000_bzip2__instcount_512,18000,13744,1.1720,2.09,0.078425,[.00
PPO_25000_bzip2__instcount_512,18000,13407,1.1983,2.14,0.081504,[.00
PPO_25000_bzip2__instcount_512,18000,13411,1.1980,2.14,0.082309,[.00
PPO_25000_bzip2__instcount_512,18000,13721,1.1738,2.09,0.081425,[.00
PPO_25000_bzip2__instcount_512,18000,13438,1.1959,2.13,0.099275,[.00
PPO_25000_bzip2__instcount_512,18000,13628,1.1810,2.10,0.077397,[.00
PPO_25000_bzip2__instcount_512,18000,13766,1.1702,2.08,0.081841,[.00
PPO_25000_bzip2__instcount_512,18000,13329,1.2044,2.15,0.080076,[.00
PPO_25000_bzip2__instcount_512,18000,13494,1.1915,2.13,0.081446,[.00
PPO_25000_bzip2__instcount_512,18000,13408,1.1982,2.14,0.082924,[.00
PPO_25000_bzip2__instcount_512,18000,13412,1.1979,2.14,0.080542,[.00
PPO_25000_bzip2__instcount_512,18000,13409,1.1981,2.14,0.0801,[.00
PPO_25000_bzip2__instcount_512,18000,13397,1.1991,2.14,0.078183,[.00
PPO_25000_bzip2__instcount_512,18000,13379,1.2005,2.14,0.081812,[.00
PPO_25000_bzip2__instcount_512,18000,13568,1.1857,2.11,0.081565,[.00
PPO_25000_bzip2__instcount_512,18000,13362,1.2018,2.15,0.081888,[.00
PPO_25000_bzip2__instcount_512,18000,13811,1.1667,2.08,0.078738,[.00
PPO_25000_bzip2__instcount_512,18000,13394,1.1993,2.14,0.086088,[.00
PPO_25000_bzip2__instcount_512,18000,13348,1.2029,2.15,0.083568,[.00
PPO_25000_bzip2__instcount_512,18000,13362,1.2018,2.15,0.079063,[.00
PPO_25000_bzip2__instcount_512,18000,13393,1.1994,2.14,0.08239,[.00
PPO_25000_bzip2__instcount_512,18000,13395,1.1992,2.14,0.085302,[.00
PPO_25000_bzip2__instcount_512,18000,13407,1.1983,2.14,0.079679,[.00
PPO_25000_bzip2__instcount_512,18000,13523,1.1892,2.12,0.081145,[.00
PPO_25000_bzip2__instcount_512,18000,13321,1.2050,2.15,0.078213,[.00
PPO_25000_bzip2__instcount_512,18000,13948,1.1560,2.06,0.08011,[.00
PPO_25000_bzip2__instcount_512,18000,14027,1.1498,2.04,0.081983,[.00
PPO_25000_bzip2__instcount_512,18000,13328,1.2044,2.15,0.078284,[.00
PPO_25000_bzip2__instcount_512,18000,13549,1.1872,2.12,0.079069,[.00
PPO_25000_bzip2__instcount_512,18000,13685,1.1766,2.10,0.083701,[.00
PPO_25000_bzip2__instcount_512,18000,13643,1.1798,2.10,0.079909,[.00
PPO_25000_bzip2__instcount_512,18000,13406,1.1984,2.14,0.08195,[.00
PPO_25000_bzip2__instcount_512,18000,13477,1.1928,2.13,0.083417,[.00
PPO_25000_bzip2__instcount_512,18000,13728,1.1732,2.09,0.08614,[.00
PPO_25000_bzip2__instcount_512,18000,13496,1.1913,2.13,0.078995,[.00
PPO_25000_bzip2__instcount_512,18000,13321,1.2050,2.15,0.081614,[.00
PPO_25000_bzip2__instcount_512,18000,13444,1.1954,2.13,0.084145,[.00
PPO_25000_bzip2__instcount_512,18000,13419,1.1973,2.14,0.091989,[.00
PPO_25000_bzip2__instcount_512,18000,13481,1.1925,2.13,0.081145,[.00
PPO_25000_bzip2__instcount_512,18000,14062,1.1471,2.04,0.086285,[.00
PPO_25000_bzip2__instcount_512,18000,13407,1.1983,2.14,0.085557,[.00
PPO_25000_bzip2__instcount_512,18000,13567,1.1858,2.11,0.086473,[.00
PPO_25000_bzip2__instcount_512,18000,13508,1.1904,2.12,0.080051,[.00
PPO_25000_bzip2__instcount_512,18000,13327,1.2045,2.15,0.080385,[.00
PPO_25000_bzip2__instcount_512,18000,13676,1.1773,2.10,0.082231,[.00
PPO_25000_bzip2__instcount_512,18000,13514,1.1899,2.12,0.083195,[.00
PPO_25000_bzip2__instcount_512,18000,13419,1.1973,2.14,0.078391,[.00
PPO_25000_bzip2__instcount_512,18000,13449,1.1950,2.13,0.081722,[.00
PPO_25000_bzip2__instcount_512,18000,13414,1.1977,2.14,0.08171,[.00
PPO_25000_bzip2__instcount_512,18000,13537,1.1881,2.12,0.087939,[.00
PPO_25000_bzip2__instcount_512,18000,13451,1.1948,2.13,0.082965,[.00
PPO_25000_bzip2__instcount_512,19000,13489,1.1919,2.13,0.081162,[.00
PPO_25000_bzip2__instcount_512,19000,13536,1.1882,2.12,0.079283,[.00
PPO_25000_bzip2__instcount_512,19000,13663,1.1783,2.10,0.080533,[.00
PPO_25000_bzip2__instcount_512,19000,13352,1.2026,2.15,0.084004,[.00
PPO_25000_bzip2__instcount_512,19000,13496,1.1913,2.13,0.082,[.00
PPO_25000_bzip2__instcount_512,19000,13862,1.1627,2.07,0.081959,[.00
PPO_25000_bzip2__instcount_512,19000,13680,1.1770,2.10,0.079661,[.00
PPO_25000_bzip2__instcount_512,19000,13550,1.1871,2.12,0.077995,[.00
PPO_25000_bzip2__instcount_512,19000,13344,1.2032,2.15,0.082166,[.00
PPO_25000_bzip2__instcount_512,19000,13840,1.1645,2.07,0.077773,[.00
PPO_25000_bzip2__instcount_512,19000,13495,1.1914,2.13,0.079062,[.00
PPO_25000_bzip2__instcount_512,19000,13888,1.1607,2.06,0.079584,[.00
PPO_25000_bzip2__instcount_512,19000,13303,1.2064,2.16,0.082828,[.00
PPO_25000_bzip2__instcount_512,19000,13344,1.2032,2.15,0.081805,[.00
PPO_25000_bzip2__instcount_512,19000,13583,1.1845,2.11,0.083682,[.00
PPO_25000_bzip2__instcount_512,19000,13292,1.2073,2.16,0.082412,[.00
PPO_25000_bzip2__instcount_512,19000,13421,1.1972,2.14,0.080298,[.00
PPO_25000_bzip2__instcount_512,19000,13710,1.1746,2.09,0.082297,[.00
PPO_25000_bzip2__instcount_512,19000,13942,1.1565,2.06,0.085701,[.00
PPO_25000_bzip2__instcount_512,19000,13432,1.1963,2.14,0.083201,[.00
PPO_25000_bzip2__instcount_512,19000,14005,1.1516,2.05,0.079635,[.00
PPO_25000_bzip2__instcount_512,19000,13883,1.1611,2.07,0.081056,[.00
PPO_25000_bzip2__instcount_512,19000,13217,1.2131,2.17,0.080088,[.00
PPO_25000_bzip2__instcount_512,19000,13520,1.1895,2.12,0.078222,[.00
PPO_25000_bzip2__instcount_512,19000,13403,1.1986,2.14,0.079649,[.00
PPO_25000_bzip2__instcount_512,19000,13747,1.1717,2.09,0.080771,[.00
PPO_25000_bzip2__instcount_512,19000,13346,1.2030,2.15,0.081679,[.00
PPO_25000_bzip2__instcount_512,19000,13349,1.2028,2.15,0.080516,[.00
PPO_25000_bzip2__instcount_512,19000,13512,1.1901,2.12,0.079772,[.00
PPO_25000_bzip2__instcount_512,19000,14052,1.1479,2.04,0.078974,[.00
PPO_25000_bzip2__instcount_512,19000,13325,1.2047,2.15,0.081716,[.00
PPO_25000_bzip2__instcount_512,19000,13408,1.1982,2.14,0.080775,[.00
PPO_25000_bzip2__instcount_512,19000,13915,1.1586,2.06,0.080669,[.00
PPO_25000_bzip2__instcount_512,19000,13509,1.1903,2.12,0.078277,[.00
PPO_25000_bzip2__instcount_512,19000,14832,1.0870,1.93,0.078383,[.00
PPO_25000_bzip2__instcount_512,19000,13656,1.1788,2.10,0.080663,[.00
PPO_25000_bzip2__instcount_512,19000,13745,1.1719,2.09,0.08202,[.00
PPO_25000_bzip2__instcount_512,19000,13523,1.1892,2.12,0.079746,[.00
PPO_25000_bzip2__instcount_512,19000,13905,1.1594,2.06,0.079059,[.00
PPO_25000_bzip2__instcount_512,19000,13660,1.1785,2.10,0.078914,[.00
PPO_25000_bzip2__instcount_512,19000,13385,1.2000,2.14,0.080081,[.00
PPO_25000_bzip2__instcount_512,19000,14264,1.1313,2.01,0.08107,[.00
PPO_25000_bzip2__instcount_512,19000,14771,1.0917,1.94,0.081337,[.00
PPO_25000_bzip2__instcount_512,19000,13952,1.1557,2.06,0.084406,[.00
PPO_25000_bzip2__instcount_512,19000,13524,1.1891,2.12,0.07873,[.00
PPO_25000_bzip2__instcount_512,19000,13377,1.2006,2.14,0.079778,[.00
PPO_25000_bzip2__instcount_512,19000,13334,1.2040,2.15,0.090472,[.00
PPO_25000_bzip2__instcount_512,19000,14182,1.1377,2.02,0.081099,[.00
PPO_25000_bzip2__instcount_512,19000,13728,1.1732,2.09,0.085255,[.00
PPO_25000_bzip2__instcount_512,19000,13695,1.1758,2.09,0.078756,[.00
PPO_25000_bzip2__instcount_512,19000,13371,1.2011,2.15,0.082207,[.00
PPO_25000_bzip2__instcount_512,19000,13543,1.1877,2.12,0.083613,[.00
PPO_25000_bzip2__instcount_512,19000,13425,1.1969,2.14,0.081565,[.00
PPO_25000_bzip2__instcount_512,19000,13619,1.1817,2.11,0.086575,[.00
PPO_25000_bzip2__instcount_512,19000,13470,1.1934,2.13,0.082474,[.00
PPO_25000_bzip2__instcount_512,19000,13524,1.1891,2.12,0.081408,[.00
PPO_25000_bzip2__instcount_512,19000,13652,1.1791,2.10,0.082986,[.00
PPO_25000_bzip2__instcount_512,19000,13908,1.1591,2.06,0.078791,[.00
PPO_25000_bzip2__instcount_512,19000,13523,1.1892,2.12,0.082384,[.00
PPO_25000_bzip2__instcount_512,19000,13315,1.2055,2.15,0.081012,[.00
PPO_25000_bzip2__instcount_512,19000,13882,1.1612,2.07,0.084482,[.00
PPO_25000_bzip2__instcount_512,19000,13402,1.1987,2.14,0.084068,[.00
PPO_25000_bzip2__instcount_512,19000,13963,1.1548,2.05,0.084229,[.00
PPO_25000_bzip2__instcount_512,19000,13933,1.1572,2.06,0.082382,[.00
PPO_25000_bzip2__instcount_512,19000,13407,1.1983,2.14,0.084422,[.00
PPO_25000_bzip2__instcount_512,19000,13756,1.1710,2.08,0.077109,[.00
PPO_25000_bzip2__instcount_512,19000,14036,1.1491,2.04,0.081503,[.00
PPO_25000_bzip2__instcount_512,19000,13695,1.1758,2.09,0.083997,[.00
PPO_25000_bzip2__instcount_512,19000,13725,1.1734,2.09,0.080181,[.00
PPO_25000_bzip2__instcount_512,19000,13896,1.1601,2.06,0.082384,[.00
PPO_25000_bzip2__instcount_512,19000,13437,1.1959,2.13,0.08076,[.00
PPO_25000_bzip2__instcount_512,19000,13400,1.1988,2.14,0.0825,[.00
PPO_25000_bzip2__instcount_512,19000,13588,1.1841,2.11,0.082067,[.00
PPO_25000_bzip2__instcount_512,19000,14153,1.1400,2.03,0.083331,[.00
PPO_25000_bzip2__instcount_512,19000,13742,1.1721,2.09,0.084487,[.00
PPO_25000_bzip2__instcount_512,19000,13407,1.1983,2.14,0.082392,[.00
PPO_25000_bzip2__instcount_512,19000,13577,1.1850,2.11,0.081408,[.00
PPO_25000_bzip2__instcount_512,19000,13437,1.1959,2.13,0.081935,[.00
PPO_25000_bzip2__instcount_512,19000,13489,1.1919,2.13,0.07815,[.00
PPO_25000_bzip2__instcount_512,19000,14467,1.1155,1.98,0.082654,[.00
PPO_25000_bzip2__instcount_512,19000,13495,1.1914,2.13,0.089606,[.00
PPO_25000_bzip2__instcount_512,19000,13658,1.1787,2.10,0.080531,[.00
PPO_25000_bzip2__instcount_512,19000,13569,1.1856,2.11,0.083743,[.00
PPO_25000_bzip2__instcount_512,19000,13695,1.1758,2.09,0.079046,[.00
PPO_25000_bzip2__instcount_512,19000,13438,1.1959,2.13,0.08485,[.00
PPO_25000_bzip2__instcount_512,19000,13818,1.1662,2.08,0.082992,[.00
PPO_25000_bzip2__instcount_512,19000,13389,1.1997,2.14,0.081313,[.00
PPO_25000_bzip2__instcount_512,19000,13502,1.1909,2.12,0.080115,[.00
PPO_25000_bzip2__instcount_512,19000,13950,1.1559,2.06,0.086802,[.00
PPO_25000_bzip2__instcount_512,19000,13977,1.1538,2.05,0.081142,[.00
PPO_25000_bzip2__instcount_512,19000,13920,1.1582,2.06,0.081261,[.00
PPO_25000_bzip2__instcount_512,19000,13485,1.1922,2.13,0.078953,[.00
PPO_25000_bzip2__instcount_512,19000,13964,1.1548,2.05,0.079845,[.00
PPO_25000_bzip2__instcount_512,19000,13388,1.1998,2.14,0.078402,[.00
PPO_25000_bzip2__instcount_512,19000,13462,1.1940,2.13,0.080667,[.00
PPO_25000_bzip2__instcount_512,19000,13433,1.1962,2.14,0.081051,[.00
PPO_25000_bzip2__instcount_512,19000,13829,1.1653,2.07,0.082891,[.00
PPO_25000_bzip2__instcount_512,19000,13379,1.2005,2.14,0.080676,[.00
PPO_25000_bzip2__instcount_512,19000,14072,1.1463,2.04,0.07994,[.00
PPO_25000_bzip2__instcount_512,19000,13894,1.1602,2.06,0.082054,[.00
PPO_25000_bzip2__instcount_512,20000,13935,1.1570,2.06,0.096964,[.00
PPO_25000_bzip2__instcount_512,20000,14561,1.1081,1.97,0.089318,[.00
PPO_25000_bzip2__instcount_512,20000,13462,1.1940,2.13,0.081632,[.00
PPO_25000_bzip2__instcount_512,20000,13448,1.1951,2.13,0.085686,[.00
PPO_25000_bzip2__instcount_512,20000,13425,1.1969,2.14,0.077793,[.00
PPO_25000_bzip2__instcount_512,20000,13770,1.1699,2.08,0.088274,[.00
PPO_25000_bzip2__instcount_512,20000,13606,1.1827,2.11,0.083501,[.00
PPO_25000_bzip2__instcount_512,20000,13645,1.1797,2.10,0.079977,[.00
PPO_25000_bzip2__instcount_512,20000,13895,1.1602,2.06,0.084032,[.00
PPO_25000_bzip2__instcount_512,20000,13412,1.1979,2.14,0.080691,[.00
PPO_25000_bzip2__instcount_512,20000,13464,1.1938,2.13,0.081455,[.00
PPO_25000_bzip2__instcount_512,20000,13453,1.1947,2.13,0.080875,[.00
PPO_25000_bzip2__instcount_512,20000,13388,1.1998,2.14,0.080431,[.00
PPO_25000_bzip2__instcount_512,20000,13830,1.1652,2.07,0.079369,[.00
PPO_25000_bzip2__instcount_512,20000,13733,1.1728,2.09,0.07965,[.00
PPO_25000_bzip2__instcount_512,20000,13497,1.1912,2.12,0.091806,[.00
PPO_25000_bzip2__instcount_512,20000,13443,1.1955,2.13,0.084851,[.00
PPO_25000_bzip2__instcount_512,20000,13648,1.1795,2.10,0.07797,[.00
PPO_25000_bzip2__instcount_512,20000,13227,1.2123,2.17,0.082245,[.00
PPO_25000_bzip2__instcount_512,20000,13233,1.2119,2.17,0.078875,[.00
PPO_25000_bzip2__instcount_512,20000,13548,1.1873,2.12,0.077118,[.00
PPO_25000_bzip2__instcount_512,20000,13669,1.1778,2.10,0.079571,[.00
PPO_25000_bzip2__instcount_512,20000,13814,1.1665,2.08,0.083816,[.00
PPO_25000_bzip2__instcount_512,20000,13324,1.2048,2.15,0.07952,[.00
PPO_25000_bzip2__instcount_512,20000,13976,1.1538,2.05,0.079471,[.00
PPO_25000_bzip2__instcount_512,20000,13416,1.1976,2.14,0.078756,[.00
PPO_25000_bzip2__instcount_512,20000,13298,1.2068,2.16,0.082456,[.00
PPO_25000_bzip2__instcount_512,20000,13323,1.2048,2.15,0.081134,[.00
PPO_25000_bzip2__instcount_512,20000,13423,1.1970,2.14,0.082872,[.00
PPO_25000_bzip2__instcount_512,20000,13484,1.1923,2.13,0.079499,[.00
PPO_25000_bzip2__instcount_512,20000,13360,1.2019,2.15,0.082758,[.00
PPO_25000_bzip2__instcount_512,20000,13645,1.1797,2.10,0.080881,[.00
PPO_25000_bzip2__instcount_512,20000,13629,1.1809,2.10,0.079796,[.00
PPO_25000_bzip2__instcount_512,20000,13303,1.2064,2.16,0.079838,[.00
PPO_25000_bzip2__instcount_512,20000,14287,1.1295,2.01,0.081513,[.00
PPO_25000_bzip2__instcount_512,20000,14014,1.1509,2.05,0.080514,[.00
PPO_25000_bzip2__instcount_512,20000,13695,1.1758,2.09,0.080214,[.00
PPO_25000_bzip2__instcount_512,20000,13336,1.2038,2.15,0.082299,[.00
PPO_25000_bzip2__instcount_512,20000,13566,1.1859,2.11,0.08525,[.00
PPO_25000_bzip2__instcount_512,20000,14024,1.1501,2.04,0.080373,[.00
PPO_25000_bzip2__instcount_512,20000,13410,1.1980,2.14,0.081755,[.00
PPO_25000_bzip2__instcount_512,20000,13349,1.2028,2.15,0.081448,[.00
PPO_25000_bzip2__instcount_512,20000,13348,1.2029,2.15,0.0788,[.00
PPO_25000_bzip2__instcount_512,20000,13465,1.1937,2.13,0.078545,[.00
PPO_25000_bzip2__instcount_512,20000,13609,1.1825,2.11,0.079558,[.00
PPO_25000_bzip2__instcount_512,20000,13652,1.1791,2.10,0.082962,[.00
PPO_25000_bzip2__instcount_512,20000,13314,1.2055,2.15,0.081152,[.00
PPO_25000_bzip2__instcount_512,20000,13356,1.2023,2.15,0.081924,[.00
PPO_25000_bzip2__instcount_512,20000,13735,1.1727,2.09,0.079226,[.00
PPO_25000_bzip2__instcount_512,20000,13582,1.1846,2.11,0.081552,[.00
PPO_25000_bzip2__instcount_512,20000,13317,1.2053,2.15,0.081884,[.00
PPO_25000_bzip2__instcount_512,20000,13835,1.1648,2.07,0.081035,[.00
PPO_25000_bzip2__instcount_512,20000,13426,1.1968,2.14,0.08111,[.00
PPO_25000_bzip2__instcount_512,20000,13459,1.1942,2.13,0.083469,[.00
PPO_25000_bzip2__instcount_512,20000,13868,1.1623,2.07,0.076604,[.00
PPO_25000_bzip2__instcount_512,20000,13601,1.1831,2.11,0.081179,[.00
PPO_25000_bzip2__instcount_512,20000,13428,1.1966,2.14,0.080938,[.00
PPO_25000_bzip2__instcount_512,20000,13472,1.1932,2.13,0.080807,[.00
PPO_25000_bzip2__instcount_512,20000,13676,1.1773,2.10,0.081823,[.00
PPO_25000_bzip2__instcount_512,20000,13764,1.1704,2.08,0.078263,[.00
PPO_25000_bzip2__instcount_512,20000,13382,1.2002,2.14,0.07951,[.00
PPO_25000_bzip2__instcount_512,20000,14043,1.1486,2.04,0.082914,[.00
PPO_25000_bzip2__instcount_512,20000,13925,1.1578,2.06,0.088319,[.00
PPO_25000_bzip2__instcount_512,20000,13559,1.1864,2.12,0.079768,[.00
PPO_25000_bzip2__instcount_512,20000,13665,1.1781,2.10,0.079179,[.00
PPO_25000_bzip2__instcount_512,20000,13654,1.1790,2.10,0.077129,[.00
PPO_25000_bzip2__instcount_512,20000,13576,1.1851,2.11,0.082908,[.00
PPO_25000_bzip2__instcount_512,20000,13527,1.1889,2.12,0.07812,[.00
PPO_25000_bzip2__instcount_512,20000,13295,1.2070,2.16,0.081961,[.00
PPO_25000_bzip2__instcount_512,20000,13538,1.1880,2.12,0.078138,[.00
PPO_25000_bzip2__instcount_512,20000,13499,1.1911,2.12,0.08929,[.00
PPO_25000_bzip2__instcount_512,20000,14089,1.1450,2.04,0.086997,[.00
PPO_25000_bzip2__instcount_512,20000,13635,1.1805,2.10,0.081127,[.00
PPO_25000_bzip2__instcount_512,20000,13480,1.1926,2.13,0.082909,[.00
PPO_25000_bzip2__instcount_512,20000,13749,1.1716,2.09,0.07948,[.00
PPO_25000_bzip2__instcount_512,20000,13388,1.1998,2.14,0.081937,[.00
PPO_25000_bzip2__instcount_512,20000,13708,1.1748,2.09,0.085602,[.00
PPO_25000_bzip2__instcount_512,20000,14099,1.1442,2.03,0.084566,[.00
PPO_25000_bzip2__instcount_512,20000,13697,1.1756,2.09,0.084952,[.00
PPO_25000_bzip2__instcount_512,20000,13475,1.1930,2.13,0.083895,[.00
PPO_25000_bzip2__instcount_512,20000,13487,1.1920,2.13,0.081562,[.00
PPO_25000_bzip2__instcount_512,20000,13675,1.1773,2.10,0.078924,[.00
PPO_25000_bzip2__instcount_512,20000,13278,1.2084,2.16,0.080689,[.00
PPO_25000_bzip2__instcount_512,20000,13699,1.1755,2.09,0.079569,[.00
PPO_25000_bzip2__instcount_512,20000,13641,1.1800,2.10,0.079103,[.00
PPO_25000_bzip2__instcount_512,20000,13508,1.1904,2.12,0.086535,[.00
PPO_25000_bzip2__instcount_512,20000,13414,1.1977,2.14,0.082125,[.00
PPO_25000_bzip2__instcount_512,20000,13352,1.2026,2.15,0.078679,[.00
PPO_25000_bzip2__instcount_512,20000,13368,1.2013,2.15,0.087496,[.00
PPO_25000_bzip2__instcount_512,20000,13905,1.1594,2.06,0.080232,[.00
PPO_25000_bzip2__instcount_512,20000,13905,1.1594,2.06,0.085758,[.00
PPO_25000_bzip2__instcount_512,20000,13946,1.1562,2.06,0.079981,[.00
PPO_25000_bzip2__instcount_512,20000,13721,1.1738,2.09,0.079019,[.00
PPO_25000_bzip2__instcount_512,20000,13559,1.1864,2.12,0.082255,[.00
PPO_25000_bzip2__instcount_512,20000,13995,1.1523,2.05,0.086928,[.00
PPO_25000_bzip2__instcount_512,20000,14362,1.1237,2.00,0.082089,[.00
PPO_25000_bzip2__instcount_512,20000,13709,1.1747,2.09,0.083541,[.00
PPO_25000_bzip2__instcount_512,20000,13258,1.2099,2.16,0.08258,[.00
PPO_25000_bzip2__instcount_512,20000,14140,1.1410,2.03,0.083142,[.00
PPO_25000_bzip2__instcount_512,20000,13387,1.1998,2.14,0.082152,[.00
PPO_25000_bzip2__instcount_512,21000,13393,1.1994,2.14,0.08218,[.00
PPO_25000_bzip2__instcount_512,21000,13814,1.1665,2.08,0.081119,[.00
PPO_25000_bzip2__instcount_512,21000,13432,1.1963,2.14,0.078639,[.00
PPO_25000_bzip2__instcount_512,21000,13302,1.2065,2.16,0.079713,[.00
PPO_25000_bzip2__instcount_512,21000,13673,1.1775,2.10,0.088949,[.00
PPO_25000_bzip2__instcount_512,21000,13435,1.1961,2.13,0.088271,[.00
PPO_25000_bzip2__instcount_512,21000,14117,1.1428,2.03,0.080828,[.00
PPO_25000_bzip2__instcount_512,21000,13714,1.1743,2.09,0.079302,[.00
PPO_25000_bzip2__instcount_512,21000,13534,1.1884,2.12,0.080342,[.00
PPO_25000_bzip2__instcount_512,21000,13409,1.1981,2.14,0.085005,[.00
PPO_25000_bzip2__instcount_512,21000,13317,1.2053,2.15,0.086384,[.00
PPO_25000_bzip2__instcount_512,21000,13314,1.2055,2.15,0.080658,[.00
PPO_25000_bzip2__instcount_512,21000,13469,1.1934,2.13,0.086765,[.00
PPO_25000_bzip2__instcount_512,21000,13385,1.2000,2.14,0.084269,[.00
PPO_25000_bzip2__instcount_512,21000,13338,1.2037,2.15,0.085083,[.00
PPO_25000_bzip2__instcount_512,21000,13810,1.1668,2.08,0.081405,[.00
PPO_25000_bzip2__instcount_512,21000,13536,1.1882,2.12,0.078391,[.00
PPO_25000_bzip2__instcount_512,21000,13432,1.1963,2.14,0.083516,[.00
PPO_25000_bzip2__instcount_512,21000,13719,1.1739,2.09,0.081714,[.00
PPO_25000_bzip2__instcount_512,21000,13649,1.1794,2.10,0.081827,[.00
PPO_25000_bzip2__instcount_512,21000,13847,1.1639,2.07,0.079625,[.00
PPO_25000_bzip2__instcount_512,21000,13574,1.1852,2.11,0.083336,[.00
PPO_25000_bzip2__instcount_512,21000,13358,1.2021,2.15,0.082708,[.00
PPO_25000_bzip2__instcount_512,21000,13333,1.2041,2.15,0.080872,[.00
PPO_25000_bzip2__instcount_512,21000,13331,1.2042,2.15,0.082601,[.00
PPO_25000_bzip2__instcount_512,21000,13314,1.2055,2.15,0.079864,[.00
PPO_25000_bzip2__instcount_512,21000,13382,1.2002,2.14,0.082186,[.00
PPO_25000_bzip2__instcount_512,21000,13511,1.1902,2.12,0.07903,[.00
PPO_25000_bzip2__instcount_512,21000,13941,1.1566,2.06,0.079671,[.00
PPO_25000_bzip2__instcount_512,21000,13463,1.1939,2.13,0.08136,[.00
PPO_25000_bzip2__instcount_512,21000,13338,1.2037,2.15,0.080722,[.00
PPO_25000_bzip2__instcount_512,21000,13390,1.1996,2.14,0.084526,[.00
PPO_25000_bzip2__instcount_512,21000,13413,1.1978,2.14,0.08003,[.00
PPO_25000_bzip2__instcount_512,21000,13927,1.1577,2.06,0.080644,[.00
PPO_25000_bzip2__instcount_512,21000,13345,1.2031,2.15,0.089431,[.00
PPO_25000_bzip2__instcount_512,21000,13381,1.2003,2.14,0.085192,[.00
PPO_25000_bzip2__instcount_512,21000,13509,1.1903,2.12,0.086039,[.00
PPO_25000_bzip2__instcount_512,21000,13379,1.2005,2.14,0.082545,[.00
PPO_25000_bzip2__instcount_512,21000,13806,1.1671,2.08,0.083691,[.00
PPO_25000_bzip2__instcount_512,21000,13495,1.1914,2.13,0.082139,[.00
PPO_25000_bzip2__instcount_512,21000,13434,1.1962,2.13,0.082008,[.00
PPO_25000_bzip2__instcount_512,21000,13528,1.1888,2.12,0.083818,[.00
PPO_25000_bzip2__instcount_512,21000,13934,1.1571,2.06,0.082924,[.00
PPO_25000_bzip2__instcount_512,21000,13439,1.1958,2.13,0.081625,[.00
PPO_25000_bzip2__instcount_512,21000,13630,1.1809,2.10,0.080008,[.00
PPO_25000_bzip2__instcount_512,21000,13297,1.2069,2.16,0.084586,[.00
PPO_25000_bzip2__instcount_512,21000,13696,1.1757,2.09,0.082556,[.00
PPO_25000_bzip2__instcount_512,21000,13474,1.1930,2.13,0.081571,[.00
PPO_25000_bzip2__instcount_512,21000,13693,1.1759,2.09,0.081777,[.00
PPO_25000_bzip2__instcount_512,21000,14009,1.1513,2.05,0.081761,[.00
PPO_25000_bzip2__instcount_512,21000,13900,1.1598,2.06,0.085412,[.00
PPO_25000_bzip2__instcount_512,21000,13611,1.1823,2.11,0.077897,[.00
PPO_25000_bzip2__instcount_512,21000,13891,1.1605,2.06,0.079791,[.00
PPO_25000_bzip2__instcount_512,21000,13542,1.1877,2.12,0.081256,[.00
PPO_25000_bzip2__instcount_512,21000,13422,1.1971,2.14,0.079249,[.00
PPO_25000_bzip2__instcount_512,21000,13472,1.1932,2.13,0.079785,[.00
PPO_25000_bzip2__instcount_512,21000,13384,1.2001,2.14,0.083396,[.00
PPO_25000_bzip2__instcount_512,21000,13589,1.1841,2.11,0.082367,[.00
PPO_25000_bzip2__instcount_512,21000,13444,1.1954,2.13,0.080347,[.00
PPO_25000_bzip2__instcount_512,21000,13574,1.1852,2.11,0.078091,[.00
PPO_25000_bzip2__instcount_512,21000,13424,1.1970,2.14,0.083006,[.00
PPO_25000_bzip2__instcount_512,21000,13472,1.1932,2.13,0.08361,[.00
PPO_25000_bzip2__instcount_512,21000,13461,1.1941,2.13,0.080312,[.00
PPO_25000_bzip2__instcount_512,21000,13308,1.2060,2.16,0.083314,[.00
PPO_25000_bzip2__instcount_512,21000,13311,1.2058,2.15,0.082091,[.00
PPO_25000_bzip2__instcount_512,21000,13388,1.1998,2.14,0.079599,[.00
PPO_25000_bzip2__instcount_512,21000,13340,1.2035,2.15,0.079414,[.00
PPO_25000_bzip2__instcount_512,21000,13569,1.1856,2.11,0.079355,[.00
PPO_25000_bzip2__instcount_512,21000,13337,1.2037,2.15,0.08117,[.00
PPO_25000_bzip2__instcount_512,21000,13428,1.1966,2.14,0.08478,[.00
PPO_25000_bzip2__instcount_512,21000,13919,1.1583,2.06,0.08133,[.00
PPO_25000_bzip2__instcount_512,21000,13619,1.1817,2.11,0.079062,[.00
PPO_25000_bzip2__instcount_512,21000,13295,1.2070,2.16,0.080947,[.00
PPO_25000_bzip2__instcount_512,21000,13453,1.1947,2.13,0.079313,[.00
PPO_25000_bzip2__instcount_512,21000,13446,1.1952,2.13,0.079941,[.00
PPO_25000_bzip2__instcount_512,21000,13571,1.1855,2.11,0.080886,[.00
PPO_25000_bzip2__instcount_512,21000,13331,1.2042,2.15,0.079499,[.00
PPO_25000_bzip2__instcount_512,21000,13487,1.1920,2.13,0.079721,[.00
PPO_25000_bzip2__instcount_512,21000,13582,1.1846,2.11,0.078417,[.00
PPO_25000_bzip2__instcount_512,21000,13924,1.1579,2.06,0.086465,[.00
PPO_25000_bzip2__instcount_512,21000,13404,1.1985,2.14,0.082492,[.00
PPO_25000_bzip2__instcount_512,21000,13401,1.1987,2.14,0.081471,[.00
PPO_25000_bzip2__instcount_512,21000,13980,1.1535,2.05,0.083917,[.00
PPO_25000_bzip2__instcount_512,21000,13407,1.1983,2.14,0.08189,[.00
PPO_25000_bzip2__instcount_512,21000,13402,1.1987,2.14,0.078726,[.00
PPO_25000_bzip2__instcount_512,21000,13382,1.2002,2.14,0.084922,[.00
PPO_25000_bzip2__instcount_512,21000,13384,1.2001,2.14,0.084326,[.00
PPO_25000_bzip2__instcount_512,21000,13664,1.1782,2.10,0.08184,[.00
PPO_25000_bzip2__instcount_512,21000,13384,1.2001,2.14,0.088062,[.00
PPO_25000_bzip2__instcount_512,21000,13620,1.1816,2.11,0.078482,[.00
PPO_25000_bzip2__instcount_512,21000,13400,1.1988,2.14,0.085925,[.00
PPO_25000_bzip2__instcount_512,21000,13280,1.2082,2.16,0.08514,[.00
PPO_25000_bzip2__instcount_512,21000,13531,1.1886,2.12,0.09154,[.00
PPO_25000_bzip2__instcount_512,21000,13939,1.1567,2.06,0.084771,[.00
PPO_25000_bzip2__instcount_512,21000,13850,1.1637,2.07,0.079144,[.00
PPO_25000_bzip2__instcount_512,21000,13534,1.1884,2.12,0.08073,[.00
PPO_25000_bzip2__instcount_512,21000,13367,1.2014,2.15,0.086389,[.00
PPO_25000_bzip2__instcount_512,21000,13390,1.1996,2.14,0.082424,[.00
PPO_25000_bzip2__instcount_512,21000,13767,1.1702,2.08,0.082594,[.00
PPO_25000_bzip2__instcount_512,21000,13337,1.2037,2.15,0.078558,[.00
PPO_25000_bzip2__instcount_512,22000,13401,1.1987,2.14,0.081866,[.00
PPO_25000_bzip2__instcount_512,22000,13516,1.1898,2.12,0.083871,[.00
PPO_25000_bzip2__instcount_512,22000,13311,1.2058,2.15,0.084865,[.00
PPO_25000_bzip2__instcount_512,22000,13385,1.2000,2.14,0.078795,[.00
PPO_25000_bzip2__instcount_512,22000,13755,1.1711,2.09,0.078307,[.00
PPO_25000_bzip2__instcount_512,22000,13400,1.1988,2.14,0.080073,[.00
PPO_25000_bzip2__instcount_512,22000,14024,1.1501,2.04,0.080796,[.00
PPO_25000_bzip2__instcount_512,22000,13539,1.1880,2.12,0.080165,[.00
PPO_25000_bzip2__instcount_512,22000,13231,1.2120,2.17,0.080267,[.00
PPO_25000_bzip2__instcount_512,22000,13597,1.1834,2.11,0.086259,[.00
PPO_25000_bzip2__instcount_512,22000,13250,1.2105,2.16,0.081792,[.00
PPO_25000_bzip2__instcount_512,22000,13469,1.1934,2.13,0.096864,[.00
PPO_25000_bzip2__instcount_512,22000,13415,1.1977,2.14,0.080796,[.00
PPO_25000_bzip2__instcount_512,22000,13504,1.1907,2.12,0.083354,[.00
PPO_25000_bzip2__instcount_512,22000,13928,1.1576,2.06,0.085066,[.00
PPO_25000_bzip2__instcount_512,22000,13821,1.1659,2.08,0.088975,[.00
PPO_25000_bzip2__instcount_512,22000,13681,1.1769,2.10,0.095679,[.00
PPO_25000_bzip2__instcount_512,22000,13576,1.1851,2.11,0.085914,[.00
PPO_25000_bzip2__instcount_512,22000,13897,1.1600,2.06,0.085179,[.00
PPO_25000_bzip2__instcount_512,22000,13328,1.2044,2.15,0.079284,[.00
PPO_25000_bzip2__instcount_512,22000,13381,1.2003,2.14,0.080951,[.00
PPO_25000_bzip2__instcount_512,22000,13363,1.2017,2.15,0.082154,[.00
PPO_25000_bzip2__instcount_512,22000,13363,1.2017,2.15,0.085634,[.00
PPO_25000_bzip2__instcount_512,22000,13471,1.1933,2.13,0.082517,[.00
PPO_25000_bzip2__instcount_512,22000,13421,1.1972,2.14,0.080899,[.00
PPO_25000_bzip2__instcount_512,22000,13323,1.2048,2.15,0.083964,[.00
PPO_25000_bzip2__instcount_512,22000,13390,1.1996,2.14,0.078552,[.00
PPO_25000_bzip2__instcount_512,22000,13981,1.1534,2.05,0.079492,[.00
PPO_25000_bzip2__instcount_512,22000,13386,1.1999,2.14,0.083043,[.00
PPO_25000_bzip2__instcount_512,22000,13350,1.2027,2.15,0.10506,[.00
PPO_25000_bzip2__instcount_512,22000,13581,1.1847,2.11,0.077765,[.00
PPO_25000_bzip2__instcount_512,22000,13373,1.2009,2.14,0.081233,[.00
PPO_25000_bzip2__instcount_512,22000,13295,1.2070,2.16,0.081424,[.00
PPO_25000_bzip2__instcount_512,22000,13523,1.1892,2.12,0.077347,[.00
PPO_25000_bzip2__instcount_512,22000,13417,1.1975,2.14,0.089119,[.00
PPO_25000_bzip2__instcount_512,22000,13455,1.1945,2.13,0.084593,[.00
PPO_25000_bzip2__instcount_512,22000,13400,1.1988,2.14,0.078695,[.00
PPO_25000_bzip2__instcount_512,22000,13540,1.1879,2.12,0.096314,[.00
PPO_25000_bzip2__instcount_512,22000,13234,1.2118,2.17,0.088004,[.00
PPO_25000_bzip2__instcount_512,22000,13329,1.2044,2.15,0.08106,[.00
PPO_25000_bzip2__instcount_512,22000,13310,1.2059,2.15,0.082428,[.00
PPO_25000_bzip2__instcount_512,22000,13631,1.1808,2.10,0.079627,[.00
PPO_25000_bzip2__instcount_512,22000,13627,1.1811,2.10,0.08183,[.00
PPO_25000_bzip2__instcount_512,22000,13492,1.1916,2.13,0.08004,[.00
PPO_25000_bzip2__instcount_512,22000,13569,1.1856,2.11,0.079642,[.00
PPO_25000_bzip2__instcount_512,22000,13419,1.1973,2.14,0.079189,[.00
PPO_25000_bzip2__instcount_512,22000,13422,1.1971,2.14,0.081648,[.00
PPO_25000_bzip2__instcount_512,22000,13532,1.1885,2.12,0.080631,[.00
PPO_25000_bzip2__instcount_512,22000,13420,1.1973,2.14,0.080189,[.00
PPO_25000_bzip2__instcount_512,22000,13372,1.2010,2.14,0.094854,[.00
PPO_25000_bzip2__instcount_512,22000,13355,1.2023,2.15,0.080099,[.00
PPO_25000_bzip2__instcount_512,22000,13442,1.1955,2.13,0.082088,[.00
PPO_25000_bzip2__instcount_512,22000,13418,1.1974,2.14,0.083175,[.00
PPO_25000_bzip2__instcount_512,22000,13462,1.1940,2.13,0.078484,[.00
PPO_25000_bzip2__instcount_512,22000,13599,1.1833,2.11,0.083464,[.00
PPO_25000_bzip2__instcount_512,22000,13395,1.1992,2.14,0.082328,[.00
PPO_25000_bzip2__instcount_512,22000,13940,1.1566,2.06,0.081269,[.00
PPO_25000_bzip2__instcount_512,22000,13851,1.1636,2.07,0.08078,[.00
PPO_25000_bzip2__instcount_512,22000,13702,1.1752,2.09,0.082855,[.00
PPO_25000_bzip2__instcount_512,22000,13420,1.1973,2.14,0.078262,[.00
PPO_25000_bzip2__instcount_512,22000,13925,1.1578,2.06,0.08379,[.00
PPO_25000_bzip2__instcount_512,22000,13275,1.2086,2.16,0.084476,[.00
PPO_25000_bzip2__instcount_512,22000,13433,1.1962,2.14,0.078707,[.00
PPO_25000_bzip2__instcount_512,22000,13697,1.1756,2.09,0.08147,[.00
PPO_25000_bzip2__instcount_512,22000,13458,1.1943,2.13,0.081952,[.00
PPO_25000_bzip2__instcount_512,22000,13352,1.2026,2.15,0.079278,[.00
PPO_25000_bzip2__instcount_512,22000,13341,1.2034,2.15,0.087393,[.00
PPO_25000_bzip2__instcount_512,22000,13439,1.1958,2.13,0.07799,[.00
PPO_25000_bzip2__instcount_512,22000,13426,1.1968,2.14,0.077764,[.00
PPO_25000_bzip2__instcount_512,22000,13436,1.1960,2.13,0.0805,[.00
PPO_25000_bzip2__instcount_512,22000,14043,1.1486,2.04,0.08261,[.00
PPO_25000_bzip2__instcount_512,22000,14024,1.1501,2.04,0.080237,[.00
PPO_25000_bzip2__instcount_512,22000,13388,1.1998,2.14,0.088185,[.00
PPO_25000_bzip2__instcount_512,22000,13523,1.1892,2.12,0.081697,[.00
PPO_25000_bzip2__instcount_512,22000,13560,1.1863,2.12,0.083465,[.00
PPO_25000_bzip2__instcount_512,22000,13615,1.1820,2.11,0.082319,[.00
PPO_25000_bzip2__instcount_512,22000,13437,1.1959,2.13,0.077433,[.00
PPO_25000_bzip2__instcount_512,22000,13623,1.1814,2.11,0.082904,[.00
PPO_25000_bzip2__instcount_512,22000,13604,1.1829,2.11,0.082208,[.00
PPO_25000_bzip2__instcount_512,22000,13426,1.1968,2.14,0.080797,[.00
PPO_25000_bzip2__instcount_512,22000,13650,1.1793,2.10,0.082004,[.00
PPO_25000_bzip2__instcount_512,22000,13337,1.2037,2.15,0.081747,[.00
PPO_25000_bzip2__instcount_512,22000,13607,1.1827,2.11,0.081277,[.00
PPO_25000_bzip2__instcount_512,22000,13304,1.2063,2.16,0.086722,[.00
PPO_25000_bzip2__instcount_512,22000,13339,1.2036,2.15,0.081254,[.00
PPO_25000_bzip2__instcount_512,22000,13454,1.1946,2.13,0.082078,[.00
PPO_25000_bzip2__instcount_512,22000,13927,1.1577,2.06,0.07927,[.00
PPO_25000_bzip2__instcount_512,22000,13355,1.2023,2.15,0.086247,[.00
PPO_25000_bzip2__instcount_512,22000,13277,1.2084,2.16,0.081959,[.00
PPO_25000_bzip2__instcount_512,22000,13637,1.1803,2.10,0.083618,[.00
PPO_25000_bzip2__instcount_512,22000,13965,1.1547,2.05,0.09551,[.00
PPO_25000_bzip2__instcount_512,22000,13536,1.1882,2.12,0.086944,[.00
PPO_25000_bzip2__instcount_512,22000,13606,1.1827,2.11,0.078391,[.00
PPO_25000_bzip2__instcount_512,22000,13461,1.1941,2.13,0.081329,[.00
PPO_25000_bzip2__instcount_512,22000,13824,1.1657,2.07,0.086972,[.00
PPO_25000_bzip2__instcount_512,22000,13432,1.1963,2.14,0.079469,[.00
PPO_25000_bzip2__instcount_512,22000,13659,1.1786,2.10,0.080901,[.00
PPO_25000_bzip2__instcount_512,22000,13344,1.2032,2.15,0.085697,[.00
PPO_25000_bzip2__instcount_512,22000,13389,1.1997,2.14,0.079639,[.00
PPO_25000_bzip2__instcount_512,22000,13692,1.1760,2.09,0.082092,[.00
PPO_25000_bzip2__instcount_512,23000,13587,1.1842,2.11,0.08567,[.00
PPO_25000_bzip2__instcount_512,23000,13364,1.2016,2.15,0.082202,[.00
PPO_25000_bzip2__instcount_512,23000,13479,1.1927,2.13,0.081023,[.00
PPO_25000_bzip2__instcount_512,23000,13589,1.1841,2.11,0.086723,[.00
PPO_25000_bzip2__instcount_512,23000,13345,1.2031,2.15,0.08366,[.00
PPO_25000_bzip2__instcount_512,23000,13934,1.1571,2.06,0.080437,[.00
PPO_25000_bzip2__instcount_512,23000,13390,1.1996,2.14,0.079105,[.00
PPO_25000_bzip2__instcount_512,23000,13429,1.1966,2.14,0.082114,[.00
PPO_25000_bzip2__instcount_512,23000,13378,1.2005,2.14,0.07755,[.00
PPO_25000_bzip2__instcount_512,23000,13311,1.2058,2.15,0.079652,[.00
PPO_25000_bzip2__instcount_512,23000,13539,1.1880,2.12,0.084128,[.00
PPO_25000_bzip2__instcount_512,23000,13424,1.1970,2.14,0.084012,[.00
PPO_25000_bzip2__instcount_512,23000,13380,1.2004,2.14,0.085332,[.00
PPO_25000_bzip2__instcount_512,23000,13299,1.2067,2.16,0.084491,[.00
PPO_25000_bzip2__instcount_512,23000,13235,1.2117,2.17,0.07887,[.00
PPO_25000_bzip2__instcount_512,23000,13782,1.1690,2.08,0.087678,[.00
PPO_25000_bzip2__instcount_512,23000,13484,1.1923,2.13,0.08385,[.00
PPO_25000_bzip2__instcount_512,23000,13786,1.1687,2.08,0.083457,[.00
PPO_25000_bzip2__instcount_512,23000,13608,1.1826,2.11,0.082192,[.00
PPO_25000_bzip2__instcount_512,23000,13447,1.1952,2.13,0.08026,[.00
PPO_25000_bzip2__instcount_512,23000,13933,1.1572,2.06,0.095646,[.00
PPO_25000_bzip2__instcount_512,23000,13361,1.2019,2.15,0.087054,[.00
PPO_25000_bzip2__instcount_512,23000,13319,1.2052,2.15,0.08297,[.00
PPO_25000_bzip2__instcount_512,23000,13526,1.1890,2.12,0.084921,[.00
PPO_25000_bzip2__instcount_512,23000,13375,1.2008,2.14,0.083503,[.00
PPO_25000_bzip2__instcount_512,23000,13641,1.1800,2.10,0.076855,[.00
PPO_25000_bzip2__instcount_512,23000,13358,1.2021,2.15,0.086757,[.00
PPO_25000_bzip2__instcount_512,23000,13583,1.1845,2.11,0.079788,[.00
PPO_25000_bzip2__instcount_512,23000,13269,1.2091,2.16,0.080524,[.00
PPO_25000_bzip2__instcount_512,23000,17510,0.8778,1.64,0.084185,[.00
PPO_25000_bzip2__instcount_512,23000,13459,1.1942,2.13,0.082821,[.00
PPO_25000_bzip2__instcount_512,23000,13337,1.2037,2.15,0.080047,[.00
PPO_25000_bzip2__instcount_512,23000,13607,1.1827,2.11,0.083276,[.00
PPO_25000_bzip2__instcount_512,23000,13368,1.2013,2.15,0.08036,[.00
PPO_25000_bzip2__instcount_512,23000,13811,1.1667,2.08,0.085174,[.00
PPO_25000_bzip2__instcount_512,23000,13340,1.2035,2.15,0.081036,[.00
PPO_25000_bzip2__instcount_512,23000,13256,1.2101,2.16,0.082215,[.00
PPO_25000_bzip2__instcount_512,23000,13341,1.2034,2.15,0.079571,[.00
PPO_25000_bzip2__instcount_512,23000,13877,1.1616,2.07,0.086559,[.00
PPO_25000_bzip2__instcount_512,23000,13374,1.2009,2.14,0.088708,[.00
PPO_25000_bzip2__instcount_512,23000,13474,1.1930,2.13,0.084474,[.00
PPO_25000_bzip2__instcount_512,23000,13359,1.2020,2.15,0.080747,[.00
PPO_25000_bzip2__instcount_512,23000,13307,1.2061,2.16,0.084464,[.00
PPO_25000_bzip2__instcount_512,23000,13981,1.1534,2.05,0.082185,[.00
PPO_25000_bzip2__instcount_512,23000,13376,1.2007,2.14,0.084953,[.00
PPO_25000_bzip2__instcount_512,23000,13463,1.1939,2.13,0.080852,[.00
PPO_25000_bzip2__instcount_512,23000,13990,1.1527,2.05,0.082949,[.00
PPO_25000_bzip2__instcount_512,23000,13426,1.1968,2.14,0.083226,[.00
PPO_25000_bzip2__instcount_512,23000,13503,1.1908,2.12,0.082132,[.00
PPO_25000_bzip2__instcount_512,23000,13536,1.1882,2.12,0.081202,[.00
PPO_25000_bzip2__instcount_512,23000,13267,1.2092,2.16,0.079338,[.00
PPO_25000_bzip2__instcount_512,23000,13997,1.1522,2.05,0.083149,[.00
PPO_25000_bzip2__instcount_512,23000,13463,1.1939,2.13,0.08454,[.00
PPO_25000_bzip2__instcount_512,23000,13415,1.1977,2.14,0.082529,[.00
PPO_25000_bzip2__instcount_512,23000,13418,1.1974,2.14,0.079209,[.00
PPO_25000_bzip2__instcount_512,23000,13289,1.2075,2.16,0.07833,[.00
PPO_25000_bzip2__instcount_512,23000,13841,1.1644,2.07,0.086376,[.00
PPO_25000_bzip2__instcount_512,23000,13287,1.2077,2.16,0.080064,[.00
PPO_25000_bzip2__instcount_512,23000,13265,1.2094,2.16,0.083336,[.00
PPO_25000_bzip2__instcount_512,23000,13443,1.1955,2.13,0.079743,[.00
PPO_25000_bzip2__instcount_512,23000,13294,1.2071,2.16,0.081693,[.00
PPO_25000_bzip2__instcount_512,23000,13592,1.1838,2.11,0.08505,[.00
PPO_25000_bzip2__instcount_512,23000,13934,1.1571,2.06,0.085212,[.00
PPO_25000_bzip2__instcount_512,23000,13393,1.1994,2.14,0.086242,[.00
PPO_25000_bzip2__instcount_512,23000,13408,1.1982,2.14,0.0909,[.00
PPO_25000_bzip2__instcount_512,23000,13375,1.2008,2.14,0.08352,[.00
PPO_25000_bzip2__instcount_512,23000,13842,1.1643,2.07,0.084055,[.00
PPO_25000_bzip2__instcount_512,23000,13523,1.1892,2.12,0.081588,[.00
PPO_25000_bzip2__instcount_512,23000,13483,1.1923,2.13,0.081921,[.00
PPO_25000_bzip2__instcount_512,23000,13300,1.2066,2.16,0.086601,[.00
PPO_25000_bzip2__instcount_512,23000,13375,1.2008,2.14,0.082412,[.00
PPO_25000_bzip2__instcount_512,23000,13291,1.2073,2.16,0.081489,[.00
PPO_25000_bzip2__instcount_512,23000,13368,1.2013,2.15,0.082304,[.00
PPO_25000_bzip2__instcount_512,23000,13410,1.1980,2.14,0.079469,[.00
PPO_25000_bzip2__instcount_512,23000,13457,1.1944,2.13,0.079562,[.00
PPO_25000_bzip2__instcount_512,23000,13381,1.2003,2.14,0.084145,[.00
PPO_25000_bzip2__instcount_512,23000,13648,1.1795,2.10,0.080176,[.00
PPO_25000_bzip2__instcount_512,23000,13385,1.2000,2.14,0.083375,[.00
PPO_25000_bzip2__instcount_512,23000,13692,1.1760,2.09,0.08163,[.00
PPO_25000_bzip2__instcount_512,23000,13551,1.1870,2.12,0.082603,[.00
PPO_25000_bzip2__instcount_512,23000,13646,1.1796,2.10,0.082997,[.00
PPO_25000_bzip2__instcount_512,23000,13336,1.2038,2.15,0.079181,[.00
PPO_25000_bzip2__instcount_512,23000,13521,1.1894,2.12,0.07751,[.00
PPO_25000_bzip2__instcount_512,23000,13680,1.1770,2.10,0.083148,[.00
PPO_25000_bzip2__instcount_512,23000,13200,1.2144,2.17,0.082427,[.00
PPO_25000_bzip2__instcount_512,23000,13323,1.2048,2.15,0.079533,[.00
PPO_25000_bzip2__instcount_512,23000,13338,1.2037,2.15,0.0844,[.00
PPO_25000_bzip2__instcount_512,23000,13567,1.1858,2.11,0.081177,[.00
PPO_25000_bzip2__instcount_512,23000,13393,1.1994,2.14,0.081,[.00
PPO_25000_bzip2__instcount_512,23000,13884,1.1610,2.07,0.082956,[.00
PPO_25000_bzip2__instcount_512,23000,13307,1.2061,2.16,0.082388,[.00
PPO_25000_bzip2__instcount_512,23000,13838,1.1646,2.07,0.083228,[.00
PPO_25000_bzip2__instcount_512,23000,13862,1.1627,2.07,0.080754,[.00
PPO_25000_bzip2__instcount_512,23000,13456,1.1945,2.13,0.089417,[.00
PPO_25000_bzip2__instcount_512,23000,13443,1.1955,2.13,0.086977,[.00
PPO_25000_bzip2__instcount_512,23000,13572,1.1854,2.11,0.081552,[.00
PPO_25000_bzip2__instcount_512,23000,13326,1.2046,2.15,0.077907,[.00
PPO_25000_bzip2__instcount_512,23000,13397,1.1991,2.14,0.082513,[.00
PPO_25000_bzip2__instcount_512,23000,13409,1.1981,2.14,0.078668,[.00
PPO_25000_bzip2__instcount_512,23000,14020,1.1504,2.05,0.08468,[.00
PPO_25000_bzip2__instcount_512,24000,15957,0.9991,1.80,0.083178,[.00
PPO_25000_bzip2__instcount_512,24000,15808,1.0107,1.81,0.083351,[.00
PPO_25000_bzip2__instcount_512,24000,13421,1.1972,2.14,0.08777,[.00
PPO_25000_bzip2__instcount_512,24000,16211,0.9793,1.77,0.084522,[.00
PPO_25000_bzip2__instcount_512,24000,13489,1.1919,2.13,0.080957,[.00
PPO_25000_bzip2__instcount_512,24000,13444,1.1954,2.13,0.086771,[.00
PPO_25000_bzip2__instcount_512,24000,13418,1.1974,2.14,0.085115,[.00
PPO_25000_bzip2__instcount_512,24000,13494,1.1915,2.13,0.087939,[.00
PPO_25000_bzip2__instcount_512,24000,15899,1.0036,1.80,0.085763,[.00
PPO_25000_bzip2__instcount_512,24000,13365,1.2016,2.15,0.093333,[.00
PPO_25000_bzip2__instcount_512,24000,13475,1.1930,2.13,0.083841,[.00
PPO_25000_bzip2__instcount_512,24000,13558,1.1865,2.12,0.08314,[.00
PPO_25000_bzip2__instcount_512,24000,13839,1.1645,2.07,0.082128,[.00
PPO_25000_bzip2__instcount_512,24000,13613,1.1822,2.11,0.089408,[.00
PPO_25000_bzip2__instcount_512,24000,13383,1.2002,2.14,0.083709,[.00
PPO_25000_bzip2__instcount_512,24000,13576,1.1851,2.11,0.085105,[.00
PPO_25000_bzip2__instcount_512,24000,13335,1.2039,2.15,0.081961,[.00
PPO_25000_bzip2__instcount_512,24000,13433,1.1962,2.14,0.081324,[.00
PPO_25000_bzip2__instcount_512,24000,13356,1.2023,2.15,0.081639,[.00
PPO_25000_bzip2__instcount_512,24000,13561,1.1862,2.11,0.087517,[.00
PPO_25000_bzip2__instcount_512,24000,13419,1.1973,2.14,0.079308,[.00
PPO_25000_bzip2__instcount_512,24000,13342,1.2034,2.15,0.094198,[.00
PPO_25000_bzip2__instcount_512,24000,13440,1.1957,2.13,0.08167,[.00
PPO_25000_bzip2__instcount_512,24000,13680,1.1770,2.10,0.083432,[.00
PPO_25000_bzip2__instcount_512,24000,13526,1.1890,2.12,0.084605,[.00
PPO_25000_bzip2__instcount_512,24000,13348,1.2029,2.15,0.083189,[.00
PPO_25000_bzip2__instcount_512,24000,13289,1.2075,2.16,0.088211,[.00
PPO_25000_bzip2__instcount_512,24000,13668,1.1779,2.10,0.08117,[.00
PPO_25000_bzip2__instcount_512,24000,13692,1.1760,2.09,0.086746,[.00
PPO_25000_bzip2__instcount_512,24000,16266,0.9750,1.76,0.084866,[.00
PPO_25000_bzip2__instcount_512,24000,13410,1.1980,2.14,0.085799,[.00
PPO_25000_bzip2__instcount_512,24000,13909,1.1591,2.06,0.081632,[.00
PPO_25000_bzip2__instcount_512,24000,13688,1.1763,2.10,0.084673,[.00
PPO_25000_bzip2__instcount_512,24000,13377,1.2006,2.14,0.088083,[.00
PPO_25000_bzip2__instcount_512,24000,13280,1.2082,2.16,0.084509,[.00
PPO_25000_bzip2__instcount_512,24000,13347,1.2030,2.15,0.080521,[.00
PPO_25000_bzip2__instcount_512,24000,13486,1.1921,2.13,0.085115,[.00
PPO_25000_bzip2__instcount_512,24000,13389,1.1997,2.14,0.079686,[.00
PPO_25000_bzip2__instcount_512,24000,13354,1.2024,2.15,0.083189,[.00
PPO_25000_bzip2__instcount_512,24000,13351,1.2027,2.15,0.083107,[.00
PPO_25000_bzip2__instcount_512,24000,13317,1.2053,2.15,0.078701,[.00
PPO_25000_bzip2__instcount_512,24000,13978,1.1537,2.05,0.084587,[.00
PPO_25000_bzip2__instcount_512,24000,13518,1.1896,2.12,0.082906,[.00
PPO_25000_bzip2__instcount_512,24000,13448,1.1951,2.13,0.079888,[.00
PPO_25000_bzip2__instcount_512,24000,13372,1.2010,2.14,0.082837,[.00
PPO_25000_bzip2__instcount_512,24000,13525,1.1891,2.12,0.080668,[.00
PPO_25000_bzip2__instcount_512,24000,15895,1.0039,1.80,0.081534,[.00
PPO_25000_bzip2__instcount_512,24000,13679,1.1770,2.10,0.083142,[.00
PPO_25000_bzip2__instcount_512,24000,13322,1.2049,2.15,0.085658,[.00
PPO_25000_bzip2__instcount_512,24000,13457,1.1944,2.13,0.084216,[.00
PPO_25000_bzip2__instcount_512,24000,13453,1.1947,2.13,0.078903,[.00
PPO_25000_bzip2__instcount_512,24000,13409,1.1981,2.14,0.08326,[.00
PPO_25000_bzip2__instcount_512,24000,14047,1.1483,2.04,0.081969,[.00
PPO_25000_bzip2__instcount_512,24000,16058,0.9912,1.79,0.083444,[.00
PPO_25000_bzip2__instcount_512,24000,13465,1.1937,2.13,0.084118,[.00
PPO_25000_bzip2__instcount_512,24000,15857,1.0069,1.81,0.083598,[.00
PPO_25000_bzip2__instcount_512,24000,16300,0.9723,1.76,0.082684,[.00
PPO_25000_bzip2__instcount_512,24000,13600,1.1832,2.11,0.089645,[.00
PPO_25000_bzip2__instcount_512,24000,16124,0.9860,1.78,0.082674,[.00
PPO_25000_bzip2__instcount_512,24000,15904,1.0032,1.80,0.083612,[.00
PPO_25000_bzip2__instcount_512,24000,13680,1.1770,2.10,0.085626,[.00
PPO_25000_bzip2__instcount_512,24000,13398,1.1990,2.14,0.08415,[.00
PPO_25000_bzip2__instcount_512,24000,13508,1.1904,2.12,0.084349,[.00
PPO_25000_bzip2__instcount_512,24000,13550,1.1871,2.12,0.081687,[.00
PPO_25000_bzip2__instcount_512,24000,13326,1.2046,2.15,0.08427,[.00
PPO_25000_bzip2__instcount_512,24000,13885,1.1609,2.07,0.083012,[.00
PPO_25000_bzip2__instcount_512,24000,13831,1.1652,2.07,0.081638,[.00
PPO_25000_bzip2__instcount_512,24000,16117,0.9866,1.78,0.081792,[.00
PPO_25000_bzip2__instcount_512,24000,13528,1.1888,2.12,0.079365,[.00
PPO_25000_bzip2__instcount_512,24000,15131,1.0636,1.89,0.079106,[.00
PPO_25000_bzip2__instcount_512,24000,13371,1.2011,2.15,0.084232,[.00
PPO_25000_bzip2__instcount_512,24000,14005,1.1516,2.05,0.083178,[.00
PPO_25000_bzip2__instcount_512,24000,13684,1.1766,2.10,0.081143,[.00
PPO_25000_bzip2__instcount_512,24000,13354,1.2024,2.15,0.082596,[.00
PPO_25000_bzip2__instcount_512,24000,13442,1.1955,2.13,0.084161,[.00
PPO_25000_bzip2__instcount_512,24000,13680,1.1770,2.10,0.088463,[.00
PPO_25000_bzip2__instcount_512,24000,15743,1.0158,1.82,0.082131,[.00
PPO_25000_bzip2__instcount_512,24000,16612,0.9479,1.73,0.084528,[.00
PPO_25000_bzip2__instcount_512,24000,13352,1.2026,2.15,0.090075,[.00
PPO_25000_bzip2__instcount_512,24000,15816,1.0101,1.81,0.083108,[.00
PPO_25000_bzip2__instcount_512,24000,13378,1.2005,2.14,0.082616,[.00
PPO_25000_bzip2__instcount_512,24000,13374,1.2009,2.14,0.092793,[.00
PPO_25000_bzip2__instcount_512,24000,13402,1.1987,2.14,0.083185,[.00
PPO_25000_bzip2__instcount_512,24000,13796,1.1679,2.08,0.083615,[.00
PPO_25000_bzip2__instcount_512,24000,13545,1.1875,2.12,0.081565,[.00
PPO_25000_bzip2__instcount_512,24000,13491,1.1917,2.13,0.084834,[.00
PPO_25000_bzip2__instcount_512,24000,13697,1.1756,2.09,0.095524,[.00
PPO_25000_bzip2__instcount_512,24000,13426,1.1968,2.14,0.082858,[.00
PPO_25000_bzip2__instcount_512,24000,16187,0.9811,1.77,0.080248,[.00
PPO_25000_bzip2__instcount_512,24000,13339,1.2036,2.15,0.084765,[.00
PPO_25000_bzip2__instcount_512,24000,13961,1.1550,2.05,0.083579,[.00
PPO_25000_bzip2__instcount_512,24000,13723,1.1736,2.09,0.080442,[.00
PPO_25000_bzip2__instcount_512,24000,13360,1.2019,2.15,0.088409,[.00
PPO_25000_bzip2__instcount_512,24000,13895,1.1602,2.06,0.084932,[.00
PPO_25000_bzip2__instcount_512,24000,13627,1.1811,2.10,0.08577,[.00
PPO_25000_bzip2__instcount_512,24000,13686,1.1765,2.10,0.080636,[.00
PPO_25000_bzip2__instcount_512,24000,13354,1.2024,2.15,0.086031,[.00
PPO_25000_bzip2__instcount_512,24000,13376,1.2007,2.14,0.082177,[.00
PPO_25000_bzip2__instcount_512,24000,13422,1.1971,2.14,0.083861,[.00
PPO_25000_bzip2__instcount_512,24000,13625,1.1812,2.10,0.082975,[.00
PPO_25000_bzip2__instcount_512,25000,13417,1.1975,2.14,0.089838,[.00
PPO_25000_bzip2__instcount_512,25000,15804,1.0110,1.81,0.081677,[.00
PPO_25000_bzip2__instcount_512,25000,13391,1.1995,2.14,0.082069,[.00
PPO_25000_bzip2__instcount_512,25000,13478,1.1927,2.13,0.08461,[.00
PPO_25000_bzip2__instcount_512,25000,13324,1.2048,2.15,0.086081,[.00
PPO_25000_bzip2__instcount_512,25000,13285,1.2078,2.16,0.090859,[.00
PPO_25000_bzip2__instcount_512,25000,13413,1.1978,2.14,0.081793,[.00
PPO_25000_bzip2__instcount_512,25000,13373,1.2009,2.14,0.085664,[.00
PPO_25000_bzip2__instcount_512,25000,13643,1.1798,2.10,0.082607,[.00
PPO_25000_bzip2__instcount_512,25000,13366,1.2015,2.15,0.083401,[.00
PPO_25000_bzip2__instcount_512,25000,13344,1.2032,2.15,0.080154,[.00
PPO_25000_bzip2__instcount_512,25000,13439,1.1958,2.13,0.08126,[.00
PPO_25000_bzip2__instcount_512,25000,13462,1.1940,2.13,0.081827,[.00
PPO_25000_bzip2__instcount_512,25000,13479,1.1927,2.13,0.084007,[.00
PPO_25000_bzip2__instcount_512,25000,13494,1.1915,2.13,0.082422,[.00
PPO_25000_bzip2__instcount_512,25000,13299,1.2067,2.16,0.083574,[.00
PPO_25000_bzip2__instcount_512,25000,13299,1.2067,2.16,0.079662,[.00
PPO_25000_bzip2__instcount_512,25000,13513,1.1900,2.12,0.081189,[.00
PPO_25000_bzip2__instcount_512,25000,13312,1.2057,2.15,0.083798,[.00
PPO_25000_bzip2__instcount_512,25000,15970,0.9981,1.80,0.081232,[.00
PPO_25000_bzip2__instcount_512,25000,13288,1.2076,2.16,0.089148,[.00
PPO_25000_bzip2__instcount_512,25000,16013,0.9947,1.79,0.085975,[.00
PPO_25000_bzip2__instcount_512,25000,13312,1.2057,2.15,0.086817,[.00
PPO_25000_bzip2__instcount_512,25000,13341,1.2034,2.15,0.089776,[.00
PPO_25000_bzip2__instcount_512,25000,13393,1.1994,2.14,0.090088,[.00
PPO_25000_bzip2__instcount_512,25000,13390,1.1996,2.14,0.084713,[.00
PPO_25000_bzip2__instcount_512,25000,13365,1.2016,2.15,0.085314,[.00
PPO_25000_bzip2__instcount_512,25000,15963,0.9986,1.80,0.082404,[.00
PPO_25000_bzip2__instcount_512,25000,13503,1.1908,2.12,0.081358,[.00
PPO_25000_bzip2__instcount_512,25000,13394,1.1993,2.14,0.083246,[.00
PPO_25000_bzip2__instcount_512,25000,13324,1.2048,2.15,0.080096,[.00
PPO_25000_bzip2__instcount_512,25000,13276,1.2085,2.16,0.080266,[.00
PPO_25000_bzip2__instcount_512,25000,13401,1.1987,2.14,0.08572,[.00
PPO_25000_bzip2__instcount_512,25000,13420,1.1973,2.14,0.083608,[.00
PPO_25000_bzip2__instcount_512,25000,13561,1.1862,2.11,0.083262,[.00
PPO_25000_bzip2__instcount_512,25000,15886,1.0046,1.80,0.08504,[.00
PPO_25000_bzip2__instcount_512,25000,13314,1.2055,2.15,0.084293,[.00
PPO_25000_bzip2__instcount_512,25000,13347,1.2030,2.15,0.087296,[.00
PPO_25000_bzip2__instcount_512,25000,13495,1.1914,2.13,0.083864,[.00
PPO_25000_bzip2__instcount_512,25000,13380,1.2004,2.14,0.0822,[.00
PPO_25000_bzip2__instcount_512,25000,15793,1.0119,1.82,0.083353,[.00
PPO_25000_bzip2__instcount_512,25000,13453,1.1947,2.13,0.089992,[.00
PPO_25000_bzip2__instcount_512,25000,13389,1.1997,2.14,0.079752,[.00
PPO_25000_bzip2__instcount_512,25000,13341,1.2034,2.15,0.083333,[.00
PPO_25000_bzip2__instcount_512,25000,13278,1.2084,2.16,0.084359,[.00
PPO_25000_bzip2__instcount_512,25000,13448,1.1951,2.13,0.087817,[.00
PPO_25000_bzip2__instcount_512,25000,15964,0.9985,1.80,0.084028,[.00
PPO_25000_bzip2__instcount_512,25000,13358,1.2021,2.15,0.083511,[.00
PPO_25000_bzip2__instcount_512,25000,13326,1.2046,2.15,0.08208,[.00
PPO_25000_bzip2__instcount_512,25000,13698,1.1755,2.09,0.088237,[.00
PPO_25000_bzip2__instcount_512,25000,13355,1.2023,2.15,0.086764,[.00
PPO_25000_bzip2__instcount_512,25000,13533,1.1884,2.12,0.096365,[.00
PPO_25000_bzip2__instcount_512,25000,15851,1.0074,1.81,0.082647,[.00
PPO_25000_bzip2__instcount_512,25000,15985,0.9969,1.79,0.080787,[.00
PPO_25000_bzip2__instcount_512,25000,13496,1.1913,2.13,0.08556,[.00
PPO_25000_bzip2__instcount_512,25000,13354,1.2024,2.15,0.088105,[.00
PPO_25000_bzip2__instcount_512,25000,13450,1.1949,2.13,0.087305,[.00
PPO_25000_bzip2__instcount_512,25000,13350,1.2027,2.15,0.086092,[.00
PPO_25000_bzip2__instcount_512,25000,13697,1.1756,2.09,0.086135,[.00
PPO_25000_bzip2__instcount_512,25000,13242,1.2112,2.17,0.089146,[.00
PPO_25000_bzip2__instcount_512,25000,13641,1.1800,2.10,0.084276,[.00
PPO_25000_bzip2__instcount_512,25000,13428,1.1966,2.14,0.083794,[.00
PPO_25000_bzip2__instcount_512,25000,13457,1.1944,2.13,0.079463,[.00
PPO_25000_bzip2__instcount_512,25000,13391,1.1995,2.14,0.085439,[.00
PPO_25000_bzip2__instcount_512,25000,13365,1.2016,2.15,0.091993,[.00
PPO_25000_bzip2__instcount_512,25000,13367,1.2014,2.15,0.086389,[.00
PPO_25000_bzip2__instcount_512,25000,13262,1.2096,2.16,0.086998,[.00
PPO_25000_bzip2__instcount_512,25000,13478,1.1927,2.13,0.084362,[.00
PPO_25000_bzip2__instcount_512,25000,13413,1.1978,2.14,0.081053,[.00
PPO_25000_bzip2__instcount_512,25000,16105,0.9875,1.78,0.080913,[.00
PPO_25000_bzip2__instcount_512,25000,13414,1.1977,2.14,0.082832,[.00
PPO_25000_bzip2__instcount_512,25000,13342,1.2034,2.15,0.085387,[.00
PPO_25000_bzip2__instcount_512,25000,13237,1.2116,2.17,0.081324,[.00
PPO_25000_bzip2__instcount_512,25000,13361,1.2019,2.15,0.084825,[.00
PPO_25000_bzip2__instcount_512,25000,13495,1.1914,2.13,0.084438,[.00
PPO_25000_bzip2__instcount_512,25000,13405,1.1984,2.14,0.081062,[.00
PPO_25000_bzip2__instcount_512,25000,13357,1.2022,2.15,0.0823,[.00
PPO_25000_bzip2__instcount_512,25000,13242,1.2112,2.17,0.087437,[.00
PPO_25000_bzip2__instcount_512,25000,13403,1.1986,2.14,0.084762,[.00
PPO_25000_bzip2__instcount_512,25000,13256,1.2101,2.16,0.083521,[.00
PPO_25000_bzip2__instcount_512,25000,13317,1.2053,2.15,0.0815,[.00
PPO_25000_bzip2__instcount_512,25000,13453,1.1947,2.13,0.088542,[.00
PPO_25000_bzip2__instcount_512,25000,13325,1.2047,2.15,0.086439,[.00
PPO_25000_bzip2__instcount_512,25000,13400,1.1988,2.14,0.082694,[.00
PPO_25000_bzip2__instcount_512,25000,13309,1.2059,2.16,0.082139,[.00
PPO_25000_bzip2__instcount_512,25000,13579,1.1848,2.11,0.084995,[.00
PPO_25000_bzip2__instcount_512,25000,13400,1.1988,2.14,0.085353,[.00
PPO_25000_bzip2__instcount_512,25000,13426,1.1968,2.14,0.08599,[.00
PPO_25000_bzip2__instcount_512,25000,13961,1.1550,2.05,0.082683,[.00
PPO_25000_bzip2__instcount_512,25000,13320,1.2051,2.15,0.086413,[.00
PPO_25000_bzip2__instcount_512,25000,15774,1.0134,1.82,0.081758,[.00
PPO_25000_bzip2__instcount_512,25000,13384,1.2001,2.14,0.08372,[.00
PPO_25000_bzip2__instcount_512,25000,15865,1.0063,1.81,0.087168,[.00
PPO_25000_bzip2__instcount_512,25000,13446,1.1952,2.13,0.081248,[.00
PPO_25000_bzip2__instcount_512,25000,13421,1.1972,2.14,0.083427,[.00
PPO_25000_bzip2__instcount_512,25000,13450,1.1949,2.13,0.088283,[.00
PPO_25000_bzip2__instcount_512,25000,13390,1.1996,2.14,0.085514,[.00
PPO_25000_bzip2__instcount_512,25000,13385,1.2000,2.14,0.08646,[.00
PPO_25000_bzip2__instcount_512,25000,15850,1.0074,1.81,0.08329,[.00
PPO_25000_bzip2__instcount_512,25000,13575,1.1852,2.11,0.083887,[.00
