A2C_25000_bzip2__instcount_plainmodel,1000,20595,0.6368,1.39,0.045733,[.00
A2C_25000_bzip2__instcount_plainmodel,1000,20193,0.6682,1.42,0.050133,[.00
A2C_25000_bzip2__instcount_plainmodel,1000,20595,0.6368,1.39,0.047035,[.00
A2C_25000_bzip2__instcount_plainmodel,1000,20595,0.6368,1.39,0.045703,[.00
A2C_25000_bzip2__instcount_plainmodel,1000,20595,0.6368,1.39,0.047945,[.00
A2C_25000_bzip2__instcount_plainmodel,1000,20407,0.6515,1.40,0.046765,[.00
A2C_25000_bzip2__instcount_plainmodel,1000,20803,0.6206,1.38,0.05132,[.00
A2C_25000_bzip2__instcount_plainmodel,1000,20595,0.6368,1.39,0.045648,[.00
A2C_25000_bzip2__instcount_plainmodel,1000,20595,0.6368,1.39,0.047719,[.00
A2C_25000_bzip2__instcount_plainmodel,1000,20595,0.6368,1.39,0.045159,[.00
A2C_25000_bzip2__instcount_plainmodel,1000,20439,0.6490,1.40,0.046994,[.00
A2C_25000_bzip2__instcount_plainmodel,1000,19758,0.7022,1.45,0.045128,[.00
A2C_25000_bzip2__instcount_plainmodel,1000,20595,0.6368,1.39,0.047665,[.00
A2C_25000_bzip2__instcount_plainmodel,1000,20616,0.6352,1.39,0.046217,[.00
A2C_25000_bzip2__instcount_plainmodel,1000,20616,0.6352,1.39,0.046382,[.00
A2C_25000_bzip2__instcount_plainmodel,1000,20595,0.6368,1.39,0.047963,[.00
A2C_25000_bzip2__instcount_plainmodel,1000,20581,0.6379,1.39,0.047398,[.00
A2C_25000_bzip2__instcount_plainmodel,1000,20485,0.6454,1.40,0.045798,[.00
A2C_25000_bzip2__instcount_plainmodel,1000,20595,0.6368,1.39,0.047839,[.00
A2C_25000_bzip2__instcount_plainmodel,1000,20430,0.6497,1.40,0.046604,[.00
A2C_25000_bzip2__instcount_plainmodel,1000,20595,0.6368,1.39,0.045565,[.00
A2C_25000_bzip2__instcount_plainmodel,1000,20460,0.6473,1.40,0.047132,[.00
A2C_25000_bzip2__instcount_plainmodel,1000,20595,0.6368,1.39,0.047821,[.00
A2C_25000_bzip2__instcount_plainmodel,1000,19899,0.6912,1.44,0.045311,[.00
A2C_25000_bzip2__instcount_plainmodel,1000,20595,0.6368,1.39,0.045292,[.00
A2C_25000_bzip2__instcount_plainmodel,1000,20595,0.6368,1.39,0.06271,[.00
A2C_25000_bzip2__instcount_plainmodel,1000,20430,0.6497,1.40,0.04565,[.00
A2C_25000_bzip2__instcount_plainmodel,1000,20591,0.6371,1.39,0.055375,[.00
A2C_25000_bzip2__instcount_plainmodel,1000,20439,0.6490,1.40,0.046982,[.00
A2C_25000_bzip2__instcount_plainmodel,1000,20614,0.6353,1.39,0.048438,[.00
A2C_25000_bzip2__instcount_plainmodel,1000,20595,0.6368,1.39,0.046352,[.00
A2C_25000_bzip2__instcount_plainmodel,1000,20595,0.6368,1.39,0.046373,[.00
A2C_25000_bzip2__instcount_plainmodel,1000,20460,0.6473,1.40,0.04878,[.00
A2C_25000_bzip2__instcount_plainmodel,1000,19899,0.6912,1.44,0.043589,[.00
A2C_25000_bzip2__instcount_plainmodel,1000,19297,0.7382,1.48,0.044399,[.00
A2C_25000_bzip2__instcount_plainmodel,1000,20539,0.6412,1.39,0.048703,[.00
A2C_25000_bzip2__instcount_plainmodel,1000,20595,0.6368,1.39,0.046848,[.00
A2C_25000_bzip2__instcount_plainmodel,1000,20460,0.6473,1.40,0.048482,[.00
A2C_25000_bzip2__instcount_plainmodel,1000,20595,0.6368,1.39,0.045159,[.00
A2C_25000_bzip2__instcount_plainmodel,1000,20595,0.6368,1.39,0.047776,[.00
A2C_25000_bzip2__instcount_plainmodel,1000,20797,0.6210,1.38,0.048502,[.00
A2C_25000_bzip2__instcount_plainmodel,1000,20614,0.6353,1.39,0.045471,[.00
A2C_25000_bzip2__instcount_plainmodel,1000,20595,0.6368,1.39,0.045431,[.00
A2C_25000_bzip2__instcount_plainmodel,1000,20595,0.6368,1.39,0.046945,[.00
A2C_25000_bzip2__instcount_plainmodel,1000,20595,0.6368,1.39,0.045455,[.00
A2C_25000_bzip2__instcount_plainmodel,1000,20595,0.6368,1.39,0.046033,[.00
A2C_25000_bzip2__instcount_plainmodel,1000,20193,0.6682,1.42,0.04654,[.00
A2C_25000_bzip2__instcount_plainmodel,1000,20517,0.6429,1.40,0.047531,[.00
A2C_25000_bzip2__instcount_plainmodel,1000,20595,0.6368,1.39,0.04767,[.00
A2C_25000_bzip2__instcount_plainmodel,1000,20595,0.6368,1.39,0.047033,[.00
A2C_25000_bzip2__instcount_plainmodel,1000,20595,0.6368,1.39,0.047506,[.00
A2C_25000_bzip2__instcount_plainmodel,1000,20595,0.6368,1.39,0.047459,[.00
A2C_25000_bzip2__instcount_plainmodel,1000,20616,0.6352,1.39,0.046878,[.00
A2C_25000_bzip2__instcount_plainmodel,1000,20612,0.6355,1.39,0.047567,[.00
A2C_25000_bzip2__instcount_plainmodel,1000,20237,0.6648,1.42,0.045514,[.00
A2C_25000_bzip2__instcount_plainmodel,1000,20421,0.6504,1.40,0.046017,[.00
A2C_25000_bzip2__instcount_plainmodel,1000,20539,0.6412,1.39,0.04726,[.00
A2C_25000_bzip2__instcount_plainmodel,1000,20820,0.6192,1.38,0.047576,[.00
A2C_25000_bzip2__instcount_plainmodel,1000,20614,0.6353,1.39,0.04741,[.00
A2C_25000_bzip2__instcount_plainmodel,1000,20595,0.6368,1.39,0.047735,[.00
A2C_25000_bzip2__instcount_plainmodel,1000,19899,0.6912,1.44,0.046482,[.00
A2C_25000_bzip2__instcount_plainmodel,1000,20441,0.6488,1.40,0.047325,[.00
A2C_25000_bzip2__instcount_plainmodel,1000,20595,0.6368,1.39,0.047018,[.00
A2C_25000_bzip2__instcount_plainmodel,1000,20518,0.6428,1.40,0.047147,[.00
A2C_25000_bzip2__instcount_plainmodel,1000,19789,0.6998,1.45,0.043749,[.00
A2C_25000_bzip2__instcount_plainmodel,1000,19297,0.7382,1.48,0.044705,[.00
A2C_25000_bzip2__instcount_plainmodel,1000,20595,0.6368,1.39,0.046327,[.00
A2C_25000_bzip2__instcount_plainmodel,1000,20418,0.6506,1.40,0.046944,[.00
A2C_25000_bzip2__instcount_plainmodel,1000,20439,0.6490,1.40,0.046822,[.00
A2C_25000_bzip2__instcount_plainmodel,1000,20595,0.6368,1.39,0.046418,[.00
A2C_25000_bzip2__instcount_plainmodel,1000,20595,0.6368,1.39,0.045477,[.00
A2C_25000_bzip2__instcount_plainmodel,1000,21299,0.5818,1.34,0.048727,[.00
A2C_25000_bzip2__instcount_plainmodel,1000,20595,0.6368,1.39,0.051774,[.00
A2C_25000_bzip2__instcount_plainmodel,1000,20595,0.6368,1.39,0.047708,[.00
A2C_25000_bzip2__instcount_plainmodel,1000,20460,0.6473,1.40,0.052336,[.00
A2C_25000_bzip2__instcount_plainmodel,1000,20506,0.6438,1.40,0.046016,[.00
A2C_25000_bzip2__instcount_plainmodel,1000,21275,0.5837,1.35,0.048128,[.00
A2C_25000_bzip2__instcount_plainmodel,1000,20595,0.6368,1.39,0.045223,[.00
A2C_25000_bzip2__instcount_plainmodel,1000,20595,0.6368,1.39,0.044621,[.00
A2C_25000_bzip2__instcount_plainmodel,1000,20595,0.6368,1.39,0.047884,[.00
A2C_25000_bzip2__instcount_plainmodel,1000,20439,0.6490,1.40,0.047642,[.00
A2C_25000_bzip2__instcount_plainmodel,1000,20595,0.6368,1.39,0.045513,[.00
A2C_25000_bzip2__instcount_plainmodel,1000,20439,0.6490,1.40,0.046723,[.00
A2C_25000_bzip2__instcount_plainmodel,1000,20865,0.6157,1.37,0.047056,[.00
A2C_25000_bzip2__instcount_plainmodel,1000,23702,0.3941,1.21,0.048071,[.00
A2C_25000_bzip2__instcount_plainmodel,1000,20535,0.6415,1.39,0.045836,[.00
A2C_25000_bzip2__instcount_plainmodel,1000,20595,0.6368,1.39,0.045629,[.00
A2C_25000_bzip2__instcount_plainmodel,1000,20595,0.6368,1.39,0.048742,[.00
A2C_25000_bzip2__instcount_plainmodel,1000,20432,0.6495,1.40,0.048552,[.00
A2C_25000_bzip2__instcount_plainmodel,1000,15497,1.0350,1.85,0.069067,[.00
A2C_25000_bzip2__instcount_plainmodel,1000,20193,0.6682,1.42,0.04758,[.00
A2C_25000_bzip2__instcount_plainmodel,1000,20100,0.6755,1.43,0.047543,[.00
A2C_25000_bzip2__instcount_plainmodel,1000,20614,0.6353,1.39,0.045711,[.00
A2C_25000_bzip2__instcount_plainmodel,1000,20595,0.6368,1.39,0.047714,[.00
A2C_25000_bzip2__instcount_plainmodel,1000,20595,0.6368,1.39,0.046955,[.00
A2C_25000_bzip2__instcount_plainmodel,1000,20595,0.6368,1.39,0.044277,[.00
A2C_25000_bzip2__instcount_plainmodel,1000,20805,0.6204,1.38,0.044933,[.00
A2C_25000_bzip2__instcount_plainmodel,1000,20595,0.6368,1.39,0.047932,[.00
A2C_25000_bzip2__instcount_plainmodel,1000,15476,1.0367,1.85,0.069565,[.00
A2C_25000_bzip2__instcount_plainmodel,1000,28139,0.0475,1.02,0.046976,[.00
A2C_25000_bzip2__instcount_plainmodel,2000,20186,0.6688,1.42,0.047428,[.00
A2C_25000_bzip2__instcount_plainmodel,2000,20501,0.6441,1.40,0.04652,[.00
A2C_25000_bzip2__instcount_plainmodel,2000,20801,0.6207,1.38,0.047349,[.00
A2C_25000_bzip2__instcount_plainmodel,2000,20595,0.6368,1.39,0.045684,[.00
A2C_25000_bzip2__instcount_plainmodel,2000,20595,0.6368,1.39,0.047959,[.00
A2C_25000_bzip2__instcount_plainmodel,2000,20595,0.6368,1.39,0.051566,[.00
A2C_25000_bzip2__instcount_plainmodel,2000,19656,0.7102,1.46,0.046823,[.00
A2C_25000_bzip2__instcount_plainmodel,2000,20585,0.6376,1.39,0.04673,[.00
A2C_25000_bzip2__instcount_plainmodel,2000,20595,0.6368,1.39,0.045165,[.00
A2C_25000_bzip2__instcount_plainmodel,2000,16326,0.9703,1.76,0.046946,[.00
A2C_25000_bzip2__instcount_plainmodel,2000,20595,0.6368,1.39,0.045892,[.00
A2C_25000_bzip2__instcount_plainmodel,2000,20603,0.6362,1.39,0.04528,[.00
A2C_25000_bzip2__instcount_plainmodel,2000,20595,0.6368,1.39,0.047663,[.00
A2C_25000_bzip2__instcount_plainmodel,2000,20595,0.6368,1.39,0.045835,[.00
A2C_25000_bzip2__instcount_plainmodel,2000,20595,0.6368,1.39,0.045699,[.00
A2C_25000_bzip2__instcount_plainmodel,2000,19656,0.7102,1.46,0.044732,[.00
A2C_25000_bzip2__instcount_plainmodel,2000,19656,0.7102,1.46,0.047913,[.00
A2C_25000_bzip2__instcount_plainmodel,2000,20595,0.6368,1.39,0.04749,[.00
A2C_25000_bzip2__instcount_plainmodel,2000,20595,0.6368,1.39,0.046888,[.00
A2C_25000_bzip2__instcount_plainmodel,2000,20595,0.6368,1.39,0.04517,[.00
A2C_25000_bzip2__instcount_plainmodel,2000,15453,1.0385,1.86,0.06983,[.00
A2C_25000_bzip2__instcount_plainmodel,2000,20595,0.6368,1.39,0.046009,[.00
A2C_25000_bzip2__instcount_plainmodel,2000,20441,0.6488,1.40,0.04871,[.00
A2C_25000_bzip2__instcount_plainmodel,2000,20595,0.6368,1.39,0.045498,[.00
A2C_25000_bzip2__instcount_plainmodel,2000,19611,0.7137,1.46,0.046133,[.00
A2C_25000_bzip2__instcount_plainmodel,2000,20585,0.6376,1.39,0.047292,[.00
A2C_25000_bzip2__instcount_plainmodel,2000,19656,0.7102,1.46,0.045119,[.00
A2C_25000_bzip2__instcount_plainmodel,2000,20574,0.6384,1.39,0.050685,[.00
A2C_25000_bzip2__instcount_plainmodel,2000,20547,0.6406,1.39,0.04699,[.00
A2C_25000_bzip2__instcount_plainmodel,2000,20495,0.6446,1.40,0.047129,[.00
A2C_25000_bzip2__instcount_plainmodel,2000,19899,0.6912,1.44,0.043817,[.00
A2C_25000_bzip2__instcount_plainmodel,2000,20595,0.6368,1.39,0.045272,[.00
A2C_25000_bzip2__instcount_plainmodel,2000,20610,0.6356,1.39,0.047787,[.00
A2C_25000_bzip2__instcount_plainmodel,2000,20595,0.6368,1.39,0.04662,[.00
A2C_25000_bzip2__instcount_plainmodel,2000,20439,0.6490,1.40,0.049211,[.00
A2C_25000_bzip2__instcount_plainmodel,2000,20595,0.6368,1.39,0.04609,[.00
A2C_25000_bzip2__instcount_plainmodel,2000,20595,0.6368,1.39,0.044888,[.00
A2C_25000_bzip2__instcount_plainmodel,2000,20595,0.6368,1.39,0.045778,[.00
A2C_25000_bzip2__instcount_plainmodel,2000,15620,1.0254,1.84,0.070646,[.00
A2C_25000_bzip2__instcount_plainmodel,2000,20595,0.6368,1.39,0.045208,[.00
A2C_25000_bzip2__instcount_plainmodel,2000,20595,0.6368,1.39,0.047333,[.00
A2C_25000_bzip2__instcount_plainmodel,2000,20485,0.6454,1.40,0.045654,[.00
A2C_25000_bzip2__instcount_plainmodel,2000,19945,0.6876,1.44,0.045161,[.00
A2C_25000_bzip2__instcount_plainmodel,2000,20595,0.6368,1.39,0.04556,[.00
A2C_25000_bzip2__instcount_plainmodel,2000,20595,0.6368,1.39,0.047979,[.00
A2C_25000_bzip2__instcount_plainmodel,2000,20595,0.6368,1.39,0.044529,[.00
A2C_25000_bzip2__instcount_plainmodel,2000,20485,0.6454,1.40,0.048339,[.00
A2C_25000_bzip2__instcount_plainmodel,2000,20595,0.6368,1.39,0.046414,[.00
A2C_25000_bzip2__instcount_plainmodel,2000,20193,0.6682,1.42,0.046368,[.00
A2C_25000_bzip2__instcount_plainmodel,2000,20595,0.6368,1.39,0.046543,[.00
A2C_25000_bzip2__instcount_plainmodel,2000,19899,0.6912,1.44,0.044541,[.00
A2C_25000_bzip2__instcount_plainmodel,2000,20595,0.6368,1.39,0.047528,[.00
A2C_25000_bzip2__instcount_plainmodel,2000,20616,0.6352,1.39,0.045908,[.00
A2C_25000_bzip2__instcount_plainmodel,2000,20595,0.6368,1.39,0.046047,[.00
A2C_25000_bzip2__instcount_plainmodel,2000,20595,0.6368,1.39,0.046288,[.00
A2C_25000_bzip2__instcount_plainmodel,2000,20595,0.6368,1.39,0.047056,[.00
A2C_25000_bzip2__instcount_plainmodel,2000,28120,0.0490,1.02,0.04643,[.00
A2C_25000_bzip2__instcount_plainmodel,2000,20407,0.6515,1.40,0.046753,[.00
A2C_25000_bzip2__instcount_plainmodel,2000,20595,0.6368,1.39,0.047046,[.00
A2C_25000_bzip2__instcount_plainmodel,2000,20595,0.6368,1.39,0.047955,[.00
A2C_25000_bzip2__instcount_plainmodel,2000,20595,0.6368,1.39,0.046216,[.00
A2C_25000_bzip2__instcount_plainmodel,2000,20163,0.6705,1.42,0.045712,[.00
A2C_25000_bzip2__instcount_plainmodel,2000,20439,0.6490,1.40,0.048257,[.00
A2C_25000_bzip2__instcount_plainmodel,2000,19645,0.7110,1.46,0.044792,[.00
A2C_25000_bzip2__instcount_plainmodel,2000,20595,0.6368,1.39,0.045967,[.00
A2C_25000_bzip2__instcount_plainmodel,2000,20595,0.6368,1.39,0.04876,[.00
A2C_25000_bzip2__instcount_plainmodel,2000,20493,0.6448,1.40,0.045993,[.00
A2C_25000_bzip2__instcount_plainmodel,2000,15514,1.0337,1.85,0.067937,[.00
A2C_25000_bzip2__instcount_plainmodel,2000,24699,0.3162,1.16,0.047493,[.00
A2C_25000_bzip2__instcount_plainmodel,2000,20595,0.6368,1.39,0.045046,[.00
A2C_25000_bzip2__instcount_plainmodel,2000,20439,0.6490,1.40,0.048497,[.00
A2C_25000_bzip2__instcount_plainmodel,2000,20595,0.6368,1.39,0.047872,[.00
A2C_25000_bzip2__instcount_plainmodel,2000,20616,0.6352,1.39,0.045998,[.00
A2C_25000_bzip2__instcount_plainmodel,2000,20429,0.6498,1.40,0.048293,[.00
A2C_25000_bzip2__instcount_plainmodel,2000,20595,0.6368,1.39,0.047454,[.00
A2C_25000_bzip2__instcount_plainmodel,2000,20595,0.6368,1.39,0.052284,[.00
A2C_25000_bzip2__instcount_plainmodel,2000,20595,0.6368,1.39,0.045276,[.00
A2C_25000_bzip2__instcount_plainmodel,2000,20517,0.6429,1.40,0.048851,[.00
A2C_25000_bzip2__instcount_plainmodel,2000,20595,0.6368,1.39,0.045629,[.00
A2C_25000_bzip2__instcount_plainmodel,2000,19645,0.7110,1.46,0.045232,[.00
A2C_25000_bzip2__instcount_plainmodel,2000,20616,0.6352,1.39,0.047225,[.00
A2C_25000_bzip2__instcount_plainmodel,2000,20595,0.6368,1.39,0.045227,[.00
A2C_25000_bzip2__instcount_plainmodel,2000,20539,0.6412,1.39,0.050458,[.00
A2C_25000_bzip2__instcount_plainmodel,2000,20614,0.6353,1.39,0.047181,[.00
A2C_25000_bzip2__instcount_plainmodel,2000,20595,0.6368,1.39,0.047885,[.00
A2C_25000_bzip2__instcount_plainmodel,2000,20595,0.6368,1.39,0.044902,[.00
A2C_25000_bzip2__instcount_plainmodel,2000,20595,0.6368,1.39,0.047262,[.00
A2C_25000_bzip2__instcount_plainmodel,2000,20595,0.6368,1.39,0.048081,[.00
A2C_25000_bzip2__instcount_plainmodel,2000,20595,0.6368,1.39,0.048165,[.00
A2C_25000_bzip2__instcount_plainmodel,2000,20595,0.6368,1.39,0.047192,[.00
A2C_25000_bzip2__instcount_plainmodel,2000,19885,0.6923,1.44,0.047533,[.00
A2C_25000_bzip2__instcount_plainmodel,2000,19656,0.7102,1.46,0.051405,[.00
A2C_25000_bzip2__instcount_plainmodel,2000,20585,0.6376,1.39,0.046359,[.00
A2C_25000_bzip2__instcount_plainmodel,2000,20595,0.6368,1.39,0.04582,[.00
A2C_25000_bzip2__instcount_plainmodel,2000,20361,0.6551,1.41,0.04867,[.00
A2C_25000_bzip2__instcount_plainmodel,2000,20595,0.6368,1.39,0.045522,[.00
A2C_25000_bzip2__instcount_plainmodel,2000,20595,0.6368,1.39,0.046198,[.00
A2C_25000_bzip2__instcount_plainmodel,2000,20595,0.6368,1.39,0.050256,[.00
A2C_25000_bzip2__instcount_plainmodel,2000,20595,0.6368,1.39,0.046208,[.00
A2C_25000_bzip2__instcount_plainmodel,2000,20485,0.6454,1.40,0.047097,[.00
A2C_25000_bzip2__instcount_plainmodel,3000,19662,0.7097,1.46,0.044657,[.00
A2C_25000_bzip2__instcount_plainmodel,3000,16414,0.9634,1.75,0.043746,[.00
A2C_25000_bzip2__instcount_plainmodel,3000,19655,0.7102,1.46,0.047647,[.00
A2C_25000_bzip2__instcount_plainmodel,3000,14735,1.0945,1.95,0.068789,[.00
A2C_25000_bzip2__instcount_plainmodel,3000,14344,1.1251,2.00,0.079963,[.00
A2C_25000_bzip2__instcount_plainmodel,3000,19588,0.7155,1.46,0.046807,[.00
A2C_25000_bzip2__instcount_plainmodel,3000,14348,1.1248,2.00,0.081026,[.00
A2C_25000_bzip2__instcount_plainmodel,3000,19968,0.6858,1.43,0.048773,[.00
A2C_25000_bzip2__instcount_plainmodel,3000,19645,0.7110,1.46,0.045041,[.00
A2C_25000_bzip2__instcount_plainmodel,3000,14303,1.1283,2.00,0.083402,[.00
A2C_25000_bzip2__instcount_plainmodel,3000,19681,0.7082,1.46,0.047306,[.00
A2C_25000_bzip2__instcount_plainmodel,3000,19939,0.6880,1.44,0.045616,[.00
A2C_25000_bzip2__instcount_plainmodel,3000,19681,0.7082,1.46,0.04699,[.00
A2C_25000_bzip2__instcount_plainmodel,3000,19681,0.7082,1.46,0.047063,[.00
A2C_25000_bzip2__instcount_plainmodel,3000,19672,0.7089,1.46,0.047384,[.00
A2C_25000_bzip2__instcount_plainmodel,3000,19675,0.7087,1.46,0.046698,[.00
A2C_25000_bzip2__instcount_plainmodel,3000,19691,0.7074,1.45,0.047638,[.00
A2C_25000_bzip2__instcount_plainmodel,3000,19681,0.7082,1.46,0.046919,[.00
A2C_25000_bzip2__instcount_plainmodel,3000,19650,0.7106,1.46,0.046117,[.00
A2C_25000_bzip2__instcount_plainmodel,3000,19645,0.7110,1.46,0.044713,[.00
A2C_25000_bzip2__instcount_plainmodel,3000,19687,0.7077,1.46,0.044886,[.00
A2C_25000_bzip2__instcount_plainmodel,3000,19618,0.7131,1.46,0.047216,[.00
A2C_25000_bzip2__instcount_plainmodel,3000,19681,0.7082,1.46,0.054905,[.00
A2C_25000_bzip2__instcount_plainmodel,3000,19645,0.7110,1.46,0.046406,[.00
A2C_25000_bzip2__instcount_plainmodel,3000,19613,0.7135,1.46,0.047625,[.00
A2C_25000_bzip2__instcount_plainmodel,3000,19618,0.7131,1.46,0.047936,[.00
A2C_25000_bzip2__instcount_plainmodel,3000,19645,0.7110,1.46,0.045661,[.00
A2C_25000_bzip2__instcount_plainmodel,3000,19583,0.7159,1.46,0.048238,[.00
A2C_25000_bzip2__instcount_plainmodel,3000,19637,0.7116,1.46,0.046815,[.00
A2C_25000_bzip2__instcount_plainmodel,3000,19770,0.7012,1.45,0.0447,[.00
A2C_25000_bzip2__instcount_plainmodel,3000,19685,0.7079,1.46,0.044538,[.00
A2C_25000_bzip2__instcount_plainmodel,3000,19253,0.7416,1.49,0.045051,[.00
A2C_25000_bzip2__instcount_plainmodel,3000,15000,1.0738,1.91,0.067652,[.00
A2C_25000_bzip2__instcount_plainmodel,3000,25654,0.2416,1.12,0.084336,[.00
A2C_25000_bzip2__instcount_plainmodel,3000,19681,0.7082,1.46,0.045614,[.00
A2C_25000_bzip2__instcount_plainmodel,3000,19581,0.7160,1.46,0.0462,[.00
A2C_25000_bzip2__instcount_plainmodel,3000,19525,0.7204,1.47,0.044711,[.00
A2C_25000_bzip2__instcount_plainmodel,3000,14709,1.0966,1.95,0.066772,[.00
A2C_25000_bzip2__instcount_plainmodel,3000,19338,0.7350,1.48,0.045902,[.00
A2C_25000_bzip2__instcount_plainmodel,3000,19645,0.7110,1.46,0.047072,[.00
A2C_25000_bzip2__instcount_plainmodel,3000,19645,0.7110,1.46,0.046014,[.00
A2C_25000_bzip2__instcount_plainmodel,3000,19655,0.7102,1.46,0.045952,[.00
A2C_25000_bzip2__instcount_plainmodel,3000,19681,0.7082,1.46,0.045647,[.00
A2C_25000_bzip2__instcount_plainmodel,3000,14619,1.1036,1.96,0.079511,[.00
A2C_25000_bzip2__instcount_plainmodel,3000,19654,0.7103,1.46,0.052672,[.00
A2C_25000_bzip2__instcount_plainmodel,3000,19685,0.7079,1.46,0.045876,[.00
A2C_25000_bzip2__instcount_plainmodel,3000,19623,0.7127,1.46,0.045103,[.00
A2C_25000_bzip2__instcount_plainmodel,3000,19672,0.7089,1.46,0.045816,[.00
A2C_25000_bzip2__instcount_plainmodel,3000,19665,0.7094,1.46,0.048496,[.00
A2C_25000_bzip2__instcount_plainmodel,3000,19645,0.7110,1.46,0.045378,[.00
A2C_25000_bzip2__instcount_plainmodel,3000,20182,0.6691,1.42,0.045757,[.00
A2C_25000_bzip2__instcount_plainmodel,3000,19535,0.7196,1.47,0.045499,[.00
A2C_25000_bzip2__instcount_plainmodel,3000,19660,0.7098,1.46,0.046781,[.00
A2C_25000_bzip2__instcount_plainmodel,3000,16374,0.9665,1.75,0.045875,[.00
A2C_25000_bzip2__instcount_plainmodel,3000,19675,0.7087,1.46,0.046277,[.00
A2C_25000_bzip2__instcount_plainmodel,3000,19681,0.7082,1.46,0.047378,[.00
A2C_25000_bzip2__instcount_plainmodel,3000,14395,1.1211,1.99,0.080991,[.00
A2C_25000_bzip2__instcount_plainmodel,3000,19037,0.7585,1.51,0.044719,[.00
A2C_25000_bzip2__instcount_plainmodel,3000,14310,1.1277,2.00,0.082488,[.00
A2C_25000_bzip2__instcount_plainmodel,3000,19583,0.7159,1.46,0.046306,[.00
A2C_25000_bzip2__instcount_plainmodel,3000,19600,0.7145,1.46,0.046248,[.00
A2C_25000_bzip2__instcount_plainmodel,3000,19509,0.7216,1.47,0.047473,[.00
A2C_25000_bzip2__instcount_plainmodel,3000,19466,0.7250,1.47,0.048778,[.00
A2C_25000_bzip2__instcount_plainmodel,3000,14372,1.1229,2.00,0.082834,[.00
A2C_25000_bzip2__instcount_plainmodel,3000,16374,0.9665,1.75,0.04753,[.00
A2C_25000_bzip2__instcount_plainmodel,3000,19599,0.7146,1.46,0.044392,[.00
A2C_25000_bzip2__instcount_plainmodel,3000,19672,0.7089,1.46,0.046272,[.00
A2C_25000_bzip2__instcount_plainmodel,3000,19535,0.7196,1.47,0.046876,[.00
A2C_25000_bzip2__instcount_plainmodel,3000,19575,0.7165,1.46,0.045012,[.00
A2C_25000_bzip2__instcount_plainmodel,3000,14314,1.1274,2.00,0.08257,[.00
A2C_25000_bzip2__instcount_plainmodel,3000,19198,0.7459,1.49,0.046791,[.00
A2C_25000_bzip2__instcount_plainmodel,3000,19642,0.7112,1.46,0.04551,[.00
A2C_25000_bzip2__instcount_plainmodel,3000,19695,0.7071,1.45,0.047178,[.00
A2C_25000_bzip2__instcount_plainmodel,3000,19859,0.6943,1.44,0.044899,[.00
A2C_25000_bzip2__instcount_plainmodel,3000,19616,0.7133,1.46,0.043938,[.00
A2C_25000_bzip2__instcount_plainmodel,3000,19439,0.7271,1.47,0.044739,[.00
A2C_25000_bzip2__instcount_plainmodel,3000,15025,1.0719,1.91,0.06851,[.00
A2C_25000_bzip2__instcount_plainmodel,3000,14209,1.1356,2.02,0.08072,[.00
A2C_25000_bzip2__instcount_plainmodel,3000,19583,0.7159,1.46,0.046647,[.00
A2C_25000_bzip2__instcount_plainmodel,3000,19571,0.7168,1.46,0.045051,[.00
A2C_25000_bzip2__instcount_plainmodel,3000,19298,0.7381,1.48,0.044511,[.00
A2C_25000_bzip2__instcount_plainmodel,3000,19685,0.7079,1.46,0.04582,[.00
A2C_25000_bzip2__instcount_plainmodel,3000,19896,0.6914,1.44,0.046172,[.00
A2C_25000_bzip2__instcount_plainmodel,3000,14342,1.1252,2.00,0.08457,[.00
A2C_25000_bzip2__instcount_plainmodel,3000,19645,0.7110,1.46,0.046534,[.00
A2C_25000_bzip2__instcount_plainmodel,3000,14006,1.1515,2.05,0.081016,[.00
A2C_25000_bzip2__instcount_plainmodel,3000,19675,0.7087,1.46,0.048024,[.00
A2C_25000_bzip2__instcount_plainmodel,3000,19329,0.7357,1.48,0.045083,[.00
A2C_25000_bzip2__instcount_plainmodel,3000,19645,0.7110,1.46,0.044501,[.00
A2C_25000_bzip2__instcount_plainmodel,3000,19645,0.7110,1.46,0.043731,[.00
A2C_25000_bzip2__instcount_plainmodel,3000,19659,0.7099,1.46,0.048896,[.00
A2C_25000_bzip2__instcount_plainmodel,3000,19898,0.6912,1.44,0.046864,[.00
A2C_25000_bzip2__instcount_plainmodel,3000,16614,0.9478,1.73,0.045122,[.00
A2C_25000_bzip2__instcount_plainmodel,3000,19608,0.7139,1.46,0.047104,[.00
A2C_25000_bzip2__instcount_plainmodel,3000,19322,0.7362,1.48,0.04465,[.00
A2C_25000_bzip2__instcount_plainmodel,3000,19571,0.7168,1.46,0.044497,[.00
A2C_25000_bzip2__instcount_plainmodel,3000,19685,0.7079,1.46,0.046353,[.00
A2C_25000_bzip2__instcount_plainmodel,3000,14254,1.1321,2.01,0.083106,[.00
A2C_25000_bzip2__instcount_plainmodel,3000,14516,1.1117,1.98,0.080176,[.00
A2C_25000_bzip2__instcount_plainmodel,3000,14378,1.1224,1.99,0.080095,[.00
A2C_25000_bzip2__instcount_plainmodel,4000,14322,1.1268,2.00,0.082795,[.00
A2C_25000_bzip2__instcount_plainmodel,4000,19681,0.7082,1.46,0.04496,[.00
A2C_25000_bzip2__instcount_plainmodel,4000,14378,1.1224,1.99,0.083416,[.00
A2C_25000_bzip2__instcount_plainmodel,4000,19645,0.7110,1.46,0.045869,[.00
A2C_25000_bzip2__instcount_plainmodel,4000,19662,0.7097,1.46,0.046488,[.00
A2C_25000_bzip2__instcount_plainmodel,4000,14261,1.1316,2.01,0.083739,[.00
A2C_25000_bzip2__instcount_plainmodel,4000,19645,0.7110,1.46,0.045174,[.00
A2C_25000_bzip2__instcount_plainmodel,4000,19662,0.7097,1.46,0.044498,[.00
A2C_25000_bzip2__instcount_plainmodel,4000,19683,0.7080,1.46,0.045861,[.00
A2C_25000_bzip2__instcount_plainmodel,4000,19681,0.7082,1.46,0.04532,[.00
A2C_25000_bzip2__instcount_plainmodel,4000,19681,0.7082,1.46,0.04626,[.00
A2C_25000_bzip2__instcount_plainmodel,4000,19681,0.7082,1.46,0.044905,[.00
A2C_25000_bzip2__instcount_plainmodel,4000,19662,0.7097,1.46,0.046295,[.00
A2C_25000_bzip2__instcount_plainmodel,4000,19626,0.7125,1.46,0.044828,[.00
A2C_25000_bzip2__instcount_plainmodel,4000,19645,0.7110,1.46,0.047765,[.00
A2C_25000_bzip2__instcount_plainmodel,4000,19893,0.6916,1.44,0.046172,[.00
A2C_25000_bzip2__instcount_plainmodel,4000,19675,0.7087,1.46,0.046621,[.00
A2C_25000_bzip2__instcount_plainmodel,4000,19637,0.7116,1.46,0.050307,[.00
A2C_25000_bzip2__instcount_plainmodel,4000,19645,0.7110,1.46,0.044627,[.00
A2C_25000_bzip2__instcount_plainmodel,4000,19645,0.7110,1.46,0.044982,[.00
A2C_25000_bzip2__instcount_plainmodel,4000,19681,0.7082,1.46,0.045694,[.00
A2C_25000_bzip2__instcount_plainmodel,4000,19571,0.7168,1.46,0.046762,[.00
A2C_25000_bzip2__instcount_plainmodel,4000,19645,0.7110,1.46,0.044516,[.00
A2C_25000_bzip2__instcount_plainmodel,4000,14322,1.1268,2.00,0.08128,[.00
A2C_25000_bzip2__instcount_plainmodel,4000,19578,0.7162,1.46,0.046023,[.00
A2C_25000_bzip2__instcount_plainmodel,4000,19286,0.7391,1.49,0.044666,[.00
A2C_25000_bzip2__instcount_plainmodel,4000,14658,1.1006,1.96,0.06999,[.00
A2C_25000_bzip2__instcount_plainmodel,4000,19637,0.7116,1.46,0.044758,[.00
A2C_25000_bzip2__instcount_plainmodel,4000,19896,0.6914,1.44,0.045919,[.00
A2C_25000_bzip2__instcount_plainmodel,4000,19662,0.7097,1.46,0.04646,[.00
A2C_25000_bzip2__instcount_plainmodel,4000,19645,0.7110,1.46,0.046612,[.00
A2C_25000_bzip2__instcount_plainmodel,4000,14332,1.1260,2.00,0.079627,[.00
A2C_25000_bzip2__instcount_plainmodel,4000,19645,0.7110,1.46,0.044923,[.00
A2C_25000_bzip2__instcount_plainmodel,4000,19645,0.7110,1.46,0.046018,[.00
A2C_25000_bzip2__instcount_plainmodel,4000,19645,0.7110,1.46,0.045325,[.00
A2C_25000_bzip2__instcount_plainmodel,4000,19675,0.7087,1.46,0.047454,[.00
A2C_25000_bzip2__instcount_plainmodel,4000,19662,0.7097,1.46,0.045904,[.00
A2C_25000_bzip2__instcount_plainmodel,4000,19662,0.7097,1.46,0.047222,[.00
A2C_25000_bzip2__instcount_plainmodel,4000,19662,0.7097,1.46,0.046829,[.00
A2C_25000_bzip2__instcount_plainmodel,4000,19612,0.7136,1.46,0.047589,[.00
A2C_25000_bzip2__instcount_plainmodel,4000,19681,0.7082,1.46,0.046576,[.00
A2C_25000_bzip2__instcount_plainmodel,4000,27029,0.1342,1.06,0.044856,[.00
A2C_25000_bzip2__instcount_plainmodel,4000,19681,0.7082,1.46,0.045061,[.00
A2C_25000_bzip2__instcount_plainmodel,4000,19645,0.7110,1.46,0.0461,[.00
A2C_25000_bzip2__instcount_plainmodel,4000,19675,0.7087,1.46,0.046386,[.00
A2C_25000_bzip2__instcount_plainmodel,4000,19645,0.7110,1.46,0.045201,[.00
A2C_25000_bzip2__instcount_plainmodel,4000,19535,0.7196,1.47,0.047208,[.00
A2C_25000_bzip2__instcount_plainmodel,4000,19645,0.7110,1.46,0.047956,[.00
A2C_25000_bzip2__instcount_plainmodel,4000,19681,0.7082,1.46,0.046826,[.00
A2C_25000_bzip2__instcount_plainmodel,4000,14708,1.0967,1.95,0.083621,[.00
A2C_25000_bzip2__instcount_plainmodel,4000,19617,0.7132,1.46,0.046899,[.00
A2C_25000_bzip2__instcount_plainmodel,4000,19681,0.7082,1.46,0.048367,[.00
A2C_25000_bzip2__instcount_plainmodel,4000,19645,0.7110,1.46,0.04534,[.00
A2C_25000_bzip2__instcount_plainmodel,4000,19535,0.7196,1.47,0.045257,[.00
A2C_25000_bzip2__instcount_plainmodel,4000,19655,0.7102,1.46,0.04615,[.00
A2C_25000_bzip2__instcount_plainmodel,4000,19645,0.7110,1.46,0.044661,[.00
A2C_25000_bzip2__instcount_plainmodel,4000,19681,0.7082,1.46,0.046671,[.00
A2C_25000_bzip2__instcount_plainmodel,4000,19645,0.7110,1.46,0.045917,[.00
A2C_25000_bzip2__instcount_plainmodel,4000,19655,0.7102,1.46,0.045106,[.00
A2C_25000_bzip2__instcount_plainmodel,4000,19645,0.7110,1.46,0.045755,[.00
A2C_25000_bzip2__instcount_plainmodel,4000,19662,0.7097,1.46,0.046964,[.00
A2C_25000_bzip2__instcount_plainmodel,4000,19500,0.7223,1.47,0.046241,[.00
A2C_25000_bzip2__instcount_plainmodel,4000,19897,0.6913,1.44,0.047114,[.00
A2C_25000_bzip2__instcount_plainmodel,4000,19665,0.7094,1.46,0.045537,[.00
A2C_25000_bzip2__instcount_plainmodel,4000,19662,0.7097,1.46,0.046357,[.00
A2C_25000_bzip2__instcount_plainmodel,4000,19645,0.7110,1.46,0.046733,[.00
A2C_25000_bzip2__instcount_plainmodel,4000,19645,0.7110,1.46,0.047114,[.00
A2C_25000_bzip2__instcount_plainmodel,4000,14326,1.1265,2.00,0.08079,[.00
A2C_25000_bzip2__instcount_plainmodel,4000,19675,0.7087,1.46,0.044825,[.00
A2C_25000_bzip2__instcount_plainmodel,4000,19645,0.7110,1.46,0.044734,[.00
A2C_25000_bzip2__instcount_plainmodel,4000,19645,0.7110,1.46,0.046837,[.00
A2C_25000_bzip2__instcount_plainmodel,4000,19655,0.7102,1.46,0.046741,[.00
A2C_25000_bzip2__instcount_plainmodel,4000,19681,0.7082,1.46,0.047128,[.00
A2C_25000_bzip2__instcount_plainmodel,4000,19399,0.7302,1.48,0.04612,[.00
A2C_25000_bzip2__instcount_plainmodel,4000,14566,1.1077,1.97,0.080092,[.00
A2C_25000_bzip2__instcount_plainmodel,4000,14366,1.1234,2.00,0.083098,[.00
A2C_25000_bzip2__instcount_plainmodel,4000,19645,0.7110,1.46,0.046855,[.00
A2C_25000_bzip2__instcount_plainmodel,4000,19547,0.7187,1.47,0.04721,[.00
A2C_25000_bzip2__instcount_plainmodel,4000,19316,0.7367,1.48,0.04688,[.00
A2C_25000_bzip2__instcount_plainmodel,4000,19672,0.7089,1.46,0.045128,[.00
A2C_25000_bzip2__instcount_plainmodel,4000,14017,1.1506,2.05,0.082194,[.00
A2C_25000_bzip2__instcount_plainmodel,4000,19636,0.7117,1.46,0.049803,[.00
A2C_25000_bzip2__instcount_plainmodel,4000,19675,0.7087,1.46,0.047585,[.00
A2C_25000_bzip2__instcount_plainmodel,4000,19645,0.7110,1.46,0.04418,[.00
A2C_25000_bzip2__instcount_plainmodel,4000,13976,1.1538,2.05,0.087038,[.00
A2C_25000_bzip2__instcount_plainmodel,4000,19681,0.7082,1.46,0.046192,[.00
A2C_25000_bzip2__instcount_plainmodel,4000,19645,0.7110,1.46,0.045721,[.00
A2C_25000_bzip2__instcount_plainmodel,4000,19645,0.7110,1.46,0.045323,[.00
A2C_25000_bzip2__instcount_plainmodel,4000,19645,0.7110,1.46,0.047398,[.00
A2C_25000_bzip2__instcount_plainmodel,4000,19662,0.7097,1.46,0.044742,[.00
A2C_25000_bzip2__instcount_plainmodel,4000,19652,0.7105,1.46,0.043941,[.00
A2C_25000_bzip2__instcount_plainmodel,4000,19501,0.7223,1.47,0.047037,[.00
A2C_25000_bzip2__instcount_plainmodel,4000,19675,0.7087,1.46,0.045209,[.00
A2C_25000_bzip2__instcount_plainmodel,4000,14382,1.1221,1.99,0.080443,[.00
A2C_25000_bzip2__instcount_plainmodel,4000,14378,1.1224,1.99,0.086712,[.00
A2C_25000_bzip2__instcount_plainmodel,4000,19662,0.7097,1.46,0.045005,[.00
A2C_25000_bzip2__instcount_plainmodel,4000,20887,0.6140,1.37,0.07905,[.00
A2C_25000_bzip2__instcount_plainmodel,4000,14318,1.1271,2.00,0.08166,[.00
A2C_25000_bzip2__instcount_plainmodel,4000,14286,1.1296,2.01,0.079182,[.00
A2C_25000_bzip2__instcount_plainmodel,4000,14340,1.1254,2.00,0.078678,[.00
A2C_25000_bzip2__instcount_plainmodel,5000,14343,1.1252,2.00,0.080546,[.00
A2C_25000_bzip2__instcount_plainmodel,5000,14066,1.1468,2.04,0.08857,[.00
A2C_25000_bzip2__instcount_plainmodel,5000,14349,1.1247,2.00,0.081242,[.00
A2C_25000_bzip2__instcount_plainmodel,5000,14050,1.1481,2.04,0.080898,[.00
A2C_25000_bzip2__instcount_plainmodel,5000,14257,1.1319,2.01,0.079397,[.00
A2C_25000_bzip2__instcount_plainmodel,5000,14004,1.1516,2.05,0.084201,[.00
A2C_25000_bzip2__instcount_plainmodel,5000,14043,1.1486,2.04,0.082163,[.00
A2C_25000_bzip2__instcount_plainmodel,5000,14016,1.1507,2.05,0.083398,[.00
A2C_25000_bzip2__instcount_plainmodel,5000,14043,1.1486,2.04,0.083393,[.00
A2C_25000_bzip2__instcount_plainmodel,5000,14018,1.1506,2.05,0.081839,[.00
A2C_25000_bzip2__instcount_plainmodel,5000,14348,1.1248,2.00,0.08783,[.00
A2C_25000_bzip2__instcount_plainmodel,5000,14034,1.1493,2.04,0.080661,[.00
A2C_25000_bzip2__instcount_plainmodel,5000,14326,1.1265,2.00,0.083029,[.00
A2C_25000_bzip2__instcount_plainmodel,5000,13945,1.1563,2.06,0.082611,[.00
A2C_25000_bzip2__instcount_plainmodel,5000,14352,1.1245,2.00,0.082893,[.00
A2C_25000_bzip2__instcount_plainmodel,5000,14028,1.1498,2.04,0.081137,[.00
A2C_25000_bzip2__instcount_plainmodel,5000,14062,1.1471,2.04,0.084446,[.00
A2C_25000_bzip2__instcount_plainmodel,5000,13760,1.1707,2.08,0.07911,[.00
A2C_25000_bzip2__instcount_plainmodel,5000,14039,1.1489,2.04,0.083571,[.00
A2C_25000_bzip2__instcount_plainmodel,5000,14017,1.1506,2.05,0.081701,[.00
A2C_25000_bzip2__instcount_plainmodel,5000,14325,1.1266,2.00,0.083746,[.00
A2C_25000_bzip2__instcount_plainmodel,5000,14352,1.1245,2.00,0.080053,[.00
A2C_25000_bzip2__instcount_plainmodel,5000,14343,1.1252,2.00,0.092764,[.00
A2C_25000_bzip2__instcount_plainmodel,5000,14315,1.1274,2.00,0.081007,[.00
A2C_25000_bzip2__instcount_plainmodel,5000,14345,1.1250,2.00,0.082599,[.00
A2C_25000_bzip2__instcount_plainmodel,5000,13876,1.1616,2.07,0.080247,[.00
A2C_25000_bzip2__instcount_plainmodel,5000,14047,1.1483,2.04,0.081222,[.00
A2C_25000_bzip2__instcount_plainmodel,5000,14042,1.1487,2.04,0.078727,[.00
A2C_25000_bzip2__instcount_plainmodel,5000,14307,1.1280,2.00,0.079497,[.00
A2C_25000_bzip2__instcount_plainmodel,5000,14080,1.1457,2.04,0.085022,[.00
A2C_25000_bzip2__instcount_plainmodel,5000,14345,1.1250,2.00,0.078444,[.00
A2C_25000_bzip2__instcount_plainmodel,5000,14326,1.1265,2.00,0.080922,[.00
A2C_25000_bzip2__instcount_plainmodel,5000,13984,1.1532,2.05,0.080994,[.00
A2C_25000_bzip2__instcount_plainmodel,5000,13586,1.1843,2.11,0.084067,[.00
A2C_25000_bzip2__instcount_plainmodel,5000,14036,1.1491,2.04,0.079899,[.00
A2C_25000_bzip2__instcount_plainmodel,5000,14326,1.1265,2.00,0.086522,[.00
A2C_25000_bzip2__instcount_plainmodel,5000,14350,1.1246,2.00,0.079799,[.00
A2C_25000_bzip2__instcount_plainmodel,5000,14344,1.1251,2.00,0.078927,[.00
A2C_25000_bzip2__instcount_plainmodel,5000,14045,1.1484,2.04,0.086139,[.00
A2C_25000_bzip2__instcount_plainmodel,5000,14356,1.1241,2.00,0.078533,[.00
A2C_25000_bzip2__instcount_plainmodel,5000,14352,1.1245,2.00,0.079141,[.00
A2C_25000_bzip2__instcount_plainmodel,5000,14652,1.1010,1.96,0.082435,[.00
A2C_25000_bzip2__instcount_plainmodel,5000,14348,1.1248,2.00,0.080367,[.00
A2C_25000_bzip2__instcount_plainmodel,5000,13723,1.1736,2.09,0.08071,[.00
A2C_25000_bzip2__instcount_plainmodel,5000,14554,1.1087,1.97,0.082586,[.00
A2C_25000_bzip2__instcount_plainmodel,5000,14344,1.1251,2.00,0.081175,[.00
A2C_25000_bzip2__instcount_plainmodel,5000,14038,1.1490,2.04,0.079757,[.00
A2C_25000_bzip2__instcount_plainmodel,5000,14326,1.1265,2.00,0.079632,[.00
A2C_25000_bzip2__instcount_plainmodel,5000,14046,1.1484,2.04,0.081732,[.00
A2C_25000_bzip2__instcount_plainmodel,5000,14340,1.1254,2.00,0.079337,[.00
A2C_25000_bzip2__instcount_plainmodel,5000,14015,1.1508,2.05,0.082199,[.00
A2C_25000_bzip2__instcount_plainmodel,5000,14017,1.1506,2.05,0.084743,[.00
A2C_25000_bzip2__instcount_plainmodel,5000,14346,1.1249,2.00,0.081588,[.00
A2C_25000_bzip2__instcount_plainmodel,5000,14326,1.1265,2.00,0.086927,[.00
A2C_25000_bzip2__instcount_plainmodel,5000,14330,1.1262,2.00,0.080861,[.00
A2C_25000_bzip2__instcount_plainmodel,5000,14350,1.1246,2.00,0.079905,[.00
A2C_25000_bzip2__instcount_plainmodel,5000,14045,1.1484,2.04,0.080593,[.00
A2C_25000_bzip2__instcount_plainmodel,5000,13453,1.1947,2.13,0.080477,[.00
A2C_25000_bzip2__instcount_plainmodel,5000,14324,1.1266,2.00,0.082377,[.00
A2C_25000_bzip2__instcount_plainmodel,5000,14038,1.1490,2.04,0.079411,[.00
A2C_25000_bzip2__instcount_plainmodel,5000,14021,1.1503,2.05,0.081652,[.00
A2C_25000_bzip2__instcount_plainmodel,5000,14324,1.1266,2.00,0.084054,[.00
A2C_25000_bzip2__instcount_plainmodel,5000,14350,1.1246,2.00,0.081015,[.00
A2C_25000_bzip2__instcount_plainmodel,5000,14043,1.1486,2.04,0.080265,[.00
A2C_25000_bzip2__instcount_plainmodel,5000,14291,1.1292,2.01,0.083971,[.00
A2C_25000_bzip2__instcount_plainmodel,5000,14045,1.1484,2.04,0.089034,[.00
A2C_25000_bzip2__instcount_plainmodel,5000,13982,1.1534,2.05,0.082809,[.00
A2C_25000_bzip2__instcount_plainmodel,5000,14021,1.1503,2.05,0.079132,[.00
A2C_25000_bzip2__instcount_plainmodel,5000,14044,1.1485,2.04,0.079334,[.00
A2C_25000_bzip2__instcount_plainmodel,5000,14267,1.1311,2.01,0.083284,[.00
A2C_25000_bzip2__instcount_plainmodel,5000,14203,1.1361,2.02,0.079574,[.00
A2C_25000_bzip2__instcount_plainmodel,5000,13412,1.1979,2.14,0.080869,[.00
A2C_25000_bzip2__instcount_plainmodel,5000,13420,1.1973,2.14,0.081783,[.00
A2C_25000_bzip2__instcount_plainmodel,5000,14342,1.1252,2.00,0.08205,[.00
A2C_25000_bzip2__instcount_plainmodel,5000,14350,1.1246,2.00,0.079423,[.00
A2C_25000_bzip2__instcount_plainmodel,5000,14345,1.1250,2.00,0.083182,[.00
A2C_25000_bzip2__instcount_plainmodel,5000,14324,1.1266,2.00,0.095963,[.00
A2C_25000_bzip2__instcount_plainmodel,5000,14040,1.1488,2.04,0.080732,[.00
A2C_25000_bzip2__instcount_plainmodel,5000,14340,1.1254,2.00,0.080054,[.00
A2C_25000_bzip2__instcount_plainmodel,5000,13365,1.2016,2.15,0.078871,[.00
A2C_25000_bzip2__instcount_plainmodel,5000,14047,1.1483,2.04,0.082653,[.00
A2C_25000_bzip2__instcount_plainmodel,5000,14045,1.1484,2.04,0.081449,[.00
A2C_25000_bzip2__instcount_plainmodel,5000,14329,1.1263,2.00,0.080284,[.00
A2C_25000_bzip2__instcount_plainmodel,5000,14326,1.1265,2.00,0.080716,[.00
A2C_25000_bzip2__instcount_plainmodel,5000,14345,1.1250,2.00,0.080304,[.00
A2C_25000_bzip2__instcount_plainmodel,5000,14017,1.1506,2.05,0.078197,[.00
A2C_25000_bzip2__instcount_plainmodel,5000,14043,1.1486,2.04,0.080746,[.00
A2C_25000_bzip2__instcount_plainmodel,5000,14050,1.1481,2.04,0.083002,[.00
A2C_25000_bzip2__instcount_plainmodel,5000,14041,1.1488,2.04,0.080354,[.00
A2C_25000_bzip2__instcount_plainmodel,5000,14043,1.1486,2.04,0.078777,[.00
A2C_25000_bzip2__instcount_plainmodel,5000,14352,1.1245,2.00,0.08253,[.00
A2C_25000_bzip2__instcount_plainmodel,5000,14330,1.1262,2.00,0.087199,[.00
A2C_25000_bzip2__instcount_plainmodel,5000,13968,1.1545,2.05,0.082163,[.00
A2C_25000_bzip2__instcount_plainmodel,5000,13997,1.1522,2.05,0.079981,[.00
A2C_25000_bzip2__instcount_plainmodel,5000,14176,1.1382,2.02,0.080831,[.00
A2C_25000_bzip2__instcount_plainmodel,5000,14002,1.1518,2.05,0.08143,[.00
A2C_25000_bzip2__instcount_plainmodel,5000,14045,1.1484,2.04,0.08038,[.00
A2C_25000_bzip2__instcount_plainmodel,5000,14808,1.0888,1.94,0.083969,[.00
A2C_25000_bzip2__instcount_plainmodel,5000,14256,1.1320,2.01,0.083345,[.00
A2C_25000_bzip2__instcount_plainmodel,5000,14312,1.1276,2.00,0.084241,[.00
A2C_25000_bzip2__instcount_plainmodel,6000,15231,1.0558,1.88,0.073634,[.00
A2C_25000_bzip2__instcount_plainmodel,6000,14340,1.1254,2.00,0.0803,[.00
A2C_25000_bzip2__instcount_plainmodel,6000,13990,1.1527,2.05,0.082888,[.00
A2C_25000_bzip2__instcount_plainmodel,6000,14326,1.1265,2.00,0.093687,[.00
A2C_25000_bzip2__instcount_plainmodel,6000,15536,1.0320,1.85,0.072231,[.00
A2C_25000_bzip2__instcount_plainmodel,6000,14998,1.0740,1.91,0.067451,[.00
A2C_25000_bzip2__instcount_plainmodel,6000,14036,1.1491,2.04,0.082039,[.00
A2C_25000_bzip2__instcount_plainmodel,6000,15231,1.0558,1.88,0.067763,[.00
A2C_25000_bzip2__instcount_plainmodel,6000,14337,1.1256,2.00,0.085362,[.00
A2C_25000_bzip2__instcount_plainmodel,6000,14487,1.1139,1.98,0.085122,[.00
A2C_25000_bzip2__instcount_plainmodel,6000,14050,1.1481,2.04,0.080365,[.00
A2C_25000_bzip2__instcount_plainmodel,6000,14552,1.1088,1.97,0.079315,[.00
A2C_25000_bzip2__instcount_plainmodel,6000,14021,1.1503,2.05,0.079959,[.00
A2C_25000_bzip2__instcount_plainmodel,6000,14371,1.1230,2.00,0.081766,[.00
A2C_25000_bzip2__instcount_plainmodel,6000,15231,1.0558,1.88,0.068256,[.00
A2C_25000_bzip2__instcount_plainmodel,6000,14035,1.1492,2.04,0.079782,[.00
A2C_25000_bzip2__instcount_plainmodel,6000,14005,1.1516,2.05,0.084148,[.00
A2C_25000_bzip2__instcount_plainmodel,6000,14322,1.1268,2.00,0.079394,[.00
A2C_25000_bzip2__instcount_plainmodel,6000,15167,1.0608,1.89,0.069902,[.00
A2C_25000_bzip2__instcount_plainmodel,6000,15231,1.0558,1.88,0.07162,[.00
A2C_25000_bzip2__instcount_plainmodel,6000,14066,1.1468,2.04,0.079738,[.00
A2C_25000_bzip2__instcount_plainmodel,6000,14035,1.1492,2.04,0.081002,[.00
A2C_25000_bzip2__instcount_plainmodel,6000,14035,1.1492,2.04,0.078565,[.00
A2C_25000_bzip2__instcount_plainmodel,6000,15536,1.0320,1.85,0.068752,[.00
A2C_25000_bzip2__instcount_plainmodel,6000,15474,1.0368,1.85,0.069036,[.00
A2C_25000_bzip2__instcount_plainmodel,6000,14530,1.1106,1.97,0.077627,[.00
A2C_25000_bzip2__instcount_plainmodel,6000,14487,1.1139,1.98,0.089789,[.00
A2C_25000_bzip2__instcount_plainmodel,6000,14048,1.1482,2.04,0.081411,[.00
A2C_25000_bzip2__instcount_plainmodel,6000,14021,1.1503,2.05,0.082054,[.00
A2C_25000_bzip2__instcount_plainmodel,6000,14340,1.1254,2.00,0.080653,[.00
A2C_25000_bzip2__instcount_plainmodel,6000,14065,1.1469,2.04,0.080187,[.00
A2C_25000_bzip2__instcount_plainmodel,6000,14043,1.1486,2.04,0.079972,[.00
A2C_25000_bzip2__instcount_plainmodel,6000,15536,1.0320,1.85,0.06837,[.00
A2C_25000_bzip2__instcount_plainmodel,6000,14299,1.1286,2.01,0.081516,[.00
A2C_25000_bzip2__instcount_plainmodel,6000,14323,1.1267,2.00,0.082419,[.00
A2C_25000_bzip2__instcount_plainmodel,6000,14343,1.1252,2.00,0.083374,[.00
A2C_25000_bzip2__instcount_plainmodel,6000,14098,1.1443,2.03,0.086783,[.00
A2C_25000_bzip2__instcount_plainmodel,6000,15540,1.0317,1.84,0.067777,[.00
A2C_25000_bzip2__instcount_plainmodel,6000,14003,1.1517,2.05,0.080944,[.00
A2C_25000_bzip2__instcount_plainmodel,6000,14021,1.1503,2.05,0.079839,[.00
A2C_25000_bzip2__instcount_plainmodel,6000,14035,1.1492,2.04,0.081533,[.00
A2C_25000_bzip2__instcount_plainmodel,6000,14325,1.1266,2.00,0.080432,[.00
A2C_25000_bzip2__instcount_plainmodel,6000,14008,1.1513,2.05,0.080933,[.00
A2C_25000_bzip2__instcount_plainmodel,6000,15544,1.0314,1.84,0.068639,[.00
A2C_25000_bzip2__instcount_plainmodel,6000,14340,1.1254,2.00,0.080312,[.00
A2C_25000_bzip2__instcount_plainmodel,6000,14021,1.1503,2.05,0.081743,[.00
A2C_25000_bzip2__instcount_plainmodel,6000,14326,1.1265,2.00,0.080755,[.00
A2C_25000_bzip2__instcount_plainmodel,6000,15169,1.0606,1.89,0.071505,[.00
A2C_25000_bzip2__instcount_plainmodel,6000,15237,1.0553,1.88,0.070517,[.00
A2C_25000_bzip2__instcount_plainmodel,6000,14688,1.0982,1.95,0.068203,[.00
A2C_25000_bzip2__instcount_plainmodel,6000,15640,1.0239,1.83,0.070408,[.00
A2C_25000_bzip2__instcount_plainmodel,6000,15171,1.0605,1.89,0.069634,[.00
A2C_25000_bzip2__instcount_plainmodel,6000,14326,1.1265,2.00,0.081149,[.00
A2C_25000_bzip2__instcount_plainmodel,6000,14018,1.1506,2.05,0.086376,[.00
A2C_25000_bzip2__instcount_plainmodel,6000,14388,1.1216,1.99,0.081713,[.00
A2C_25000_bzip2__instcount_plainmodel,6000,14053,1.1478,2.04,0.094396,[.00
A2C_25000_bzip2__instcount_plainmodel,6000,14021,1.1503,2.05,0.081243,[.00
A2C_25000_bzip2__instcount_plainmodel,6000,15224,1.0563,1.88,0.069474,[.00
A2C_25000_bzip2__instcount_plainmodel,6000,15231,1.0558,1.88,0.069621,[.00
A2C_25000_bzip2__instcount_plainmodel,6000,15175,1.0602,1.89,0.068453,[.00
A2C_25000_bzip2__instcount_plainmodel,6000,14027,1.1498,2.04,0.080016,[.00
A2C_25000_bzip2__instcount_plainmodel,6000,15529,1.0325,1.85,0.06776,[.00
A2C_25000_bzip2__instcount_plainmodel,6000,15224,1.0563,1.88,0.066962,[.00
A2C_25000_bzip2__instcount_plainmodel,6000,14366,1.1234,2.00,0.081399,[.00
A2C_25000_bzip2__instcount_plainmodel,6000,14089,1.1450,2.04,0.082083,[.00
A2C_25000_bzip2__instcount_plainmodel,6000,15262,1.0534,1.88,0.071983,[.00
A2C_25000_bzip2__instcount_plainmodel,6000,13417,1.1975,2.14,0.082595,[.00
A2C_25000_bzip2__instcount_plainmodel,6000,15536,1.0320,1.85,0.066736,[.00
A2C_25000_bzip2__instcount_plainmodel,6000,14023,1.1502,2.05,0.078793,[.00
A2C_25000_bzip2__instcount_plainmodel,6000,14348,1.1248,2.00,0.079184,[.00
A2C_25000_bzip2__instcount_plainmodel,6000,14340,1.1254,2.00,0.08738,[.00
A2C_25000_bzip2__instcount_plainmodel,6000,15169,1.0606,1.89,0.074588,[.00
A2C_25000_bzip2__instcount_plainmodel,6000,14573,1.1072,1.97,0.081772,[.00
A2C_25000_bzip2__instcount_plainmodel,6000,14328,1.1263,2.00,0.083193,[.00
A2C_25000_bzip2__instcount_plainmodel,6000,14035,1.1492,2.04,0.077931,[.00
A2C_25000_bzip2__instcount_plainmodel,6000,14358,1.1240,2.00,0.080659,[.00
A2C_25000_bzip2__instcount_plainmodel,6000,14374,1.1227,2.00,0.082241,[.00
A2C_25000_bzip2__instcount_plainmodel,6000,15228,1.0560,1.88,0.070585,[.00
A2C_25000_bzip2__instcount_plainmodel,6000,14302,1.1284,2.01,0.088858,[.00
A2C_25000_bzip2__instcount_plainmodel,6000,15237,1.0553,1.88,0.068535,[.00
A2C_25000_bzip2__instcount_plainmodel,6000,15237,1.0553,1.88,0.069371,[.00
A2C_25000_bzip2__instcount_plainmodel,6000,14299,1.1286,2.01,0.08328,[.00
A2C_25000_bzip2__instcount_plainmodel,6000,14071,1.1464,2.04,0.083085,[.00
A2C_25000_bzip2__instcount_plainmodel,6000,15536,1.0320,1.85,0.075523,[.00
A2C_25000_bzip2__instcount_plainmodel,6000,15474,1.0368,1.85,0.068832,[.00
A2C_25000_bzip2__instcount_plainmodel,6000,15237,1.0553,1.88,0.067568,[.00
A2C_25000_bzip2__instcount_plainmodel,6000,14998,1.0740,1.91,0.070928,[.00
A2C_25000_bzip2__instcount_plainmodel,6000,14293,1.1291,2.01,0.0794,[.00
A2C_25000_bzip2__instcount_plainmodel,6000,14050,1.1481,2.04,0.084459,[.00
A2C_25000_bzip2__instcount_plainmodel,6000,14331,1.1261,2.00,0.078732,[.00
A2C_25000_bzip2__instcount_plainmodel,6000,14038,1.1490,2.04,0.079192,[.00
A2C_25000_bzip2__instcount_plainmodel,6000,15536,1.0320,1.85,0.068622,[.00
A2C_25000_bzip2__instcount_plainmodel,6000,14347,1.1249,2.00,0.078772,[.00
A2C_25000_bzip2__instcount_plainmodel,6000,14872,1.0838,1.93,0.066966,[.00
A2C_25000_bzip2__instcount_plainmodel,6000,14032,1.1495,2.04,0.081009,[.00
A2C_25000_bzip2__instcount_plainmodel,6000,14000,1.1520,2.05,0.079106,[.00
A2C_25000_bzip2__instcount_plainmodel,6000,14050,1.1481,2.04,0.08095,[.00
A2C_25000_bzip2__instcount_plainmodel,6000,14326,1.1265,2.00,0.080284,[.00
A2C_25000_bzip2__instcount_plainmodel,6000,14182,1.1377,2.02,0.086086,[.00
A2C_25000_bzip2__instcount_plainmodel,6000,15228,1.0560,1.88,0.070351,[.00
A2C_25000_bzip2__instcount_plainmodel,7000,15231,1.0558,1.88,0.075803,[.00
A2C_25000_bzip2__instcount_plainmodel,7000,15230,1.0559,1.88,0.072472,[.00
A2C_25000_bzip2__instcount_plainmodel,7000,14230,1.1340,2.02,0.087445,[.00
A2C_25000_bzip2__instcount_plainmodel,7000,14016,1.1507,2.05,0.079474,[.00
A2C_25000_bzip2__instcount_plainmodel,7000,14030,1.1496,2.04,0.079564,[.00
A2C_25000_bzip2__instcount_plainmodel,7000,14399,1.1208,1.99,0.065878,[.00
A2C_25000_bzip2__instcount_plainmodel,7000,19382,0.7316,1.48,0.044747,[.00
A2C_25000_bzip2__instcount_plainmodel,7000,14360,1.1238,2.00,0.068608,[.00
A2C_25000_bzip2__instcount_plainmodel,7000,14249,1.1325,2.01,0.08238,[.00
A2C_25000_bzip2__instcount_plainmodel,7000,20485,0.6454,1.40,0.046411,[.00
A2C_25000_bzip2__instcount_plainmodel,7000,14030,1.1496,2.04,0.081157,[.00
A2C_25000_bzip2__instcount_plainmodel,7000,13992,1.1526,2.05,0.067037,[.00
A2C_25000_bzip2__instcount_plainmodel,7000,14360,1.1238,2.00,0.069246,[.00
A2C_25000_bzip2__instcount_plainmodel,7000,15237,1.0553,1.88,0.067874,[.00
A2C_25000_bzip2__instcount_plainmodel,7000,14031,1.1495,2.04,0.079878,[.00
A2C_25000_bzip2__instcount_plainmodel,7000,13997,1.1522,2.05,0.08258,[.00
A2C_25000_bzip2__instcount_plainmodel,7000,15230,1.0559,1.88,0.067672,[.00
A2C_25000_bzip2__instcount_plainmodel,7000,16117,0.9866,1.78,0.045212,[.00
A2C_25000_bzip2__instcount_plainmodel,7000,14031,1.1495,2.04,0.082209,[.00
A2C_25000_bzip2__instcount_plainmodel,7000,14366,1.1234,2.00,0.069994,[.00
A2C_25000_bzip2__instcount_plainmodel,7000,14031,1.1495,2.04,0.082627,[.00
A2C_25000_bzip2__instcount_plainmodel,7000,15220,1.0567,1.88,0.076828,[.00
A2C_25000_bzip2__instcount_plainmodel,7000,19546,0.7187,1.47,0.047092,[.00
A2C_25000_bzip2__instcount_plainmodel,7000,14017,1.1506,2.05,0.082791,[.00
A2C_25000_bzip2__instcount_plainmodel,7000,14047,1.1483,2.04,0.080129,[.00
A2C_25000_bzip2__instcount_plainmodel,7000,15221,1.0566,1.88,0.072074,[.00
A2C_25000_bzip2__instcount_plainmodel,7000,13467,1.1936,2.13,0.081146,[.00
A2C_25000_bzip2__instcount_plainmodel,7000,14021,1.1503,2.05,0.083112,[.00
A2C_25000_bzip2__instcount_plainmodel,7000,15230,1.0559,1.88,0.071371,[.00
A2C_25000_bzip2__instcount_plainmodel,7000,14695,1.0977,1.95,0.072592,[.00
A2C_25000_bzip2__instcount_plainmodel,7000,15356,1.0460,1.87,0.06787,[.00
A2C_25000_bzip2__instcount_plainmodel,7000,14848,1.0857,1.93,0.068593,[.00
A2C_25000_bzip2__instcount_plainmodel,7000,14036,1.1491,2.04,0.079508,[.00
A2C_25000_bzip2__instcount_plainmodel,7000,14016,1.1507,2.05,0.080669,[.00
A2C_25000_bzip2__instcount_plainmodel,7000,14046,1.1484,2.04,0.079218,[.00
A2C_25000_bzip2__instcount_plainmodel,7000,15169,1.0606,1.89,0.07167,[.00
A2C_25000_bzip2__instcount_plainmodel,7000,14686,1.0984,1.95,0.066764,[.00
A2C_25000_bzip2__instcount_plainmodel,7000,14065,1.1469,2.04,0.080417,[.00
A2C_25000_bzip2__instcount_plainmodel,7000,13598,1.1834,2.11,0.079322,[.00
A2C_25000_bzip2__instcount_plainmodel,7000,14227,1.1342,2.02,0.080599,[.00
A2C_25000_bzip2__instcount_plainmodel,7000,14349,1.1247,2.00,0.067325,[.00
A2C_25000_bzip2__instcount_plainmodel,7000,14038,1.1490,2.04,0.082336,[.00
A2C_25000_bzip2__instcount_plainmodel,7000,13815,1.1664,2.08,0.066305,[.00
A2C_25000_bzip2__instcount_plainmodel,7000,14556,1.1085,1.97,0.070629,[.00
A2C_25000_bzip2__instcount_plainmodel,7000,19502,0.7222,1.47,0.045802,[.00
A2C_25000_bzip2__instcount_plainmodel,7000,19535,0.7196,1.47,0.044273,[.00
A2C_25000_bzip2__instcount_plainmodel,7000,14212,1.1354,2.02,0.082771,[.00
A2C_25000_bzip2__instcount_plainmodel,7000,14030,1.1496,2.04,0.082253,[.00
A2C_25000_bzip2__instcount_plainmodel,7000,16469,0.9591,1.74,0.045633,[.00
A2C_25000_bzip2__instcount_plainmodel,7000,14016,1.1507,2.05,0.07967,[.00
A2C_25000_bzip2__instcount_plainmodel,7000,19490,0.7231,1.47,0.047291,[.00
A2C_25000_bzip2__instcount_plainmodel,7000,14030,1.1496,2.04,0.080099,[.00
A2C_25000_bzip2__instcount_plainmodel,7000,13404,1.1985,2.14,0.082164,[.00
A2C_25000_bzip2__instcount_plainmodel,7000,14021,1.1503,2.05,0.079001,[.00
A2C_25000_bzip2__instcount_plainmodel,7000,13789,1.1684,2.08,0.070099,[.00
A2C_25000_bzip2__instcount_plainmodel,7000,14253,1.1322,2.01,0.078409,[.00
A2C_25000_bzip2__instcount_plainmodel,7000,16402,0.9643,1.75,0.045314,[.00
A2C_25000_bzip2__instcount_plainmodel,7000,14682,1.0987,1.95,0.070974,[.00
A2C_25000_bzip2__instcount_plainmodel,7000,19567,0.7171,1.46,0.047469,[.00
A2C_25000_bzip2__instcount_plainmodel,7000,14052,1.1479,2.04,0.080605,[.00
A2C_25000_bzip2__instcount_plainmodel,7000,14046,1.1484,2.04,0.080583,[.00
A2C_25000_bzip2__instcount_plainmodel,7000,19848,0.6952,1.44,0.045265,[.00
A2C_25000_bzip2__instcount_plainmodel,7000,13994,1.1524,2.05,0.079779,[.00
A2C_25000_bzip2__instcount_plainmodel,7000,14017,1.1506,2.05,0.082807,[.00
A2C_25000_bzip2__instcount_plainmodel,7000,13997,1.1522,2.05,0.078745,[.00
A2C_25000_bzip2__instcount_plainmodel,7000,14016,1.1507,2.05,0.080103,[.00
A2C_25000_bzip2__instcount_plainmodel,7000,14221,1.1347,2.02,0.081005,[.00
A2C_25000_bzip2__instcount_plainmodel,7000,15231,1.0558,1.88,0.068379,[.00
A2C_25000_bzip2__instcount_plainmodel,7000,13803,1.1673,2.08,0.067986,[.00
A2C_25000_bzip2__instcount_plainmodel,7000,15366,1.0453,1.87,0.070699,[.00
A2C_25000_bzip2__instcount_plainmodel,7000,15237,1.0553,1.88,0.070503,[.00
A2C_25000_bzip2__instcount_plainmodel,7000,14021,1.1503,2.05,0.087461,[.00
A2C_25000_bzip2__instcount_plainmodel,7000,14280,1.1301,2.01,0.081466,[.00
A2C_25000_bzip2__instcount_plainmodel,7000,14153,1.1400,2.03,0.081898,[.00
A2C_25000_bzip2__instcount_plainmodel,7000,14031,1.1495,2.04,0.082714,[.00
A2C_25000_bzip2__instcount_plainmodel,7000,14065,1.1469,2.04,0.081659,[.00
A2C_25000_bzip2__instcount_plainmodel,7000,14035,1.1492,2.04,0.088572,[.00
A2C_25000_bzip2__instcount_plainmodel,7000,20485,0.6454,1.40,0.046664,[.00
A2C_25000_bzip2__instcount_plainmodel,7000,15186,1.0593,1.89,0.071813,[.00
A2C_25000_bzip2__instcount_plainmodel,7000,13482,1.1924,2.13,0.078773,[.00
A2C_25000_bzip2__instcount_plainmodel,7000,19535,0.7196,1.47,0.044565,[.00
A2C_25000_bzip2__instcount_plainmodel,7000,14014,1.1509,2.05,0.080624,[.00
A2C_25000_bzip2__instcount_plainmodel,7000,14014,1.1509,2.05,0.08353,[.00
A2C_25000_bzip2__instcount_plainmodel,7000,14047,1.1483,2.04,0.079575,[.00
A2C_25000_bzip2__instcount_plainmodel,7000,14033,1.1494,2.04,0.078634,[.00
A2C_25000_bzip2__instcount_plainmodel,7000,14566,1.1077,1.97,0.075418,[.00
A2C_25000_bzip2__instcount_plainmodel,7000,14016,1.1507,2.05,0.079993,[.00
A2C_25000_bzip2__instcount_plainmodel,7000,20485,0.6454,1.40,0.047973,[.00
A2C_25000_bzip2__instcount_plainmodel,7000,14416,1.1195,1.99,0.067676,[.00
A2C_25000_bzip2__instcount_plainmodel,7000,15170,1.0606,1.89,0.071891,[.00
A2C_25000_bzip2__instcount_plainmodel,7000,15168,1.0607,1.89,0.071538,[.00
A2C_25000_bzip2__instcount_plainmodel,7000,15230,1.0559,1.88,0.06783,[.00
A2C_25000_bzip2__instcount_plainmodel,7000,14360,1.1238,2.00,0.067168,[.00
A2C_25000_bzip2__instcount_plainmodel,7000,14389,1.1216,1.99,0.068537,[.00
A2C_25000_bzip2__instcount_plainmodel,7000,14030,1.1496,2.04,0.079921,[.00
A2C_25000_bzip2__instcount_plainmodel,7000,14017,1.1506,2.05,0.091854,[.00
A2C_25000_bzip2__instcount_plainmodel,7000,13599,1.1833,2.11,0.083914,[.00
A2C_25000_bzip2__instcount_plainmodel,7000,14062,1.1471,2.04,0.081356,[.00
A2C_25000_bzip2__instcount_plainmodel,7000,13943,1.1564,2.06,0.078356,[.00
A2C_25000_bzip2__instcount_plainmodel,7000,14369,1.1231,2.00,0.069041,[.00
A2C_25000_bzip2__instcount_plainmodel,8000,14944,1.0782,1.92,0.066981,[.00
A2C_25000_bzip2__instcount_plainmodel,8000,13490,1.1918,2.13,0.086968,[.00
A2C_25000_bzip2__instcount_plainmodel,8000,13454,1.1946,2.13,0.079187,[.00
A2C_25000_bzip2__instcount_plainmodel,8000,13444,1.1954,2.13,0.080782,[.00
A2C_25000_bzip2__instcount_plainmodel,8000,16241,0.9769,1.77,0.051116,[.00
A2C_25000_bzip2__instcount_plainmodel,8000,16221,0.9785,1.77,0.04521,[.00
A2C_25000_bzip2__instcount_plainmodel,8000,13418,1.1974,2.14,0.081457,[.00
A2C_25000_bzip2__instcount_plainmodel,8000,13465,1.1937,2.13,0.079424,[.00
A2C_25000_bzip2__instcount_plainmodel,8000,13391,1.1995,2.14,0.077802,[.00
A2C_25000_bzip2__instcount_plainmodel,8000,13398,1.1990,2.14,0.081406,[.00
A2C_25000_bzip2__instcount_plainmodel,8000,13619,1.1817,2.11,0.078405,[.00
A2C_25000_bzip2__instcount_plainmodel,8000,16516,0.9554,1.74,0.045464,[.00
A2C_25000_bzip2__instcount_plainmodel,8000,14072,1.1463,2.04,0.067992,[.00
A2C_25000_bzip2__instcount_plainmodel,8000,13782,1.1690,2.08,0.080506,[.00
A2C_25000_bzip2__instcount_plainmodel,8000,13486,1.1921,2.13,0.08085,[.00
A2C_25000_bzip2__instcount_plainmodel,8000,13450,1.1949,2.13,0.078564,[.00
A2C_25000_bzip2__instcount_plainmodel,8000,13486,1.1921,2.13,0.082483,[.00
A2C_25000_bzip2__instcount_plainmodel,8000,13896,1.1601,2.06,0.070434,[.00
A2C_25000_bzip2__instcount_plainmodel,8000,13371,1.2011,2.15,0.079056,[.00
A2C_25000_bzip2__instcount_plainmodel,8000,16467,0.9593,1.74,0.045432,[.00
A2C_25000_bzip2__instcount_plainmodel,8000,13485,1.1922,2.13,0.083486,[.00
A2C_25000_bzip2__instcount_plainmodel,8000,13450,1.1949,2.13,0.080426,[.00
A2C_25000_bzip2__instcount_plainmodel,8000,13640,1.1801,2.10,0.082944,[.00
A2C_25000_bzip2__instcount_plainmodel,8000,13382,1.2002,2.14,0.081337,[.00
A2C_25000_bzip2__instcount_plainmodel,8000,16133,0.9853,1.78,0.04556,[.00
A2C_25000_bzip2__instcount_plainmodel,8000,13395,1.1992,2.14,0.079226,[.00
A2C_25000_bzip2__instcount_plainmodel,8000,13835,1.1648,2.07,0.074222,[.00
A2C_25000_bzip2__instcount_plainmodel,8000,13441,1.1956,2.13,0.085425,[.00
A2C_25000_bzip2__instcount_plainmodel,8000,13418,1.1974,2.14,0.077777,[.00
A2C_25000_bzip2__instcount_plainmodel,8000,13433,1.1962,2.14,0.081438,[.00
A2C_25000_bzip2__instcount_plainmodel,8000,13513,1.1900,2.12,0.07901,[.00
A2C_25000_bzip2__instcount_plainmodel,8000,13403,1.1986,2.14,0.08145,[.00
A2C_25000_bzip2__instcount_plainmodel,8000,13454,1.1946,2.13,0.078514,[.00
A2C_25000_bzip2__instcount_plainmodel,8000,13465,1.1937,2.13,0.08364,[.00
A2C_25000_bzip2__instcount_plainmodel,8000,13496,1.1913,2.13,0.08506,[.00
A2C_25000_bzip2__instcount_plainmodel,8000,13690,1.1762,2.09,0.082359,[.00
A2C_25000_bzip2__instcount_plainmodel,8000,13439,1.1958,2.13,0.085484,[.00
A2C_25000_bzip2__instcount_plainmodel,8000,14977,1.0756,1.91,0.071692,[.00
A2C_25000_bzip2__instcount_plainmodel,8000,16534,0.9540,1.73,0.044268,[.00
A2C_25000_bzip2__instcount_plainmodel,8000,13477,1.1928,2.13,0.081129,[.00
A2C_25000_bzip2__instcount_plainmodel,8000,13884,1.1610,2.07,0.071029,[.00
A2C_25000_bzip2__instcount_plainmodel,8000,13656,1.1788,2.10,0.082889,[.00
A2C_25000_bzip2__instcount_plainmodel,8000,13714,1.1743,2.09,0.085646,[.00
A2C_25000_bzip2__instcount_plainmodel,8000,13960,1.1551,2.05,0.070614,[.00
A2C_25000_bzip2__instcount_plainmodel,8000,13487,1.1920,2.13,0.082719,[.00
A2C_25000_bzip2__instcount_plainmodel,8000,13432,1.1963,2.14,0.079059,[.00
A2C_25000_bzip2__instcount_plainmodel,8000,16205,0.9797,1.77,0.045322,[.00
A2C_25000_bzip2__instcount_plainmodel,8000,13466,1.1937,2.13,0.07839,[.00
A2C_25000_bzip2__instcount_plainmodel,8000,16324,0.9704,1.76,0.046932,[.00
A2C_25000_bzip2__instcount_plainmodel,8000,16528,0.9545,1.73,0.051017,[.00
A2C_25000_bzip2__instcount_plainmodel,8000,13430,1.1965,2.14,0.07974,[.00
A2C_25000_bzip2__instcount_plainmodel,8000,16277,0.9741,1.76,0.045153,[.00
A2C_25000_bzip2__instcount_plainmodel,8000,13444,1.1954,2.13,0.084007,[.00
A2C_25000_bzip2__instcount_plainmodel,8000,13484,1.1923,2.13,0.081239,[.00
A2C_25000_bzip2__instcount_plainmodel,8000,13678,1.1771,2.10,0.076486,[.00
A2C_25000_bzip2__instcount_plainmodel,8000,16216,0.9789,1.77,0.047059,[.00
A2C_25000_bzip2__instcount_plainmodel,8000,13480,1.1926,2.13,0.083826,[.00
A2C_25000_bzip2__instcount_plainmodel,8000,13622,1.1815,2.11,0.077971,[.00
A2C_25000_bzip2__instcount_plainmodel,8000,13433,1.1962,2.14,0.079323,[.00
A2C_25000_bzip2__instcount_plainmodel,8000,13464,1.1938,2.13,0.083678,[.00
A2C_25000_bzip2__instcount_plainmodel,8000,13955,1.1555,2.06,0.081616,[.00
A2C_25000_bzip2__instcount_plainmodel,8000,16627,0.9468,1.72,0.045687,[.00
A2C_25000_bzip2__instcount_plainmodel,8000,16519,0.9552,1.74,0.045568,[.00
A2C_25000_bzip2__instcount_plainmodel,8000,13405,1.1984,2.14,0.082365,[.00
A2C_25000_bzip2__instcount_plainmodel,8000,16521,0.9550,1.74,0.046734,[.00
A2C_25000_bzip2__instcount_plainmodel,8000,13427,1.1967,2.14,0.080257,[.00
A2C_25000_bzip2__instcount_plainmodel,8000,16310,0.9715,1.76,0.045686,[.00
A2C_25000_bzip2__instcount_plainmodel,8000,13403,1.1986,2.14,0.082879,[.00
A2C_25000_bzip2__instcount_plainmodel,8000,13762,1.1705,2.08,0.070654,[.00
A2C_25000_bzip2__instcount_plainmodel,8000,13406,1.1984,2.14,0.082711,[.00
A2C_25000_bzip2__instcount_plainmodel,8000,13502,1.1909,2.12,0.086534,[.00
A2C_25000_bzip2__instcount_plainmodel,8000,16207,0.9796,1.77,0.046601,[.00
A2C_25000_bzip2__instcount_plainmodel,8000,13461,1.1941,2.13,0.079267,[.00
A2C_25000_bzip2__instcount_plainmodel,8000,13351,1.2027,2.15,0.079717,[.00
A2C_25000_bzip2__instcount_plainmodel,8000,13427,1.1967,2.14,0.08936,[.00
A2C_25000_bzip2__instcount_plainmodel,8000,13451,1.1948,2.13,0.081714,[.00
A2C_25000_bzip2__instcount_plainmodel,8000,13660,1.1785,2.10,0.084984,[.00
A2C_25000_bzip2__instcount_plainmodel,8000,16522,0.9550,1.73,0.046155,[.00
A2C_25000_bzip2__instcount_plainmodel,8000,16217,0.9788,1.77,0.045295,[.00
A2C_25000_bzip2__instcount_plainmodel,8000,16170,0.9825,1.77,0.044539,[.00
A2C_25000_bzip2__instcount_plainmodel,8000,13673,1.1775,2.10,0.074821,[.00
A2C_25000_bzip2__instcount_plainmodel,8000,13450,1.1949,2.13,0.082827,[.00
A2C_25000_bzip2__instcount_plainmodel,8000,13632,1.1807,2.10,0.079741,[.00
A2C_25000_bzip2__instcount_plainmodel,8000,13505,1.1906,2.12,0.083454,[.00
A2C_25000_bzip2__instcount_plainmodel,8000,13465,1.1937,2.13,0.081301,[.00
A2C_25000_bzip2__instcount_plainmodel,8000,16240,0.9770,1.77,0.048621,[.00
A2C_25000_bzip2__instcount_plainmodel,8000,13364,1.2016,2.15,0.082594,[.00
A2C_25000_bzip2__instcount_plainmodel,8000,13427,1.1967,2.14,0.089555,[.00
A2C_25000_bzip2__instcount_plainmodel,8000,13661,1.1784,2.10,0.082426,[.00
A2C_25000_bzip2__instcount_plainmodel,8000,13465,1.1937,2.13,0.081203,[.00
A2C_25000_bzip2__instcount_plainmodel,8000,16218,0.9787,1.77,0.04568,[.00
A2C_25000_bzip2__instcount_plainmodel,8000,13395,1.1992,2.14,0.077313,[.00
A2C_25000_bzip2__instcount_plainmodel,8000,13382,1.2002,2.14,0.077779,[.00
A2C_25000_bzip2__instcount_plainmodel,8000,13519,1.1895,2.12,0.082549,[.00
A2C_25000_bzip2__instcount_plainmodel,8000,13479,1.1927,2.13,0.084085,[.00
A2C_25000_bzip2__instcount_plainmodel,8000,14066,1.1468,2.04,0.076788,[.00
A2C_25000_bzip2__instcount_plainmodel,8000,13410,1.1980,2.14,0.078707,[.00
A2C_25000_bzip2__instcount_plainmodel,8000,13435,1.1961,2.13,0.078952,[.00
A2C_25000_bzip2__instcount_plainmodel,8000,13456,1.1945,2.13,0.08919,[.00
A2C_25000_bzip2__instcount_plainmodel,8000,16522,0.9550,1.73,0.047538,[.00
A2C_25000_bzip2__instcount_plainmodel,9000,14090,1.1449,2.04,0.083572,[.00
A2C_25000_bzip2__instcount_plainmodel,9000,17344,0.8907,1.65,0.046115,[.00
A2C_25000_bzip2__instcount_plainmodel,9000,16304,0.9720,1.76,0.044802,[.00
A2C_25000_bzip2__instcount_plainmodel,9000,16618,0.9475,1.72,0.046878,[.00
A2C_25000_bzip2__instcount_plainmodel,9000,16605,0.9485,1.73,0.046871,[.00
A2C_25000_bzip2__instcount_plainmodel,9000,16635,0.9461,1.72,0.045023,[.00
A2C_25000_bzip2__instcount_plainmodel,9000,16282,0.9737,1.76,0.047045,[.00
A2C_25000_bzip2__instcount_plainmodel,9000,16512,0.9557,1.74,0.045084,[.00
A2C_25000_bzip2__instcount_plainmodel,9000,14048,1.1482,2.04,0.070864,[.00
A2C_25000_bzip2__instcount_plainmodel,9000,13404,1.1985,2.14,0.086986,[.00
A2C_25000_bzip2__instcount_plainmodel,9000,16544,0.9532,1.73,0.045183,[.00
A2C_25000_bzip2__instcount_plainmodel,9000,13765,1.1703,2.08,0.067765,[.00
A2C_25000_bzip2__instcount_plainmodel,9000,16206,0.9796,1.77,0.046249,[.00
A2C_25000_bzip2__instcount_plainmodel,9000,16277,0.9741,1.76,0.044134,[.00
A2C_25000_bzip2__instcount_plainmodel,9000,16640,0.9457,1.72,0.047674,[.00
A2C_25000_bzip2__instcount_plainmodel,9000,13943,1.1564,2.06,0.071691,[.00
A2C_25000_bzip2__instcount_plainmodel,9000,14142,1.1409,2.03,0.06736,[.00
A2C_25000_bzip2__instcount_plainmodel,9000,16539,0.9536,1.73,0.044948,[.00
A2C_25000_bzip2__instcount_plainmodel,9000,13700,1.1754,2.09,0.079026,[.00
A2C_25000_bzip2__instcount_plainmodel,9000,16255,0.9758,1.76,0.044324,[.00
A2C_25000_bzip2__instcount_plainmodel,9000,16127,0.9858,1.78,0.045589,[.00
A2C_25000_bzip2__instcount_plainmodel,9000,16539,0.9536,1.73,0.045042,[.00
A2C_25000_bzip2__instcount_plainmodel,9000,13721,1.1738,2.09,0.087947,[.00
A2C_25000_bzip2__instcount_plainmodel,9000,13894,1.1602,2.06,0.070208,[.00
A2C_25000_bzip2__instcount_plainmodel,9000,16317,0.9710,1.76,0.049036,[.00
A2C_25000_bzip2__instcount_plainmodel,9000,16529,0.9544,1.73,0.046908,[.00
A2C_25000_bzip2__instcount_plainmodel,9000,14070,1.1465,2.04,0.068413,[.00
A2C_25000_bzip2__instcount_plainmodel,9000,13456,1.1945,2.13,0.082235,[.00
A2C_25000_bzip2__instcount_plainmodel,9000,13733,1.1728,2.09,0.079484,[.00
A2C_25000_bzip2__instcount_plainmodel,9000,16511,0.9558,1.74,0.044101,[.00
A2C_25000_bzip2__instcount_plainmodel,9000,16521,0.9550,1.74,0.045262,[.00
A2C_25000_bzip2__instcount_plainmodel,9000,13695,1.1758,2.09,0.081875,[.00
A2C_25000_bzip2__instcount_plainmodel,9000,16221,0.9785,1.77,0.046784,[.00
A2C_25000_bzip2__instcount_plainmodel,9000,16183,0.9814,1.77,0.046609,[.00
A2C_25000_bzip2__instcount_plainmodel,9000,16216,0.9789,1.77,0.0476,[.00
A2C_25000_bzip2__instcount_plainmodel,9000,16263,0.9752,1.76,0.044868,[.00
A2C_25000_bzip2__instcount_plainmodel,9000,13523,1.1892,2.12,0.084967,[.00
A2C_25000_bzip2__instcount_plainmodel,9000,16256,0.9757,1.76,0.045412,[.00
A2C_25000_bzip2__instcount_plainmodel,9000,16331,0.9699,1.76,0.046383,[.00
A2C_25000_bzip2__instcount_plainmodel,9000,16655,0.9446,1.72,0.045183,[.00
A2C_25000_bzip2__instcount_plainmodel,9000,16223,0.9783,1.77,0.045309,[.00
A2C_25000_bzip2__instcount_plainmodel,9000,16392,0.9651,1.75,0.044717,[.00
A2C_25000_bzip2__instcount_plainmodel,9000,16213,0.9791,1.77,0.044422,[.00
A2C_25000_bzip2__instcount_plainmodel,9000,16620,0.9473,1.72,0.045987,[.00
A2C_25000_bzip2__instcount_plainmodel,9000,16331,0.9699,1.76,0.045005,[.00
A2C_25000_bzip2__instcount_plainmodel,9000,16325,0.9703,1.76,0.045581,[.00
A2C_25000_bzip2__instcount_plainmodel,9000,13444,1.1954,2.13,0.08165,[.00
A2C_25000_bzip2__instcount_plainmodel,9000,16710,0.9403,1.72,0.044719,[.00
A2C_25000_bzip2__instcount_plainmodel,9000,16321,0.9707,1.76,0.044558,[.00
A2C_25000_bzip2__instcount_plainmodel,9000,13723,1.1736,2.09,0.079595,[.00
A2C_25000_bzip2__instcount_plainmodel,9000,16512,0.9557,1.74,0.046941,[.00
A2C_25000_bzip2__instcount_plainmodel,9000,16549,0.9528,1.73,0.044272,[.00
A2C_25000_bzip2__instcount_plainmodel,9000,16211,0.9793,1.77,0.045003,[.00
A2C_25000_bzip2__instcount_plainmodel,9000,16221,0.9785,1.77,0.046158,[.00
A2C_25000_bzip2__instcount_plainmodel,9000,16256,0.9757,1.76,0.046708,[.00
A2C_25000_bzip2__instcount_plainmodel,9000,16523,0.9549,1.73,0.045806,[.00
A2C_25000_bzip2__instcount_plainmodel,9000,14639,1.1020,1.96,0.081858,[.00
A2C_25000_bzip2__instcount_plainmodel,9000,16522,0.9550,1.73,0.044662,[.00
A2C_25000_bzip2__instcount_plainmodel,9000,16539,0.9536,1.73,0.046065,[.00
A2C_25000_bzip2__instcount_plainmodel,9000,13732,1.1729,2.09,0.082706,[.00
A2C_25000_bzip2__instcount_plainmodel,9000,16264,0.9751,1.76,0.044019,[.00
A2C_25000_bzip2__instcount_plainmodel,9000,16522,0.9550,1.73,0.045565,[.00
A2C_25000_bzip2__instcount_plainmodel,9000,16203,0.9799,1.77,0.047338,[.00
A2C_25000_bzip2__instcount_plainmodel,9000,13480,1.1926,2.13,0.083353,[.00
A2C_25000_bzip2__instcount_plainmodel,9000,13536,1.1882,2.12,0.084686,[.00
A2C_25000_bzip2__instcount_plainmodel,9000,13639,1.1802,2.10,0.078494,[.00
A2C_25000_bzip2__instcount_plainmodel,9000,16369,0.9669,1.75,0.046845,[.00
A2C_25000_bzip2__instcount_plainmodel,9000,16297,0.9725,1.76,0.047805,[.00
A2C_25000_bzip2__instcount_plainmodel,9000,16521,0.9550,1.74,0.04689,[.00
A2C_25000_bzip2__instcount_plainmodel,9000,16291,0.9730,1.76,0.046313,[.00
A2C_25000_bzip2__instcount_plainmodel,9000,16282,0.9737,1.76,0.045159,[.00
A2C_25000_bzip2__instcount_plainmodel,9000,16605,0.9485,1.73,0.044766,[.00
A2C_25000_bzip2__instcount_plainmodel,9000,16297,0.9725,1.76,0.044117,[.00
A2C_25000_bzip2__instcount_plainmodel,9000,16228,0.9779,1.77,0.044149,[.00
A2C_25000_bzip2__instcount_plainmodel,9000,16256,0.9757,1.76,0.046069,[.00
A2C_25000_bzip2__instcount_plainmodel,9000,16318,0.9709,1.76,0.04454,[.00
A2C_25000_bzip2__instcount_plainmodel,9000,13888,1.1607,2.06,0.066781,[.00
A2C_25000_bzip2__instcount_plainmodel,9000,13950,1.1559,2.06,0.072153,[.00
A2C_25000_bzip2__instcount_plainmodel,9000,16522,0.9550,1.73,0.044995,[.00
A2C_25000_bzip2__instcount_plainmodel,9000,13789,1.1684,2.08,0.084616,[.00
A2C_25000_bzip2__instcount_plainmodel,9000,16291,0.9730,1.76,0.044553,[.00
A2C_25000_bzip2__instcount_plainmodel,9000,13749,1.1716,2.09,0.082601,[.00
A2C_25000_bzip2__instcount_plainmodel,9000,16672,0.9432,1.72,0.044613,[.00
A2C_25000_bzip2__instcount_plainmodel,9000,16270,0.9746,1.76,0.051301,[.00
A2C_25000_bzip2__instcount_plainmodel,9000,13741,1.1722,2.09,0.078373,[.00
A2C_25000_bzip2__instcount_plainmodel,9000,16271,0.9746,1.76,0.046219,[.00
A2C_25000_bzip2__instcount_plainmodel,9000,16243,0.9768,1.76,0.045472,[.00
A2C_25000_bzip2__instcount_plainmodel,9000,16397,0.9647,1.75,0.044539,[.00
A2C_25000_bzip2__instcount_plainmodel,9000,16338,0.9693,1.75,0.047935,[.00
A2C_25000_bzip2__instcount_plainmodel,9000,16211,0.9793,1.77,0.046713,[.00
A2C_25000_bzip2__instcount_plainmodel,9000,16360,0.9676,1.75,0.047182,[.00
A2C_25000_bzip2__instcount_plainmodel,9000,16321,0.9707,1.76,0.047492,[.00
A2C_25000_bzip2__instcount_plainmodel,9000,16252,0.9760,1.76,0.045427,[.00
A2C_25000_bzip2__instcount_plainmodel,9000,16281,0.9738,1.76,0.044889,[.00
A2C_25000_bzip2__instcount_plainmodel,9000,13768,1.1701,2.08,0.067875,[.00
A2C_25000_bzip2__instcount_plainmodel,9000,16354,0.9681,1.75,0.043207,[.00
A2C_25000_bzip2__instcount_plainmodel,9000,16222,0.9784,1.77,0.045965,[.00
A2C_25000_bzip2__instcount_plainmodel,9000,16216,0.9789,1.77,0.044397,[.00
A2C_25000_bzip2__instcount_plainmodel,9000,16628,0.9467,1.72,0.046033,[.00
A2C_25000_bzip2__instcount_plainmodel,9000,16643,0.9455,1.72,0.044342,[.00
A2C_25000_bzip2__instcount_plainmodel,10000,16512,0.9557,1.74,0.045265,[.00
A2C_25000_bzip2__instcount_plainmodel,10000,13751,1.1714,2.09,0.081803,[.00
A2C_25000_bzip2__instcount_plainmodel,10000,16491,0.9574,1.74,0.04534,[.00
A2C_25000_bzip2__instcount_plainmodel,10000,13633,1.1806,2.10,0.080144,[.00
A2C_25000_bzip2__instcount_plainmodel,10000,13650,1.1793,2.10,0.082205,[.00
A2C_25000_bzip2__instcount_plainmodel,10000,16331,0.9699,1.76,0.045424,[.00
A2C_25000_bzip2__instcount_plainmodel,10000,16745,0.9375,1.71,0.045931,[.00
A2C_25000_bzip2__instcount_plainmodel,10000,16522,0.9550,1.73,0.046271,[.00
A2C_25000_bzip2__instcount_plainmodel,10000,16522,0.9550,1.73,0.044626,[.00
A2C_25000_bzip2__instcount_plainmodel,10000,16189,0.9810,1.77,0.045649,[.00
A2C_25000_bzip2__instcount_plainmodel,10000,16369,0.9669,1.75,0.045413,[.00
A2C_25000_bzip2__instcount_plainmodel,10000,16213,0.9791,1.77,0.051986,[.00
A2C_25000_bzip2__instcount_plainmodel,10000,14526,1.1109,1.97,0.068903,[.00
A2C_25000_bzip2__instcount_plainmodel,10000,16672,0.9432,1.72,0.045442,[.00
A2C_25000_bzip2__instcount_plainmodel,10000,16213,0.9791,1.77,0.045238,[.00
A2C_25000_bzip2__instcount_plainmodel,10000,16605,0.9485,1.73,0.045045,[.00
A2C_25000_bzip2__instcount_plainmodel,10000,16645,0.9453,1.72,0.046237,[.00
A2C_25000_bzip2__instcount_plainmodel,10000,16728,0.9389,1.71,0.045872,[.00
A2C_25000_bzip2__instcount_plainmodel,10000,16539,0.9536,1.73,0.045748,[.00
A2C_25000_bzip2__instcount_plainmodel,10000,16217,0.9788,1.77,0.057688,[.00
A2C_25000_bzip2__instcount_plainmodel,10000,16321,0.9707,1.76,0.045548,[.00
A2C_25000_bzip2__instcount_plainmodel,10000,13742,1.1721,2.09,0.08077,[.00
A2C_25000_bzip2__instcount_plainmodel,10000,16304,0.9720,1.76,0.046027,[.00
A2C_25000_bzip2__instcount_plainmodel,10000,14711,1.0964,1.95,0.079931,[.00
A2C_25000_bzip2__instcount_plainmodel,10000,16289,0.9732,1.76,0.044312,[.00
A2C_25000_bzip2__instcount_plainmodel,10000,16190,0.9809,1.77,0.046174,[.00
A2C_25000_bzip2__instcount_plainmodel,10000,16218,0.9787,1.77,0.045439,[.00
A2C_25000_bzip2__instcount_plainmodel,10000,16260,0.9754,1.76,0.046977,[.00
A2C_25000_bzip2__instcount_plainmodel,10000,16566,0.9515,1.73,0.045266,[.00
A2C_25000_bzip2__instcount_plainmodel,10000,13746,1.1718,2.09,0.082074,[.00
A2C_25000_bzip2__instcount_plainmodel,10000,16196,0.9804,1.77,0.046731,[.00
A2C_25000_bzip2__instcount_plainmodel,10000,16543,0.9533,1.73,0.044562,[.00
A2C_25000_bzip2__instcount_plainmodel,10000,16336,0.9695,1.75,0.047322,[.00
A2C_25000_bzip2__instcount_plainmodel,10000,16635,0.9461,1.72,0.047062,[.00
A2C_25000_bzip2__instcount_plainmodel,10000,16326,0.9703,1.76,0.046048,[.00
A2C_25000_bzip2__instcount_plainmodel,10000,13836,1.1648,2.07,0.082578,[.00
A2C_25000_bzip2__instcount_plainmodel,10000,16291,0.9730,1.76,0.046452,[.00
A2C_25000_bzip2__instcount_plainmodel,10000,16189,0.9810,1.77,0.046439,[.00
A2C_25000_bzip2__instcount_plainmodel,10000,16328,0.9701,1.76,0.04544,[.00
A2C_25000_bzip2__instcount_plainmodel,10000,16666,0.9437,1.72,0.04522,[.00
A2C_25000_bzip2__instcount_plainmodel,10000,16304,0.9720,1.76,0.046356,[.00
A2C_25000_bzip2__instcount_plainmodel,10000,16390,0.9653,1.75,0.044813,[.00
A2C_25000_bzip2__instcount_plainmodel,10000,13754,1.1712,2.09,0.082104,[.00
A2C_25000_bzip2__instcount_plainmodel,10000,16602,0.9487,1.73,0.04685,[.00
A2C_25000_bzip2__instcount_plainmodel,10000,16282,0.9737,1.76,0.046602,[.00
A2C_25000_bzip2__instcount_plainmodel,10000,16478,0.9584,1.74,0.045612,[.00
A2C_25000_bzip2__instcount_plainmodel,10000,16282,0.9737,1.76,0.044697,[.00
A2C_25000_bzip2__instcount_plainmodel,10000,16258,0.9756,1.76,0.046825,[.00
A2C_25000_bzip2__instcount_plainmodel,10000,16297,0.9725,1.76,0.044735,[.00
A2C_25000_bzip2__instcount_plainmodel,10000,16539,0.9536,1.73,0.04709,[.00
A2C_25000_bzip2__instcount_plainmodel,10000,16213,0.9791,1.77,0.044774,[.00
A2C_25000_bzip2__instcount_plainmodel,10000,16331,0.9699,1.76,0.047332,[.00
A2C_25000_bzip2__instcount_plainmodel,10000,16238,0.9771,1.77,0.053854,[.00
A2C_25000_bzip2__instcount_plainmodel,10000,16672,0.9432,1.72,0.048806,[.00
A2C_25000_bzip2__instcount_plainmodel,10000,16371,0.9668,1.75,0.046043,[.00
A2C_25000_bzip2__instcount_plainmodel,10000,13789,1.1684,2.08,0.084463,[.00
A2C_25000_bzip2__instcount_plainmodel,10000,16390,0.9653,1.75,0.044622,[.00
A2C_25000_bzip2__instcount_plainmodel,10000,16574,0.9509,1.73,0.044647,[.00
A2C_25000_bzip2__instcount_plainmodel,10000,16212,0.9792,1.77,0.045746,[.00
A2C_25000_bzip2__instcount_plainmodel,10000,13744,1.1720,2.09,0.078386,[.00
A2C_25000_bzip2__instcount_plainmodel,10000,16635,0.9461,1.72,0.044506,[.00
A2C_25000_bzip2__instcount_plainmodel,10000,16331,0.9699,1.76,0.04566,[.00
A2C_25000_bzip2__instcount_plainmodel,10000,16728,0.9389,1.71,0.04707,[.00
A2C_25000_bzip2__instcount_plainmodel,10000,16549,0.9528,1.73,0.04668,[.00
A2C_25000_bzip2__instcount_plainmodel,10000,16618,0.9475,1.72,0.04712,[.00
A2C_25000_bzip2__instcount_plainmodel,10000,16635,0.9461,1.72,0.044616,[.00
A2C_25000_bzip2__instcount_plainmodel,10000,16622,0.9471,1.72,0.045898,[.00
A2C_25000_bzip2__instcount_plainmodel,10000,13741,1.1722,2.09,0.081746,[.00
A2C_25000_bzip2__instcount_plainmodel,10000,16283,0.9736,1.76,0.047662,[.00
A2C_25000_bzip2__instcount_plainmodel,10000,16256,0.9757,1.76,0.044379,[.00
A2C_25000_bzip2__instcount_plainmodel,10000,16539,0.9536,1.73,0.051599,[.00
A2C_25000_bzip2__instcount_plainmodel,10000,16213,0.9791,1.77,0.045007,[.00
A2C_25000_bzip2__instcount_plainmodel,10000,16324,0.9704,1.76,0.045549,[.00
A2C_25000_bzip2__instcount_plainmodel,10000,16672,0.9432,1.72,0.045007,[.00
A2C_25000_bzip2__instcount_plainmodel,10000,16376,0.9664,1.75,0.045698,[.00
A2C_25000_bzip2__instcount_plainmodel,10000,16397,0.9647,1.75,0.05003,[.00
A2C_25000_bzip2__instcount_plainmodel,10000,16436,0.9617,1.74,0.045764,[.00
A2C_25000_bzip2__instcount_plainmodel,10000,16605,0.9485,1.73,0.04473,[.00
A2C_25000_bzip2__instcount_plainmodel,10000,16288,0.9732,1.76,0.044205,[.00
A2C_25000_bzip2__instcount_plainmodel,10000,16284,0.9735,1.76,0.046688,[.00
A2C_25000_bzip2__instcount_plainmodel,10000,16314,0.9712,1.76,0.045903,[.00
A2C_25000_bzip2__instcount_plainmodel,10000,16278,0.9740,1.76,0.044695,[.00
A2C_25000_bzip2__instcount_plainmodel,10000,16215,0.9789,1.77,0.047412,[.00
A2C_25000_bzip2__instcount_plainmodel,10000,16304,0.9720,1.76,0.044125,[.00
A2C_25000_bzip2__instcount_plainmodel,10000,16640,0.9457,1.72,0.044592,[.00
A2C_25000_bzip2__instcount_plainmodel,10000,16364,0.9673,1.75,0.045149,[.00
A2C_25000_bzip2__instcount_plainmodel,10000,16545,0.9532,1.73,0.046478,[.00
A2C_25000_bzip2__instcount_plainmodel,10000,16655,0.9446,1.72,0.046333,[.00
A2C_25000_bzip2__instcount_plainmodel,10000,16645,0.9453,1.72,0.045111,[.00
A2C_25000_bzip2__instcount_plainmodel,10000,13487,1.1920,2.13,0.083881,[.00
A2C_25000_bzip2__instcount_plainmodel,10000,13742,1.1721,2.09,0.077893,[.00
A2C_25000_bzip2__instcount_plainmodel,10000,16382,0.9659,1.75,0.046478,[.00
A2C_25000_bzip2__instcount_plainmodel,10000,16512,0.9557,1.74,0.045141,[.00
A2C_25000_bzip2__instcount_plainmodel,10000,16486,0.9578,1.74,0.045744,[.00
A2C_25000_bzip2__instcount_plainmodel,10000,16622,0.9471,1.72,0.045871,[.00
A2C_25000_bzip2__instcount_plainmodel,10000,16539,0.9536,1.73,0.048,[.00
A2C_25000_bzip2__instcount_plainmodel,10000,16672,0.9432,1.72,0.047143,[.00
A2C_25000_bzip2__instcount_plainmodel,10000,16645,0.9453,1.72,0.044862,[.00
A2C_25000_bzip2__instcount_plainmodel,10000,16324,0.9704,1.76,0.045067,[.00
A2C_25000_bzip2__instcount_plainmodel,10000,16291,0.9730,1.76,0.045405,[.00
A2C_25000_bzip2__instcount_plainmodel,11000,13460,1.1941,2.13,0.083518,[.00
A2C_25000_bzip2__instcount_plainmodel,11000,13431,1.1964,2.14,0.082446,[.00
A2C_25000_bzip2__instcount_plainmodel,11000,13489,1.1919,2.13,0.084144,[.00
A2C_25000_bzip2__instcount_plainmodel,11000,13479,1.1927,2.13,0.080058,[.00
A2C_25000_bzip2__instcount_plainmodel,11000,13476,1.1929,2.13,0.084526,[.00
A2C_25000_bzip2__instcount_plainmodel,11000,13494,1.1915,2.13,0.083074,[.00
A2C_25000_bzip2__instcount_plainmodel,11000,13533,1.1884,2.12,0.100389,[.00
A2C_25000_bzip2__instcount_plainmodel,11000,13742,1.1721,2.09,0.084928,[.00
A2C_25000_bzip2__instcount_plainmodel,11000,13370,1.2012,2.15,0.079794,[.00
A2C_25000_bzip2__instcount_plainmodel,11000,13486,1.1921,2.13,0.081936,[.00
A2C_25000_bzip2__instcount_plainmodel,11000,13482,1.1924,2.13,0.082037,[.00
A2C_25000_bzip2__instcount_plainmodel,11000,13452,1.1948,2.13,0.082493,[.00
A2C_25000_bzip2__instcount_plainmodel,11000,13475,1.1930,2.13,0.08131,[.00
A2C_25000_bzip2__instcount_plainmodel,11000,13515,1.1898,2.12,0.082066,[.00
A2C_25000_bzip2__instcount_plainmodel,11000,13459,1.1942,2.13,0.082781,[.00
A2C_25000_bzip2__instcount_plainmodel,11000,13469,1.1934,2.13,0.08103,[.00
A2C_25000_bzip2__instcount_plainmodel,11000,13846,1.1640,2.07,0.069622,[.00
A2C_25000_bzip2__instcount_plainmodel,11000,13483,1.1923,2.13,0.083795,[.00
A2C_25000_bzip2__instcount_plainmodel,11000,13380,1.2004,2.14,0.08176,[.00
A2C_25000_bzip2__instcount_plainmodel,11000,13403,1.1986,2.14,0.079268,[.00
A2C_25000_bzip2__instcount_plainmodel,11000,13741,1.1722,2.09,0.094646,[.00
A2C_25000_bzip2__instcount_plainmodel,11000,13494,1.1915,2.13,0.086004,[.00
A2C_25000_bzip2__instcount_plainmodel,11000,13521,1.1894,2.12,0.085599,[.00
A2C_25000_bzip2__instcount_plainmodel,11000,13661,1.1784,2.10,0.079042,[.00
A2C_25000_bzip2__instcount_plainmodel,11000,13442,1.1955,2.13,0.087562,[.00
A2C_25000_bzip2__instcount_plainmodel,11000,13423,1.1970,2.14,0.081025,[.00
A2C_25000_bzip2__instcount_plainmodel,11000,13529,1.1887,2.12,0.084887,[.00
A2C_25000_bzip2__instcount_plainmodel,11000,16390,0.9653,1.75,0.044985,[.00
A2C_25000_bzip2__instcount_plainmodel,11000,13722,1.1737,2.09,0.081846,[.00
A2C_25000_bzip2__instcount_plainmodel,11000,13438,1.1959,2.13,0.082723,[.00
A2C_25000_bzip2__instcount_plainmodel,11000,13396,1.1991,2.14,0.077768,[.00
A2C_25000_bzip2__instcount_plainmodel,11000,13431,1.1964,2.14,0.077374,[.00
A2C_25000_bzip2__instcount_plainmodel,11000,13435,1.1961,2.13,0.08683,[.00
A2C_25000_bzip2__instcount_plainmodel,11000,13521,1.1894,2.12,0.085433,[.00
A2C_25000_bzip2__instcount_plainmodel,11000,13481,1.1925,2.13,0.081632,[.00
A2C_25000_bzip2__instcount_plainmodel,11000,13430,1.1965,2.14,0.07938,[.00
A2C_25000_bzip2__instcount_plainmodel,11000,13526,1.1890,2.12,0.090994,[.00
A2C_25000_bzip2__instcount_plainmodel,11000,13479,1.1927,2.13,0.085556,[.00
A2C_25000_bzip2__instcount_plainmodel,11000,13380,1.2004,2.14,0.08368,[.00
A2C_25000_bzip2__instcount_plainmodel,11000,13480,1.1926,2.13,0.08437,[.00
A2C_25000_bzip2__instcount_plainmodel,11000,13444,1.1954,2.13,0.079309,[.00
A2C_25000_bzip2__instcount_plainmodel,11000,13769,1.1700,2.08,0.082779,[.00
A2C_25000_bzip2__instcount_plainmodel,11000,13482,1.1924,2.13,0.08536,[.00
A2C_25000_bzip2__instcount_plainmodel,11000,13789,1.1684,2.08,0.081776,[.00
A2C_25000_bzip2__instcount_plainmodel,11000,13523,1.1892,2.12,0.083096,[.00
A2C_25000_bzip2__instcount_plainmodel,11000,13414,1.1977,2.14,0.082308,[.00
A2C_25000_bzip2__instcount_plainmodel,11000,13480,1.1926,2.13,0.084204,[.00
A2C_25000_bzip2__instcount_plainmodel,11000,13440,1.1957,2.13,0.08009,[.00
A2C_25000_bzip2__instcount_plainmodel,11000,13500,1.1910,2.12,0.082034,[.00
A2C_25000_bzip2__instcount_plainmodel,11000,13539,1.1880,2.12,0.085879,[.00
A2C_25000_bzip2__instcount_plainmodel,11000,13481,1.1925,2.13,0.082826,[.00
A2C_25000_bzip2__instcount_plainmodel,11000,13642,1.1799,2.10,0.078912,[.00
A2C_25000_bzip2__instcount_plainmodel,11000,13414,1.1977,2.14,0.081799,[.00
A2C_25000_bzip2__instcount_plainmodel,11000,13642,1.1799,2.10,0.080073,[.00
A2C_25000_bzip2__instcount_plainmodel,11000,13462,1.1940,2.13,0.089676,[.00
A2C_25000_bzip2__instcount_plainmodel,11000,13681,1.1769,2.10,0.083585,[.00
A2C_25000_bzip2__instcount_plainmodel,11000,13392,1.1995,2.14,0.085673,[.00
A2C_25000_bzip2__instcount_plainmodel,11000,13405,1.1984,2.14,0.084456,[.00
A2C_25000_bzip2__instcount_plainmodel,11000,13625,1.1812,2.10,0.07952,[.00
A2C_25000_bzip2__instcount_plainmodel,11000,13477,1.1928,2.13,0.084196,[.00
A2C_25000_bzip2__instcount_plainmodel,11000,13442,1.1955,2.13,0.08104,[.00
A2C_25000_bzip2__instcount_plainmodel,11000,13652,1.1791,2.10,0.082468,[.00
A2C_25000_bzip2__instcount_plainmodel,11000,13445,1.1953,2.13,0.082108,[.00
A2C_25000_bzip2__instcount_plainmodel,11000,13724,1.1735,2.09,0.078449,[.00
A2C_25000_bzip2__instcount_plainmodel,11000,13714,1.1743,2.09,0.07992,[.00
A2C_25000_bzip2__instcount_plainmodel,11000,13397,1.1991,2.14,0.077932,[.00
A2C_25000_bzip2__instcount_plainmodel,11000,13431,1.1964,2.14,0.078464,[.00
A2C_25000_bzip2__instcount_plainmodel,11000,13437,1.1959,2.13,0.082417,[.00
A2C_25000_bzip2__instcount_plainmodel,11000,13478,1.1927,2.13,0.079634,[.00
A2C_25000_bzip2__instcount_plainmodel,11000,13628,1.1810,2.10,0.079404,[.00
A2C_25000_bzip2__instcount_plainmodel,11000,13494,1.1915,2.13,0.085194,[.00
A2C_25000_bzip2__instcount_plainmodel,11000,13431,1.1964,2.14,0.082473,[.00
A2C_25000_bzip2__instcount_plainmodel,11000,13668,1.1779,2.10,0.077702,[.00
A2C_25000_bzip2__instcount_plainmodel,11000,13434,1.1962,2.13,0.082209,[.00
A2C_25000_bzip2__instcount_plainmodel,11000,13428,1.1966,2.14,0.083423,[.00
A2C_25000_bzip2__instcount_plainmodel,11000,13711,1.1745,2.09,0.082204,[.00
A2C_25000_bzip2__instcount_plainmodel,11000,13374,1.2009,2.14,0.078635,[.00
A2C_25000_bzip2__instcount_plainmodel,11000,13802,1.1674,2.08,0.082533,[.00
A2C_25000_bzip2__instcount_plainmodel,11000,13545,1.1875,2.12,0.078492,[.00
A2C_25000_bzip2__instcount_plainmodel,11000,13631,1.1808,2.10,0.077846,[.00
A2C_25000_bzip2__instcount_plainmodel,11000,13466,1.1937,2.13,0.078749,[.00
A2C_25000_bzip2__instcount_plainmodel,11000,16253,0.9760,1.76,0.046529,[.00
A2C_25000_bzip2__instcount_plainmodel,11000,13510,1.1902,2.12,0.085749,[.00
A2C_25000_bzip2__instcount_plainmodel,11000,13637,1.1803,2.10,0.080043,[.00
A2C_25000_bzip2__instcount_plainmodel,11000,13690,1.1762,2.09,0.082705,[.00
A2C_25000_bzip2__instcount_plainmodel,11000,13418,1.1974,2.14,0.080765,[.00
A2C_25000_bzip2__instcount_plainmodel,11000,13709,1.1747,2.09,0.085147,[.00
A2C_25000_bzip2__instcount_plainmodel,11000,13687,1.1764,2.10,0.086976,[.00
A2C_25000_bzip2__instcount_plainmodel,11000,13461,1.1941,2.13,0.077823,[.00
A2C_25000_bzip2__instcount_plainmodel,11000,13608,1.1826,2.11,0.081868,[.00
A2C_25000_bzip2__instcount_plainmodel,11000,13816,1.1663,2.08,0.083091,[.00
A2C_25000_bzip2__instcount_plainmodel,11000,13485,1.1922,2.13,0.080458,[.00
A2C_25000_bzip2__instcount_plainmodel,11000,16213,0.9791,1.77,0.044904,[.00
A2C_25000_bzip2__instcount_plainmodel,11000,14834,1.0868,1.93,0.072064,[.00
A2C_25000_bzip2__instcount_plainmodel,11000,13287,1.2077,2.16,0.077017,[.00
A2C_25000_bzip2__instcount_plainmodel,11000,13802,1.1674,2.08,0.086753,[.00
A2C_25000_bzip2__instcount_plainmodel,11000,13481,1.1925,2.13,0.08207,[.00
A2C_25000_bzip2__instcount_plainmodel,11000,13429,1.1966,2.14,0.080505,[.00
A2C_25000_bzip2__instcount_plainmodel,11000,13473,1.1931,2.13,0.0821,[.00
A2C_25000_bzip2__instcount_plainmodel,11000,13504,1.1907,2.12,0.080068,[.00
A2C_25000_bzip2__instcount_plainmodel,12000,13386,1.1999,2.14,0.082074,[.00
A2C_25000_bzip2__instcount_plainmodel,12000,15466,1.0374,1.85,0.081577,[.00
A2C_25000_bzip2__instcount_plainmodel,12000,13607,1.1827,2.11,0.084201,[.00
A2C_25000_bzip2__instcount_plainmodel,12000,16624,0.9470,1.72,0.045078,[.00
A2C_25000_bzip2__instcount_plainmodel,12000,16602,0.9487,1.73,0.054662,[.00
A2C_25000_bzip2__instcount_plainmodel,12000,16639,0.9458,1.72,0.046304,[.00
A2C_25000_bzip2__instcount_plainmodel,12000,16500,0.9567,1.74,0.047511,[.00
A2C_25000_bzip2__instcount_plainmodel,12000,13487,1.1920,2.13,0.0917,[.00
A2C_25000_bzip2__instcount_plainmodel,12000,16184,0.9814,1.77,0.047029,[.00
A2C_25000_bzip2__instcount_plainmodel,12000,13466,1.1937,2.13,0.081199,[.00
A2C_25000_bzip2__instcount_plainmodel,12000,13512,1.1901,2.12,0.088978,[.00
A2C_25000_bzip2__instcount_plainmodel,12000,16211,0.9793,1.77,0.045855,[.00
A2C_25000_bzip2__instcount_plainmodel,12000,16452,0.9604,1.74,0.047093,[.00
A2C_25000_bzip2__instcount_plainmodel,12000,16533,0.9541,1.73,0.045592,[.00
A2C_25000_bzip2__instcount_plainmodel,12000,16534,0.9540,1.73,0.046979,[.00
A2C_25000_bzip2__instcount_plainmodel,12000,13441,1.1956,2.13,0.080755,[.00
A2C_25000_bzip2__instcount_plainmodel,12000,16244,0.9767,1.76,0.04533,[.00
A2C_25000_bzip2__instcount_plainmodel,12000,13531,1.1886,2.12,0.083241,[.00
A2C_25000_bzip2__instcount_plainmodel,12000,13481,1.1925,2.13,0.08132,[.00
A2C_25000_bzip2__instcount_plainmodel,12000,16110,0.9871,1.78,0.045531,[.00
A2C_25000_bzip2__instcount_plainmodel,12000,14353,1.1244,2.00,0.068404,[.00
A2C_25000_bzip2__instcount_plainmodel,12000,16206,0.9796,1.77,0.045363,[.00
A2C_25000_bzip2__instcount_plainmodel,12000,13529,1.1887,2.12,0.085184,[.00
A2C_25000_bzip2__instcount_plainmodel,12000,16241,0.9769,1.77,0.046097,[.00
A2C_25000_bzip2__instcount_plainmodel,12000,13485,1.1922,2.13,0.083937,[.00
A2C_25000_bzip2__instcount_plainmodel,12000,16246,0.9765,1.76,0.045438,[.00
A2C_25000_bzip2__instcount_plainmodel,12000,16566,0.9515,1.73,0.044699,[.00
A2C_25000_bzip2__instcount_plainmodel,12000,16619,0.9474,1.72,0.044997,[.00
A2C_25000_bzip2__instcount_plainmodel,12000,13716,1.1741,2.09,0.080643,[.00
A2C_25000_bzip2__instcount_plainmodel,12000,16170,0.9825,1.77,0.04614,[.00
A2C_25000_bzip2__instcount_plainmodel,12000,13538,1.1880,2.12,0.084566,[.00
A2C_25000_bzip2__instcount_plainmodel,12000,16203,0.9799,1.77,0.047107,[.00
A2C_25000_bzip2__instcount_plainmodel,12000,16282,0.9737,1.76,0.045471,[.00
A2C_25000_bzip2__instcount_plainmodel,12000,13574,1.1852,2.11,0.080305,[.00
A2C_25000_bzip2__instcount_plainmodel,12000,14076,1.1460,2.04,0.071584,[.00
A2C_25000_bzip2__instcount_plainmodel,12000,16216,0.9789,1.77,0.045152,[.00
A2C_25000_bzip2__instcount_plainmodel,12000,16563,0.9518,1.73,0.046725,[.00
A2C_25000_bzip2__instcount_plainmodel,12000,16193,0.9807,1.77,0.044127,[.00
A2C_25000_bzip2__instcount_plainmodel,12000,16544,0.9532,1.73,0.045384,[.00
A2C_25000_bzip2__instcount_plainmodel,12000,13500,1.1910,2.12,0.080627,[.00
A2C_25000_bzip2__instcount_plainmodel,12000,16281,0.9738,1.76,0.050354,[.00
A2C_25000_bzip2__instcount_plainmodel,12000,13994,1.1524,2.05,0.069878,[.00
A2C_25000_bzip2__instcount_plainmodel,12000,13368,1.2013,2.15,0.077696,[.00
A2C_25000_bzip2__instcount_plainmodel,12000,16184,0.9814,1.77,0.045506,[.00
A2C_25000_bzip2__instcount_plainmodel,12000,17154,0.9056,1.67,0.048848,[.00
A2C_25000_bzip2__instcount_plainmodel,12000,16551,0.9527,1.73,0.048072,[.00
A2C_25000_bzip2__instcount_plainmodel,12000,13460,1.1941,2.13,0.079388,[.00
A2C_25000_bzip2__instcount_plainmodel,12000,16561,0.9519,1.73,0.054379,[.00
A2C_25000_bzip2__instcount_plainmodel,12000,16216,0.9789,1.77,0.046028,[.00
A2C_25000_bzip2__instcount_plainmodel,12000,16104,0.9876,1.78,0.045772,[.00
A2C_25000_bzip2__instcount_plainmodel,12000,16705,0.9407,1.72,0.045415,[.00
A2C_25000_bzip2__instcount_plainmodel,12000,16220,0.9785,1.77,0.045169,[.00
A2C_25000_bzip2__instcount_plainmodel,12000,13427,1.1967,2.14,0.078984,[.00
A2C_25000_bzip2__instcount_plainmodel,12000,13448,1.1951,2.13,0.078959,[.00
A2C_25000_bzip2__instcount_plainmodel,12000,16267,0.9749,1.76,0.046087,[.00
A2C_25000_bzip2__instcount_plainmodel,12000,16191,0.9808,1.77,0.050041,[.00
A2C_25000_bzip2__instcount_plainmodel,12000,16298,0.9725,1.76,0.044675,[.00
A2C_25000_bzip2__instcount_plainmodel,12000,13399,1.1989,2.14,0.078697,[.00
A2C_25000_bzip2__instcount_plainmodel,12000,16559,0.9521,1.73,0.050028,[.00
A2C_25000_bzip2__instcount_plainmodel,12000,16517,0.9553,1.74,0.046999,[.00
A2C_25000_bzip2__instcount_plainmodel,12000,13432,1.1963,2.14,0.079025,[.00
A2C_25000_bzip2__instcount_plainmodel,12000,13430,1.1965,2.14,0.081813,[.00
A2C_25000_bzip2__instcount_plainmodel,12000,16289,0.9732,1.76,0.050418,[.00
A2C_25000_bzip2__instcount_plainmodel,12000,13424,1.1970,2.14,0.079119,[.00
A2C_25000_bzip2__instcount_plainmodel,12000,13542,1.1877,2.12,0.08545,[.00
A2C_25000_bzip2__instcount_plainmodel,12000,16216,0.9789,1.77,0.044701,[.00
A2C_25000_bzip2__instcount_plainmodel,12000,13535,1.1883,2.12,0.081077,[.00
A2C_25000_bzip2__instcount_plainmodel,12000,16544,0.9532,1.73,0.045399,[.00
A2C_25000_bzip2__instcount_plainmodel,12000,13467,1.1936,2.13,0.084278,[.00
A2C_25000_bzip2__instcount_plainmodel,12000,16251,0.9761,1.76,0.045099,[.00
A2C_25000_bzip2__instcount_plainmodel,12000,16600,0.9489,1.73,0.046743,[.00
A2C_25000_bzip2__instcount_plainmodel,12000,13427,1.1967,2.14,0.087338,[.00
A2C_25000_bzip2__instcount_plainmodel,12000,13371,1.2011,2.15,0.077714,[.00
A2C_25000_bzip2__instcount_plainmodel,12000,16268,0.9748,1.76,0.044431,[.00
A2C_25000_bzip2__instcount_plainmodel,12000,13530,1.1887,2.12,0.084495,[.00
A2C_25000_bzip2__instcount_plainmodel,12000,16216,0.9789,1.77,0.046192,[.00
A2C_25000_bzip2__instcount_plainmodel,12000,13489,1.1919,2.13,0.085058,[.00
A2C_25000_bzip2__instcount_plainmodel,12000,13533,1.1884,2.12,0.084734,[.00
A2C_25000_bzip2__instcount_plainmodel,12000,16600,0.9489,1.73,0.051311,[.00
A2C_25000_bzip2__instcount_plainmodel,12000,16244,0.9767,1.76,0.046195,[.00
A2C_25000_bzip2__instcount_plainmodel,12000,13532,1.1885,2.12,0.08459,[.00
A2C_25000_bzip2__instcount_plainmodel,12000,13733,1.1728,2.09,0.079896,[.00
A2C_25000_bzip2__instcount_plainmodel,12000,16208,0.9795,1.77,0.048075,[.00
A2C_25000_bzip2__instcount_plainmodel,12000,16255,0.9758,1.76,0.045751,[.00
A2C_25000_bzip2__instcount_plainmodel,12000,13494,1.1915,2.13,0.081768,[.00
A2C_25000_bzip2__instcount_plainmodel,12000,16603,0.9486,1.73,0.047061,[.00
A2C_25000_bzip2__instcount_plainmodel,12000,16204,0.9798,1.77,0.047896,[.00
A2C_25000_bzip2__instcount_plainmodel,12000,16277,0.9741,1.76,0.046365,[.00
A2C_25000_bzip2__instcount_plainmodel,12000,16602,0.9487,1.73,0.045438,[.00
A2C_25000_bzip2__instcount_plainmodel,12000,16243,0.9768,1.76,0.04429,[.00
A2C_25000_bzip2__instcount_plainmodel,12000,16188,0.9810,1.77,0.045231,[.00
A2C_25000_bzip2__instcount_plainmodel,12000,13439,1.1958,2.13,0.082017,[.00
A2C_25000_bzip2__instcount_plainmodel,12000,16519,0.9552,1.74,0.048891,[.00
A2C_25000_bzip2__instcount_plainmodel,12000,13400,1.1988,2.14,0.079502,[.00
A2C_25000_bzip2__instcount_plainmodel,12000,13517,1.1897,2.12,0.084339,[.00
A2C_25000_bzip2__instcount_plainmodel,12000,16209,0.9794,1.77,0.044766,[.00
A2C_25000_bzip2__instcount_plainmodel,12000,16204,0.9798,1.77,0.046646,[.00
A2C_25000_bzip2__instcount_plainmodel,12000,14127,1.1420,2.03,0.082105,[.00
A2C_25000_bzip2__instcount_plainmodel,12000,16529,0.9544,1.73,0.046071,[.00
A2C_25000_bzip2__instcount_plainmodel,12000,13537,1.1881,2.12,0.081059,[.00
A2C_25000_bzip2__instcount_plainmodel,13000,16331,0.9699,1.76,0.048666,[.00
A2C_25000_bzip2__instcount_plainmodel,13000,14539,1.1099,1.97,0.069731,[.00
A2C_25000_bzip2__instcount_plainmodel,13000,16314,0.9712,1.76,0.046877,[.00
A2C_25000_bzip2__instcount_plainmodel,13000,13899,1.1598,2.06,0.073313,[.00
A2C_25000_bzip2__instcount_plainmodel,13000,16369,0.9669,1.75,0.045739,[.00
A2C_25000_bzip2__instcount_plainmodel,13000,16539,0.9536,1.73,0.045551,[.00
A2C_25000_bzip2__instcount_plainmodel,13000,16645,0.9453,1.72,0.044896,[.00
A2C_25000_bzip2__instcount_plainmodel,13000,16325,0.9703,1.76,0.046373,[.00
A2C_25000_bzip2__instcount_plainmodel,13000,16321,0.9707,1.76,0.047634,[.00
A2C_25000_bzip2__instcount_plainmodel,13000,16522,0.9550,1.73,0.048321,[.00
A2C_25000_bzip2__instcount_plainmodel,13000,16218,0.9787,1.77,0.047569,[.00
A2C_25000_bzip2__instcount_plainmodel,13000,16216,0.9789,1.77,0.047871,[.00
A2C_25000_bzip2__instcount_plainmodel,13000,13824,1.1657,2.07,0.08895,[.00
A2C_25000_bzip2__instcount_plainmodel,13000,16512,0.9557,1.74,0.047269,[.00
A2C_25000_bzip2__instcount_plainmodel,13000,16539,0.9536,1.73,0.045897,[.00
A2C_25000_bzip2__instcount_plainmodel,13000,16645,0.9453,1.72,0.046182,[.00
A2C_25000_bzip2__instcount_plainmodel,13000,16672,0.9432,1.72,0.045152,[.00
A2C_25000_bzip2__instcount_plainmodel,13000,16364,0.9673,1.75,0.047151,[.00
A2C_25000_bzip2__instcount_plainmodel,13000,16529,0.9544,1.73,0.0476,[.00
A2C_25000_bzip2__instcount_plainmodel,13000,13673,1.1775,2.10,0.082697,[.00
A2C_25000_bzip2__instcount_plainmodel,13000,16522,0.9550,1.73,0.044921,[.00
A2C_25000_bzip2__instcount_plainmodel,13000,16397,0.9647,1.75,0.044175,[.00
A2C_25000_bzip2__instcount_plainmodel,13000,16386,0.9656,1.75,0.050272,[.00
A2C_25000_bzip2__instcount_plainmodel,13000,16284,0.9735,1.76,0.048344,[.00
A2C_25000_bzip2__instcount_plainmodel,13000,13844,1.1641,2.07,0.082506,[.00
A2C_25000_bzip2__instcount_plainmodel,13000,16324,0.9704,1.76,0.048195,[.00
A2C_25000_bzip2__instcount_plainmodel,13000,16196,0.9804,1.77,0.049818,[.00
A2C_25000_bzip2__instcount_plainmodel,13000,16319,0.9708,1.76,0.047087,[.00
A2C_25000_bzip2__instcount_plainmodel,13000,16672,0.9432,1.72,0.04461,[.00
A2C_25000_bzip2__instcount_plainmodel,13000,16627,0.9468,1.72,0.046765,[.00
A2C_25000_bzip2__instcount_plainmodel,13000,16635,0.9461,1.72,0.04743,[.00
A2C_25000_bzip2__instcount_plainmodel,13000,16529,0.9544,1.73,0.044971,[.00
A2C_25000_bzip2__instcount_plainmodel,13000,16321,0.9707,1.76,0.045831,[.00
A2C_25000_bzip2__instcount_plainmodel,13000,16213,0.9791,1.77,0.045625,[.00
A2C_25000_bzip2__instcount_plainmodel,13000,16622,0.9471,1.72,0.045835,[.00
A2C_25000_bzip2__instcount_plainmodel,13000,16618,0.9475,1.72,0.045288,[.00
A2C_25000_bzip2__instcount_plainmodel,13000,16728,0.9389,1.71,0.045343,[.00
A2C_25000_bzip2__instcount_plainmodel,13000,16645,0.9453,1.72,0.045082,[.00
A2C_25000_bzip2__instcount_plainmodel,13000,16325,0.9703,1.76,0.04687,[.00
A2C_25000_bzip2__instcount_plainmodel,13000,16617,0.9475,1.73,0.046386,[.00
A2C_25000_bzip2__instcount_plainmodel,13000,16544,0.9532,1.73,0.045896,[.00
A2C_25000_bzip2__instcount_plainmodel,13000,16397,0.9647,1.75,0.047068,[.00
A2C_25000_bzip2__instcount_plainmodel,13000,16529,0.9544,1.73,0.044889,[.00
A2C_25000_bzip2__instcount_plainmodel,13000,16528,0.9545,1.73,0.044651,[.00
A2C_25000_bzip2__instcount_plainmodel,13000,13622,1.1815,2.11,0.087939,[.00
A2C_25000_bzip2__instcount_plainmodel,13000,16217,0.9788,1.77,0.047715,[.00
A2C_25000_bzip2__instcount_plainmodel,13000,16331,0.9699,1.76,0.050691,[.00
A2C_25000_bzip2__instcount_plainmodel,13000,16319,0.9708,1.76,0.045134,[.00
A2C_25000_bzip2__instcount_plainmodel,13000,16213,0.9791,1.77,0.046707,[.00
A2C_25000_bzip2__instcount_plainmodel,13000,16539,0.9536,1.73,0.045408,[.00
A2C_25000_bzip2__instcount_plainmodel,13000,16539,0.9536,1.73,0.0464,[.00
A2C_25000_bzip2__instcount_plainmodel,13000,16711,0.9402,1.72,0.044867,[.00
A2C_25000_bzip2__instcount_plainmodel,13000,13789,1.1684,2.08,0.08243,[.00
A2C_25000_bzip2__instcount_plainmodel,13000,16522,0.9550,1.73,0.047062,[.00
A2C_25000_bzip2__instcount_plainmodel,13000,16539,0.9536,1.73,0.046941,[.00
A2C_25000_bzip2__instcount_plainmodel,13000,16728,0.9389,1.71,0.044514,[.00
A2C_25000_bzip2__instcount_plainmodel,13000,16210,0.9793,1.77,0.046529,[.00
A2C_25000_bzip2__instcount_plainmodel,13000,16645,0.9453,1.72,0.046366,[.00
A2C_25000_bzip2__instcount_plainmodel,13000,16635,0.9461,1.72,0.045824,[.00
A2C_25000_bzip2__instcount_plainmodel,13000,14253,1.1322,2.01,0.087493,[.00
A2C_25000_bzip2__instcount_plainmodel,13000,13779,1.1692,2.08,0.082345,[.00
A2C_25000_bzip2__instcount_plainmodel,13000,16282,0.9737,1.76,0.047221,[.00
A2C_25000_bzip2__instcount_plainmodel,13000,16228,0.9779,1.77,0.046539,[.00
A2C_25000_bzip2__instcount_plainmodel,13000,16397,0.9647,1.75,0.047088,[.00
A2C_25000_bzip2__instcount_plainmodel,13000,13780,1.1691,2.08,0.086423,[.00
A2C_25000_bzip2__instcount_plainmodel,13000,16519,0.9552,1.74,0.049845,[.00
A2C_25000_bzip2__instcount_plainmodel,13000,16522,0.9550,1.73,0.045858,[.00
A2C_25000_bzip2__instcount_plainmodel,13000,16361,0.9675,1.75,0.044625,[.00
A2C_25000_bzip2__instcount_plainmodel,13000,16286,0.9734,1.76,0.047107,[.00
A2C_25000_bzip2__instcount_plainmodel,13000,16628,0.9467,1.72,0.049329,[.00
A2C_25000_bzip2__instcount_plainmodel,13000,16672,0.9432,1.72,0.045199,[.00
A2C_25000_bzip2__instcount_plainmodel,13000,16211,0.9793,1.77,0.047851,[.00
A2C_25000_bzip2__instcount_plainmodel,13000,16390,0.9653,1.75,0.044015,[.00
A2C_25000_bzip2__instcount_plainmodel,13000,16670,0.9434,1.72,0.044834,[.00
A2C_25000_bzip2__instcount_plainmodel,13000,16645,0.9453,1.72,0.045396,[.00
A2C_25000_bzip2__instcount_plainmodel,13000,14365,1.1234,2.00,0.067386,[.00
A2C_25000_bzip2__instcount_plainmodel,13000,16539,0.9536,1.73,0.045235,[.00
A2C_25000_bzip2__instcount_plainmodel,13000,16320,0.9707,1.76,0.045226,[.00
A2C_25000_bzip2__instcount_plainmodel,13000,14412,1.1198,1.99,0.067799,[.00
A2C_25000_bzip2__instcount_plainmodel,13000,16628,0.9467,1.72,0.044727,[.00
A2C_25000_bzip2__instcount_plainmodel,13000,16205,0.9797,1.77,0.04711,[.00
A2C_25000_bzip2__instcount_plainmodel,13000,16331,0.9699,1.76,0.044919,[.00
A2C_25000_bzip2__instcount_plainmodel,13000,16635,0.9461,1.72,0.045207,[.00
A2C_25000_bzip2__instcount_plainmodel,13000,16539,0.9536,1.73,0.04701,[.00
A2C_25000_bzip2__instcount_plainmodel,13000,16223,0.9783,1.77,0.047067,[.00
A2C_25000_bzip2__instcount_plainmodel,13000,16630,0.9465,1.72,0.04367,[.00
A2C_25000_bzip2__instcount_plainmodel,13000,16397,0.9647,1.75,0.04675,[.00
A2C_25000_bzip2__instcount_plainmodel,13000,16331,0.9699,1.76,0.048763,[.00
A2C_25000_bzip2__instcount_plainmodel,13000,14388,1.1216,1.99,0.070299,[.00
A2C_25000_bzip2__instcount_plainmodel,13000,13441,1.1956,2.13,0.078977,[.00
A2C_25000_bzip2__instcount_plainmodel,13000,16655,0.9446,1.72,0.046796,[.00
A2C_25000_bzip2__instcount_plainmodel,13000,16277,0.9741,1.76,0.045031,[.00
A2C_25000_bzip2__instcount_plainmodel,13000,16645,0.9453,1.72,0.04581,[.00
A2C_25000_bzip2__instcount_plainmodel,13000,16392,0.9651,1.75,0.046198,[.00
A2C_25000_bzip2__instcount_plainmodel,13000,16329,0.9700,1.76,0.047317,[.00
A2C_25000_bzip2__instcount_plainmodel,13000,16361,0.9675,1.75,0.044796,[.00
A2C_25000_bzip2__instcount_plainmodel,13000,16180,0.9817,1.77,0.050482,[.00
A2C_25000_bzip2__instcount_plainmodel,13000,13483,1.1923,2.13,0.083747,[.00
A2C_25000_bzip2__instcount_plainmodel,13000,16539,0.9536,1.73,0.047435,[.00
A2C_25000_bzip2__instcount_plainmodel,13000,16628,0.9467,1.72,0.047904,[.00
A2C_25000_bzip2__instcount_plainmodel,14000,13740,1.1723,2.09,0.080506,[.00
A2C_25000_bzip2__instcount_plainmodel,14000,16240,0.9770,1.77,0.044994,[.00
A2C_25000_bzip2__instcount_plainmodel,14000,16329,0.9700,1.76,0.04605,[.00
A2C_25000_bzip2__instcount_plainmodel,14000,16318,0.9709,1.76,0.045161,[.00
A2C_25000_bzip2__instcount_plainmodel,14000,16324,0.9704,1.76,0.045629,[.00
A2C_25000_bzip2__instcount_plainmodel,14000,16628,0.9467,1.72,0.046786,[.00
A2C_25000_bzip2__instcount_plainmodel,14000,16645,0.9453,1.72,0.045152,[.00
A2C_25000_bzip2__instcount_plainmodel,14000,16326,0.9703,1.76,0.045872,[.00
A2C_25000_bzip2__instcount_plainmodel,14000,16338,0.9693,1.75,0.046071,[.00
A2C_25000_bzip2__instcount_plainmodel,14000,16635,0.9461,1.72,0.044976,[.00
A2C_25000_bzip2__instcount_plainmodel,14000,16512,0.9557,1.74,0.050847,[.00
A2C_25000_bzip2__instcount_plainmodel,14000,16618,0.9475,1.72,0.045241,[.00
A2C_25000_bzip2__instcount_plainmodel,14000,16361,0.9675,1.75,0.0476,[.00
A2C_25000_bzip2__instcount_plainmodel,14000,16364,0.9673,1.75,0.047479,[.00
A2C_25000_bzip2__instcount_plainmodel,14000,13733,1.1728,2.09,0.079522,[.00
A2C_25000_bzip2__instcount_plainmodel,14000,16628,0.9467,1.72,0.04702,[.00
A2C_25000_bzip2__instcount_plainmodel,14000,16674,0.9431,1.72,0.044542,[.00
A2C_25000_bzip2__instcount_plainmodel,14000,16205,0.9797,1.77,0.046827,[.00
A2C_25000_bzip2__instcount_plainmodel,14000,16645,0.9453,1.72,0.051928,[.00
A2C_25000_bzip2__instcount_plainmodel,14000,16361,0.9675,1.75,0.045751,[.00
A2C_25000_bzip2__instcount_plainmodel,14000,16655,0.9446,1.72,0.047026,[.00
A2C_25000_bzip2__instcount_plainmodel,14000,16539,0.9536,1.73,0.047411,[.00
A2C_25000_bzip2__instcount_plainmodel,14000,16364,0.9673,1.75,0.048274,[.00
A2C_25000_bzip2__instcount_plainmodel,14000,16371,0.9668,1.75,0.046879,[.00
A2C_25000_bzip2__instcount_plainmodel,14000,14013,1.1509,2.05,0.069827,[.00
A2C_25000_bzip2__instcount_plainmodel,14000,14536,1.1101,1.97,0.071806,[.00
A2C_25000_bzip2__instcount_plainmodel,14000,16728,0.9389,1.71,0.045032,[.00
A2C_25000_bzip2__instcount_plainmodel,14000,16331,0.9699,1.76,0.047336,[.00
A2C_25000_bzip2__instcount_plainmodel,14000,16645,0.9453,1.72,0.046782,[.00
A2C_25000_bzip2__instcount_plainmodel,14000,16650,0.9450,1.72,0.045197,[.00
A2C_25000_bzip2__instcount_plainmodel,14000,16223,0.9783,1.77,0.0446,[.00
A2C_25000_bzip2__instcount_plainmodel,14000,16329,0.9700,1.76,0.046888,[.00
A2C_25000_bzip2__instcount_plainmodel,14000,16645,0.9453,1.72,0.046767,[.00
A2C_25000_bzip2__instcount_plainmodel,14000,16711,0.9402,1.72,0.045211,[.00
A2C_25000_bzip2__instcount_plainmodel,14000,16728,0.9389,1.71,0.045245,[.00
A2C_25000_bzip2__instcount_plainmodel,14000,16325,0.9703,1.76,0.048179,[.00
A2C_25000_bzip2__instcount_plainmodel,14000,16590,0.9496,1.73,0.044979,[.00
A2C_25000_bzip2__instcount_plainmodel,14000,13789,1.1684,2.08,0.087084,[.00
A2C_25000_bzip2__instcount_plainmodel,14000,13744,1.1720,2.09,0.080885,[.00
A2C_25000_bzip2__instcount_plainmodel,14000,16728,0.9389,1.71,0.045935,[.00
A2C_25000_bzip2__instcount_plainmodel,14000,16522,0.9550,1.73,0.046964,[.00
A2C_25000_bzip2__instcount_plainmodel,14000,16277,0.9741,1.76,0.045649,[.00
A2C_25000_bzip2__instcount_plainmodel,14000,16728,0.9389,1.71,0.045508,[.00
A2C_25000_bzip2__instcount_plainmodel,14000,16244,0.9767,1.76,0.047177,[.00
A2C_25000_bzip2__instcount_plainmodel,14000,16314,0.9712,1.76,0.046102,[.00
A2C_25000_bzip2__instcount_plainmodel,14000,16672,0.9432,1.72,0.047063,[.00
A2C_25000_bzip2__instcount_plainmodel,14000,14863,1.0845,1.93,0.064956,[.00
A2C_25000_bzip2__instcount_plainmodel,14000,16256,0.9757,1.76,0.045989,[.00
A2C_25000_bzip2__instcount_plainmodel,14000,16331,0.9699,1.76,0.045188,[.00
A2C_25000_bzip2__instcount_plainmodel,14000,16322,0.9706,1.76,0.045652,[.00
A2C_25000_bzip2__instcount_plainmodel,14000,16206,0.9796,1.77,0.045613,[.00
A2C_25000_bzip2__instcount_plainmodel,14000,16291,0.9730,1.76,0.046961,[.00
A2C_25000_bzip2__instcount_plainmodel,14000,16655,0.9446,1.72,0.044022,[.00
A2C_25000_bzip2__instcount_plainmodel,14000,16291,0.9730,1.76,0.044016,[.00
A2C_25000_bzip2__instcount_plainmodel,14000,16326,0.9703,1.76,0.045132,[.00
A2C_25000_bzip2__instcount_plainmodel,14000,16726,0.9390,1.71,0.046964,[.00
A2C_25000_bzip2__instcount_plainmodel,14000,16329,0.9700,1.76,0.047504,[.00
A2C_25000_bzip2__instcount_plainmodel,14000,16324,0.9704,1.76,0.044766,[.00
A2C_25000_bzip2__instcount_plainmodel,14000,16314,0.9712,1.76,0.045765,[.00
A2C_25000_bzip2__instcount_plainmodel,14000,16338,0.9693,1.75,0.045958,[.00
A2C_25000_bzip2__instcount_plainmodel,14000,16397,0.9647,1.75,0.044243,[.00
A2C_25000_bzip2__instcount_plainmodel,14000,16288,0.9732,1.76,0.044891,[.00
A2C_25000_bzip2__instcount_plainmodel,14000,16321,0.9707,1.76,0.047477,[.00
A2C_25000_bzip2__instcount_plainmodel,14000,16634,0.9462,1.72,0.044319,[.00
A2C_25000_bzip2__instcount_plainmodel,14000,16338,0.9693,1.75,0.047525,[.00
A2C_25000_bzip2__instcount_plainmodel,14000,16636,0.9461,1.72,0.049091,[.00
A2C_25000_bzip2__instcount_plainmodel,14000,16719,0.9396,1.71,0.045334,[.00
A2C_25000_bzip2__instcount_plainmodel,14000,16539,0.9536,1.73,0.045793,[.00
A2C_25000_bzip2__instcount_plainmodel,14000,16329,0.9700,1.76,0.0472,[.00
A2C_25000_bzip2__instcount_plainmodel,14000,16566,0.9515,1.73,0.047839,[.00
A2C_25000_bzip2__instcount_plainmodel,14000,15904,1.0032,1.80,0.044737,[.00
A2C_25000_bzip2__instcount_plainmodel,14000,16519,0.9552,1.74,0.045171,[.00
A2C_25000_bzip2__instcount_plainmodel,14000,16618,0.9475,1.72,0.045207,[.00
A2C_25000_bzip2__instcount_plainmodel,14000,16655,0.9446,1.72,0.045156,[.00
A2C_25000_bzip2__instcount_plainmodel,14000,16297,0.9725,1.76,0.046799,[.00
A2C_25000_bzip2__instcount_plainmodel,14000,16336,0.9695,1.75,0.051797,[.00
A2C_25000_bzip2__instcount_plainmodel,14000,16324,0.9704,1.76,0.045223,[.00
A2C_25000_bzip2__instcount_plainmodel,14000,16628,0.9467,1.72,0.04816,[.00
A2C_25000_bzip2__instcount_plainmodel,14000,16509,0.9560,1.74,0.045178,[.00
A2C_25000_bzip2__instcount_plainmodel,14000,16711,0.9402,1.72,0.044973,[.00
A2C_25000_bzip2__instcount_plainmodel,14000,16628,0.9467,1.72,0.045639,[.00
A2C_25000_bzip2__instcount_plainmodel,14000,16539,0.9536,1.73,0.045712,[.00
A2C_25000_bzip2__instcount_plainmodel,14000,13800,1.1676,2.08,0.086104,[.00
A2C_25000_bzip2__instcount_plainmodel,14000,16635,0.9461,1.72,0.047523,[.00
A2C_25000_bzip2__instcount_plainmodel,14000,16364,0.9673,1.75,0.045629,[.00
A2C_25000_bzip2__instcount_plainmodel,14000,16622,0.9471,1.72,0.044543,[.00
A2C_25000_bzip2__instcount_plainmodel,14000,16215,0.9789,1.77,0.045158,[.00
A2C_25000_bzip2__instcount_plainmodel,14000,16390,0.9653,1.75,0.046602,[.00
A2C_25000_bzip2__instcount_plainmodel,14000,16528,0.9545,1.73,0.046676,[.00
A2C_25000_bzip2__instcount_plainmodel,14000,16628,0.9467,1.72,0.044914,[.00
A2C_25000_bzip2__instcount_plainmodel,14000,16645,0.9453,1.72,0.046725,[.00
A2C_25000_bzip2__instcount_plainmodel,14000,16281,0.9738,1.76,0.043751,[.00
A2C_25000_bzip2__instcount_plainmodel,14000,16636,0.9461,1.72,0.049992,[.00
A2C_25000_bzip2__instcount_plainmodel,14000,16628,0.9467,1.72,0.046972,[.00
A2C_25000_bzip2__instcount_plainmodel,14000,13742,1.1721,2.09,0.078519,[.00
A2C_25000_bzip2__instcount_plainmodel,14000,16628,0.9467,1.72,0.047854,[.00
A2C_25000_bzip2__instcount_plainmodel,14000,16331,0.9699,1.76,0.045821,[.00
A2C_25000_bzip2__instcount_plainmodel,14000,16617,0.9475,1.73,0.044795,[.00
A2C_25000_bzip2__instcount_plainmodel,14000,16329,0.9700,1.76,0.046968,[.00
A2C_25000_bzip2__instcount_plainmodel,14000,16635,0.9461,1.72,0.046318,[.00
A2C_25000_bzip2__instcount_plainmodel,15000,16519,0.9552,1.74,0.044516,[.00
A2C_25000_bzip2__instcount_plainmodel,15000,16566,0.9515,1.73,0.047094,[.00
A2C_25000_bzip2__instcount_plainmodel,15000,16770,0.9356,1.71,0.046402,[.00
A2C_25000_bzip2__instcount_plainmodel,15000,16592,0.9495,1.73,0.044909,[.00
A2C_25000_bzip2__instcount_plainmodel,15000,17344,0.8907,1.65,0.04595,[.00
A2C_25000_bzip2__instcount_plainmodel,15000,16572,0.9511,1.73,0.050855,[.00
A2C_25000_bzip2__instcount_plainmodel,15000,16211,0.9793,1.77,0.046186,[.00
A2C_25000_bzip2__instcount_plainmodel,15000,16645,0.9453,1.72,0.045106,[.00
A2C_25000_bzip2__instcount_plainmodel,15000,16566,0.9515,1.73,0.045566,[.00
A2C_25000_bzip2__instcount_plainmodel,15000,16629,0.9466,1.72,0.045244,[.00
A2C_25000_bzip2__instcount_plainmodel,15000,16298,0.9725,1.76,0.044433,[.00
A2C_25000_bzip2__instcount_plainmodel,15000,16529,0.9544,1.73,0.044961,[.00
A2C_25000_bzip2__instcount_plainmodel,15000,16613,0.9478,1.73,0.048107,[.00
A2C_25000_bzip2__instcount_plainmodel,15000,16509,0.9560,1.74,0.045576,[.00
A2C_25000_bzip2__instcount_plainmodel,15000,16241,0.9769,1.77,0.046957,[.00
A2C_25000_bzip2__instcount_plainmodel,15000,16191,0.9808,1.77,0.044839,[.00
A2C_25000_bzip2__instcount_plainmodel,15000,16397,0.9647,1.75,0.046018,[.00
A2C_25000_bzip2__instcount_plainmodel,15000,16220,0.9785,1.77,0.046143,[.00
A2C_25000_bzip2__instcount_plainmodel,15000,16192,0.9807,1.77,0.045299,[.00
A2C_25000_bzip2__instcount_plainmodel,15000,16651,0.9449,1.72,0.045414,[.00
A2C_25000_bzip2__instcount_plainmodel,15000,16628,0.9467,1.72,0.045562,[.00
A2C_25000_bzip2__instcount_plainmodel,15000,16512,0.9557,1.74,0.051095,[.00
A2C_25000_bzip2__instcount_plainmodel,15000,13909,1.1591,2.06,0.071003,[.00
A2C_25000_bzip2__instcount_plainmodel,15000,16628,0.9467,1.72,0.045633,[.00
A2C_25000_bzip2__instcount_plainmodel,15000,17348,0.8904,1.65,0.048779,[.00
A2C_25000_bzip2__instcount_plainmodel,15000,16528,0.9545,1.73,0.044594,[.00
A2C_25000_bzip2__instcount_plainmodel,15000,16183,0.9814,1.77,0.045734,[.00
A2C_25000_bzip2__instcount_plainmodel,15000,16202,0.9800,1.77,0.045558,[.00
A2C_25000_bzip2__instcount_plainmodel,15000,16672,0.9432,1.72,0.046561,[.00
A2C_25000_bzip2__instcount_plainmodel,15000,17351,0.8902,1.65,0.046181,[.00
A2C_25000_bzip2__instcount_plainmodel,15000,16193,0.9807,1.77,0.048953,[.00
A2C_25000_bzip2__instcount_plainmodel,15000,16288,0.9732,1.76,0.045267,[.00
A2C_25000_bzip2__instcount_plainmodel,15000,16380,0.9660,1.75,0.047502,[.00
A2C_25000_bzip2__instcount_plainmodel,15000,16211,0.9793,1.77,0.044947,[.00
A2C_25000_bzip2__instcount_plainmodel,15000,14193,1.1369,2.02,0.070908,[.00
A2C_25000_bzip2__instcount_plainmodel,15000,16538,0.9537,1.73,0.047135,[.00
A2C_25000_bzip2__instcount_plainmodel,15000,16371,0.9668,1.75,0.046822,[.00
A2C_25000_bzip2__instcount_plainmodel,15000,16096,0.9882,1.78,0.04657,[.00
A2C_25000_bzip2__instcount_plainmodel,15000,16579,0.9505,1.73,0.045542,[.00
A2C_25000_bzip2__instcount_plainmodel,15000,16628,0.9467,1.72,0.047335,[.00
A2C_25000_bzip2__instcount_plainmodel,15000,16628,0.9467,1.72,0.044333,[.00
A2C_25000_bzip2__instcount_plainmodel,15000,16297,0.9725,1.76,0.046569,[.00
A2C_25000_bzip2__instcount_plainmodel,15000,16653,0.9447,1.72,0.047364,[.00
A2C_25000_bzip2__instcount_plainmodel,15000,16288,0.9732,1.76,0.048571,[.00
A2C_25000_bzip2__instcount_plainmodel,15000,17349,0.8904,1.65,0.046793,[.00
A2C_25000_bzip2__instcount_plainmodel,15000,16635,0.9461,1.72,0.046263,[.00
A2C_25000_bzip2__instcount_plainmodel,15000,16634,0.9462,1.72,0.045695,[.00
A2C_25000_bzip2__instcount_plainmodel,15000,16314,0.9712,1.76,0.047008,[.00
A2C_25000_bzip2__instcount_plainmodel,15000,16663,0.9439,1.72,0.046287,[.00
A2C_25000_bzip2__instcount_plainmodel,15000,16171,0.9824,1.77,0.04666,[.00
A2C_25000_bzip2__instcount_plainmodel,15000,16217,0.9788,1.77,0.044327,[.00
A2C_25000_bzip2__instcount_plainmodel,15000,16614,0.9478,1.73,0.044772,[.00
A2C_25000_bzip2__instcount_plainmodel,15000,16528,0.9545,1.73,0.045826,[.00
A2C_25000_bzip2__instcount_plainmodel,15000,14074,1.1462,2.04,0.067806,[.00
A2C_25000_bzip2__instcount_plainmodel,15000,16256,0.9757,1.76,0.052949,[.00
A2C_25000_bzip2__instcount_plainmodel,15000,16206,0.9796,1.77,0.044303,[.00
A2C_25000_bzip2__instcount_plainmodel,15000,16223,0.9783,1.77,0.044363,[.00
A2C_25000_bzip2__instcount_plainmodel,15000,16511,0.9558,1.74,0.046126,[.00
A2C_25000_bzip2__instcount_plainmodel,15000,14061,1.1472,2.04,0.066883,[.00
A2C_25000_bzip2__instcount_plainmodel,15000,16509,0.9560,1.74,0.046892,[.00
A2C_25000_bzip2__instcount_plainmodel,15000,16622,0.9471,1.72,0.04696,[.00
A2C_25000_bzip2__instcount_plainmodel,15000,16523,0.9549,1.73,0.045507,[.00
A2C_25000_bzip2__instcount_plainmodel,15000,16522,0.9550,1.73,0.045819,[.00
A2C_25000_bzip2__instcount_plainmodel,15000,16213,0.9791,1.77,0.044281,[.00
A2C_25000_bzip2__instcount_plainmodel,15000,14723,1.0955,1.95,0.076888,[.00
A2C_25000_bzip2__instcount_plainmodel,15000,13679,1.1770,2.10,0.07939,[.00
A2C_25000_bzip2__instcount_plainmodel,15000,16655,0.9446,1.72,0.046514,[.00
A2C_25000_bzip2__instcount_plainmodel,15000,16216,0.9789,1.77,0.047407,[.00
A2C_25000_bzip2__instcount_plainmodel,15000,16210,0.9793,1.77,0.049525,[.00
A2C_25000_bzip2__instcount_plainmodel,15000,16172,0.9823,1.77,0.045469,[.00
A2C_25000_bzip2__instcount_plainmodel,15000,16618,0.9475,1.72,0.045984,[.00
A2C_25000_bzip2__instcount_plainmodel,15000,16213,0.9791,1.77,0.046064,[.00
A2C_25000_bzip2__instcount_plainmodel,15000,16175,0.9821,1.77,0.045327,[.00
A2C_25000_bzip2__instcount_plainmodel,15000,16645,0.9453,1.72,0.044893,[.00
A2C_25000_bzip2__instcount_plainmodel,15000,16522,0.9550,1.73,0.044995,[.00
A2C_25000_bzip2__instcount_plainmodel,15000,16849,0.9294,1.70,0.044623,[.00
A2C_25000_bzip2__instcount_plainmodel,15000,16171,0.9824,1.77,0.045712,[.00
A2C_25000_bzip2__instcount_plainmodel,15000,16528,0.9545,1.73,0.046349,[.00
A2C_25000_bzip2__instcount_plainmodel,15000,16227,0.9780,1.77,0.047328,[.00
A2C_25000_bzip2__instcount_plainmodel,15000,16245,0.9766,1.76,0.044231,[.00
A2C_25000_bzip2__instcount_plainmodel,15000,16218,0.9787,1.77,0.044836,[.00
A2C_25000_bzip2__instcount_plainmodel,15000,16340,0.9692,1.75,0.045857,[.00
A2C_25000_bzip2__instcount_plainmodel,15000,16241,0.9769,1.77,0.044823,[.00
A2C_25000_bzip2__instcount_plainmodel,15000,16635,0.9461,1.72,0.04586,[.00
A2C_25000_bzip2__instcount_plainmodel,15000,13380,1.2004,2.14,0.08642,[.00
A2C_25000_bzip2__instcount_plainmodel,15000,16521,0.9550,1.74,0.04726,[.00
A2C_25000_bzip2__instcount_plainmodel,15000,16539,0.9536,1.73,0.047828,[.00
A2C_25000_bzip2__instcount_plainmodel,15000,16318,0.9709,1.76,0.044658,[.00
A2C_25000_bzip2__instcount_plainmodel,15000,16354,0.9681,1.75,0.044597,[.00
A2C_25000_bzip2__instcount_plainmodel,15000,16250,0.9762,1.76,0.044768,[.00
A2C_25000_bzip2__instcount_plainmodel,15000,13883,1.1611,2.07,0.075563,[.00
A2C_25000_bzip2__instcount_plainmodel,15000,16188,0.9810,1.77,0.046786,[.00
A2C_25000_bzip2__instcount_plainmodel,15000,16396,0.9648,1.75,0.046754,[.00
A2C_25000_bzip2__instcount_plainmodel,15000,16331,0.9699,1.76,0.047106,[.00
A2C_25000_bzip2__instcount_plainmodel,15000,16243,0.9768,1.76,0.047145,[.00
A2C_25000_bzip2__instcount_plainmodel,15000,16529,0.9544,1.73,0.047158,[.00
A2C_25000_bzip2__instcount_plainmodel,15000,16186,0.9812,1.77,0.04546,[.00
A2C_25000_bzip2__instcount_plainmodel,15000,16189,0.9810,1.77,0.045838,[.00
A2C_25000_bzip2__instcount_plainmodel,15000,16206,0.9796,1.77,0.044526,[.00
A2C_25000_bzip2__instcount_plainmodel,15000,16206,0.9796,1.77,0.045738,[.00
A2C_25000_bzip2__instcount_plainmodel,16000,16558,0.9521,1.73,0.045327,[.00
A2C_25000_bzip2__instcount_plainmodel,16000,16547,0.9530,1.73,0.044684,[.00
A2C_25000_bzip2__instcount_plainmodel,16000,13379,1.2005,2.14,0.078616,[.00
A2C_25000_bzip2__instcount_plainmodel,16000,13466,1.1937,2.13,0.082398,[.00
A2C_25000_bzip2__instcount_plainmodel,16000,13679,1.1770,2.10,0.08152,[.00
A2C_25000_bzip2__instcount_plainmodel,16000,13690,1.1762,2.09,0.081745,[.00
A2C_25000_bzip2__instcount_plainmodel,16000,16709,0.9403,1.72,0.045739,[.00
A2C_25000_bzip2__instcount_plainmodel,16000,13418,1.1974,2.14,0.08103,[.00
A2C_25000_bzip2__instcount_plainmodel,16000,14111,1.1433,2.03,0.082546,[.00
A2C_25000_bzip2__instcount_plainmodel,16000,13834,1.1649,2.07,0.083545,[.00
A2C_25000_bzip2__instcount_plainmodel,16000,13485,1.1922,2.13,0.082331,[.00
A2C_25000_bzip2__instcount_plainmodel,16000,13543,1.1877,2.12,0.083716,[.00
A2C_25000_bzip2__instcount_plainmodel,16000,13466,1.1937,2.13,0.077514,[.00
A2C_25000_bzip2__instcount_plainmodel,16000,13534,1.1884,2.12,0.08573,[.00
A2C_25000_bzip2__instcount_plainmodel,16000,13818,1.1662,2.08,0.078769,[.00
A2C_25000_bzip2__instcount_plainmodel,16000,16566,0.9515,1.73,0.047653,[.00
A2C_25000_bzip2__instcount_plainmodel,16000,13712,1.1745,2.09,0.087358,[.00
A2C_25000_bzip2__instcount_plainmodel,16000,16600,0.9489,1.73,0.04541,[.00
A2C_25000_bzip2__instcount_plainmodel,16000,13528,1.1888,2.12,0.085582,[.00
A2C_25000_bzip2__instcount_plainmodel,16000,16620,0.9473,1.72,0.04472,[.00
A2C_25000_bzip2__instcount_plainmodel,16000,13536,1.1882,2.12,0.083254,[.00
A2C_25000_bzip2__instcount_plainmodel,16000,16565,0.9516,1.73,0.051566,[.00
A2C_25000_bzip2__instcount_plainmodel,16000,16397,0.9647,1.75,0.04601,[.00
A2C_25000_bzip2__instcount_plainmodel,16000,13673,1.1775,2.10,0.078516,[.00
A2C_25000_bzip2__instcount_plainmodel,16000,16622,0.9471,1.72,0.045339,[.00
A2C_25000_bzip2__instcount_plainmodel,16000,13529,1.1887,2.12,0.08213,[.00
A2C_25000_bzip2__instcount_plainmodel,16000,13378,1.2005,2.14,0.081953,[.00
A2C_25000_bzip2__instcount_plainmodel,16000,13664,1.1782,2.10,0.079447,[.00
A2C_25000_bzip2__instcount_plainmodel,16000,16519,0.9552,1.74,0.044957,[.00
A2C_25000_bzip2__instcount_plainmodel,16000,13403,1.1986,2.14,0.086007,[.00
A2C_25000_bzip2__instcount_plainmodel,16000,13813,1.1666,2.08,0.083182,[.00
A2C_25000_bzip2__instcount_plainmodel,16000,13524,1.1891,2.12,0.080943,[.00
A2C_25000_bzip2__instcount_plainmodel,16000,13655,1.1789,2.10,0.085273,[.00
A2C_25000_bzip2__instcount_plainmodel,16000,14084,1.1454,2.04,0.088631,[.00
A2C_25000_bzip2__instcount_plainmodel,16000,13420,1.1973,2.14,0.077999,[.00
A2C_25000_bzip2__instcount_plainmodel,16000,16442,0.9612,1.74,0.047295,[.00
A2C_25000_bzip2__instcount_plainmodel,16000,16223,0.9783,1.77,0.044855,[.00
A2C_25000_bzip2__instcount_plainmodel,16000,16549,0.9528,1.73,0.046146,[.00
A2C_25000_bzip2__instcount_plainmodel,16000,16321,0.9707,1.76,0.046465,[.00
A2C_25000_bzip2__instcount_plainmodel,16000,13745,1.1719,2.09,0.078616,[.00
A2C_25000_bzip2__instcount_plainmodel,16000,13539,1.1880,2.12,0.082516,[.00
A2C_25000_bzip2__instcount_plainmodel,16000,16216,0.9789,1.77,0.047425,[.00
A2C_25000_bzip2__instcount_plainmodel,16000,13516,1.1898,2.12,0.083347,[.00
A2C_25000_bzip2__instcount_plainmodel,16000,13529,1.1887,2.12,0.085354,[.00
A2C_25000_bzip2__instcount_plainmodel,16000,13486,1.1921,2.13,0.082059,[.00
A2C_25000_bzip2__instcount_plainmodel,16000,16622,0.9471,1.72,0.044531,[.00
A2C_25000_bzip2__instcount_plainmodel,16000,16672,0.9432,1.72,0.045119,[.00
A2C_25000_bzip2__instcount_plainmodel,16000,16255,0.9758,1.76,0.045802,[.00
A2C_25000_bzip2__instcount_plainmodel,16000,13746,1.1718,2.09,0.080806,[.00
A2C_25000_bzip2__instcount_plainmodel,16000,13523,1.1892,2.12,0.081807,[.00
A2C_25000_bzip2__instcount_plainmodel,16000,13669,1.1778,2.10,0.08053,[.00
A2C_25000_bzip2__instcount_plainmodel,16000,16548,0.9529,1.73,0.049862,[.00
A2C_25000_bzip2__instcount_plainmodel,16000,16260,0.9754,1.76,0.044955,[.00
A2C_25000_bzip2__instcount_plainmodel,16000,13349,1.2028,2.15,0.081099,[.00
A2C_25000_bzip2__instcount_plainmodel,16000,13595,1.1836,2.11,0.081596,[.00
A2C_25000_bzip2__instcount_plainmodel,16000,13707,1.1748,2.09,0.088965,[.00
A2C_25000_bzip2__instcount_plainmodel,16000,13737,1.1725,2.09,0.083317,[.00
A2C_25000_bzip2__instcount_plainmodel,16000,13432,1.1963,2.14,0.081079,[.00
A2C_25000_bzip2__instcount_plainmodel,16000,16365,0.9672,1.75,0.045137,[.00
A2C_25000_bzip2__instcount_plainmodel,16000,13532,1.1885,2.12,0.083333,[.00
A2C_25000_bzip2__instcount_plainmodel,16000,14072,1.1463,2.04,0.071134,[.00
A2C_25000_bzip2__instcount_plainmodel,16000,16728,0.9389,1.71,0.046744,[.00
A2C_25000_bzip2__instcount_plainmodel,16000,13536,1.1882,2.12,0.081422,[.00
A2C_25000_bzip2__instcount_plainmodel,16000,13536,1.1882,2.12,0.087026,[.00
A2C_25000_bzip2__instcount_plainmodel,16000,16519,0.9552,1.74,0.045207,[.00
A2C_25000_bzip2__instcount_plainmodel,16000,14038,1.1490,2.04,0.098502,[.00
A2C_25000_bzip2__instcount_plainmodel,16000,13749,1.1716,2.09,0.084943,[.00
A2C_25000_bzip2__instcount_plainmodel,16000,13635,1.1805,2.10,0.082022,[.00
A2C_25000_bzip2__instcount_plainmodel,16000,13826,1.1655,2.07,0.084337,[.00
A2C_25000_bzip2__instcount_plainmodel,16000,13730,1.1730,2.09,0.084958,[.00
A2C_25000_bzip2__instcount_plainmodel,16000,13764,1.1704,2.08,0.088693,[.00
A2C_25000_bzip2__instcount_plainmodel,16000,16253,0.9760,1.76,0.045587,[.00
A2C_25000_bzip2__instcount_plainmodel,16000,16278,0.9740,1.76,0.04658,[.00
A2C_25000_bzip2__instcount_plainmodel,16000,13857,1.1631,2.07,0.081618,[.00
A2C_25000_bzip2__instcount_plainmodel,16000,16566,0.9515,1.73,0.045318,[.00
A2C_25000_bzip2__instcount_plainmodel,16000,16251,0.9761,1.76,0.046604,[.00
A2C_25000_bzip2__instcount_plainmodel,16000,13558,1.1865,2.12,0.085263,[.00
A2C_25000_bzip2__instcount_plainmodel,16000,13537,1.1881,2.12,0.087379,[.00
A2C_25000_bzip2__instcount_plainmodel,16000,13537,1.1881,2.12,0.083715,[.00
A2C_25000_bzip2__instcount_plainmodel,16000,13664,1.1782,2.10,0.083343,[.00
A2C_25000_bzip2__instcount_plainmodel,16000,13467,1.1936,2.13,0.08288,[.00
A2C_25000_bzip2__instcount_plainmodel,16000,13469,1.1934,2.13,0.077885,[.00
A2C_25000_bzip2__instcount_plainmodel,16000,13521,1.1894,2.12,0.083994,[.00
A2C_25000_bzip2__instcount_plainmodel,16000,13530,1.1887,2.12,0.085864,[.00
A2C_25000_bzip2__instcount_plainmodel,16000,16672,0.9432,1.72,0.046387,[.00
A2C_25000_bzip2__instcount_plainmodel,16000,13736,1.1726,2.09,0.085178,[.00
A2C_25000_bzip2__instcount_plainmodel,16000,13723,1.1736,2.09,0.088438,[.00
A2C_25000_bzip2__instcount_plainmodel,16000,13622,1.1815,2.11,0.086166,[.00
A2C_25000_bzip2__instcount_plainmodel,16000,16186,0.9812,1.77,0.047142,[.00
A2C_25000_bzip2__instcount_plainmodel,16000,13735,1.1727,2.09,0.082305,[.00
A2C_25000_bzip2__instcount_plainmodel,16000,13839,1.1645,2.07,0.086695,[.00
A2C_25000_bzip2__instcount_plainmodel,16000,13717,1.1741,2.09,0.085898,[.00
A2C_25000_bzip2__instcount_plainmodel,16000,13706,1.1749,2.09,0.078842,[.00
A2C_25000_bzip2__instcount_plainmodel,16000,16299,0.9724,1.76,0.047057,[.00
A2C_25000_bzip2__instcount_plainmodel,16000,13386,1.1999,2.14,0.085158,[.00
A2C_25000_bzip2__instcount_plainmodel,16000,13724,1.1735,2.09,0.090633,[.00
A2C_25000_bzip2__instcount_plainmodel,16000,13472,1.1932,2.13,0.077807,[.00
A2C_25000_bzip2__instcount_plainmodel,16000,16282,0.9737,1.76,0.045016,[.00
A2C_25000_bzip2__instcount_plainmodel,16000,13515,1.1898,2.12,0.087579,[.00
A2C_25000_bzip2__instcount_plainmodel,16000,13529,1.1887,2.12,0.083397,[.00
A2C_25000_bzip2__instcount_plainmodel,17000,16331,0.9699,1.76,0.046184,[.00
A2C_25000_bzip2__instcount_plainmodel,17000,16633,0.9463,1.72,0.044935,[.00
A2C_25000_bzip2__instcount_plainmodel,17000,16530,0.9543,1.73,0.04515,[.00
A2C_25000_bzip2__instcount_plainmodel,17000,16566,0.9515,1.73,0.045257,[.00
A2C_25000_bzip2__instcount_plainmodel,17000,16537,0.9538,1.73,0.04501,[.00
A2C_25000_bzip2__instcount_plainmodel,17000,16711,0.9402,1.72,0.04673,[.00
A2C_25000_bzip2__instcount_plainmodel,17000,16645,0.9453,1.72,0.044627,[.00
A2C_25000_bzip2__instcount_plainmodel,17000,14088,1.1451,2.04,0.070094,[.00
A2C_25000_bzip2__instcount_plainmodel,17000,13450,1.1949,2.13,0.084044,[.00
A2C_25000_bzip2__instcount_plainmodel,17000,16388,0.9654,1.75,0.047087,[.00
A2C_25000_bzip2__instcount_plainmodel,17000,13836,1.1648,2.07,0.085119,[.00
A2C_25000_bzip2__instcount_plainmodel,17000,16566,0.9515,1.73,0.046079,[.00
A2C_25000_bzip2__instcount_plainmodel,17000,16218,0.9787,1.77,0.045485,[.00
A2C_25000_bzip2__instcount_plainmodel,17000,16628,0.9467,1.72,0.046927,[.00
A2C_25000_bzip2__instcount_plainmodel,17000,16213,0.9791,1.77,0.046738,[.00
A2C_25000_bzip2__instcount_plainmodel,17000,16289,0.9732,1.76,0.046429,[.00
A2C_25000_bzip2__instcount_plainmodel,17000,16213,0.9791,1.77,0.045062,[.00
A2C_25000_bzip2__instcount_plainmodel,17000,16560,0.9520,1.73,0.047191,[.00
A2C_25000_bzip2__instcount_plainmodel,17000,13673,1.1775,2.10,0.083316,[.00
A2C_25000_bzip2__instcount_plainmodel,17000,16319,0.9708,1.76,0.044239,[.00
A2C_25000_bzip2__instcount_plainmodel,17000,16168,0.9826,1.77,0.045508,[.00
A2C_25000_bzip2__instcount_plainmodel,17000,16263,0.9752,1.76,0.04555,[.00
A2C_25000_bzip2__instcount_plainmodel,17000,16672,0.9432,1.72,0.044884,[.00
A2C_25000_bzip2__instcount_plainmodel,17000,16183,0.9814,1.77,0.050617,[.00
A2C_25000_bzip2__instcount_plainmodel,17000,16522,0.9550,1.73,0.045449,[.00
A2C_25000_bzip2__instcount_plainmodel,17000,16216,0.9789,1.77,0.047126,[.00
A2C_25000_bzip2__instcount_plainmodel,17000,16657,0.9444,1.72,0.053785,[.00
A2C_25000_bzip2__instcount_plainmodel,17000,16539,0.9536,1.73,0.046717,[.00
A2C_25000_bzip2__instcount_plainmodel,17000,16602,0.9487,1.73,0.046453,[.00
A2C_25000_bzip2__instcount_plainmodel,17000,16281,0.9738,1.76,0.045444,[.00
A2C_25000_bzip2__instcount_plainmodel,17000,16246,0.9765,1.76,0.045349,[.00
A2C_25000_bzip2__instcount_plainmodel,17000,16256,0.9757,1.76,0.04619,[.00
A2C_25000_bzip2__instcount_plainmodel,17000,16319,0.9708,1.76,0.045556,[.00
A2C_25000_bzip2__instcount_plainmodel,17000,16522,0.9550,1.73,0.044986,[.00
A2C_25000_bzip2__instcount_plainmodel,17000,16216,0.9789,1.77,0.04558,[.00
A2C_25000_bzip2__instcount_plainmodel,17000,16223,0.9783,1.77,0.046747,[.00
A2C_25000_bzip2__instcount_plainmodel,17000,16203,0.9799,1.77,0.045074,[.00
A2C_25000_bzip2__instcount_plainmodel,17000,16512,0.9557,1.74,0.044696,[.00
A2C_25000_bzip2__instcount_plainmodel,17000,16331,0.9699,1.76,0.045293,[.00
A2C_25000_bzip2__instcount_plainmodel,17000,13798,1.1677,2.08,0.082969,[.00
A2C_25000_bzip2__instcount_plainmodel,17000,16203,0.9799,1.77,0.047276,[.00
A2C_25000_bzip2__instcount_plainmodel,17000,16539,0.9536,1.73,0.047077,[.00
A2C_25000_bzip2__instcount_plainmodel,17000,16209,0.9794,1.77,0.049427,[.00
A2C_25000_bzip2__instcount_plainmodel,17000,16655,0.9446,1.72,0.046653,[.00
A2C_25000_bzip2__instcount_plainmodel,17000,16645,0.9453,1.72,0.047265,[.00
A2C_25000_bzip2__instcount_plainmodel,17000,16278,0.9740,1.76,0.044469,[.00
A2C_25000_bzip2__instcount_plainmodel,17000,16173,0.9822,1.77,0.045982,[.00
A2C_25000_bzip2__instcount_plainmodel,17000,16319,0.9708,1.76,0.045966,[.00
A2C_25000_bzip2__instcount_plainmodel,17000,16212,0.9792,1.77,0.045125,[.00
A2C_25000_bzip2__instcount_plainmodel,17000,16385,0.9657,1.75,0.044685,[.00
A2C_25000_bzip2__instcount_plainmodel,17000,16216,0.9789,1.77,0.046065,[.00
A2C_25000_bzip2__instcount_plainmodel,17000,16297,0.9725,1.76,0.045738,[.00
A2C_25000_bzip2__instcount_plainmodel,17000,16672,0.9432,1.72,0.046459,[.00
A2C_25000_bzip2__instcount_plainmodel,17000,16180,0.9817,1.77,0.045785,[.00
A2C_25000_bzip2__instcount_plainmodel,17000,16711,0.9402,1.72,0.045529,[.00
A2C_25000_bzip2__instcount_plainmodel,17000,16711,0.9402,1.72,0.044918,[.00
A2C_25000_bzip2__instcount_plainmodel,17000,16201,0.9800,1.77,0.047381,[.00
A2C_25000_bzip2__instcount_plainmodel,17000,16261,0.9753,1.76,0.046161,[.00
A2C_25000_bzip2__instcount_plainmodel,17000,16196,0.9804,1.77,0.045467,[.00
A2C_25000_bzip2__instcount_plainmodel,17000,16215,0.9789,1.77,0.044797,[.00
A2C_25000_bzip2__instcount_plainmodel,17000,16319,0.9708,1.76,0.047362,[.00
A2C_25000_bzip2__instcount_plainmodel,17000,16645,0.9453,1.72,0.04552,[.00
A2C_25000_bzip2__instcount_plainmodel,17000,16188,0.9810,1.77,0.045346,[.00
A2C_25000_bzip2__instcount_plainmodel,17000,16711,0.9402,1.72,0.045204,[.00
A2C_25000_bzip2__instcount_plainmodel,17000,16277,0.9741,1.76,0.046992,[.00
A2C_25000_bzip2__instcount_plainmodel,17000,16655,0.9446,1.72,0.04483,[.00
A2C_25000_bzip2__instcount_plainmodel,17000,16206,0.9796,1.77,0.045898,[.00
A2C_25000_bzip2__instcount_plainmodel,17000,16222,0.9784,1.77,0.045721,[.00
A2C_25000_bzip2__instcount_plainmodel,17000,16719,0.9396,1.71,0.047262,[.00
A2C_25000_bzip2__instcount_plainmodel,17000,16228,0.9779,1.77,0.045118,[.00
A2C_25000_bzip2__instcount_plainmodel,17000,16256,0.9757,1.76,0.046734,[.00
A2C_25000_bzip2__instcount_plainmodel,17000,16204,0.9798,1.77,0.044812,[.00
A2C_25000_bzip2__instcount_plainmodel,17000,16628,0.9467,1.72,0.046429,[.00
A2C_25000_bzip2__instcount_plainmodel,17000,16324,0.9704,1.76,0.045524,[.00
A2C_25000_bzip2__instcount_plainmodel,17000,16672,0.9432,1.72,0.045202,[.00
A2C_25000_bzip2__instcount_plainmodel,17000,13792,1.1682,2.08,0.083045,[.00
A2C_25000_bzip2__instcount_plainmodel,17000,16539,0.9536,1.73,0.047514,[.00
A2C_25000_bzip2__instcount_plainmodel,17000,16223,0.9783,1.77,0.045358,[.00
A2C_25000_bzip2__instcount_plainmodel,17000,16645,0.9453,1.72,0.044969,[.00
A2C_25000_bzip2__instcount_plainmodel,17000,16384,0.9657,1.75,0.045169,[.00
A2C_25000_bzip2__instcount_plainmodel,17000,16208,0.9795,1.77,0.044859,[.00
A2C_25000_bzip2__instcount_plainmodel,17000,16277,0.9741,1.76,0.044399,[.00
A2C_25000_bzip2__instcount_plainmodel,17000,13745,1.1719,2.09,0.082656,[.00
A2C_25000_bzip2__instcount_plainmodel,17000,16213,0.9791,1.77,0.043889,[.00
A2C_25000_bzip2__instcount_plainmodel,17000,16519,0.9552,1.74,0.045711,[.00
A2C_25000_bzip2__instcount_plainmodel,17000,16283,0.9736,1.76,0.0479,[.00
A2C_25000_bzip2__instcount_plainmodel,17000,16220,0.9785,1.77,0.045644,[.00
A2C_25000_bzip2__instcount_plainmodel,17000,16179,0.9817,1.77,0.047487,[.00
A2C_25000_bzip2__instcount_plainmodel,17000,16622,0.9471,1.72,0.046008,[.00
A2C_25000_bzip2__instcount_plainmodel,17000,16183,0.9814,1.77,0.046809,[.00
A2C_25000_bzip2__instcount_plainmodel,17000,16539,0.9536,1.73,0.045022,[.00
A2C_25000_bzip2__instcount_plainmodel,17000,16247,0.9764,1.76,0.045904,[.00
A2C_25000_bzip2__instcount_plainmodel,17000,16206,0.9796,1.77,0.045037,[.00
A2C_25000_bzip2__instcount_plainmodel,17000,16628,0.9467,1.72,0.046845,[.00
A2C_25000_bzip2__instcount_plainmodel,17000,16277,0.9741,1.76,0.046688,[.00
A2C_25000_bzip2__instcount_plainmodel,17000,16672,0.9432,1.72,0.044216,[.00
A2C_25000_bzip2__instcount_plainmodel,17000,16319,0.9708,1.76,0.044788,[.00
A2C_25000_bzip2__instcount_plainmodel,17000,16522,0.9550,1.73,0.047134,[.00
A2C_25000_bzip2__instcount_plainmodel,17000,16566,0.9515,1.73,0.059263,[.00
A2C_25000_bzip2__instcount_plainmodel,17000,16390,0.9653,1.75,0.043897,[.00
A2C_25000_bzip2__instcount_plainmodel,18000,16324,0.9704,1.76,0.047635,[.00
A2C_25000_bzip2__instcount_plainmodel,18000,16635,0.9461,1.72,0.050437,[.00
A2C_25000_bzip2__instcount_plainmodel,18000,16338,0.9693,1.75,0.047504,[.00
A2C_25000_bzip2__instcount_plainmodel,18000,16710,0.9403,1.72,0.044478,[.00
A2C_25000_bzip2__instcount_plainmodel,18000,16331,0.9699,1.76,0.047252,[.00
A2C_25000_bzip2__instcount_plainmodel,18000,16636,0.9461,1.72,0.047379,[.00
A2C_25000_bzip2__instcount_plainmodel,18000,16386,0.9656,1.75,0.046766,[.00
A2C_25000_bzip2__instcount_plainmodel,18000,16655,0.9446,1.72,0.044696,[.00
A2C_25000_bzip2__instcount_plainmodel,18000,16728,0.9389,1.71,0.049073,[.00
A2C_25000_bzip2__instcount_plainmodel,18000,16641,0.9457,1.72,0.048987,[.00
A2C_25000_bzip2__instcount_plainmodel,18000,16304,0.9720,1.76,0.045463,[.00
A2C_25000_bzip2__instcount_plainmodel,18000,16711,0.9402,1.72,0.045505,[.00
A2C_25000_bzip2__instcount_plainmodel,18000,16331,0.9699,1.76,0.046541,[.00
A2C_25000_bzip2__instcount_plainmodel,18000,16281,0.9738,1.76,0.045627,[.00
A2C_25000_bzip2__instcount_plainmodel,18000,16324,0.9704,1.76,0.044474,[.00
A2C_25000_bzip2__instcount_plainmodel,18000,16196,0.9804,1.77,0.048407,[.00
A2C_25000_bzip2__instcount_plainmodel,18000,16304,0.9720,1.76,0.044393,[.00
A2C_25000_bzip2__instcount_plainmodel,18000,16203,0.9799,1.77,0.045492,[.00
A2C_25000_bzip2__instcount_plainmodel,18000,16628,0.9467,1.72,0.044167,[.00
A2C_25000_bzip2__instcount_plainmodel,18000,16216,0.9789,1.77,0.044959,[.00
A2C_25000_bzip2__instcount_plainmodel,18000,16519,0.9552,1.74,0.046975,[.00
A2C_25000_bzip2__instcount_plainmodel,18000,16324,0.9704,1.76,0.046185,[.00
A2C_25000_bzip2__instcount_plainmodel,18000,16331,0.9699,1.76,0.044905,[.00
A2C_25000_bzip2__instcount_plainmodel,18000,16371,0.9668,1.75,0.045917,[.00
A2C_25000_bzip2__instcount_plainmodel,18000,16206,0.9796,1.77,0.045834,[.00
A2C_25000_bzip2__instcount_plainmodel,18000,16354,0.9681,1.75,0.044456,[.00
A2C_25000_bzip2__instcount_plainmodel,18000,16331,0.9699,1.76,0.046322,[.00
A2C_25000_bzip2__instcount_plainmodel,18000,16331,0.9699,1.76,0.045514,[.00
A2C_25000_bzip2__instcount_plainmodel,18000,16628,0.9467,1.72,0.046769,[.00
A2C_25000_bzip2__instcount_plainmodel,18000,16392,0.9651,1.75,0.045976,[.00
A2C_25000_bzip2__instcount_plainmodel,18000,16331,0.9699,1.76,0.044629,[.00
A2C_25000_bzip2__instcount_plainmodel,18000,16655,0.9446,1.72,0.045454,[.00
A2C_25000_bzip2__instcount_plainmodel,18000,16512,0.9557,1.74,0.046929,[.00
A2C_25000_bzip2__instcount_plainmodel,18000,16645,0.9453,1.72,0.046722,[.00
A2C_25000_bzip2__instcount_plainmodel,18000,16624,0.9470,1.72,0.045181,[.00
A2C_25000_bzip2__instcount_plainmodel,18000,16254,0.9759,1.76,0.045373,[.00
A2C_25000_bzip2__instcount_plainmodel,18000,16364,0.9673,1.75,0.045995,[.00
A2C_25000_bzip2__instcount_plainmodel,18000,16279,0.9739,1.76,0.044191,[.00
A2C_25000_bzip2__instcount_plainmodel,18000,16206,0.9796,1.77,0.04444,[.00
A2C_25000_bzip2__instcount_plainmodel,18000,16321,0.9707,1.76,0.045718,[.00
A2C_25000_bzip2__instcount_plainmodel,18000,16291,0.9730,1.76,0.044912,[.00
A2C_25000_bzip2__instcount_plainmodel,18000,16522,0.9550,1.73,0.045067,[.00
A2C_25000_bzip2__instcount_plainmodel,18000,16618,0.9475,1.72,0.045874,[.00
A2C_25000_bzip2__instcount_plainmodel,18000,16512,0.9557,1.74,0.046644,[.00
A2C_25000_bzip2__instcount_plainmodel,18000,16709,0.9403,1.72,0.045509,[.00
A2C_25000_bzip2__instcount_plainmodel,18000,16324,0.9704,1.76,0.044244,[.00
A2C_25000_bzip2__instcount_plainmodel,18000,16385,0.9657,1.75,0.044744,[.00
A2C_25000_bzip2__instcount_plainmodel,18000,16626,0.9468,1.72,0.04478,[.00
A2C_25000_bzip2__instcount_plainmodel,18000,16655,0.9446,1.72,0.044272,[.00
A2C_25000_bzip2__instcount_plainmodel,18000,13773,1.1697,2.08,0.081603,[.00
A2C_25000_bzip2__instcount_plainmodel,18000,16319,0.9708,1.76,0.047676,[.00
A2C_25000_bzip2__instcount_plainmodel,18000,16628,0.9467,1.72,0.046736,[.00
A2C_25000_bzip2__instcount_plainmodel,18000,16566,0.9515,1.73,0.046698,[.00
A2C_25000_bzip2__instcount_plainmodel,18000,16223,0.9783,1.77,0.046724,[.00
A2C_25000_bzip2__instcount_plainmodel,18000,16282,0.9737,1.76,0.04475,[.00
A2C_25000_bzip2__instcount_plainmodel,18000,16324,0.9704,1.76,0.04655,[.00
A2C_25000_bzip2__instcount_plainmodel,18000,16216,0.9789,1.77,0.046234,[.00
A2C_25000_bzip2__instcount_plainmodel,18000,16628,0.9467,1.72,0.044505,[.00
A2C_25000_bzip2__instcount_plainmodel,18000,16369,0.9669,1.75,0.045455,[.00
A2C_25000_bzip2__instcount_plainmodel,18000,16364,0.9673,1.75,0.044304,[.00
A2C_25000_bzip2__instcount_plainmodel,18000,16247,0.9764,1.76,0.046918,[.00
A2C_25000_bzip2__instcount_plainmodel,18000,16645,0.9453,1.72,0.045406,[.00
A2C_25000_bzip2__instcount_plainmodel,18000,16391,0.9652,1.75,0.047645,[.00
A2C_25000_bzip2__instcount_plainmodel,18000,16324,0.9704,1.76,0.046307,[.00
A2C_25000_bzip2__instcount_plainmodel,18000,16628,0.9467,1.72,0.044146,[.00
A2C_25000_bzip2__instcount_plainmodel,18000,16655,0.9446,1.72,0.046339,[.00
A2C_25000_bzip2__instcount_plainmodel,18000,16319,0.9708,1.76,0.047537,[.00
A2C_25000_bzip2__instcount_plainmodel,18000,16312,0.9714,1.76,0.04711,[.00
A2C_25000_bzip2__instcount_plainmodel,18000,16289,0.9732,1.76,0.045618,[.00
A2C_25000_bzip2__instcount_plainmodel,18000,16324,0.9704,1.76,0.044954,[.00
A2C_25000_bzip2__instcount_plainmodel,18000,16218,0.9787,1.77,0.047372,[.00
A2C_25000_bzip2__instcount_plainmodel,18000,16183,0.9814,1.77,0.04575,[.00
A2C_25000_bzip2__instcount_plainmodel,18000,16655,0.9446,1.72,0.047119,[.00
A2C_25000_bzip2__instcount_plainmodel,18000,16314,0.9712,1.76,0.046757,[.00
A2C_25000_bzip2__instcount_plainmodel,18000,16371,0.9668,1.75,0.044589,[.00
A2C_25000_bzip2__instcount_plainmodel,18000,16628,0.9467,1.72,0.059372,[.00
A2C_25000_bzip2__instcount_plainmodel,18000,16655,0.9446,1.72,0.045566,[.00
A2C_25000_bzip2__instcount_plainmodel,18000,16727,0.9389,1.71,0.044399,[.00
A2C_25000_bzip2__instcount_plainmodel,18000,16529,0.9544,1.73,0.047772,[.00
A2C_25000_bzip2__instcount_plainmodel,18000,16529,0.9544,1.73,0.046223,[.00
A2C_25000_bzip2__instcount_plainmodel,18000,16521,0.9550,1.74,0.047223,[.00
A2C_25000_bzip2__instcount_plainmodel,18000,16331,0.9699,1.76,0.046887,[.00
A2C_25000_bzip2__instcount_plainmodel,18000,16331,0.9699,1.76,0.046902,[.00
A2C_25000_bzip2__instcount_plainmodel,18000,16618,0.9475,1.72,0.047914,[.00
A2C_25000_bzip2__instcount_plainmodel,18000,16397,0.9647,1.75,0.046561,[.00
A2C_25000_bzip2__instcount_plainmodel,18000,16655,0.9446,1.72,0.045767,[.00
A2C_25000_bzip2__instcount_plainmodel,18000,16566,0.9515,1.73,0.045985,[.00
A2C_25000_bzip2__instcount_plainmodel,18000,16397,0.9647,1.75,0.046061,[.00
A2C_25000_bzip2__instcount_plainmodel,18000,16256,0.9757,1.76,0.046193,[.00
A2C_25000_bzip2__instcount_plainmodel,18000,16711,0.9402,1.72,0.045276,[.00
A2C_25000_bzip2__instcount_plainmodel,18000,16361,0.9675,1.75,0.047245,[.00
A2C_25000_bzip2__instcount_plainmodel,18000,16522,0.9550,1.73,0.044852,[.00
A2C_25000_bzip2__instcount_plainmodel,18000,16324,0.9704,1.76,0.047678,[.00
A2C_25000_bzip2__instcount_plainmodel,18000,16529,0.9544,1.73,0.047622,[.00
A2C_25000_bzip2__instcount_plainmodel,18000,16628,0.9467,1.72,0.046761,[.00
A2C_25000_bzip2__instcount_plainmodel,18000,16645,0.9453,1.72,0.045015,[.00
A2C_25000_bzip2__instcount_plainmodel,18000,16331,0.9699,1.76,0.047031,[.00
A2C_25000_bzip2__instcount_plainmodel,18000,16229,0.9778,1.77,0.046556,[.00
A2C_25000_bzip2__instcount_plainmodel,18000,16321,0.9707,1.76,0.047045,[.00
A2C_25000_bzip2__instcount_plainmodel,18000,16362,0.9675,1.75,0.046381,[.00
A2C_25000_bzip2__instcount_plainmodel,19000,16650,0.9450,1.72,0.046606,[.00
A2C_25000_bzip2__instcount_plainmodel,19000,16522,0.9550,1.73,0.046243,[.00
A2C_25000_bzip2__instcount_plainmodel,19000,16644,0.9454,1.72,0.044343,[.00
A2C_25000_bzip2__instcount_plainmodel,19000,16288,0.9732,1.76,0.044761,[.00
A2C_25000_bzip2__instcount_plainmodel,19000,16364,0.9673,1.75,0.044761,[.00
A2C_25000_bzip2__instcount_plainmodel,19000,16645,0.9453,1.72,0.044943,[.00
A2C_25000_bzip2__instcount_plainmodel,19000,16628,0.9467,1.72,0.046139,[.00
A2C_25000_bzip2__instcount_plainmodel,19000,16331,0.9699,1.76,0.044969,[.00
A2C_25000_bzip2__instcount_plainmodel,19000,16391,0.9652,1.75,0.044618,[.00
A2C_25000_bzip2__instcount_plainmodel,19000,16672,0.9432,1.72,0.044866,[.00
A2C_25000_bzip2__instcount_plainmodel,19000,16361,0.9675,1.75,0.044707,[.00
A2C_25000_bzip2__instcount_plainmodel,19000,16628,0.9467,1.72,0.045947,[.00
A2C_25000_bzip2__instcount_plainmodel,19000,16672,0.9432,1.72,0.051652,[.00
A2C_25000_bzip2__instcount_plainmodel,19000,16364,0.9673,1.75,0.044271,[.00
A2C_25000_bzip2__instcount_plainmodel,19000,16522,0.9550,1.73,0.045449,[.00
A2C_25000_bzip2__instcount_plainmodel,19000,16321,0.9707,1.76,0.046103,[.00
A2C_25000_bzip2__instcount_plainmodel,19000,16321,0.9707,1.76,0.046371,[.00
A2C_25000_bzip2__instcount_plainmodel,19000,16628,0.9467,1.72,0.047964,[.00
A2C_25000_bzip2__instcount_plainmodel,19000,16728,0.9389,1.71,0.047189,[.00
A2C_25000_bzip2__instcount_plainmodel,19000,16635,0.9461,1.72,0.047682,[.00
A2C_25000_bzip2__instcount_plainmodel,19000,16284,0.9735,1.76,0.043802,[.00
A2C_25000_bzip2__instcount_plainmodel,19000,16628,0.9467,1.72,0.045675,[.00
A2C_25000_bzip2__instcount_plainmodel,19000,16324,0.9704,1.76,0.047015,[.00
A2C_25000_bzip2__instcount_plainmodel,19000,16242,0.9768,1.76,0.048317,[.00
A2C_25000_bzip2__instcount_plainmodel,19000,16265,0.9750,1.76,0.046262,[.00
A2C_25000_bzip2__instcount_plainmodel,19000,16635,0.9461,1.72,0.046582,[.00
A2C_25000_bzip2__instcount_plainmodel,19000,16291,0.9730,1.76,0.044337,[.00
A2C_25000_bzip2__instcount_plainmodel,19000,13640,1.1801,2.10,0.082522,[.00
A2C_25000_bzip2__instcount_plainmodel,19000,16663,0.9439,1.72,0.046571,[.00
A2C_25000_bzip2__instcount_plainmodel,19000,16384,0.9657,1.75,0.046754,[.00
A2C_25000_bzip2__instcount_plainmodel,19000,16263,0.9752,1.76,0.044968,[.00
A2C_25000_bzip2__instcount_plainmodel,19000,16331,0.9699,1.76,0.046722,[.00
A2C_25000_bzip2__instcount_plainmodel,19000,16628,0.9467,1.72,0.04401,[.00
A2C_25000_bzip2__instcount_plainmodel,19000,16711,0.9402,1.72,0.047507,[.00
A2C_25000_bzip2__instcount_plainmodel,19000,16655,0.9446,1.72,0.046247,[.00
A2C_25000_bzip2__instcount_plainmodel,19000,16227,0.9780,1.77,0.047093,[.00
A2C_25000_bzip2__instcount_plainmodel,19000,16304,0.9720,1.76,0.043939,[.00
A2C_25000_bzip2__instcount_plainmodel,19000,16711,0.9402,1.72,0.050174,[.00
A2C_25000_bzip2__instcount_plainmodel,19000,16298,0.9725,1.76,0.046849,[.00
A2C_25000_bzip2__instcount_plainmodel,19000,16331,0.9699,1.76,0.046882,[.00
A2C_25000_bzip2__instcount_plainmodel,19000,16216,0.9789,1.77,0.045805,[.00
A2C_25000_bzip2__instcount_plainmodel,19000,16650,0.9450,1.72,0.046765,[.00
A2C_25000_bzip2__instcount_plainmodel,19000,16672,0.9432,1.72,0.046771,[.00
A2C_25000_bzip2__instcount_plainmodel,19000,16331,0.9699,1.76,0.046932,[.00
A2C_25000_bzip2__instcount_plainmodel,19000,16361,0.9675,1.75,0.045422,[.00
A2C_25000_bzip2__instcount_plainmodel,19000,16618,0.9475,1.72,0.047119,[.00
A2C_25000_bzip2__instcount_plainmodel,19000,16672,0.9432,1.72,0.044763,[.00
A2C_25000_bzip2__instcount_plainmodel,19000,16667,0.9436,1.72,0.047145,[.00
A2C_25000_bzip2__instcount_plainmodel,19000,16561,0.9519,1.73,0.045667,[.00
A2C_25000_bzip2__instcount_plainmodel,19000,16655,0.9446,1.72,0.044851,[.00
A2C_25000_bzip2__instcount_plainmodel,19000,16671,0.9433,1.72,0.045411,[.00
A2C_25000_bzip2__instcount_plainmodel,19000,16650,0.9450,1.72,0.046717,[.00
A2C_25000_bzip2__instcount_plainmodel,19000,16312,0.9714,1.76,0.045284,[.00
A2C_25000_bzip2__instcount_plainmodel,19000,16672,0.9432,1.72,0.047468,[.00
A2C_25000_bzip2__instcount_plainmodel,19000,16397,0.9647,1.75,0.045302,[.00
A2C_25000_bzip2__instcount_plainmodel,19000,16390,0.9653,1.75,0.050711,[.00
A2C_25000_bzip2__instcount_plainmodel,19000,16331,0.9699,1.76,0.045703,[.00
A2C_25000_bzip2__instcount_plainmodel,19000,16645,0.9453,1.72,0.047279,[.00
A2C_25000_bzip2__instcount_plainmodel,19000,16628,0.9467,1.72,0.045673,[.00
A2C_25000_bzip2__instcount_plainmodel,19000,16645,0.9453,1.72,0.047024,[.00
A2C_25000_bzip2__instcount_plainmodel,19000,16324,0.9704,1.76,0.046037,[.00
A2C_25000_bzip2__instcount_plainmodel,19000,16331,0.9699,1.76,0.044707,[.00
A2C_25000_bzip2__instcount_plainmodel,19000,16711,0.9402,1.72,0.047395,[.00
A2C_25000_bzip2__instcount_plainmodel,19000,16390,0.9653,1.75,0.046306,[.00
A2C_25000_bzip2__instcount_plainmodel,19000,16728,0.9389,1.71,0.046052,[.00
A2C_25000_bzip2__instcount_plainmodel,19000,16324,0.9704,1.76,0.046668,[.00
A2C_25000_bzip2__instcount_plainmodel,19000,16645,0.9453,1.72,0.044666,[.00
A2C_25000_bzip2__instcount_plainmodel,19000,16728,0.9389,1.71,0.047363,[.00
A2C_25000_bzip2__instcount_plainmodel,19000,13371,1.2011,2.15,0.07851,[.00
A2C_25000_bzip2__instcount_plainmodel,19000,16628,0.9467,1.72,0.046027,[.00
A2C_25000_bzip2__instcount_plainmodel,19000,16324,0.9704,1.76,0.048004,[.00
A2C_25000_bzip2__instcount_plainmodel,19000,16324,0.9704,1.76,0.047278,[.00
A2C_25000_bzip2__instcount_plainmodel,19000,16355,0.9680,1.75,0.044405,[.00
A2C_25000_bzip2__instcount_plainmodel,19000,16655,0.9446,1.72,0.047469,[.00
A2C_25000_bzip2__instcount_plainmodel,19000,16719,0.9396,1.71,0.046863,[.00
A2C_25000_bzip2__instcount_plainmodel,19000,16223,0.9783,1.77,0.045498,[.00
A2C_25000_bzip2__instcount_plainmodel,19000,16331,0.9699,1.76,0.046683,[.00
A2C_25000_bzip2__instcount_plainmodel,19000,16635,0.9461,1.72,0.045654,[.00
A2C_25000_bzip2__instcount_plainmodel,19000,16544,0.9532,1.73,0.045052,[.00
A2C_25000_bzip2__instcount_plainmodel,19000,16368,0.9670,1.75,0.045217,[.00
A2C_25000_bzip2__instcount_plainmodel,19000,16645,0.9453,1.72,0.045425,[.00
A2C_25000_bzip2__instcount_plainmodel,19000,16655,0.9446,1.72,0.045565,[.00
A2C_25000_bzip2__instcount_plainmodel,19000,16361,0.9675,1.75,0.045919,[.00
A2C_25000_bzip2__instcount_plainmodel,19000,16385,0.9657,1.75,0.045096,[.00
A2C_25000_bzip2__instcount_plainmodel,19000,16655,0.9446,1.72,0.049022,[.00
A2C_25000_bzip2__instcount_plainmodel,19000,16672,0.9432,1.72,0.045501,[.00
A2C_25000_bzip2__instcount_plainmodel,19000,16360,0.9676,1.75,0.04553,[.00
A2C_25000_bzip2__instcount_plainmodel,19000,16331,0.9699,1.76,0.045384,[.00
A2C_25000_bzip2__instcount_plainmodel,19000,16319,0.9708,1.76,0.045742,[.00
A2C_25000_bzip2__instcount_plainmodel,19000,16221,0.9785,1.77,0.045427,[.00
A2C_25000_bzip2__instcount_plainmodel,19000,16361,0.9675,1.75,0.048253,[.00
A2C_25000_bzip2__instcount_plainmodel,19000,16628,0.9467,1.72,0.047277,[.00
A2C_25000_bzip2__instcount_plainmodel,19000,16588,0.9498,1.73,0.04727,[.00
A2C_25000_bzip2__instcount_plainmodel,19000,16728,0.9389,1.71,0.046784,[.00
A2C_25000_bzip2__instcount_plainmodel,19000,16728,0.9389,1.71,0.04819,[.00
A2C_25000_bzip2__instcount_plainmodel,19000,16711,0.9402,1.72,0.045912,[.00
A2C_25000_bzip2__instcount_plainmodel,19000,16728,0.9389,1.71,0.046342,[.00
A2C_25000_bzip2__instcount_plainmodel,19000,16321,0.9707,1.76,0.045538,[.00
A2C_25000_bzip2__instcount_plainmodel,19000,13849,1.1638,2.07,0.082844,[.00
A2C_25000_bzip2__instcount_plainmodel,19000,16655,0.9446,1.72,0.047167,[.00
A2C_25000_bzip2__instcount_plainmodel,20000,16563,0.9518,1.73,0.045411,[.00
A2C_25000_bzip2__instcount_plainmodel,20000,16280,0.9739,1.76,0.045991,[.00
A2C_25000_bzip2__instcount_plainmodel,20000,16326,0.9703,1.76,0.050854,[.00
A2C_25000_bzip2__instcount_plainmodel,20000,16319,0.9708,1.76,0.044519,[.00
A2C_25000_bzip2__instcount_plainmodel,20000,16319,0.9708,1.76,0.045269,[.00
A2C_25000_bzip2__instcount_plainmodel,20000,16644,0.9454,1.72,0.053181,[.00
A2C_25000_bzip2__instcount_plainmodel,20000,16529,0.9544,1.73,0.045574,[.00
A2C_25000_bzip2__instcount_plainmodel,20000,16635,0.9461,1.72,0.045906,[.00
A2C_25000_bzip2__instcount_plainmodel,20000,16297,0.9725,1.76,0.045228,[.00
A2C_25000_bzip2__instcount_plainmodel,20000,16628,0.9467,1.72,0.046545,[.00
A2C_25000_bzip2__instcount_plainmodel,20000,16291,0.9730,1.76,0.045267,[.00
A2C_25000_bzip2__instcount_plainmodel,20000,16331,0.9699,1.76,0.0474,[.00
A2C_25000_bzip2__instcount_plainmodel,20000,16628,0.9467,1.72,0.045287,[.00
A2C_25000_bzip2__instcount_plainmodel,20000,16321,0.9707,1.76,0.044858,[.00
A2C_25000_bzip2__instcount_plainmodel,20000,16281,0.9738,1.76,0.044997,[.00
A2C_25000_bzip2__instcount_plainmodel,20000,16329,0.9700,1.76,0.04772,[.00
A2C_25000_bzip2__instcount_plainmodel,20000,16287,0.9733,1.76,0.044668,[.00
A2C_25000_bzip2__instcount_plainmodel,20000,16639,0.9458,1.72,0.044677,[.00
A2C_25000_bzip2__instcount_plainmodel,20000,16338,0.9693,1.75,0.047022,[.00
A2C_25000_bzip2__instcount_plainmodel,20000,16280,0.9739,1.76,0.053099,[.00
A2C_25000_bzip2__instcount_plainmodel,20000,16331,0.9699,1.76,0.047419,[.00
A2C_25000_bzip2__instcount_plainmodel,20000,16628,0.9467,1.72,0.04396,[.00
A2C_25000_bzip2__instcount_plainmodel,20000,16304,0.9720,1.76,0.053809,[.00
A2C_25000_bzip2__instcount_plainmodel,20000,16297,0.9725,1.76,0.045396,[.00
A2C_25000_bzip2__instcount_plainmodel,20000,16291,0.9730,1.76,0.050024,[.00
A2C_25000_bzip2__instcount_plainmodel,20000,16291,0.9730,1.76,0.044942,[.00
A2C_25000_bzip2__instcount_plainmodel,20000,16304,0.9720,1.76,0.045418,[.00
A2C_25000_bzip2__instcount_plainmodel,20000,16628,0.9467,1.72,0.044693,[.00
A2C_25000_bzip2__instcount_plainmodel,20000,16338,0.9693,1.75,0.04663,[.00
A2C_25000_bzip2__instcount_plainmodel,20000,16287,0.9733,1.76,0.045349,[.00
A2C_25000_bzip2__instcount_plainmodel,20000,16288,0.9732,1.76,0.044964,[.00
A2C_25000_bzip2__instcount_plainmodel,20000,16655,0.9446,1.72,0.045837,[.00
A2C_25000_bzip2__instcount_plainmodel,20000,16281,0.9738,1.76,0.048257,[.00
A2C_25000_bzip2__instcount_plainmodel,20000,16204,0.9798,1.77,0.04616,[.00
A2C_25000_bzip2__instcount_plainmodel,20000,13843,1.1642,2.07,0.084846,[.00
A2C_25000_bzip2__instcount_plainmodel,20000,16293,0.9728,1.76,0.046049,[.00
A2C_25000_bzip2__instcount_plainmodel,20000,16628,0.9467,1.72,0.044996,[.00
A2C_25000_bzip2__instcount_plainmodel,20000,16326,0.9703,1.76,0.047176,[.00
A2C_25000_bzip2__instcount_plainmodel,20000,16688,0.9420,1.72,0.044671,[.00
A2C_25000_bzip2__instcount_plainmodel,20000,17452,0.8823,1.64,0.048795,[.00
A2C_25000_bzip2__instcount_plainmodel,20000,16628,0.9467,1.72,0.044815,[.00
A2C_25000_bzip2__instcount_plainmodel,20000,16355,0.9680,1.75,0.046556,[.00
A2C_25000_bzip2__instcount_plainmodel,20000,16288,0.9732,1.76,0.045557,[.00
A2C_25000_bzip2__instcount_plainmodel,20000,16324,0.9704,1.76,0.045255,[.00
A2C_25000_bzip2__instcount_plainmodel,20000,16628,0.9467,1.72,0.04438,[.00
A2C_25000_bzip2__instcount_plainmodel,20000,13480,1.1926,2.13,0.079862,[.00
A2C_25000_bzip2__instcount_plainmodel,20000,16329,0.9700,1.76,0.045027,[.00
A2C_25000_bzip2__instcount_plainmodel,20000,16314,0.9712,1.76,0.043978,[.00
A2C_25000_bzip2__instcount_plainmodel,20000,16329,0.9700,1.76,0.045333,[.00
A2C_25000_bzip2__instcount_plainmodel,20000,16628,0.9467,1.72,0.045201,[.00
A2C_25000_bzip2__instcount_plainmodel,20000,16628,0.9467,1.72,0.044342,[.00
A2C_25000_bzip2__instcount_plainmodel,20000,16291,0.9730,1.76,0.043654,[.00
A2C_25000_bzip2__instcount_plainmodel,20000,16314,0.9712,1.76,0.046344,[.00
A2C_25000_bzip2__instcount_plainmodel,20000,16321,0.9707,1.76,0.044623,[.00
A2C_25000_bzip2__instcount_plainmodel,20000,16314,0.9712,1.76,0.046733,[.00
A2C_25000_bzip2__instcount_plainmodel,20000,16325,0.9703,1.76,0.044542,[.00
A2C_25000_bzip2__instcount_plainmodel,20000,16323,0.9705,1.76,0.045257,[.00
A2C_25000_bzip2__instcount_plainmodel,20000,16314,0.9712,1.76,0.046808,[.00
A2C_25000_bzip2__instcount_plainmodel,20000,16321,0.9707,1.76,0.046867,[.00
A2C_25000_bzip2__instcount_plainmodel,20000,16651,0.9449,1.72,0.043755,[.00
A2C_25000_bzip2__instcount_plainmodel,20000,16324,0.9704,1.76,0.04671,[.00
A2C_25000_bzip2__instcount_plainmodel,20000,16280,0.9739,1.76,0.045057,[.00
A2C_25000_bzip2__instcount_plainmodel,20000,16331,0.9699,1.76,0.044277,[.00
A2C_25000_bzip2__instcount_plainmodel,20000,16324,0.9704,1.76,0.046667,[.00
A2C_25000_bzip2__instcount_plainmodel,20000,16628,0.9467,1.72,0.045194,[.00
A2C_25000_bzip2__instcount_plainmodel,20000,16203,0.9799,1.77,0.04647,[.00
A2C_25000_bzip2__instcount_plainmodel,20000,16326,0.9703,1.76,0.04584,[.00
A2C_25000_bzip2__instcount_plainmodel,20000,13761,1.1706,2.08,0.083322,[.00
A2C_25000_bzip2__instcount_plainmodel,20000,16314,0.9712,1.76,0.046152,[.00
A2C_25000_bzip2__instcount_plainmodel,20000,16331,0.9699,1.76,0.044592,[.00
A2C_25000_bzip2__instcount_plainmodel,20000,16645,0.9453,1.72,0.047181,[.00
A2C_25000_bzip2__instcount_plainmodel,20000,16331,0.9699,1.76,0.048975,[.00
A2C_25000_bzip2__instcount_plainmodel,20000,16755,0.9368,1.71,0.044425,[.00
A2C_25000_bzip2__instcount_plainmodel,20000,16728,0.9389,1.71,0.045225,[.00
A2C_25000_bzip2__instcount_plainmodel,20000,16247,0.9764,1.76,0.047058,[.00
A2C_25000_bzip2__instcount_plainmodel,20000,16312,0.9714,1.76,0.046612,[.00
A2C_25000_bzip2__instcount_plainmodel,20000,16325,0.9703,1.76,0.045864,[.00
A2C_25000_bzip2__instcount_plainmodel,20000,16366,0.9671,1.75,0.044447,[.00
A2C_25000_bzip2__instcount_plainmodel,20000,16314,0.9712,1.76,0.044992,[.00
A2C_25000_bzip2__instcount_plainmodel,20000,13437,1.1959,2.13,0.084512,[.00
A2C_25000_bzip2__instcount_plainmodel,20000,16276,0.9742,1.76,0.046528,[.00
A2C_25000_bzip2__instcount_plainmodel,20000,16222,0.9784,1.77,0.044791,[.00
A2C_25000_bzip2__instcount_plainmodel,20000,16364,0.9673,1.75,0.047138,[.00
A2C_25000_bzip2__instcount_plainmodel,20000,16326,0.9703,1.76,0.045665,[.00
A2C_25000_bzip2__instcount_plainmodel,20000,16331,0.9699,1.76,0.047724,[.00
A2C_25000_bzip2__instcount_plainmodel,20000,16298,0.9725,1.76,0.04496,[.00
A2C_25000_bzip2__instcount_plainmodel,20000,16544,0.9532,1.73,0.046054,[.00
A2C_25000_bzip2__instcount_plainmodel,20000,16371,0.9668,1.75,0.044221,[.00
A2C_25000_bzip2__instcount_plainmodel,20000,13642,1.1799,2.10,0.078231,[.00
A2C_25000_bzip2__instcount_plainmodel,20000,16605,0.9485,1.73,0.045129,[.00
A2C_25000_bzip2__instcount_plainmodel,20000,16297,0.9725,1.76,0.044085,[.00
A2C_25000_bzip2__instcount_plainmodel,20000,16331,0.9699,1.76,0.047273,[.00
A2C_25000_bzip2__instcount_plainmodel,20000,16627,0.9468,1.72,0.046793,[.00
A2C_25000_bzip2__instcount_plainmodel,20000,16318,0.9709,1.76,0.045958,[.00
A2C_25000_bzip2__instcount_plainmodel,20000,14000,1.1520,2.05,0.071727,[.00
A2C_25000_bzip2__instcount_plainmodel,20000,16281,0.9738,1.76,0.044996,[.00
A2C_25000_bzip2__instcount_plainmodel,20000,16672,0.9432,1.72,0.047468,[.00
A2C_25000_bzip2__instcount_plainmodel,20000,16297,0.9725,1.76,0.048447,[.00
A2C_25000_bzip2__instcount_plainmodel,20000,13785,1.1688,2.08,0.083117,[.00
A2C_25000_bzip2__instcount_plainmodel,20000,16257,0.9757,1.76,0.050313,[.00
A2C_25000_bzip2__instcount_plainmodel,21000,16645,0.9453,1.72,0.04661,[.00
A2C_25000_bzip2__instcount_plainmodel,21000,16650,0.9450,1.72,0.047388,[.00
A2C_25000_bzip2__instcount_plainmodel,21000,16223,0.9783,1.77,0.046729,[.00
A2C_25000_bzip2__instcount_plainmodel,21000,16539,0.9536,1.73,0.04468,[.00
A2C_25000_bzip2__instcount_plainmodel,21000,16680,0.9426,1.72,0.049188,[.00
A2C_25000_bzip2__instcount_plainmodel,21000,16700,0.9411,1.72,0.045518,[.00
A2C_25000_bzip2__instcount_plainmodel,21000,16288,0.9732,1.76,0.044982,[.00
A2C_25000_bzip2__instcount_plainmodel,21000,16298,0.9725,1.76,0.046983,[.00
A2C_25000_bzip2__instcount_plainmodel,21000,16622,0.9471,1.72,0.045166,[.00
A2C_25000_bzip2__instcount_plainmodel,21000,16672,0.9432,1.72,0.046941,[.00
A2C_25000_bzip2__instcount_plainmodel,21000,16713,0.9400,1.72,0.047098,[.00
A2C_25000_bzip2__instcount_plainmodel,21000,16539,0.9536,1.73,0.046101,[.00
A2C_25000_bzip2__instcount_plainmodel,21000,16529,0.9544,1.73,0.045865,[.00
A2C_25000_bzip2__instcount_plainmodel,21000,16624,0.9470,1.72,0.044877,[.00
A2C_25000_bzip2__instcount_plainmodel,21000,16613,0.9478,1.73,0.046771,[.00
A2C_25000_bzip2__instcount_plainmodel,21000,16549,0.9528,1.73,0.044275,[.00
A2C_25000_bzip2__instcount_plainmodel,21000,16263,0.9752,1.76,0.046875,[.00
A2C_25000_bzip2__instcount_plainmodel,21000,16326,0.9703,1.76,0.044528,[.00
A2C_25000_bzip2__instcount_plainmodel,21000,16562,0.9518,1.73,0.045055,[.00
A2C_25000_bzip2__instcount_plainmodel,21000,16371,0.9668,1.75,0.046009,[.00
A2C_25000_bzip2__instcount_plainmodel,21000,16670,0.9434,1.72,0.044843,[.00
A2C_25000_bzip2__instcount_plainmodel,21000,16529,0.9544,1.73,0.045453,[.00
A2C_25000_bzip2__instcount_plainmodel,21000,16223,0.9783,1.77,0.046312,[.00
A2C_25000_bzip2__instcount_plainmodel,21000,16719,0.9396,1.71,0.047496,[.00
A2C_25000_bzip2__instcount_plainmodel,21000,16645,0.9453,1.72,0.046129,[.00
A2C_25000_bzip2__instcount_plainmodel,21000,16711,0.9402,1.72,0.046382,[.00
A2C_25000_bzip2__instcount_plainmodel,21000,16738,0.9381,1.71,0.04559,[.00
A2C_25000_bzip2__instcount_plainmodel,21000,16566,0.9515,1.73,0.045088,[.00
A2C_25000_bzip2__instcount_plainmodel,21000,16710,0.9403,1.72,0.04548,[.00
A2C_25000_bzip2__instcount_plainmodel,21000,16628,0.9467,1.72,0.045613,[.00
A2C_25000_bzip2__instcount_plainmodel,21000,16331,0.9699,1.76,0.044286,[.00
A2C_25000_bzip2__instcount_plainmodel,21000,16655,0.9446,1.72,0.045163,[.00
A2C_25000_bzip2__instcount_plainmodel,21000,16561,0.9519,1.73,0.04489,[.00
A2C_25000_bzip2__instcount_plainmodel,21000,13488,1.1920,2.13,0.086279,[.00
A2C_25000_bzip2__instcount_plainmodel,21000,16528,0.9545,1.73,0.04771,[.00
A2C_25000_bzip2__instcount_plainmodel,21000,16522,0.9550,1.73,0.044482,[.00
A2C_25000_bzip2__instcount_plainmodel,21000,16628,0.9467,1.72,0.047309,[.00
A2C_25000_bzip2__instcount_plainmodel,21000,16711,0.9402,1.72,0.046911,[.00
A2C_25000_bzip2__instcount_plainmodel,21000,16392,0.9651,1.75,0.046487,[.00
A2C_25000_bzip2__instcount_plainmodel,21000,16326,0.9703,1.76,0.045653,[.00
A2C_25000_bzip2__instcount_plainmodel,21000,14052,1.1479,2.04,0.06783,[.00
A2C_25000_bzip2__instcount_plainmodel,21000,13729,1.1731,2.09,0.087227,[.00
A2C_25000_bzip2__instcount_plainmodel,21000,16326,0.9703,1.76,0.044922,[.00
A2C_25000_bzip2__instcount_plainmodel,21000,16212,0.9792,1.77,0.044414,[.00
A2C_25000_bzip2__instcount_plainmodel,21000,16529,0.9544,1.73,0.045772,[.00
A2C_25000_bzip2__instcount_plainmodel,21000,16711,0.9402,1.72,0.046856,[.00
A2C_25000_bzip2__instcount_plainmodel,21000,16314,0.9712,1.76,0.045076,[.00
A2C_25000_bzip2__instcount_plainmodel,21000,16223,0.9783,1.77,0.046684,[.00
A2C_25000_bzip2__instcount_plainmodel,21000,16780,0.9348,1.71,0.045815,[.00
A2C_25000_bzip2__instcount_plainmodel,21000,13834,1.1649,2.07,0.082642,[.00
A2C_25000_bzip2__instcount_plainmodel,21000,16672,0.9432,1.72,0.046365,[.00
A2C_25000_bzip2__instcount_plainmodel,21000,13481,1.1925,2.13,0.084188,[.00
A2C_25000_bzip2__instcount_plainmodel,21000,16522,0.9550,1.73,0.044275,[.00
A2C_25000_bzip2__instcount_plainmodel,21000,16556,0.9523,1.73,0.044693,[.00
A2C_25000_bzip2__instcount_plainmodel,21000,16331,0.9699,1.76,0.047183,[.00
A2C_25000_bzip2__instcount_plainmodel,21000,16594,0.9493,1.73,0.045358,[.00
A2C_25000_bzip2__instcount_plainmodel,21000,16672,0.9432,1.72,0.04621,[.00
A2C_25000_bzip2__instcount_plainmodel,21000,16628,0.9467,1.72,0.046768,[.00
A2C_25000_bzip2__instcount_plainmodel,21000,16509,0.9560,1.74,0.046536,[.00
A2C_25000_bzip2__instcount_plainmodel,21000,16289,0.9732,1.76,0.047719,[.00
A2C_25000_bzip2__instcount_plainmodel,21000,16284,0.9735,1.76,0.046502,[.00
A2C_25000_bzip2__instcount_plainmodel,21000,16630,0.9465,1.72,0.045112,[.00
A2C_25000_bzip2__instcount_plainmodel,21000,16223,0.9783,1.77,0.050998,[.00
A2C_25000_bzip2__instcount_plainmodel,21000,16672,0.9432,1.72,0.044799,[.00
A2C_25000_bzip2__instcount_plainmodel,21000,16549,0.9528,1.73,0.044941,[.00
A2C_25000_bzip2__instcount_plainmodel,21000,16263,0.9752,1.76,0.044348,[.00
A2C_25000_bzip2__instcount_plainmodel,21000,16391,0.9652,1.75,0.047196,[.00
A2C_25000_bzip2__instcount_plainmodel,21000,16539,0.9536,1.73,0.047501,[.00
A2C_25000_bzip2__instcount_plainmodel,21000,16711,0.9402,1.72,0.044537,[.00
A2C_25000_bzip2__instcount_plainmodel,21000,16326,0.9703,1.76,0.047291,[.00
A2C_25000_bzip2__instcount_plainmodel,21000,16655,0.9446,1.72,0.046523,[.00
A2C_25000_bzip2__instcount_plainmodel,21000,16544,0.9532,1.73,0.045257,[.00
A2C_25000_bzip2__instcount_plainmodel,21000,16645,0.9453,1.72,0.044891,[.00
A2C_25000_bzip2__instcount_plainmodel,21000,16286,0.9734,1.76,0.047755,[.00
A2C_25000_bzip2__instcount_plainmodel,21000,16528,0.9545,1.73,0.046943,[.00
A2C_25000_bzip2__instcount_plainmodel,21000,16622,0.9471,1.72,0.045558,[.00
A2C_25000_bzip2__instcount_plainmodel,21000,16727,0.9389,1.71,0.044513,[.00
A2C_25000_bzip2__instcount_plainmodel,21000,16509,0.9560,1.74,0.045905,[.00
A2C_25000_bzip2__instcount_plainmodel,21000,16314,0.9712,1.76,0.04458,[.00
A2C_25000_bzip2__instcount_plainmodel,21000,13740,1.1723,2.09,0.072641,[.00
A2C_25000_bzip2__instcount_plainmodel,21000,16539,0.9536,1.73,0.047749,[.00
A2C_25000_bzip2__instcount_plainmodel,21000,16204,0.9798,1.77,0.047926,[.00
A2C_25000_bzip2__instcount_plainmodel,21000,16566,0.9515,1.73,0.04456,[.00
A2C_25000_bzip2__instcount_plainmodel,21000,16769,0.9357,1.71,0.04723,[.00
A2C_25000_bzip2__instcount_plainmodel,21000,16672,0.9432,1.72,0.046773,[.00
A2C_25000_bzip2__instcount_plainmodel,21000,16321,0.9707,1.76,0.045449,[.00
A2C_25000_bzip2__instcount_plainmodel,21000,16549,0.9528,1.73,0.045592,[.00
A2C_25000_bzip2__instcount_plainmodel,21000,16672,0.9432,1.72,0.045029,[.00
A2C_25000_bzip2__instcount_plainmodel,21000,16645,0.9453,1.72,0.04604,[.00
A2C_25000_bzip2__instcount_plainmodel,21000,16260,0.9754,1.76,0.046468,[.00
A2C_25000_bzip2__instcount_plainmodel,21000,16547,0.9530,1.73,0.044587,[.00
A2C_25000_bzip2__instcount_plainmodel,21000,16728,0.9389,1.71,0.046908,[.00
A2C_25000_bzip2__instcount_plainmodel,21000,16561,0.9519,1.73,0.044245,[.00
A2C_25000_bzip2__instcount_plainmodel,21000,16566,0.9515,1.73,0.045254,[.00
A2C_25000_bzip2__instcount_plainmodel,21000,16655,0.9446,1.72,0.045563,[.00
A2C_25000_bzip2__instcount_plainmodel,21000,16618,0.9475,1.72,0.045016,[.00
A2C_25000_bzip2__instcount_plainmodel,21000,16622,0.9471,1.72,0.045962,[.00
A2C_25000_bzip2__instcount_plainmodel,21000,16549,0.9528,1.73,0.046479,[.00
A2C_25000_bzip2__instcount_plainmodel,21000,16669,0.9435,1.72,0.04727,[.00
A2C_25000_bzip2__instcount_plainmodel,21000,16716,0.9398,1.71,0.046945,[.00
A2C_25000_bzip2__instcount_plainmodel,22000,13465,1.1937,2.13,0.082836,[.00
A2C_25000_bzip2__instcount_plainmodel,22000,13584,1.1845,2.11,0.084356,[.00
A2C_25000_bzip2__instcount_plainmodel,22000,13362,1.2018,2.15,0.078087,[.00
A2C_25000_bzip2__instcount_plainmodel,22000,13450,1.1949,2.13,0.07824,[.00
A2C_25000_bzip2__instcount_plainmodel,22000,13534,1.1884,2.12,0.083954,[.00
A2C_25000_bzip2__instcount_plainmodel,22000,13529,1.1887,2.12,0.081558,[.00
A2C_25000_bzip2__instcount_plainmodel,22000,13479,1.1927,2.13,0.083692,[.00
A2C_25000_bzip2__instcount_plainmodel,22000,13428,1.1966,2.14,0.07904,[.00
A2C_25000_bzip2__instcount_plainmodel,22000,13491,1.1917,2.13,0.089711,[.00
A2C_25000_bzip2__instcount_plainmodel,22000,13479,1.1927,2.13,0.082629,[.00
A2C_25000_bzip2__instcount_plainmodel,22000,13527,1.1889,2.12,0.081226,[.00
A2C_25000_bzip2__instcount_plainmodel,22000,13567,1.1858,2.11,0.086723,[.00
A2C_25000_bzip2__instcount_plainmodel,22000,13387,1.1998,2.14,0.079943,[.00
A2C_25000_bzip2__instcount_plainmodel,22000,13531,1.1886,2.12,0.082719,[.00
A2C_25000_bzip2__instcount_plainmodel,22000,13549,1.1872,2.12,0.085519,[.00
A2C_25000_bzip2__instcount_plainmodel,22000,13491,1.1917,2.13,0.078931,[.00
A2C_25000_bzip2__instcount_plainmodel,22000,13523,1.1892,2.12,0.087856,[.00
A2C_25000_bzip2__instcount_plainmodel,22000,13482,1.1924,2.13,0.082199,[.00
A2C_25000_bzip2__instcount_plainmodel,22000,13526,1.1890,2.12,0.086786,[.00
A2C_25000_bzip2__instcount_plainmodel,22000,13411,1.1980,2.14,0.080385,[.00
A2C_25000_bzip2__instcount_plainmodel,22000,13457,1.1944,2.13,0.081435,[.00
A2C_25000_bzip2__instcount_plainmodel,22000,13432,1.1963,2.14,0.079473,[.00
A2C_25000_bzip2__instcount_plainmodel,22000,13663,1.1783,2.10,0.078668,[.00
A2C_25000_bzip2__instcount_plainmodel,22000,13528,1.1888,2.12,0.089436,[.00
A2C_25000_bzip2__instcount_plainmodel,22000,13530,1.1887,2.12,0.086443,[.00
A2C_25000_bzip2__instcount_plainmodel,22000,13433,1.1962,2.14,0.086146,[.00
A2C_25000_bzip2__instcount_plainmodel,22000,13493,1.1916,2.13,0.080385,[.00
A2C_25000_bzip2__instcount_plainmodel,22000,13438,1.1959,2.13,0.079396,[.00
A2C_25000_bzip2__instcount_plainmodel,22000,13527,1.1889,2.12,0.081752,[.00
A2C_25000_bzip2__instcount_plainmodel,22000,13309,1.2059,2.16,0.089223,[.00
A2C_25000_bzip2__instcount_plainmodel,22000,13428,1.1966,2.14,0.079517,[.00
A2C_25000_bzip2__instcount_plainmodel,22000,13385,1.2000,2.14,0.104109,[.00
A2C_25000_bzip2__instcount_plainmodel,22000,13402,1.1987,2.14,0.091976,[.00
A2C_25000_bzip2__instcount_plainmodel,22000,13471,1.1933,2.13,0.078996,[.00
A2C_25000_bzip2__instcount_plainmodel,22000,13430,1.1965,2.14,0.081092,[.00
A2C_25000_bzip2__instcount_plainmodel,22000,13549,1.1872,2.12,0.083588,[.00
A2C_25000_bzip2__instcount_plainmodel,22000,13526,1.1890,2.12,0.080345,[.00
A2C_25000_bzip2__instcount_plainmodel,22000,13485,1.1922,2.13,0.084195,[.00
A2C_25000_bzip2__instcount_plainmodel,22000,13431,1.1964,2.14,0.078643,[.00
A2C_25000_bzip2__instcount_plainmodel,22000,14067,1.1467,2.04,0.084035,[.00
A2C_25000_bzip2__instcount_plainmodel,22000,13479,1.1927,2.13,0.082504,[.00
A2C_25000_bzip2__instcount_plainmodel,22000,13394,1.1993,2.14,0.080445,[.00
A2C_25000_bzip2__instcount_plainmodel,22000,13464,1.1938,2.13,0.081852,[.00
A2C_25000_bzip2__instcount_plainmodel,22000,13718,1.1740,2.09,0.082887,[.00
A2C_25000_bzip2__instcount_plainmodel,22000,13700,1.1754,2.09,0.080975,[.00
A2C_25000_bzip2__instcount_plainmodel,22000,13386,1.1999,2.14,0.081513,[.00
A2C_25000_bzip2__instcount_plainmodel,22000,13457,1.1944,2.13,0.083714,[.00
A2C_25000_bzip2__instcount_plainmodel,22000,13391,1.1995,2.14,0.079118,[.00
A2C_25000_bzip2__instcount_plainmodel,22000,13428,1.1966,2.14,0.08489,[.00
A2C_25000_bzip2__instcount_plainmodel,22000,13455,1.1945,2.13,0.081954,[.00
A2C_25000_bzip2__instcount_plainmodel,22000,13486,1.1921,2.13,0.08408,[.00
A2C_25000_bzip2__instcount_plainmodel,22000,13425,1.1969,2.14,0.078963,[.00
A2C_25000_bzip2__instcount_plainmodel,22000,13677,1.1772,2.10,0.081983,[.00
A2C_25000_bzip2__instcount_plainmodel,22000,13454,1.1946,2.13,0.079053,[.00
A2C_25000_bzip2__instcount_plainmodel,22000,13537,1.1881,2.12,0.08557,[.00
A2C_25000_bzip2__instcount_plainmodel,22000,13469,1.1934,2.13,0.082082,[.00
A2C_25000_bzip2__instcount_plainmodel,22000,13863,1.1627,2.07,0.083418,[.00
A2C_25000_bzip2__instcount_plainmodel,22000,13474,1.1930,2.13,0.089889,[.00
A2C_25000_bzip2__instcount_plainmodel,22000,13507,1.1905,2.12,0.080978,[.00
A2C_25000_bzip2__instcount_plainmodel,22000,13424,1.1970,2.14,0.079048,[.00
A2C_25000_bzip2__instcount_plainmodel,22000,13522,1.1893,2.12,0.078551,[.00
A2C_25000_bzip2__instcount_plainmodel,22000,13401,1.1987,2.14,0.084296,[.00
A2C_25000_bzip2__instcount_plainmodel,22000,13505,1.1906,2.12,0.082921,[.00
A2C_25000_bzip2__instcount_plainmodel,22000,13414,1.1977,2.14,0.078612,[.00
A2C_25000_bzip2__instcount_plainmodel,22000,13515,1.1898,2.12,0.083232,[.00
A2C_25000_bzip2__instcount_plainmodel,22000,13863,1.1627,2.07,0.081459,[.00
A2C_25000_bzip2__instcount_plainmodel,22000,15734,1.0165,1.82,0.046464,[.00
A2C_25000_bzip2__instcount_plainmodel,22000,13442,1.1955,2.13,0.079739,[.00
A2C_25000_bzip2__instcount_plainmodel,22000,13436,1.1960,2.13,0.079271,[.00
A2C_25000_bzip2__instcount_plainmodel,22000,13415,1.1977,2.14,0.090225,[.00
A2C_25000_bzip2__instcount_plainmodel,22000,13408,1.1982,2.14,0.078303,[.00
A2C_25000_bzip2__instcount_plainmodel,22000,13554,1.1868,2.12,0.083926,[.00
A2C_25000_bzip2__instcount_plainmodel,22000,13419,1.1973,2.14,0.078996,[.00
A2C_25000_bzip2__instcount_plainmodel,22000,13448,1.1951,2.13,0.079005,[.00
A2C_25000_bzip2__instcount_plainmodel,22000,13468,1.1935,2.13,0.085129,[.00
A2C_25000_bzip2__instcount_plainmodel,22000,13388,1.1998,2.14,0.081261,[.00
A2C_25000_bzip2__instcount_plainmodel,22000,13425,1.1969,2.14,0.080589,[.00
A2C_25000_bzip2__instcount_plainmodel,22000,13526,1.1890,2.12,0.084972,[.00
A2C_25000_bzip2__instcount_plainmodel,22000,13437,1.1959,2.13,0.082237,[.00
A2C_25000_bzip2__instcount_plainmodel,22000,13490,1.1918,2.13,0.081467,[.00
A2C_25000_bzip2__instcount_plainmodel,22000,13765,1.1703,2.08,0.08037,[.00
A2C_25000_bzip2__instcount_plainmodel,22000,13389,1.1997,2.14,0.082217,[.00
A2C_25000_bzip2__instcount_plainmodel,22000,13457,1.1944,2.13,0.08424,[.00
A2C_25000_bzip2__instcount_plainmodel,22000,13425,1.1969,2.14,0.082169,[.00
A2C_25000_bzip2__instcount_plainmodel,22000,13432,1.1963,2.14,0.083632,[.00
A2C_25000_bzip2__instcount_plainmodel,22000,13386,1.1999,2.14,0.090921,[.00
A2C_25000_bzip2__instcount_plainmodel,22000,13526,1.1890,2.12,0.08306,[.00
A2C_25000_bzip2__instcount_plainmodel,22000,13537,1.1881,2.12,0.083168,[.00
A2C_25000_bzip2__instcount_plainmodel,22000,13495,1.1914,2.13,0.086631,[.00
A2C_25000_bzip2__instcount_plainmodel,22000,13470,1.1934,2.13,0.080236,[.00
A2C_25000_bzip2__instcount_plainmodel,22000,16619,0.9474,1.72,0.047121,[.00
A2C_25000_bzip2__instcount_plainmodel,22000,13424,1.1970,2.14,0.078617,[.00
A2C_25000_bzip2__instcount_plainmodel,22000,13488,1.1920,2.13,0.083111,[.00
A2C_25000_bzip2__instcount_plainmodel,22000,13480,1.1926,2.13,0.082992,[.00
A2C_25000_bzip2__instcount_plainmodel,22000,13700,1.1754,2.09,0.084147,[.00
A2C_25000_bzip2__instcount_plainmodel,22000,13388,1.1998,2.14,0.081641,[.00
A2C_25000_bzip2__instcount_plainmodel,22000,13525,1.1891,2.12,0.08637,[.00
A2C_25000_bzip2__instcount_plainmodel,22000,13422,1.1971,2.14,0.078669,[.00
A2C_25000_bzip2__instcount_plainmodel,22000,13440,1.1957,2.13,0.08401,[.00
A2C_25000_bzip2__instcount_plainmodel,22000,13429,1.1966,2.14,0.084443,[.00
A2C_25000_bzip2__instcount_plainmodel,23000,13434,1.1962,2.13,0.081581,[.00
A2C_25000_bzip2__instcount_plainmodel,23000,13420,1.1973,2.14,0.082216,[.00
A2C_25000_bzip2__instcount_plainmodel,23000,13395,1.1992,2.14,0.084168,[.00
A2C_25000_bzip2__instcount_plainmodel,23000,14667,1.0999,1.96,0.067787,[.00
A2C_25000_bzip2__instcount_plainmodel,23000,13431,1.1964,2.14,0.082436,[.00
A2C_25000_bzip2__instcount_plainmodel,23000,14824,1.0876,1.93,0.067197,[.00
A2C_25000_bzip2__instcount_plainmodel,23000,13505,1.1906,2.12,0.089164,[.00
A2C_25000_bzip2__instcount_plainmodel,23000,13402,1.1987,2.14,0.081364,[.00
A2C_25000_bzip2__instcount_plainmodel,23000,13438,1.1959,2.13,0.079342,[.00
A2C_25000_bzip2__instcount_plainmodel,23000,13451,1.1948,2.13,0.080932,[.00
A2C_25000_bzip2__instcount_plainmodel,23000,13527,1.1889,2.12,0.082707,[.00
A2C_25000_bzip2__instcount_plainmodel,23000,13471,1.1933,2.13,0.081988,[.00
A2C_25000_bzip2__instcount_plainmodel,23000,14670,1.0996,1.95,0.070611,[.00
A2C_25000_bzip2__instcount_plainmodel,23000,13406,1.1984,2.14,0.078725,[.00
A2C_25000_bzip2__instcount_plainmodel,23000,13801,1.1675,2.08,0.083476,[.00
A2C_25000_bzip2__instcount_plainmodel,23000,14868,1.0842,1.93,0.067779,[.00
A2C_25000_bzip2__instcount_plainmodel,23000,13429,1.1966,2.14,0.078381,[.00
A2C_25000_bzip2__instcount_plainmodel,23000,13407,1.1983,2.14,0.08506,[.00
A2C_25000_bzip2__instcount_plainmodel,23000,13637,1.1803,2.10,0.099789,[.00
A2C_25000_bzip2__instcount_plainmodel,23000,13521,1.1894,2.12,0.084222,[.00
A2C_25000_bzip2__instcount_plainmodel,23000,13494,1.1915,2.13,0.084752,[.00
A2C_25000_bzip2__instcount_plainmodel,23000,13623,1.1814,2.11,0.082964,[.00
A2C_25000_bzip2__instcount_plainmodel,23000,13442,1.1955,2.13,0.078829,[.00
A2C_25000_bzip2__instcount_plainmodel,23000,13369,1.2012,2.15,0.085458,[.00
A2C_25000_bzip2__instcount_plainmodel,23000,14676,1.0992,1.95,0.071815,[.00
A2C_25000_bzip2__instcount_plainmodel,23000,13506,1.1905,2.12,0.083653,[.00
A2C_25000_bzip2__instcount_plainmodel,23000,13536,1.1882,2.12,0.084715,[.00
A2C_25000_bzip2__instcount_plainmodel,23000,14674,1.0993,1.95,0.070531,[.00
A2C_25000_bzip2__instcount_plainmodel,23000,13369,1.2012,2.15,0.082072,[.00
A2C_25000_bzip2__instcount_plainmodel,23000,13414,1.1977,2.14,0.082607,[.00
A2C_25000_bzip2__instcount_plainmodel,23000,13397,1.1991,2.14,0.08158,[.00
A2C_25000_bzip2__instcount_plainmodel,23000,13408,1.1982,2.14,0.080965,[.00
A2C_25000_bzip2__instcount_plainmodel,23000,13444,1.1954,2.13,0.081494,[.00
A2C_25000_bzip2__instcount_plainmodel,23000,13413,1.1978,2.14,0.081032,[.00
A2C_25000_bzip2__instcount_plainmodel,23000,13432,1.1963,2.14,0.079591,[.00
A2C_25000_bzip2__instcount_plainmodel,23000,17139,0.9068,1.67,0.086521,[.00
A2C_25000_bzip2__instcount_plainmodel,23000,13478,1.1927,2.13,0.081141,[.00
A2C_25000_bzip2__instcount_plainmodel,23000,13487,1.1920,2.13,0.085113,[.00
A2C_25000_bzip2__instcount_plainmodel,23000,13416,1.1976,2.14,0.079394,[.00
A2C_25000_bzip2__instcount_plainmodel,23000,14687,1.0983,1.95,0.071196,[.00
A2C_25000_bzip2__instcount_plainmodel,23000,14674,1.0993,1.95,0.072917,[.00
A2C_25000_bzip2__instcount_plainmodel,23000,13806,1.1671,2.08,0.087475,[.00
A2C_25000_bzip2__instcount_plainmodel,23000,13473,1.1931,2.13,0.079885,[.00
A2C_25000_bzip2__instcount_plainmodel,23000,13395,1.1992,2.14,0.079146,[.00
A2C_25000_bzip2__instcount_plainmodel,23000,13401,1.1987,2.14,0.081616,[.00
A2C_25000_bzip2__instcount_plainmodel,23000,14325,1.1266,2.00,0.070027,[.00
A2C_25000_bzip2__instcount_plainmodel,23000,13451,1.1948,2.13,0.087884,[.00
A2C_25000_bzip2__instcount_plainmodel,23000,13416,1.1976,2.14,0.077849,[.00
A2C_25000_bzip2__instcount_plainmodel,23000,13380,1.2004,2.14,0.083326,[.00
A2C_25000_bzip2__instcount_plainmodel,23000,14674,1.0993,1.95,0.067253,[.00
A2C_25000_bzip2__instcount_plainmodel,23000,13419,1.1973,2.14,0.077681,[.00
A2C_25000_bzip2__instcount_plainmodel,23000,13462,1.1940,2.13,0.083838,[.00
A2C_25000_bzip2__instcount_plainmodel,23000,14671,1.0995,1.95,0.071418,[.00
A2C_25000_bzip2__instcount_plainmodel,23000,13427,1.1967,2.14,0.078163,[.00
A2C_25000_bzip2__instcount_plainmodel,23000,13642,1.1799,2.10,0.085076,[.00
A2C_25000_bzip2__instcount_plainmodel,23000,13405,1.1984,2.14,0.083882,[.00
A2C_25000_bzip2__instcount_plainmodel,23000,13411,1.1980,2.14,0.082261,[.00
A2C_25000_bzip2__instcount_plainmodel,23000,14688,1.0982,1.95,0.068861,[.00
A2C_25000_bzip2__instcount_plainmodel,23000,13470,1.1934,2.13,0.081932,[.00
A2C_25000_bzip2__instcount_plainmodel,23000,16923,0.9236,1.69,0.092812,[.00
A2C_25000_bzip2__instcount_plainmodel,23000,13396,1.1991,2.14,0.080543,[.00
A2C_25000_bzip2__instcount_plainmodel,23000,14538,1.1099,1.97,0.068076,[.00
A2C_25000_bzip2__instcount_plainmodel,23000,13807,1.1670,2.08,0.080758,[.00
A2C_25000_bzip2__instcount_plainmodel,23000,15227,1.0561,1.88,0.072993,[.00
A2C_25000_bzip2__instcount_plainmodel,23000,13404,1.1985,2.14,0.089465,[.00
A2C_25000_bzip2__instcount_plainmodel,23000,13459,1.1942,2.13,0.080323,[.00
A2C_25000_bzip2__instcount_plainmodel,23000,13385,1.2000,2.14,0.083434,[.00
A2C_25000_bzip2__instcount_plainmodel,23000,13713,1.1744,2.09,0.081825,[.00
A2C_25000_bzip2__instcount_plainmodel,23000,14768,1.0920,1.94,0.06589,[.00
A2C_25000_bzip2__instcount_plainmodel,23000,13451,1.1948,2.13,0.077587,[.00
A2C_25000_bzip2__instcount_plainmodel,23000,14723,1.0955,1.95,0.06716,[.00
A2C_25000_bzip2__instcount_plainmodel,23000,13506,1.1905,2.12,0.083838,[.00
A2C_25000_bzip2__instcount_plainmodel,23000,13702,1.1752,2.09,0.081781,[.00
A2C_25000_bzip2__instcount_plainmodel,23000,13431,1.1964,2.14,0.081188,[.00
A2C_25000_bzip2__instcount_plainmodel,23000,14705,1.0969,1.95,0.068383,[.00
A2C_25000_bzip2__instcount_plainmodel,23000,13432,1.1963,2.14,0.08091,[.00
A2C_25000_bzip2__instcount_plainmodel,23000,13344,1.2032,2.15,0.080711,[.00
A2C_25000_bzip2__instcount_plainmodel,23000,13457,1.1944,2.13,0.080518,[.00
A2C_25000_bzip2__instcount_plainmodel,23000,13445,1.1953,2.13,0.080042,[.00
A2C_25000_bzip2__instcount_plainmodel,23000,13440,1.1957,2.13,0.079931,[.00
A2C_25000_bzip2__instcount_plainmodel,23000,13372,1.2010,2.14,0.083549,[.00
A2C_25000_bzip2__instcount_plainmodel,23000,13538,1.1880,2.12,0.081084,[.00
A2C_25000_bzip2__instcount_plainmodel,23000,13399,1.1989,2.14,0.082171,[.00
A2C_25000_bzip2__instcount_plainmodel,23000,14681,1.0988,1.95,0.070417,[.00
A2C_25000_bzip2__instcount_plainmodel,23000,14040,1.1488,2.04,0.088328,[.00
A2C_25000_bzip2__instcount_plainmodel,23000,13415,1.1977,2.14,0.086839,[.00
A2C_25000_bzip2__instcount_plainmodel,23000,13421,1.1972,2.14,0.078766,[.00
A2C_25000_bzip2__instcount_plainmodel,23000,13603,1.1830,2.11,0.082746,[.00
A2C_25000_bzip2__instcount_plainmodel,23000,13552,1.1870,2.12,0.085189,[.00
A2C_25000_bzip2__instcount_plainmodel,23000,13438,1.1959,2.13,0.085672,[.00
A2C_25000_bzip2__instcount_plainmodel,23000,13772,1.1698,2.08,0.07938,[.00
A2C_25000_bzip2__instcount_plainmodel,23000,13439,1.1958,2.13,0.081121,[.00
A2C_25000_bzip2__instcount_plainmodel,23000,13386,1.1999,2.14,0.082292,[.00
A2C_25000_bzip2__instcount_plainmodel,23000,13463,1.1939,2.13,0.08535,[.00
A2C_25000_bzip2__instcount_plainmodel,23000,13425,1.1969,2.14,0.085295,[.00
A2C_25000_bzip2__instcount_plainmodel,23000,13445,1.1953,2.13,0.082363,[.00
A2C_25000_bzip2__instcount_plainmodel,23000,13553,1.1869,2.12,0.08188,[.00
A2C_25000_bzip2__instcount_plainmodel,23000,13386,1.1999,2.14,0.086308,[.00
A2C_25000_bzip2__instcount_plainmodel,23000,14982,1.0753,1.91,0.068348,[.00
A2C_25000_bzip2__instcount_plainmodel,23000,13424,1.1970,2.14,0.082415,[.00
A2C_25000_bzip2__instcount_plainmodel,24000,16627,0.9468,1.72,0.044952,[.00
A2C_25000_bzip2__instcount_plainmodel,24000,16559,0.9521,1.73,0.047173,[.00
A2C_25000_bzip2__instcount_plainmodel,24000,17351,0.8902,1.65,0.047302,[.00
A2C_25000_bzip2__instcount_plainmodel,24000,16220,0.9785,1.77,0.047089,[.00
A2C_25000_bzip2__instcount_plainmodel,24000,16390,0.9653,1.75,0.046181,[.00
A2C_25000_bzip2__instcount_plainmodel,24000,16360,0.9676,1.75,0.045288,[.00
A2C_25000_bzip2__instcount_plainmodel,24000,16728,0.9389,1.71,0.045846,[.00
A2C_25000_bzip2__instcount_plainmodel,24000,14835,1.0867,1.93,0.071139,[.00
A2C_25000_bzip2__instcount_plainmodel,24000,13684,1.1766,2.10,0.082692,[.00
A2C_25000_bzip2__instcount_plainmodel,24000,17657,0.8663,1.62,0.046347,[.00
A2C_25000_bzip2__instcount_plainmodel,24000,16826,0.9312,1.70,0.046294,[.00
A2C_25000_bzip2__instcount_plainmodel,24000,14285,1.1297,2.01,0.071772,[.00
A2C_25000_bzip2__instcount_plainmodel,24000,16999,0.9177,1.69,0.044498,[.00
A2C_25000_bzip2__instcount_plainmodel,24000,16213,0.9791,1.77,0.046216,[.00
A2C_25000_bzip2__instcount_plainmodel,24000,16362,0.9675,1.75,0.050033,[.00
A2C_25000_bzip2__instcount_plainmodel,24000,16325,0.9703,1.76,0.046543,[.00
A2C_25000_bzip2__instcount_plainmodel,24000,16675,0.9430,1.72,0.044166,[.00
A2C_25000_bzip2__instcount_plainmodel,24000,16634,0.9462,1.72,0.04524,[.00
A2C_25000_bzip2__instcount_plainmodel,24000,13810,1.1668,2.08,0.08071,[.00
A2C_25000_bzip2__instcount_plainmodel,24000,16173,0.9822,1.77,0.044594,[.00
A2C_25000_bzip2__instcount_plainmodel,24000,13763,1.1705,2.08,0.071015,[.00
A2C_25000_bzip2__instcount_plainmodel,24000,15035,1.0711,1.91,0.07221,[.00
A2C_25000_bzip2__instcount_plainmodel,24000,13494,1.1915,2.13,0.0861,[.00
A2C_25000_bzip2__instcount_plainmodel,24000,13461,1.1941,2.13,0.082614,[.00
A2C_25000_bzip2__instcount_plainmodel,24000,16360,0.9676,1.75,0.046515,[.00
A2C_25000_bzip2__instcount_plainmodel,24000,16511,0.9558,1.74,0.046579,[.00
A2C_25000_bzip2__instcount_plainmodel,24000,17672,0.8651,1.62,0.0466,[.00
A2C_25000_bzip2__instcount_plainmodel,24000,13438,1.1959,2.13,0.079658,[.00
A2C_25000_bzip2__instcount_plainmodel,24000,16566,0.9515,1.73,0.046196,[.00
A2C_25000_bzip2__instcount_plainmodel,24000,13741,1.1722,2.09,0.078326,[.00
A2C_25000_bzip2__instcount_plainmodel,24000,17779,0.8568,1.61,0.047371,[.00
A2C_25000_bzip2__instcount_plainmodel,24000,13905,1.1594,2.06,0.0856,[.00
A2C_25000_bzip2__instcount_plainmodel,24000,17779,0.8568,1.61,0.048741,[.00
A2C_25000_bzip2__instcount_plainmodel,24000,16522,0.9550,1.73,0.04604,[.00
A2C_25000_bzip2__instcount_plainmodel,24000,16507,0.9561,1.74,0.044048,[.00
A2C_25000_bzip2__instcount_plainmodel,24000,13835,1.1648,2.07,0.066411,[.00
A2C_25000_bzip2__instcount_plainmodel,24000,16306,0.9718,1.76,0.048389,[.00
A2C_25000_bzip2__instcount_plainmodel,24000,13807,1.1670,2.08,0.080004,[.00
A2C_25000_bzip2__instcount_plainmodel,24000,16655,0.9446,1.72,0.046808,[.00
A2C_25000_bzip2__instcount_plainmodel,24000,16216,0.9789,1.77,0.049743,[.00
A2C_25000_bzip2__instcount_plainmodel,24000,16264,0.9751,1.76,0.046152,[.00
A2C_25000_bzip2__instcount_plainmodel,24000,16650,0.9450,1.72,0.04477,[.00
A2C_25000_bzip2__instcount_plainmodel,24000,16248,0.9764,1.76,0.045297,[.00
A2C_25000_bzip2__instcount_plainmodel,24000,13747,1.1717,2.09,0.077984,[.00
A2C_25000_bzip2__instcount_plainmodel,24000,14002,1.1518,2.05,0.067543,[.00
A2C_25000_bzip2__instcount_plainmodel,24000,17673,0.8650,1.62,0.045684,[.00
A2C_25000_bzip2__instcount_plainmodel,24000,17779,0.8568,1.61,0.048187,[.00
A2C_25000_bzip2__instcount_plainmodel,24000,17434,0.8837,1.64,0.04821,[.00
A2C_25000_bzip2__instcount_plainmodel,24000,17358,0.8897,1.65,0.04647,[.00
A2C_25000_bzip2__instcount_plainmodel,24000,16672,0.9432,1.72,0.045795,[.00
A2C_25000_bzip2__instcount_plainmodel,24000,16740,0.9379,1.71,0.048506,[.00
A2C_25000_bzip2__instcount_plainmodel,24000,17452,0.8823,1.64,0.048974,[.00
A2C_25000_bzip2__instcount_plainmodel,24000,16669,0.9435,1.72,0.046033,[.00
A2C_25000_bzip2__instcount_plainmodel,24000,16870,0.9278,1.70,0.045823,[.00
A2C_25000_bzip2__instcount_plainmodel,24000,16655,0.9446,1.72,0.049677,[.00
A2C_25000_bzip2__instcount_plainmodel,24000,16528,0.9545,1.73,0.044637,[.00
A2C_25000_bzip2__instcount_plainmodel,24000,16314,0.9712,1.76,0.045184,[.00
A2C_25000_bzip2__instcount_plainmodel,24000,16212,0.9792,1.77,0.047345,[.00
A2C_25000_bzip2__instcount_plainmodel,24000,17779,0.8568,1.61,0.04626,[.00
A2C_25000_bzip2__instcount_plainmodel,24000,17434,0.8837,1.64,0.04734,[.00
A2C_25000_bzip2__instcount_plainmodel,24000,16617,0.9475,1.73,0.045906,[.00
A2C_25000_bzip2__instcount_plainmodel,24000,16655,0.9446,1.72,0.045482,[.00
A2C_25000_bzip2__instcount_plainmodel,24000,16291,0.9730,1.76,0.044216,[.00
A2C_25000_bzip2__instcount_plainmodel,24000,16650,0.9450,1.72,0.044226,[.00
A2C_25000_bzip2__instcount_plainmodel,24000,16353,0.9682,1.75,0.04478,[.00
A2C_25000_bzip2__instcount_plainmodel,24000,16353,0.9682,1.75,0.046034,[.00
A2C_25000_bzip2__instcount_plainmodel,24000,17779,0.8568,1.61,0.045293,[.00
A2C_25000_bzip2__instcount_plainmodel,24000,16172,0.9823,1.77,0.044976,[.00
A2C_25000_bzip2__instcount_plainmodel,24000,17325,0.8922,1.65,0.048492,[.00
A2C_25000_bzip2__instcount_plainmodel,24000,15087,1.0670,1.90,0.073172,[.00
A2C_25000_bzip2__instcount_plainmodel,24000,13381,1.2003,2.14,0.079096,[.00
A2C_25000_bzip2__instcount_plainmodel,24000,16320,0.9707,1.76,0.045914,[.00
A2C_25000_bzip2__instcount_plainmodel,24000,13792,1.1682,2.08,0.079277,[.00
A2C_25000_bzip2__instcount_plainmodel,24000,16182,0.9815,1.77,0.045879,[.00
A2C_25000_bzip2__instcount_plainmodel,24000,16252,0.9760,1.76,0.04397,[.00
A2C_25000_bzip2__instcount_plainmodel,24000,16173,0.9822,1.77,0.046849,[.00
A2C_25000_bzip2__instcount_plainmodel,24000,16281,0.9738,1.76,0.047097,[.00
A2C_25000_bzip2__instcount_plainmodel,24000,16318,0.9709,1.76,0.043969,[.00
A2C_25000_bzip2__instcount_plainmodel,24000,17779,0.8568,1.61,0.046919,[.00
A2C_25000_bzip2__instcount_plainmodel,24000,16645,0.9453,1.72,0.046991,[.00
A2C_25000_bzip2__instcount_plainmodel,24000,16173,0.9822,1.77,0.047578,[.00
A2C_25000_bzip2__instcount_plainmodel,24000,17434,0.8837,1.64,0.045819,[.00
A2C_25000_bzip2__instcount_plainmodel,24000,17434,0.8837,1.64,0.046323,[.00
A2C_25000_bzip2__instcount_plainmodel,24000,16645,0.9453,1.72,0.044719,[.00
A2C_25000_bzip2__instcount_plainmodel,24000,16323,0.9705,1.76,0.044687,[.00
A2C_25000_bzip2__instcount_plainmodel,24000,17358,0.8897,1.65,0.045755,[.00
A2C_25000_bzip2__instcount_plainmodel,24000,13691,1.1761,2.09,0.078347,[.00
A2C_25000_bzip2__instcount_plainmodel,24000,15142,1.0628,1.89,0.074476,[.00
A2C_25000_bzip2__instcount_plainmodel,24000,16323,0.9705,1.76,0.046648,[.00
A2C_25000_bzip2__instcount_plainmodel,24000,16628,0.9467,1.72,0.047157,[.00
A2C_25000_bzip2__instcount_plainmodel,24000,16319,0.9708,1.76,0.0475,[.00
A2C_25000_bzip2__instcount_plainmodel,24000,16655,0.9446,1.72,0.046406,[.00
A2C_25000_bzip2__instcount_plainmodel,24000,16629,0.9466,1.72,0.046645,[.00
A2C_25000_bzip2__instcount_plainmodel,24000,13431,1.1964,2.14,0.080674,[.00
A2C_25000_bzip2__instcount_plainmodel,24000,16306,0.9718,1.76,0.048161,[.00
A2C_25000_bzip2__instcount_plainmodel,24000,16361,0.9675,1.75,0.045238,[.00
A2C_25000_bzip2__instcount_plainmodel,24000,16667,0.9436,1.72,0.047845,[.00
A2C_25000_bzip2__instcount_plainmodel,24000,16210,0.9793,1.77,0.045507,[.00
A2C_25000_bzip2__instcount_plainmodel,24000,16628,0.9467,1.72,0.047279,[.00
A2C_25000_bzip2__instcount_plainmodel,24000,16356,0.9679,1.75,0.047215,[.00
A2C_25000_bzip2__instcount_plainmodel,25000,13796,1.1679,2.08,0.085266,[.00
A2C_25000_bzip2__instcount_plainmodel,25000,16680,0.9426,1.72,0.047237,[.00
A2C_25000_bzip2__instcount_plainmodel,25000,16397,0.9647,1.75,0.045054,[.00
A2C_25000_bzip2__instcount_plainmodel,25000,16645,0.9453,1.72,0.045981,[.00
A2C_25000_bzip2__instcount_plainmodel,25000,16331,0.9699,1.76,0.047955,[.00
A2C_25000_bzip2__instcount_plainmodel,25000,16736,0.9382,1.71,0.046286,[.00
A2C_25000_bzip2__instcount_plainmodel,25000,16397,0.9647,1.75,0.045377,[.00
A2C_25000_bzip2__instcount_plainmodel,25000,16657,0.9444,1.72,0.046945,[.00
A2C_25000_bzip2__instcount_plainmodel,25000,16672,0.9432,1.72,0.046384,[.00
A2C_25000_bzip2__instcount_plainmodel,25000,16672,0.9432,1.72,0.046521,[.00
A2C_25000_bzip2__instcount_plainmodel,25000,16672,0.9432,1.72,0.046797,[.00
A2C_25000_bzip2__instcount_plainmodel,25000,16331,0.9699,1.76,0.046704,[.00
A2C_25000_bzip2__instcount_plainmodel,25000,16622,0.9471,1.72,0.046234,[.00
A2C_25000_bzip2__instcount_plainmodel,25000,13791,1.1683,2.08,0.08423,[.00
A2C_25000_bzip2__instcount_plainmodel,25000,16684,0.9423,1.72,0.046232,[.00
A2C_25000_bzip2__instcount_plainmodel,25000,13855,1.1633,2.07,0.089507,[.00
A2C_25000_bzip2__instcount_plainmodel,25000,16680,0.9426,1.72,0.046832,[.00
A2C_25000_bzip2__instcount_plainmodel,25000,16549,0.9528,1.73,0.044999,[.00
A2C_25000_bzip2__instcount_plainmodel,25000,16392,0.9651,1.75,0.044071,[.00
A2C_25000_bzip2__instcount_plainmodel,25000,16645,0.9453,1.72,0.045689,[.00
A2C_25000_bzip2__instcount_plainmodel,25000,16646,0.9453,1.72,0.046822,[.00
A2C_25000_bzip2__instcount_plainmodel,25000,16331,0.9699,1.76,0.046943,[.00
A2C_25000_bzip2__instcount_plainmodel,25000,16714,0.9400,1.71,0.04519,[.00
A2C_25000_bzip2__instcount_plainmodel,25000,16927,0.9233,1.69,0.047578,[.00
A2C_25000_bzip2__instcount_plainmodel,25000,16234,0.9775,1.77,0.046328,[.00
A2C_25000_bzip2__instcount_plainmodel,25000,16384,0.9657,1.75,0.04479,[.00
A2C_25000_bzip2__instcount_plainmodel,25000,16528,0.9545,1.73,0.045054,[.00
A2C_25000_bzip2__instcount_plainmodel,25000,16620,0.9473,1.72,0.045139,[.00
A2C_25000_bzip2__instcount_plainmodel,25000,16728,0.9389,1.71,0.044908,[.00
A2C_25000_bzip2__instcount_plainmodel,25000,16391,0.9652,1.75,0.045214,[.00
A2C_25000_bzip2__instcount_plainmodel,25000,16329,0.9700,1.76,0.044011,[.00
A2C_25000_bzip2__instcount_plainmodel,25000,16566,0.9515,1.73,0.045703,[.00
A2C_25000_bzip2__instcount_plainmodel,25000,16728,0.9389,1.71,0.04483,[.00
A2C_25000_bzip2__instcount_plainmodel,25000,16728,0.9389,1.71,0.04542,[.00
A2C_25000_bzip2__instcount_plainmodel,25000,16220,0.9785,1.77,0.045328,[.00
A2C_25000_bzip2__instcount_plainmodel,25000,16587,0.9499,1.73,0.045279,[.00
A2C_25000_bzip2__instcount_plainmodel,25000,17520,0.8770,1.64,0.044367,[.00
A2C_25000_bzip2__instcount_plainmodel,25000,16225,0.9782,1.77,0.047083,[.00
A2C_25000_bzip2__instcount_plainmodel,25000,16529,0.9544,1.73,0.045388,[.00
A2C_25000_bzip2__instcount_plainmodel,25000,16565,0.9516,1.73,0.045823,[.00
A2C_25000_bzip2__instcount_plainmodel,25000,16675,0.9430,1.72,0.046426,[.00
A2C_25000_bzip2__instcount_plainmodel,25000,16674,0.9431,1.72,0.045158,[.00
A2C_25000_bzip2__instcount_plainmodel,25000,16371,0.9668,1.75,0.046535,[.00
A2C_25000_bzip2__instcount_plainmodel,25000,16331,0.9699,1.76,0.050868,[.00
A2C_25000_bzip2__instcount_plainmodel,25000,16645,0.9453,1.72,0.046388,[.00
A2C_25000_bzip2__instcount_plainmodel,25000,16608,0.9482,1.73,0.047262,[.00
A2C_25000_bzip2__instcount_plainmodel,25000,16769,0.9357,1.71,0.045204,[.00
A2C_25000_bzip2__instcount_plainmodel,25000,16622,0.9471,1.72,0.047067,[.00
A2C_25000_bzip2__instcount_plainmodel,25000,16711,0.9402,1.72,0.045286,[.00
A2C_25000_bzip2__instcount_plainmodel,25000,16176,0.9820,1.77,0.045483,[.00
A2C_25000_bzip2__instcount_plainmodel,25000,14417,1.1194,1.99,0.071596,[.00
A2C_25000_bzip2__instcount_plainmodel,25000,16668,0.9436,1.72,0.044338,[.00
A2C_25000_bzip2__instcount_plainmodel,25000,16646,0.9453,1.72,0.045402,[.00
A2C_25000_bzip2__instcount_plainmodel,25000,16672,0.9432,1.72,0.044899,[.00
A2C_25000_bzip2__instcount_plainmodel,25000,13830,1.1652,2.07,0.087476,[.00
A2C_25000_bzip2__instcount_plainmodel,25000,16728,0.9389,1.71,0.044771,[.00
A2C_25000_bzip2__instcount_plainmodel,25000,16672,0.9432,1.72,0.046021,[.00
A2C_25000_bzip2__instcount_plainmodel,25000,16276,0.9742,1.76,0.044411,[.00
A2C_25000_bzip2__instcount_plainmodel,25000,16672,0.9432,1.72,0.046545,[.00
A2C_25000_bzip2__instcount_plainmodel,25000,16750,0.9371,1.71,0.04814,[.00
A2C_25000_bzip2__instcount_plainmodel,25000,16680,0.9426,1.72,0.045145,[.00
A2C_25000_bzip2__instcount_plainmodel,25000,16379,0.9661,1.75,0.045163,[.00
A2C_25000_bzip2__instcount_plainmodel,25000,16621,0.9472,1.72,0.048659,[.00
A2C_25000_bzip2__instcount_plainmodel,25000,16645,0.9453,1.72,0.047495,[.00
A2C_25000_bzip2__instcount_plainmodel,25000,16655,0.9446,1.72,0.045323,[.00
A2C_25000_bzip2__instcount_plainmodel,25000,16836,0.9304,1.70,0.04581,[.00
A2C_25000_bzip2__instcount_plainmodel,25000,16653,0.9447,1.72,0.046876,[.00
A2C_25000_bzip2__instcount_plainmodel,25000,13741,1.1722,2.09,0.078105,[.00
A2C_25000_bzip2__instcount_plainmodel,25000,16716,0.9398,1.71,0.045595,[.00
A2C_25000_bzip2__instcount_plainmodel,25000,16568,0.9514,1.73,0.044421,[.00
A2C_25000_bzip2__instcount_plainmodel,25000,16213,0.9791,1.77,0.047072,[.00
A2C_25000_bzip2__instcount_plainmodel,25000,16622,0.9471,1.72,0.04471,[.00
A2C_25000_bzip2__instcount_plainmodel,25000,16271,0.9746,1.76,0.044971,[.00
A2C_25000_bzip2__instcount_plainmodel,25000,16539,0.9536,1.73,0.045779,[.00
A2C_25000_bzip2__instcount_plainmodel,25000,16646,0.9453,1.72,0.04551,[.00
A2C_25000_bzip2__instcount_plainmodel,25000,16548,0.9529,1.73,0.044452,[.00
A2C_25000_bzip2__instcount_plainmodel,25000,16622,0.9471,1.72,0.046381,[.00
A2C_25000_bzip2__instcount_plainmodel,25000,16672,0.9432,1.72,0.045046,[.00
A2C_25000_bzip2__instcount_plainmodel,25000,16728,0.9389,1.71,0.046025,[.00
A2C_25000_bzip2__instcount_plainmodel,25000,16698,0.9412,1.72,0.047082,[.00
A2C_25000_bzip2__instcount_plainmodel,25000,16289,0.9732,1.76,0.04517,[.00
A2C_25000_bzip2__instcount_plainmodel,25000,16607,0.9483,1.73,0.045661,[.00
A2C_25000_bzip2__instcount_plainmodel,25000,16645,0.9453,1.72,0.050496,[.00
A2C_25000_bzip2__instcount_plainmodel,25000,16397,0.9647,1.75,0.04674,[.00
A2C_25000_bzip2__instcount_plainmodel,25000,13841,1.1644,2.07,0.082711,[.00
A2C_25000_bzip2__instcount_plainmodel,25000,16645,0.9453,1.72,0.047636,[.00
A2C_25000_bzip2__instcount_plainmodel,25000,16565,0.9516,1.73,0.044926,[.00
A2C_25000_bzip2__instcount_plainmodel,25000,13481,1.1925,2.13,0.083262,[.00
A2C_25000_bzip2__instcount_plainmodel,25000,16680,0.9426,1.72,0.045706,[.00
A2C_25000_bzip2__instcount_plainmodel,25000,16632,0.9464,1.72,0.045006,[.00
A2C_25000_bzip2__instcount_plainmodel,25000,16567,0.9514,1.73,0.051275,[.00
A2C_25000_bzip2__instcount_plainmodel,25000,16628,0.9467,1.72,0.045206,[.00
A2C_25000_bzip2__instcount_plainmodel,25000,16718,0.9396,1.71,0.068968,[.00
A2C_25000_bzip2__instcount_plainmodel,25000,16716,0.9398,1.71,0.048695,[.00
A2C_25000_bzip2__instcount_plainmodel,25000,16539,0.9536,1.73,0.045416,[.00
A2C_25000_bzip2__instcount_plainmodel,25000,14166,1.1390,2.02,0.083561,[.00
A2C_25000_bzip2__instcount_plainmodel,25000,16730,0.9387,1.71,0.047272,[.00
A2C_25000_bzip2__instcount_plainmodel,25000,16253,0.9760,1.76,0.046352,[.00
A2C_25000_bzip2__instcount_plainmodel,25000,16728,0.9389,1.71,0.044752,[.00
A2C_25000_bzip2__instcount_plainmodel,25000,16539,0.9536,1.73,0.04651,[.00
