A2C_25000_bzip2__instcount_plainmodelHyper,1000,31778,-0.2366,0.90,0.049431,[.00
A2C_25000_bzip2__instcount_plainmodelHyper,1000,17587,0.8718,1.63,0.072754,[.00
A2C_25000_bzip2__instcount_plainmodelHyper,1000,20814,0.6197,1.38,0.048973,[.00
A2C_25000_bzip2__instcount_plainmodelHyper,1000,16351,0.9683,1.75,0.068898,[.00
A2C_25000_bzip2__instcount_plainmodelHyper,1000,15536,1.0320,1.85,0.079636,[.00
A2C_25000_bzip2__instcount_plainmodelHyper,1000,18871,0.7715,1.52,0.068367,[.00
A2C_25000_bzip2__instcount_plainmodelHyper,1000,14745,1.0938,1.94,0.081951,[.00
A2C_25000_bzip2__instcount_plainmodelHyper,1000,21818,0.5413,1.31,0.047303,[.00
A2C_25000_bzip2__instcount_plainmodelHyper,1000,17713,0.8619,1.62,0.087709,[.00
A2C_25000_bzip2__instcount_plainmodelHyper,1000,21159,0.5927,1.35,0.081875,[.00
A2C_25000_bzip2__instcount_plainmodelHyper,1000,24841,0.3051,1.15,0.069032,[.00
A2C_25000_bzip2__instcount_plainmodelHyper,1000,22596,0.4805,1.27,0.046697,[.00
A2C_25000_bzip2__instcount_plainmodelHyper,1000,16807,0.9327,1.71,0.074753,[.00
A2C_25000_bzip2__instcount_plainmodelHyper,1000,21809,0.5420,1.31,0.082787,[.00
A2C_25000_bzip2__instcount_plainmodelHyper,1000,23062,0.4441,1.24,0.048284,[.00
A2C_25000_bzip2__instcount_plainmodelHyper,1000,22677,0.4742,1.26,0.085288,[.00
A2C_25000_bzip2__instcount_plainmodelHyper,1000,29403,-0.0511,0.97,0.081445,[.00
A2C_25000_bzip2__instcount_plainmodelHyper,1000,16218,0.9787,1.77,0.073092,[.00
A2C_25000_bzip2__instcount_plainmodelHyper,1000,35159,-0.5007,0.81,0.092179,[.00
A2C_25000_bzip2__instcount_plainmodelHyper,1000,21884,0.5361,1.31,0.094514,[.00
A2C_25000_bzip2__instcount_plainmodelHyper,1000,21883,0.5362,1.31,0.045679,[.00
A2C_25000_bzip2__instcount_plainmodelHyper,1000,22358,0.4991,1.28,0.048194,[.00
A2C_25000_bzip2__instcount_plainmodelHyper,1000,17259,0.8974,1.66,0.08454,[.00
A2C_25000_bzip2__instcount_plainmodelHyper,1000,58763,-2.3445,0.48,0.110208,[.00
A2C_25000_bzip2__instcount_plainmodelHyper,1000,16441,0.9613,1.74,0.072323,[.00
A2C_25000_bzip2__instcount_plainmodelHyper,1000,37347,-0.6716,0.76,0.051428,[.00
A2C_25000_bzip2__instcount_plainmodelHyper,1000,16417,0.9632,1.75,0.069995,[.00
A2C_25000_bzip2__instcount_plainmodelHyper,1000,22525,0.4860,1.27,0.081693,[.00
A2C_25000_bzip2__instcount_plainmodelHyper,1000,21678,0.5522,1.32,0.045217,[.00
A2C_25000_bzip2__instcount_plainmodelHyper,1000,27771,0.0763,1.03,0.051173,[.00
A2C_25000_bzip2__instcount_plainmodelHyper,1000,17750,0.8590,1.61,0.068275,[.00
A2C_25000_bzip2__instcount_plainmodelHyper,1000,23661,0.3973,1.21,0.04695,[.00
A2C_25000_bzip2__instcount_plainmodelHyper,1000,19725,0.7048,1.45,0.071705,[.00
A2C_25000_bzip2__instcount_plainmodelHyper,1000,14715,1.0961,1.95,0.083469,[.00
A2C_25000_bzip2__instcount_plainmodelHyper,1000,40284,-0.9011,0.71,0.084541,[.00
A2C_25000_bzip2__instcount_plainmodelHyper,1000,19848,0.6952,1.44,0.076264,[.00
A2C_25000_bzip2__instcount_plainmodelHyper,1000,16092,0.9885,1.78,0.06946,[.00
A2C_25000_bzip2__instcount_plainmodelHyper,1000,17967,0.8421,1.60,0.078468,[.00
A2C_25000_bzip2__instcount_plainmodelHyper,1000,25107,0.2844,1.14,0.047632,[.00
A2C_25000_bzip2__instcount_plainmodelHyper,1000,16842,0.9300,1.70,0.07082,[.00
A2C_25000_bzip2__instcount_plainmodelHyper,1000,20319,0.6584,1.41,0.046052,[.00
A2C_25000_bzip2__instcount_plainmodelHyper,1000,17221,0.9004,1.66,0.069126,[.00
A2C_25000_bzip2__instcount_plainmodelHyper,1000,19865,0.6938,1.44,0.070847,[.00
A2C_25000_bzip2__instcount_plainmodelHyper,1000,19634,0.7119,1.46,0.067723,[.00
A2C_25000_bzip2__instcount_plainmodelHyper,1000,15618,1.0256,1.84,0.073267,[.00
A2C_25000_bzip2__instcount_plainmodelHyper,1000,20987,0.6062,1.36,0.045252,[.00
A2C_25000_bzip2__instcount_plainmodelHyper,1000,15550,1.0309,1.84,0.071903,[.00
A2C_25000_bzip2__instcount_plainmodelHyper,1000,16830,0.9309,1.70,0.067738,[.00
A2C_25000_bzip2__instcount_plainmodelHyper,1000,29860,-0.0868,0.96,0.046762,[.00
A2C_25000_bzip2__instcount_plainmodelHyper,1000,34366,-0.4388,0.83,0.049494,[.00
A2C_25000_bzip2__instcount_plainmodelHyper,1000,20559,0.6396,1.39,0.048616,[.00
A2C_25000_bzip2__instcount_plainmodelHyper,1000,28510,0.0185,1.00,0.051499,[.00
A2C_25000_bzip2__instcount_plainmodelHyper,1000,35536,-0.5302,0.80,0.114517,[.00
A2C_25000_bzip2__instcount_plainmodelHyper,1000,16604,0.9486,1.73,0.069785,[.00
A2C_25000_bzip2__instcount_plainmodelHyper,1000,19592,0.7152,1.46,0.084098,[.00
A2C_25000_bzip2__instcount_plainmodelHyper,1000,17039,0.9146,1.68,0.070484,[.00
A2C_25000_bzip2__instcount_plainmodelHyper,1000,23490,0.4107,1.22,0.082859,[.00
A2C_25000_bzip2__instcount_plainmodelHyper,1000,15158,1.0615,1.89,0.073033,[.00
A2C_25000_bzip2__instcount_plainmodelHyper,1000,28495,0.0197,1.00,0.049933,[.00
A2C_25000_bzip2__instcount_plainmodelHyper,1000,22359,0.4990,1.28,0.045858,[.00
A2C_25000_bzip2__instcount_plainmodelHyper,1000,42441,-1.0695,0.67,0.112689,[.00
A2C_25000_bzip2__instcount_plainmodelHyper,1000,18476,0.8023,1.55,0.070708,[.00
A2C_25000_bzip2__instcount_plainmodelHyper,1000,15889,1.0044,1.80,0.068564,[.00
A2C_25000_bzip2__instcount_plainmodelHyper,1000,15117,1.0647,1.90,0.072257,[.00
A2C_25000_bzip2__instcount_plainmodelHyper,1000,27423,0.1034,1.04,0.078952,[.00
A2C_25000_bzip2__instcount_plainmodelHyper,1000,28861,-0.0088,0.99,0.080364,[.00
A2C_25000_bzip2__instcount_plainmodelHyper,1000,21499,0.5662,1.33,0.083568,[.00
A2C_25000_bzip2__instcount_plainmodelHyper,1000,16064,0.9907,1.78,0.07296,[.00
A2C_25000_bzip2__instcount_plainmodelHyper,1000,16797,0.9335,1.71,0.066158,[.00
A2C_25000_bzip2__instcount_plainmodelHyper,1000,19069,0.7560,1.50,0.083939,[.00
A2C_25000_bzip2__instcount_plainmodelHyper,1000,47567,-1.4700,0.60,0.124466,[.00
A2C_25000_bzip2__instcount_plainmodelHyper,1000,16473,0.9588,1.74,0.073216,[.00
A2C_25000_bzip2__instcount_plainmodelHyper,1000,17268,0.8967,1.66,0.074562,[.00
A2C_25000_bzip2__instcount_plainmodelHyper,1000,16951,0.9214,1.69,0.0721,[.00
A2C_25000_bzip2__instcount_plainmodelHyper,1000,23597,0.4023,1.21,0.070977,[.00
A2C_25000_bzip2__instcount_plainmodelHyper,1000,17251,0.8980,1.66,0.085374,[.00
A2C_25000_bzip2__instcount_plainmodelHyper,1000,16537,0.9538,1.73,0.081304,[.00
A2C_25000_bzip2__instcount_plainmodelHyper,1000,15780,1.0129,1.82,0.071541,[.00
A2C_25000_bzip2__instcount_plainmodelHyper,1000,28770,-0.0017,0.99,0.045439,[.00
A2C_25000_bzip2__instcount_plainmodelHyper,1000,21759,0.5459,1.32,0.07887,[.00
A2C_25000_bzip2__instcount_plainmodelHyper,1000,17182,0.9034,1.67,0.079227,[.00
A2C_25000_bzip2__instcount_plainmodelHyper,1000,19881,0.6926,1.44,0.088025,[.00
A2C_25000_bzip2__instcount_plainmodelHyper,1000,20050,0.6794,1.43,0.068997,[.00
A2C_25000_bzip2__instcount_plainmodelHyper,1000,45409,-1.3014,0.63,0.057811,[.00
A2C_25000_bzip2__instcount_plainmodelHyper,1000,23777,0.3882,1.20,0.075736,[.00
A2C_25000_bzip2__instcount_plainmodelHyper,1000,18364,0.8111,1.56,0.082328,[.00
A2C_25000_bzip2__instcount_plainmodelHyper,1000,24724,0.3143,1.16,0.05049,[.00
A2C_25000_bzip2__instcount_plainmodelHyper,1000,16395,0.9649,1.75,0.06979,[.00
A2C_25000_bzip2__instcount_plainmodelHyper,1000,21439,0.5709,1.34,0.083595,[.00
A2C_25000_bzip2__instcount_plainmodelHyper,1000,32489,-0.2922,0.88,0.050013,[.00
A2C_25000_bzip2__instcount_plainmodelHyper,1000,33665,-0.3840,0.85,0.083696,[.00
A2C_25000_bzip2__instcount_plainmodelHyper,1000,18559,0.7958,1.54,0.080168,[.00
A2C_25000_bzip2__instcount_plainmodelHyper,1000,33960,-0.4071,0.84,0.084444,[.00
A2C_25000_bzip2__instcount_plainmodelHyper,1000,25230,0.2748,1.13,0.048329,[.00
A2C_25000_bzip2__instcount_plainmodelHyper,1000,19422,0.7284,1.48,0.071055,[.00
A2C_25000_bzip2__instcount_plainmodelHyper,1000,15987,0.9967,1.79,0.085136,[.00
A2C_25000_bzip2__instcount_plainmodelHyper,1000,20638,0.6334,1.39,0.083635,[.00
A2C_25000_bzip2__instcount_plainmodelHyper,1000,17758,0.8584,1.61,0.094801,[.00
A2C_25000_bzip2__instcount_plainmodelHyper,1000,18005,0.8391,1.59,0.084884,[.00
A2C_25000_bzip2__instcount_plainmodelHyper,1000,15919,1.0021,1.80,0.069812,[.00
A2C_25000_bzip2__instcount_plainmodelHyper,2000,20475,0.6462,1.40,0.076434,[.00
A2C_25000_bzip2__instcount_plainmodelHyper,2000,16898,0.9256,1.70,0.073426,[.00
A2C_25000_bzip2__instcount_plainmodelHyper,2000,17740,0.8598,1.62,0.068875,[.00
A2C_25000_bzip2__instcount_plainmodelHyper,2000,16473,0.9588,1.74,0.084894,[.00
A2C_25000_bzip2__instcount_plainmodelHyper,2000,18915,0.7680,1.51,0.0745,[.00
A2C_25000_bzip2__instcount_plainmodelHyper,2000,17229,0.8997,1.66,0.045273,[.00
A2C_25000_bzip2__instcount_plainmodelHyper,2000,16424,0.9626,1.75,0.082332,[.00
A2C_25000_bzip2__instcount_plainmodelHyper,2000,16859,0.9286,1.70,0.07085,[.00
A2C_25000_bzip2__instcount_plainmodelHyper,2000,21614,0.5572,1.33,0.049061,[.00
A2C_25000_bzip2__instcount_plainmodelHyper,2000,22030,0.5247,1.30,0.067862,[.00
A2C_25000_bzip2__instcount_plainmodelHyper,2000,16326,0.9703,1.76,0.086965,[.00
A2C_25000_bzip2__instcount_plainmodelHyper,2000,13793,1.1681,2.08,0.082989,[.00
A2C_25000_bzip2__instcount_plainmodelHyper,2000,23566,0.4047,1.21,0.089222,[.00
A2C_25000_bzip2__instcount_plainmodelHyper,2000,18836,0.7742,1.52,0.074753,[.00
A2C_25000_bzip2__instcount_plainmodelHyper,2000,16484,0.9579,1.74,0.070623,[.00
A2C_25000_bzip2__instcount_plainmodelHyper,2000,29644,-0.0699,0.96,0.080993,[.00
A2C_25000_bzip2__instcount_plainmodelHyper,2000,25108,0.2843,1.14,0.067177,[.00
A2C_25000_bzip2__instcount_plainmodelHyper,2000,16919,0.9239,1.69,0.093345,[.00
A2C_25000_bzip2__instcount_plainmodelHyper,2000,20112,0.6745,1.42,0.069805,[.00
A2C_25000_bzip2__instcount_plainmodelHyper,2000,25229,0.2748,1.13,0.070056,[.00
A2C_25000_bzip2__instcount_plainmodelHyper,2000,16127,0.9858,1.78,0.068334,[.00
A2C_25000_bzip2__instcount_plainmodelHyper,2000,18640,0.7895,1.54,0.0783,[.00
A2C_25000_bzip2__instcount_plainmodelHyper,2000,30120,-0.1071,0.95,0.050575,[.00
A2C_25000_bzip2__instcount_plainmodelHyper,2000,14324,1.1266,2.00,0.067094,[.00
A2C_25000_bzip2__instcount_plainmodelHyper,2000,19838,0.6959,1.44,0.108537,[.00
A2C_25000_bzip2__instcount_plainmodelHyper,2000,23387,0.4187,1.22,0.08362,[.00
A2C_25000_bzip2__instcount_plainmodelHyper,2000,15964,0.9985,1.80,0.082842,[.00
A2C_25000_bzip2__instcount_plainmodelHyper,2000,15424,1.0407,1.86,0.071975,[.00
A2C_25000_bzip2__instcount_plainmodelHyper,2000,21126,0.5953,1.36,0.044879,[.00
A2C_25000_bzip2__instcount_plainmodelHyper,2000,23557,0.4054,1.22,0.083963,[.00
A2C_25000_bzip2__instcount_plainmodelHyper,2000,16265,0.9750,1.76,0.069663,[.00
A2C_25000_bzip2__instcount_plainmodelHyper,2000,49490,-1.6202,0.58,0.114481,[.00
A2C_25000_bzip2__instcount_plainmodelHyper,2000,27678,0.0835,1.03,0.106363,[.00
A2C_25000_bzip2__instcount_plainmodelHyper,2000,22898,0.4569,1.25,0.092617,[.00
A2C_25000_bzip2__instcount_plainmodelHyper,2000,15738,1.0162,1.82,0.07591,[.00
A2C_25000_bzip2__instcount_plainmodelHyper,2000,24411,0.3387,1.17,0.045435,[.00
A2C_25000_bzip2__instcount_plainmodelHyper,2000,22155,0.5149,1.29,0.046512,[.00
A2C_25000_bzip2__instcount_plainmodelHyper,2000,17963,0.8424,1.60,0.080012,[.00
A2C_25000_bzip2__instcount_plainmodelHyper,2000,25338,0.2663,1.13,0.051012,[.00
A2C_25000_bzip2__instcount_plainmodelHyper,2000,15058,1.0693,1.90,0.079159,[.00
A2C_25000_bzip2__instcount_plainmodelHyper,2000,22699,0.4725,1.26,0.087919,[.00
A2C_25000_bzip2__instcount_plainmodelHyper,2000,16551,0.9527,1.73,0.070102,[.00
A2C_25000_bzip2__instcount_plainmodelHyper,2000,21490,0.5669,1.33,0.056036,[.00
A2C_25000_bzip2__instcount_plainmodelHyper,2000,18884,0.7705,1.52,0.08489,[.00
A2C_25000_bzip2__instcount_plainmodelHyper,2000,21465,0.5688,1.33,0.048001,[.00
A2C_25000_bzip2__instcount_plainmodelHyper,2000,16398,0.9646,1.75,0.076883,[.00
A2C_25000_bzip2__instcount_plainmodelHyper,2000,26536,0.1727,1.08,0.069395,[.00
A2C_25000_bzip2__instcount_plainmodelHyper,2000,15858,1.0068,1.81,0.069491,[.00
A2C_25000_bzip2__instcount_plainmodelHyper,2000,23952,0.3746,1.20,0.048772,[.00
A2C_25000_bzip2__instcount_plainmodelHyper,2000,25210,0.2763,1.14,0.047577,[.00
A2C_25000_bzip2__instcount_plainmodelHyper,2000,17124,0.9079,1.67,0.084274,[.00
A2C_25000_bzip2__instcount_plainmodelHyper,2000,16574,0.9509,1.73,0.071456,[.00
A2C_25000_bzip2__instcount_plainmodelHyper,2000,17887,0.8483,1.60,0.083471,[.00
A2C_25000_bzip2__instcount_plainmodelHyper,2000,37499,-0.6835,0.76,0.122217,[.00
A2C_25000_bzip2__instcount_plainmodelHyper,2000,22153,0.5151,1.29,0.077814,[.00
A2C_25000_bzip2__instcount_plainmodelHyper,2000,16121,0.9863,1.78,0.083955,[.00
A2C_25000_bzip2__instcount_plainmodelHyper,2000,21255,0.5852,1.35,0.048036,[.00
A2C_25000_bzip2__instcount_plainmodelHyper,2000,16563,0.9518,1.73,0.067531,[.00
A2C_25000_bzip2__instcount_plainmodelHyper,2000,26696,0.1602,1.07,0.047073,[.00
A2C_25000_bzip2__instcount_plainmodelHyper,2000,16115,0.9867,1.78,0.089146,[.00
A2C_25000_bzip2__instcount_plainmodelHyper,2000,19169,0.7482,1.49,0.069156,[.00
A2C_25000_bzip2__instcount_plainmodelHyper,2000,18218,0.8225,1.57,0.0699,[.00
A2C_25000_bzip2__instcount_plainmodelHyper,2000,19033,0.7588,1.51,0.047656,[.00
A2C_25000_bzip2__instcount_plainmodelHyper,2000,16105,0.9875,1.78,0.078651,[.00
A2C_25000_bzip2__instcount_plainmodelHyper,2000,15267,1.0530,1.88,0.070318,[.00
A2C_25000_bzip2__instcount_plainmodelHyper,2000,14591,1.1058,1.97,0.080169,[.00
A2C_25000_bzip2__instcount_plainmodelHyper,2000,15982,0.9971,1.79,0.071236,[.00
A2C_25000_bzip2__instcount_plainmodelHyper,2000,16247,0.9764,1.76,0.066768,[.00
A2C_25000_bzip2__instcount_plainmodelHyper,2000,20790,0.6216,1.38,0.049412,[.00
A2C_25000_bzip2__instcount_plainmodelHyper,2000,16677,0.9428,1.72,0.075226,[.00
A2C_25000_bzip2__instcount_plainmodelHyper,2000,30472,-0.1346,0.94,0.084152,[.00
A2C_25000_bzip2__instcount_plainmodelHyper,2000,28370,0.0295,1.01,0.049936,[.00
A2C_25000_bzip2__instcount_plainmodelHyper,2000,19563,0.7174,1.46,0.067146,[.00
A2C_25000_bzip2__instcount_plainmodelHyper,2000,39254,-0.8206,0.73,0.087153,[.00
A2C_25000_bzip2__instcount_plainmodelHyper,2000,20871,0.6152,1.37,0.045919,[.00
A2C_25000_bzip2__instcount_plainmodelHyper,2000,30959,-0.1727,0.92,0.055589,[.00
A2C_25000_bzip2__instcount_plainmodelHyper,2000,17866,0.8500,1.60,0.072955,[.00
A2C_25000_bzip2__instcount_plainmodelHyper,2000,21997,0.5273,1.30,0.047529,[.00
A2C_25000_bzip2__instcount_plainmodelHyper,2000,18949,0.7654,1.51,0.084372,[.00
A2C_25000_bzip2__instcount_plainmodelHyper,2000,19852,0.6948,1.44,0.048741,[.00
A2C_25000_bzip2__instcount_plainmodelHyper,2000,22647,0.4765,1.26,0.084069,[.00
A2C_25000_bzip2__instcount_plainmodelHyper,2000,29558,-0.0632,0.97,0.096059,[.00
A2C_25000_bzip2__instcount_plainmodelHyper,2000,19098,0.7537,1.50,0.081913,[.00
A2C_25000_bzip2__instcount_plainmodelHyper,2000,22717,0.4710,1.26,0.049892,[.00
A2C_25000_bzip2__instcount_plainmodelHyper,2000,28713,0.0027,1.00,0.051254,[.00
A2C_25000_bzip2__instcount_plainmodelHyper,2000,17393,0.8869,1.65,0.084924,[.00
A2C_25000_bzip2__instcount_plainmodelHyper,2000,21193,0.5901,1.35,0.04631,[.00
A2C_25000_bzip2__instcount_plainmodelHyper,2000,30558,-0.1413,0.94,0.050545,[.00
A2C_25000_bzip2__instcount_plainmodelHyper,2000,19681,0.7082,1.46,0.081805,[.00
A2C_25000_bzip2__instcount_plainmodelHyper,2000,22766,0.4672,1.26,0.082581,[.00
A2C_25000_bzip2__instcount_plainmodelHyper,2000,18366,0.8109,1.56,0.047012,[.00
A2C_25000_bzip2__instcount_plainmodelHyper,2000,16735,0.9383,1.71,0.065259,[.00
A2C_25000_bzip2__instcount_plainmodelHyper,2000,16516,0.9554,1.74,0.094825,[.00
A2C_25000_bzip2__instcount_plainmodelHyper,2000,20421,0.6504,1.40,0.089485,[.00
A2C_25000_bzip2__instcount_plainmodelHyper,2000,15228,1.0560,1.88,0.068304,[.00
A2C_25000_bzip2__instcount_plainmodelHyper,2000,25741,0.2348,1.11,0.047757,[.00
A2C_25000_bzip2__instcount_plainmodelHyper,2000,23044,0.4455,1.24,0.10382,[.00
A2C_25000_bzip2__instcount_plainmodelHyper,2000,37306,-0.6684,0.77,0.083454,[.00
A2C_25000_bzip2__instcount_plainmodelHyper,2000,17686,0.8640,1.62,0.076571,[.00
A2C_25000_bzip2__instcount_plainmodelHyper,2000,15797,1.0116,1.81,0.072763,[.00
A2C_25000_bzip2__instcount_plainmodelHyper,3000,40461,-0.9149,0.71,0.113953,[.00
A2C_25000_bzip2__instcount_plainmodelHyper,3000,19008,0.7608,1.51,0.06879,[.00
A2C_25000_bzip2__instcount_plainmodelHyper,3000,15142,1.0628,1.89,0.077704,[.00
A2C_25000_bzip2__instcount_plainmodelHyper,3000,16087,0.9889,1.78,0.068252,[.00
A2C_25000_bzip2__instcount_plainmodelHyper,3000,15743,1.0158,1.82,0.069528,[.00
A2C_25000_bzip2__instcount_plainmodelHyper,3000,16113,0.9869,1.78,0.074484,[.00
A2C_25000_bzip2__instcount_plainmodelHyper,3000,44071,-1.1969,0.65,0.124871,[.00
A2C_25000_bzip2__instcount_plainmodelHyper,3000,19661,0.7098,1.46,0.078753,[.00
A2C_25000_bzip2__instcount_plainmodelHyper,3000,24307,0.3468,1.18,0.079714,[.00
A2C_25000_bzip2__instcount_plainmodelHyper,3000,15684,1.0204,1.83,0.079778,[.00
A2C_25000_bzip2__instcount_plainmodelHyper,3000,21224,0.5877,1.35,0.078238,[.00
A2C_25000_bzip2__instcount_plainmodelHyper,3000,19915,0.6899,1.44,0.045718,[.00
A2C_25000_bzip2__instcount_plainmodelHyper,3000,29895,-0.0895,0.96,0.051562,[.00
A2C_25000_bzip2__instcount_plainmodelHyper,3000,21292,0.5824,1.35,0.091378,[.00
A2C_25000_bzip2__instcount_plainmodelHyper,3000,20273,0.6620,1.41,0.092795,[.00
A2C_25000_bzip2__instcount_plainmodelHyper,3000,22096,0.5196,1.30,0.047795,[.00
A2C_25000_bzip2__instcount_plainmodelHyper,3000,18188,0.8248,1.58,0.087062,[.00
A2C_25000_bzip2__instcount_plainmodelHyper,3000,18808,0.7764,1.52,0.071748,[.00
A2C_25000_bzip2__instcount_plainmodelHyper,3000,17058,0.9131,1.68,0.102498,[.00
A2C_25000_bzip2__instcount_plainmodelHyper,3000,21612,0.5574,1.33,0.046278,[.00
A2C_25000_bzip2__instcount_plainmodelHyper,3000,30485,-0.1356,0.94,0.049098,[.00
A2C_25000_bzip2__instcount_plainmodelHyper,3000,21612,0.5574,1.33,0.048328,[.00
A2C_25000_bzip2__instcount_plainmodelHyper,3000,17854,0.8509,1.61,0.046573,[.00
A2C_25000_bzip2__instcount_plainmodelHyper,3000,29859,-0.0867,0.96,0.057889,[.00
A2C_25000_bzip2__instcount_plainmodelHyper,3000,17077,0.9116,1.68,0.075697,[.00
A2C_25000_bzip2__instcount_plainmodelHyper,3000,19640,0.7114,1.46,0.083889,[.00
A2C_25000_bzip2__instcount_plainmodelHyper,3000,16442,0.9612,1.74,0.071116,[.00
A2C_25000_bzip2__instcount_plainmodelHyper,3000,16129,0.9857,1.78,0.072286,[.00
A2C_25000_bzip2__instcount_plainmodelHyper,3000,14458,1.1162,1.98,0.081887,[.00
A2C_25000_bzip2__instcount_plainmodelHyper,3000,28724,0.0018,1.00,0.052195,[.00
A2C_25000_bzip2__instcount_plainmodelHyper,3000,15069,1.0685,1.90,0.079464,[.00
A2C_25000_bzip2__instcount_plainmodelHyper,3000,15167,1.0608,1.89,0.083412,[.00
A2C_25000_bzip2__instcount_plainmodelHyper,3000,21795,0.5431,1.31,0.047111,[.00
A2C_25000_bzip2__instcount_plainmodelHyper,3000,16157,0.9835,1.77,0.070928,[.00
A2C_25000_bzip2__instcount_plainmodelHyper,3000,43757,-1.1723,0.65,0.106772,[.00
A2C_25000_bzip2__instcount_plainmodelHyper,3000,19863,0.6940,1.44,0.066972,[.00
A2C_25000_bzip2__instcount_plainmodelHyper,3000,15358,1.0459,1.87,0.067585,[.00
A2C_25000_bzip2__instcount_plainmodelHyper,3000,15173,1.0603,1.89,0.083791,[.00
A2C_25000_bzip2__instcount_plainmodelHyper,3000,17088,0.9107,1.68,0.074734,[.00
A2C_25000_bzip2__instcount_plainmodelHyper,3000,15590,1.0278,1.84,0.068668,[.00
A2C_25000_bzip2__instcount_plainmodelHyper,3000,17060,0.9129,1.68,0.072991,[.00
A2C_25000_bzip2__instcount_plainmodelHyper,3000,21614,0.5572,1.33,0.047995,[.00
A2C_25000_bzip2__instcount_plainmodelHyper,3000,31153,-0.1878,0.92,0.046895,[.00
A2C_25000_bzip2__instcount_plainmodelHyper,3000,35038,-0.4913,0.82,0.083529,[.00
A2C_25000_bzip2__instcount_plainmodelHyper,3000,16370,0.9668,1.75,0.074876,[.00
A2C_25000_bzip2__instcount_plainmodelHyper,3000,14962,1.0768,1.92,0.077035,[.00
A2C_25000_bzip2__instcount_plainmodelHyper,3000,23828,0.3843,1.20,0.07997,[.00
A2C_25000_bzip2__instcount_plainmodelHyper,3000,15764,1.0142,1.82,0.0717,[.00
A2C_25000_bzip2__instcount_plainmodelHyper,3000,18376,0.8101,1.56,0.08642,[.00
A2C_25000_bzip2__instcount_plainmodelHyper,3000,16487,0.9577,1.74,0.07729,[.00
A2C_25000_bzip2__instcount_plainmodelHyper,3000,15495,1.0352,1.85,0.09074,[.00
A2C_25000_bzip2__instcount_plainmodelHyper,3000,16705,0.9407,1.72,0.070121,[.00
A2C_25000_bzip2__instcount_plainmodelHyper,3000,16636,0.9461,1.72,0.067864,[.00
A2C_25000_bzip2__instcount_plainmodelHyper,3000,22949,0.4529,1.25,0.095487,[.00
A2C_25000_bzip2__instcount_plainmodelHyper,3000,22638,0.4772,1.26,0.047679,[.00
A2C_25000_bzip2__instcount_plainmodelHyper,3000,15938,1.0006,1.80,0.079261,[.00
A2C_25000_bzip2__instcount_plainmodelHyper,3000,14044,1.1485,2.04,0.079711,[.00
A2C_25000_bzip2__instcount_plainmodelHyper,3000,15458,1.0381,1.85,0.073803,[.00
A2C_25000_bzip2__instcount_plainmodelHyper,3000,14370,1.1231,2.00,0.066822,[.00
A2C_25000_bzip2__instcount_plainmodelHyper,3000,15009,1.0731,1.91,0.072716,[.00
A2C_25000_bzip2__instcount_plainmodelHyper,3000,14578,1.1068,1.97,0.082513,[.00
A2C_25000_bzip2__instcount_plainmodelHyper,3000,20860,0.6161,1.37,0.077715,[.00
A2C_25000_bzip2__instcount_plainmodelHyper,3000,17425,0.8844,1.64,0.071677,[.00
A2C_25000_bzip2__instcount_plainmodelHyper,3000,18898,0.7694,1.52,0.047855,[.00
A2C_25000_bzip2__instcount_plainmodelHyper,3000,16306,0.9718,1.76,0.069952,[.00
A2C_25000_bzip2__instcount_plainmodelHyper,3000,25463,0.2566,1.12,0.069417,[.00
A2C_25000_bzip2__instcount_plainmodelHyper,3000,18086,0.8328,1.58,0.081262,[.00
A2C_25000_bzip2__instcount_plainmodelHyper,3000,34955,-0.4848,0.82,0.079715,[.00
A2C_25000_bzip2__instcount_plainmodelHyper,3000,23170,0.4357,1.24,0.046028,[.00
A2C_25000_bzip2__instcount_plainmodelHyper,3000,14385,1.1219,1.99,0.083194,[.00
A2C_25000_bzip2__instcount_plainmodelHyper,3000,29400,-0.0509,0.97,0.091939,[.00
A2C_25000_bzip2__instcount_plainmodelHyper,3000,17066,0.9125,1.68,0.068229,[.00
A2C_25000_bzip2__instcount_plainmodelHyper,3000,18551,0.7965,1.54,0.077599,[.00
A2C_25000_bzip2__instcount_plainmodelHyper,3000,16707,0.9405,1.72,0.070241,[.00
A2C_25000_bzip2__instcount_plainmodelHyper,3000,17258,0.8975,1.66,0.067353,[.00
A2C_25000_bzip2__instcount_plainmodelHyper,3000,26429,0.1811,1.08,0.050484,[.00
A2C_25000_bzip2__instcount_plainmodelHyper,3000,19720,0.7052,1.45,0.0689,[.00
A2C_25000_bzip2__instcount_plainmodelHyper,3000,15740,1.0160,1.82,0.078721,[.00
A2C_25000_bzip2__instcount_plainmodelHyper,3000,15521,1.0331,1.85,0.069791,[.00
A2C_25000_bzip2__instcount_plainmodelHyper,3000,17078,0.9115,1.68,0.082651,[.00
A2C_25000_bzip2__instcount_plainmodelHyper,3000,18441,0.8051,1.55,0.079347,[.00
A2C_25000_bzip2__instcount_plainmodelHyper,3000,17223,0.9002,1.66,0.07065,[.00
A2C_25000_bzip2__instcount_plainmodelHyper,3000,16233,0.9775,1.77,0.071485,[.00
A2C_25000_bzip2__instcount_plainmodelHyper,3000,18117,0.8304,1.58,0.072288,[.00
A2C_25000_bzip2__instcount_plainmodelHyper,3000,15018,1.0724,1.91,0.077418,[.00
A2C_25000_bzip2__instcount_plainmodelHyper,3000,17294,0.8947,1.66,0.085043,[.00
A2C_25000_bzip2__instcount_plainmodelHyper,3000,17509,0.8779,1.64,0.068921,[.00
A2C_25000_bzip2__instcount_plainmodelHyper,3000,29301,-0.0431,0.98,0.046167,[.00
A2C_25000_bzip2__instcount_plainmodelHyper,3000,20349,0.6560,1.41,0.04633,[.00
A2C_25000_bzip2__instcount_plainmodelHyper,3000,18359,0.8115,1.56,0.072017,[.00
A2C_25000_bzip2__instcount_plainmodelHyper,3000,15061,1.0691,1.90,0.082733,[.00
A2C_25000_bzip2__instcount_plainmodelHyper,3000,17389,0.8872,1.65,0.083337,[.00
A2C_25000_bzip2__instcount_plainmodelHyper,3000,26287,0.1922,1.09,0.070689,[.00
A2C_25000_bzip2__instcount_plainmodelHyper,3000,21466,0.5688,1.33,0.072744,[.00
A2C_25000_bzip2__instcount_plainmodelHyper,3000,21724,0.5486,1.32,0.079689,[.00
A2C_25000_bzip2__instcount_plainmodelHyper,3000,28874,-0.0098,0.99,0.094303,[.00
A2C_25000_bzip2__instcount_plainmodelHyper,3000,16766,0.9359,1.71,0.07996,[.00
A2C_25000_bzip2__instcount_plainmodelHyper,3000,15463,1.0377,1.85,0.07424,[.00
A2C_25000_bzip2__instcount_plainmodelHyper,3000,14496,1.1132,1.98,0.071015,[.00
A2C_25000_bzip2__instcount_plainmodelHyper,3000,17452,0.8823,1.64,0.094009,[.00
A2C_25000_bzip2__instcount_plainmodelHyper,4000,18413,0.8072,1.56,0.070136,[.00
A2C_25000_bzip2__instcount_plainmodelHyper,4000,16088,0.9889,1.78,0.078032,[.00
A2C_25000_bzip2__instcount_plainmodelHyper,4000,15868,1.0060,1.81,0.083056,[.00
A2C_25000_bzip2__instcount_plainmodelHyper,4000,15157,1.0616,1.89,0.085089,[.00
A2C_25000_bzip2__instcount_plainmodelHyper,4000,21833,0.5401,1.31,0.083187,[.00
A2C_25000_bzip2__instcount_plainmodelHyper,4000,15675,1.0211,1.83,0.077859,[.00
A2C_25000_bzip2__instcount_plainmodelHyper,4000,17398,0.8865,1.65,0.073821,[.00
A2C_25000_bzip2__instcount_plainmodelHyper,4000,20110,0.6747,1.42,0.047891,[.00
A2C_25000_bzip2__instcount_plainmodelHyper,4000,24077,0.3648,1.19,0.056778,[.00
A2C_25000_bzip2__instcount_plainmodelHyper,4000,17289,0.8950,1.66,0.075097,[.00
A2C_25000_bzip2__instcount_plainmodelHyper,4000,20231,0.6652,1.42,0.089112,[.00
A2C_25000_bzip2__instcount_plainmodelHyper,4000,17257,0.8975,1.66,0.073892,[.00
A2C_25000_bzip2__instcount_plainmodelHyper,4000,17893,0.8479,1.60,0.078738,[.00
A2C_25000_bzip2__instcount_plainmodelHyper,4000,21986,0.5281,1.30,0.070853,[.00
A2C_25000_bzip2__instcount_plainmodelHyper,4000,14909,1.0810,1.92,0.079343,[.00
A2C_25000_bzip2__instcount_plainmodelHyper,4000,30874,-0.1660,0.93,0.051442,[.00
A2C_25000_bzip2__instcount_plainmodelHyper,4000,30104,-0.1059,0.95,0.047905,[.00
A2C_25000_bzip2__instcount_plainmodelHyper,4000,15677,1.0210,1.83,0.069628,[.00
A2C_25000_bzip2__instcount_plainmodelHyper,4000,15503,1.0346,1.85,0.083396,[.00
A2C_25000_bzip2__instcount_plainmodelHyper,4000,16896,0.9257,1.70,0.069927,[.00
A2C_25000_bzip2__instcount_plainmodelHyper,4000,15372,1.0448,1.87,0.072133,[.00
A2C_25000_bzip2__instcount_plainmodelHyper,4000,15458,1.0381,1.85,0.093648,[.00
A2C_25000_bzip2__instcount_plainmodelHyper,4000,19810,0.6981,1.45,0.071362,[.00
A2C_25000_bzip2__instcount_plainmodelHyper,4000,14408,1.1201,1.99,0.080611,[.00
A2C_25000_bzip2__instcount_plainmodelHyper,4000,15822,1.0096,1.81,0.07015,[.00
A2C_25000_bzip2__instcount_plainmodelHyper,4000,18091,0.8324,1.58,0.082042,[.00
A2C_25000_bzip2__instcount_plainmodelHyper,4000,15127,1.0639,1.90,0.089173,[.00
A2C_25000_bzip2__instcount_plainmodelHyper,4000,17388,0.8873,1.65,0.0727,[.00
A2C_25000_bzip2__instcount_plainmodelHyper,4000,14033,1.1494,2.04,0.079021,[.00
A2C_25000_bzip2__instcount_plainmodelHyper,4000,15490,1.0356,1.85,0.069793,[.00
A2C_25000_bzip2__instcount_plainmodelHyper,4000,15632,1.0245,1.83,0.079222,[.00
A2C_25000_bzip2__instcount_plainmodelHyper,4000,25577,0.2476,1.12,0.052613,[.00
A2C_25000_bzip2__instcount_plainmodelHyper,4000,15175,1.0602,1.89,0.091059,[.00
A2C_25000_bzip2__instcount_plainmodelHyper,4000,16056,0.9914,1.79,0.070956,[.00
A2C_25000_bzip2__instcount_plainmodelHyper,4000,16057,0.9913,1.79,0.082889,[.00
A2C_25000_bzip2__instcount_plainmodelHyper,4000,14676,1.0992,1.95,0.081552,[.00
A2C_25000_bzip2__instcount_plainmodelHyper,4000,15432,1.0401,1.86,0.08116,[.00
A2C_25000_bzip2__instcount_plainmodelHyper,4000,15877,1.0053,1.81,0.073021,[.00
A2C_25000_bzip2__instcount_plainmodelHyper,4000,29562,-0.0635,0.97,0.052568,[.00
A2C_25000_bzip2__instcount_plainmodelHyper,4000,22696,0.4727,1.26,0.085116,[.00
A2C_25000_bzip2__instcount_plainmodelHyper,4000,15289,1.0513,1.88,0.067526,[.00
A2C_25000_bzip2__instcount_plainmodelHyper,4000,22484,0.4892,1.27,0.048843,[.00
A2C_25000_bzip2__instcount_plainmodelHyper,4000,22057,0.5226,1.30,0.082183,[.00
A2C_25000_bzip2__instcount_plainmodelHyper,4000,23880,0.3802,1.20,0.072493,[.00
A2C_25000_bzip2__instcount_plainmodelHyper,4000,16986,0.9187,1.69,0.073542,[.00
A2C_25000_bzip2__instcount_plainmodelHyper,4000,15694,1.0196,1.83,0.073287,[.00
A2C_25000_bzip2__instcount_plainmodelHyper,4000,16048,0.9920,1.79,0.085707,[.00
A2C_25000_bzip2__instcount_plainmodelHyper,4000,21992,0.5277,1.30,0.076196,[.00
A2C_25000_bzip2__instcount_plainmodelHyper,4000,14458,1.1162,1.98,0.086439,[.00
A2C_25000_bzip2__instcount_plainmodelHyper,4000,21504,0.5658,1.33,0.069157,[.00
A2C_25000_bzip2__instcount_plainmodelHyper,4000,19117,0.7523,1.50,0.046112,[.00
A2C_25000_bzip2__instcount_plainmodelHyper,4000,15050,1.0699,1.91,0.084581,[.00
A2C_25000_bzip2__instcount_plainmodelHyper,4000,15076,1.0679,1.90,0.082346,[.00
A2C_25000_bzip2__instcount_plainmodelHyper,4000,16407,0.9639,1.75,0.068619,[.00
A2C_25000_bzip2__instcount_plainmodelHyper,4000,22394,0.4963,1.28,0.07543,[.00
A2C_25000_bzip2__instcount_plainmodelHyper,4000,14182,1.1377,2.02,0.087643,[.00
A2C_25000_bzip2__instcount_plainmodelHyper,4000,39689,-0.8546,0.72,0.124909,[.00
A2C_25000_bzip2__instcount_plainmodelHyper,4000,14705,1.0969,1.95,0.072285,[.00
A2C_25000_bzip2__instcount_plainmodelHyper,4000,15110,1.0653,1.90,0.085104,[.00
A2C_25000_bzip2__instcount_plainmodelHyper,4000,36528,-0.6077,0.78,0.106861,[.00
A2C_25000_bzip2__instcount_plainmodelHyper,4000,17595,0.8711,1.63,0.08254,[.00
A2C_25000_bzip2__instcount_plainmodelHyper,4000,21755,0.5462,1.32,0.046468,[.00
A2C_25000_bzip2__instcount_plainmodelHyper,4000,17023,0.9158,1.68,0.073404,[.00
A2C_25000_bzip2__instcount_plainmodelHyper,4000,22566,0.4828,1.27,0.0829,[.00
A2C_25000_bzip2__instcount_plainmodelHyper,4000,23050,0.4450,1.24,0.080255,[.00
A2C_25000_bzip2__instcount_plainmodelHyper,4000,34912,-0.4814,0.82,0.088523,[.00
A2C_25000_bzip2__instcount_plainmodelHyper,4000,24378,0.3413,1.17,0.068731,[.00
A2C_25000_bzip2__instcount_plainmodelHyper,4000,20851,0.6168,1.37,0.07095,[.00
A2C_25000_bzip2__instcount_plainmodelHyper,4000,20118,0.6741,1.42,0.070864,[.00
A2C_25000_bzip2__instcount_plainmodelHyper,4000,17379,0.8880,1.65,0.069627,[.00
A2C_25000_bzip2__instcount_plainmodelHyper,4000,15970,0.9981,1.80,0.073134,[.00
A2C_25000_bzip2__instcount_plainmodelHyper,4000,18163,0.8268,1.58,0.083498,[.00
A2C_25000_bzip2__instcount_plainmodelHyper,4000,21188,0.5905,1.35,0.080326,[.00
A2C_25000_bzip2__instcount_plainmodelHyper,4000,15341,1.0472,1.87,0.06855,[.00
A2C_25000_bzip2__instcount_plainmodelHyper,4000,15522,1.0331,1.85,0.072695,[.00
A2C_25000_bzip2__instcount_plainmodelHyper,4000,17305,0.8938,1.66,0.072168,[.00
A2C_25000_bzip2__instcount_plainmodelHyper,4000,19643,0.7112,1.46,0.084017,[.00
A2C_25000_bzip2__instcount_plainmodelHyper,4000,15417,1.0413,1.86,0.084196,[.00
A2C_25000_bzip2__instcount_plainmodelHyper,4000,17146,0.9062,1.67,0.069231,[.00
A2C_25000_bzip2__instcount_plainmodelHyper,4000,18475,0.8024,1.55,0.087681,[.00
A2C_25000_bzip2__instcount_plainmodelHyper,4000,18532,0.7980,1.55,0.046911,[.00
A2C_25000_bzip2__instcount_plainmodelHyper,4000,15728,1.0170,1.82,0.067295,[.00
A2C_25000_bzip2__instcount_plainmodelHyper,4000,23375,0.4197,1.22,0.075428,[.00
A2C_25000_bzip2__instcount_plainmodelHyper,4000,16410,0.9637,1.75,0.068991,[.00
A2C_25000_bzip2__instcount_plainmodelHyper,4000,17221,0.9004,1.66,0.066995,[.00
A2C_25000_bzip2__instcount_plainmodelHyper,4000,20235,0.6649,1.42,0.084611,[.00
A2C_25000_bzip2__instcount_plainmodelHyper,4000,16974,0.9197,1.69,0.068854,[.00
A2C_25000_bzip2__instcount_plainmodelHyper,4000,15969,0.9982,1.80,0.072487,[.00
A2C_25000_bzip2__instcount_plainmodelHyper,4000,15325,1.0485,1.87,0.06698,[.00
A2C_25000_bzip2__instcount_plainmodelHyper,4000,15520,1.0332,1.85,0.084363,[.00
A2C_25000_bzip2__instcount_plainmodelHyper,4000,16508,0.9561,1.74,0.071945,[.00
A2C_25000_bzip2__instcount_plainmodelHyper,4000,28241,0.0396,1.01,0.048329,[.00
A2C_25000_bzip2__instcount_plainmodelHyper,4000,17273,0.8963,1.66,0.092535,[.00
A2C_25000_bzip2__instcount_plainmodelHyper,4000,25001,0.2926,1.14,0.110648,[.00
A2C_25000_bzip2__instcount_plainmodelHyper,4000,18296,0.8164,1.57,0.088291,[.00
A2C_25000_bzip2__instcount_plainmodelHyper,4000,18173,0.8260,1.58,0.06932,[.00
A2C_25000_bzip2__instcount_plainmodelHyper,4000,16363,0.9674,1.75,0.082184,[.00
A2C_25000_bzip2__instcount_plainmodelHyper,4000,47247,-1.4450,0.60,0.114487,[.00
A2C_25000_bzip2__instcount_plainmodelHyper,4000,17006,0.9172,1.69,0.075236,[.00
A2C_25000_bzip2__instcount_plainmodelHyper,5000,21264,0.5845,1.35,0.072726,[.00
A2C_25000_bzip2__instcount_plainmodelHyper,5000,15415,1.0414,1.86,0.069429,[.00
A2C_25000_bzip2__instcount_plainmodelHyper,5000,15283,1.0517,1.88,0.067983,[.00
A2C_25000_bzip2__instcount_plainmodelHyper,5000,17143,0.9064,1.67,0.084897,[.00
A2C_25000_bzip2__instcount_plainmodelHyper,5000,18671,0.7871,1.53,0.073876,[.00
A2C_25000_bzip2__instcount_plainmodelHyper,5000,20141,0.6723,1.42,0.07935,[.00
A2C_25000_bzip2__instcount_plainmodelHyper,5000,18205,0.8235,1.57,0.067197,[.00
A2C_25000_bzip2__instcount_plainmodelHyper,5000,22274,0.5057,1.29,0.047862,[.00
A2C_25000_bzip2__instcount_plainmodelHyper,5000,20174,0.6697,1.42,0.071912,[.00
A2C_25000_bzip2__instcount_plainmodelHyper,5000,26568,0.1702,1.08,0.045346,[.00
A2C_25000_bzip2__instcount_plainmodelHyper,5000,21404,0.5736,1.34,0.049888,[.00
A2C_25000_bzip2__instcount_plainmodelHyper,5000,20321,0.6582,1.41,0.048335,[.00
A2C_25000_bzip2__instcount_plainmodelHyper,5000,15634,1.0243,1.83,0.069508,[.00
A2C_25000_bzip2__instcount_plainmodelHyper,5000,15869,1.0060,1.81,0.064657,[.00
A2C_25000_bzip2__instcount_plainmodelHyper,5000,16129,0.9857,1.78,0.06864,[.00
A2C_25000_bzip2__instcount_plainmodelHyper,5000,16511,0.9558,1.74,0.07036,[.00
A2C_25000_bzip2__instcount_plainmodelHyper,5000,15489,1.0356,1.85,0.067634,[.00
A2C_25000_bzip2__instcount_plainmodelHyper,5000,17058,0.9131,1.68,0.106404,[.00
A2C_25000_bzip2__instcount_plainmodelHyper,5000,21255,0.5852,1.35,0.078111,[.00
A2C_25000_bzip2__instcount_plainmodelHyper,5000,32404,-0.2855,0.88,0.089272,[.00
A2C_25000_bzip2__instcount_plainmodelHyper,5000,17904,0.8470,1.60,0.044028,[.00
A2C_25000_bzip2__instcount_plainmodelHyper,5000,21329,0.5795,1.34,0.04605,[.00
A2C_25000_bzip2__instcount_plainmodelHyper,5000,14862,1.0846,1.93,0.085318,[.00
A2C_25000_bzip2__instcount_plainmodelHyper,5000,18986,0.7625,1.51,0.072755,[.00
A2C_25000_bzip2__instcount_plainmodelHyper,5000,17299,0.8943,1.66,0.075946,[.00
A2C_25000_bzip2__instcount_plainmodelHyper,5000,15563,1.0299,1.84,0.086666,[.00
A2C_25000_bzip2__instcount_plainmodelHyper,5000,15726,1.0171,1.82,0.083122,[.00
A2C_25000_bzip2__instcount_plainmodelHyper,5000,16332,0.9698,1.76,0.072289,[.00
A2C_25000_bzip2__instcount_plainmodelHyper,5000,15524,1.0329,1.85,0.070587,[.00
A2C_25000_bzip2__instcount_plainmodelHyper,5000,15596,1.0273,1.84,0.067888,[.00
A2C_25000_bzip2__instcount_plainmodelHyper,5000,17496,0.8789,1.64,0.049034,[.00
A2C_25000_bzip2__instcount_plainmodelHyper,5000,17924,0.8454,1.60,0.079584,[.00
A2C_25000_bzip2__instcount_plainmodelHyper,5000,16735,0.9383,1.71,0.077579,[.00
A2C_25000_bzip2__instcount_plainmodelHyper,5000,17021,0.9160,1.68,0.086156,[.00
A2C_25000_bzip2__instcount_plainmodelHyper,5000,23769,0.3889,1.20,0.047517,[.00
A2C_25000_bzip2__instcount_plainmodelHyper,5000,20669,0.6310,1.39,0.066369,[.00
A2C_25000_bzip2__instcount_plainmodelHyper,5000,34291,-0.4329,0.83,0.079449,[.00
A2C_25000_bzip2__instcount_plainmodelHyper,5000,19416,0.7289,1.48,0.07564,[.00
A2C_25000_bzip2__instcount_plainmodelHyper,5000,14799,1.0895,1.94,0.075665,[.00
A2C_25000_bzip2__instcount_plainmodelHyper,5000,15996,0.9960,1.79,0.085783,[.00
A2C_25000_bzip2__instcount_plainmodelHyper,5000,15700,1.0192,1.83,0.071054,[.00
A2C_25000_bzip2__instcount_plainmodelHyper,5000,19812,0.6980,1.45,0.078905,[.00
A2C_25000_bzip2__instcount_plainmodelHyper,5000,17716,0.8617,1.62,0.082515,[.00
A2C_25000_bzip2__instcount_plainmodelHyper,5000,29701,-0.0744,0.96,0.084848,[.00
A2C_25000_bzip2__instcount_plainmodelHyper,5000,24973,0.2948,1.15,0.069577,[.00
A2C_25000_bzip2__instcount_plainmodelHyper,5000,21394,0.5744,1.34,0.048049,[.00
A2C_25000_bzip2__instcount_plainmodelHyper,5000,16242,0.9768,1.76,0.068729,[.00
A2C_25000_bzip2__instcount_plainmodelHyper,5000,16618,0.9475,1.72,0.06979,[.00
A2C_25000_bzip2__instcount_plainmodelHyper,5000,15790,1.0121,1.82,0.071011,[.00
A2C_25000_bzip2__instcount_plainmodelHyper,5000,16529,0.9544,1.73,0.074899,[.00
A2C_25000_bzip2__instcount_plainmodelHyper,5000,16042,0.9925,1.79,0.071518,[.00
A2C_25000_bzip2__instcount_plainmodelHyper,5000,15790,1.0121,1.82,0.0709,[.00
A2C_25000_bzip2__instcount_plainmodelHyper,5000,18808,0.7764,1.52,0.049142,[.00
A2C_25000_bzip2__instcount_plainmodelHyper,5000,21010,0.6044,1.36,0.049205,[.00
A2C_25000_bzip2__instcount_plainmodelHyper,5000,14920,1.0801,1.92,0.07292,[.00
A2C_25000_bzip2__instcount_plainmodelHyper,5000,40927,-0.9513,0.70,0.088676,[.00
A2C_25000_bzip2__instcount_plainmodelHyper,5000,15375,1.0446,1.86,0.083373,[.00
A2C_25000_bzip2__instcount_plainmodelHyper,5000,16269,0.9747,1.76,0.093447,[.00
A2C_25000_bzip2__instcount_plainmodelHyper,5000,15815,1.0102,1.81,0.071977,[.00
A2C_25000_bzip2__instcount_plainmodelHyper,5000,20473,0.6463,1.40,0.045555,[.00
A2C_25000_bzip2__instcount_plainmodelHyper,5000,20036,0.6805,1.43,0.070278,[.00
A2C_25000_bzip2__instcount_plainmodelHyper,5000,16789,0.9341,1.71,0.097425,[.00
A2C_25000_bzip2__instcount_plainmodelHyper,5000,15497,1.0350,1.85,0.07862,[.00
A2C_25000_bzip2__instcount_plainmodelHyper,5000,16817,0.9319,1.70,0.110939,[.00
A2C_25000_bzip2__instcount_plainmodelHyper,5000,15945,1.0000,1.80,0.068138,[.00
A2C_25000_bzip2__instcount_plainmodelHyper,5000,17547,0.8749,1.63,0.078176,[.00
A2C_25000_bzip2__instcount_plainmodelHyper,5000,19843,0.6955,1.44,0.045312,[.00
A2C_25000_bzip2__instcount_plainmodelHyper,5000,16131,0.9855,1.78,0.074412,[.00
A2C_25000_bzip2__instcount_plainmodelHyper,5000,15872,1.0057,1.81,0.07666,[.00
A2C_25000_bzip2__instcount_plainmodelHyper,5000,15799,1.0114,1.81,0.077066,[.00
A2C_25000_bzip2__instcount_plainmodelHyper,5000,17908,0.8467,1.60,0.081672,[.00
A2C_25000_bzip2__instcount_plainmodelHyper,5000,14987,1.0749,1.91,0.067933,[.00
A2C_25000_bzip2__instcount_plainmodelHyper,5000,14372,1.1229,2.00,0.068259,[.00
A2C_25000_bzip2__instcount_plainmodelHyper,5000,32655,-0.3051,0.88,0.083921,[.00
A2C_25000_bzip2__instcount_plainmodelHyper,5000,18129,0.8294,1.58,0.047128,[.00
A2C_25000_bzip2__instcount_plainmodelHyper,5000,16370,0.9668,1.75,0.068529,[.00
A2C_25000_bzip2__instcount_plainmodelHyper,5000,16046,0.9921,1.79,0.07194,[.00
A2C_25000_bzip2__instcount_plainmodelHyper,5000,20220,0.6661,1.42,0.044898,[.00
A2C_25000_bzip2__instcount_plainmodelHyper,5000,31391,-0.2064,0.91,0.049265,[.00
A2C_25000_bzip2__instcount_plainmodelHyper,5000,15552,1.0307,1.84,0.084367,[.00
A2C_25000_bzip2__instcount_plainmodelHyper,5000,15813,1.0103,1.81,0.071681,[.00
A2C_25000_bzip2__instcount_plainmodelHyper,5000,19970,0.6856,1.43,0.045919,[.00
A2C_25000_bzip2__instcount_plainmodelHyper,5000,14744,1.0938,1.94,0.082652,[.00
A2C_25000_bzip2__instcount_plainmodelHyper,5000,27439,0.1022,1.04,0.065402,[.00
A2C_25000_bzip2__instcount_plainmodelHyper,5000,15804,1.0110,1.81,0.077229,[.00
A2C_25000_bzip2__instcount_plainmodelHyper,5000,31005,-0.1763,0.92,0.051818,[.00
A2C_25000_bzip2__instcount_plainmodelHyper,5000,19051,0.7574,1.50,0.083359,[.00
A2C_25000_bzip2__instcount_plainmodelHyper,5000,15413,1.0416,1.86,0.078064,[.00
A2C_25000_bzip2__instcount_plainmodelHyper,5000,16218,0.9787,1.77,0.075937,[.00
A2C_25000_bzip2__instcount_plainmodelHyper,5000,17304,0.8939,1.66,0.067682,[.00
A2C_25000_bzip2__instcount_plainmodelHyper,5000,14922,1.0799,1.92,0.083693,[.00
A2C_25000_bzip2__instcount_plainmodelHyper,5000,15255,1.0539,1.88,0.070384,[.00
A2C_25000_bzip2__instcount_plainmodelHyper,5000,16329,0.9700,1.76,0.098073,[.00
A2C_25000_bzip2__instcount_plainmodelHyper,5000,16537,0.9538,1.73,0.069386,[.00
A2C_25000_bzip2__instcount_plainmodelHyper,5000,15926,1.0015,1.80,0.069423,[.00
A2C_25000_bzip2__instcount_plainmodelHyper,5000,15667,1.0217,1.83,0.069586,[.00
A2C_25000_bzip2__instcount_plainmodelHyper,5000,19345,0.7344,1.48,0.085104,[.00
A2C_25000_bzip2__instcount_plainmodelHyper,5000,15852,1.0073,1.81,0.072416,[.00
A2C_25000_bzip2__instcount_plainmodelHyper,5000,15125,1.0641,1.90,0.071147,[.00
A2C_25000_bzip2__instcount_plainmodelHyper,5000,15071,1.0683,1.90,0.090177,[.00
A2C_25000_bzip2__instcount_plainmodelHyper,6000,26941,0.1411,1.06,0.050309,[.00
A2C_25000_bzip2__instcount_plainmodelHyper,6000,17705,0.8625,1.62,0.051621,[.00
A2C_25000_bzip2__instcount_plainmodelHyper,6000,15774,1.0134,1.82,0.074211,[.00
A2C_25000_bzip2__instcount_plainmodelHyper,6000,20904,0.6127,1.37,0.070705,[.00
A2C_25000_bzip2__instcount_plainmodelHyper,6000,19363,0.7330,1.48,0.048789,[.00
A2C_25000_bzip2__instcount_plainmodelHyper,6000,17476,0.8804,1.64,0.07103,[.00
A2C_25000_bzip2__instcount_plainmodelHyper,6000,17115,0.9086,1.67,0.070781,[.00
A2C_25000_bzip2__instcount_plainmodelHyper,6000,15033,1.0713,1.91,0.079583,[.00
A2C_25000_bzip2__instcount_plainmodelHyper,6000,16739,0.9380,1.71,0.076422,[.00
A2C_25000_bzip2__instcount_plainmodelHyper,6000,15133,1.0635,1.89,0.090217,[.00
A2C_25000_bzip2__instcount_plainmodelHyper,6000,18160,0.8270,1.58,0.081378,[.00
A2C_25000_bzip2__instcount_plainmodelHyper,6000,15993,0.9963,1.79,0.067919,[.00
A2C_25000_bzip2__instcount_plainmodelHyper,6000,17381,0.8879,1.65,0.066285,[.00
A2C_25000_bzip2__instcount_plainmodelHyper,6000,27747,0.0781,1.03,0.049991,[.00
A2C_25000_bzip2__instcount_plainmodelHyper,6000,19644,0.7111,1.46,0.077267,[.00
A2C_25000_bzip2__instcount_plainmodelHyper,6000,22475,0.4900,1.27,0.068425,[.00
A2C_25000_bzip2__instcount_plainmodelHyper,6000,14985,1.0750,1.91,0.088957,[.00
A2C_25000_bzip2__instcount_plainmodelHyper,6000,14905,1.0813,1.92,0.084128,[.00
A2C_25000_bzip2__instcount_plainmodelHyper,6000,15543,1.0314,1.84,0.087153,[.00
A2C_25000_bzip2__instcount_plainmodelHyper,6000,18018,0.8381,1.59,0.073316,[.00
A2C_25000_bzip2__instcount_plainmodelHyper,6000,16672,0.9432,1.72,0.076246,[.00
A2C_25000_bzip2__instcount_plainmodelHyper,6000,15816,1.0101,1.81,0.071818,[.00
A2C_25000_bzip2__instcount_plainmodelHyper,6000,22590,0.4810,1.27,0.084403,[.00
A2C_25000_bzip2__instcount_plainmodelHyper,6000,20849,0.6170,1.37,0.082277,[.00
A2C_25000_bzip2__instcount_plainmodelHyper,6000,25979,0.2162,1.10,0.049275,[.00
A2C_25000_bzip2__instcount_plainmodelHyper,6000,24403,0.3394,1.17,0.06889,[.00
A2C_25000_bzip2__instcount_plainmodelHyper,6000,17623,0.8690,1.63,0.09197,[.00
A2C_25000_bzip2__instcount_plainmodelHyper,6000,23329,0.4232,1.23,0.079951,[.00
A2C_25000_bzip2__instcount_plainmodelHyper,6000,29250,-0.0392,0.98,0.052203,[.00
A2C_25000_bzip2__instcount_plainmodelHyper,6000,34447,-0.4451,0.83,0.086131,[.00
A2C_25000_bzip2__instcount_plainmodelHyper,6000,17176,0.9039,1.67,0.079913,[.00
A2C_25000_bzip2__instcount_plainmodelHyper,6000,17173,0.9041,1.67,0.073387,[.00
A2C_25000_bzip2__instcount_plainmodelHyper,6000,14859,1.0849,1.93,0.079297,[.00
A2C_25000_bzip2__instcount_plainmodelHyper,6000,16348,0.9685,1.75,0.069657,[.00
A2C_25000_bzip2__instcount_plainmodelHyper,6000,18503,0.8002,1.55,0.079846,[.00
A2C_25000_bzip2__instcount_plainmodelHyper,6000,32291,-0.2767,0.89,0.080819,[.00
A2C_25000_bzip2__instcount_plainmodelHyper,6000,14533,1.1103,1.97,0.085795,[.00
A2C_25000_bzip2__instcount_plainmodelHyper,6000,15802,1.0112,1.81,0.069051,[.00
A2C_25000_bzip2__instcount_plainmodelHyper,6000,16766,0.9359,1.71,0.07111,[.00
A2C_25000_bzip2__instcount_plainmodelHyper,6000,14990,1.0746,1.91,0.067418,[.00
A2C_25000_bzip2__instcount_plainmodelHyper,6000,14877,1.0835,1.93,0.076161,[.00
A2C_25000_bzip2__instcount_plainmodelHyper,6000,15666,1.0218,1.83,0.08394,[.00
A2C_25000_bzip2__instcount_plainmodelHyper,6000,34883,-0.4792,0.82,0.085935,[.00
A2C_25000_bzip2__instcount_plainmodelHyper,6000,15136,1.0632,1.89,0.070922,[.00
A2C_25000_bzip2__instcount_plainmodelHyper,6000,16698,0.9412,1.72,0.074314,[.00
A2C_25000_bzip2__instcount_plainmodelHyper,6000,20086,0.6766,1.43,0.073936,[.00
A2C_25000_bzip2__instcount_plainmodelHyper,6000,21550,0.5622,1.33,0.050125,[.00
A2C_25000_bzip2__instcount_plainmodelHyper,6000,15947,0.9999,1.80,0.078323,[.00
A2C_25000_bzip2__instcount_plainmodelHyper,6000,17175,0.9039,1.67,0.092762,[.00
A2C_25000_bzip2__instcount_plainmodelHyper,6000,16275,0.9743,1.76,0.068143,[.00
A2C_25000_bzip2__instcount_plainmodelHyper,6000,28900,-0.0118,0.99,0.092417,[.00
A2C_25000_bzip2__instcount_plainmodelHyper,6000,15744,1.0157,1.82,0.07715,[.00
A2C_25000_bzip2__instcount_plainmodelHyper,6000,15102,1.0659,1.90,0.086029,[.00
A2C_25000_bzip2__instcount_plainmodelHyper,6000,15129,1.0638,1.90,0.069404,[.00
A2C_25000_bzip2__instcount_plainmodelHyper,6000,19514,0.7212,1.47,0.073285,[.00
A2C_25000_bzip2__instcount_plainmodelHyper,6000,14154,1.1399,2.03,0.080463,[.00
A2C_25000_bzip2__instcount_plainmodelHyper,6000,22460,0.4911,1.27,0.048049,[.00
A2C_25000_bzip2__instcount_plainmodelHyper,6000,20101,0.6754,1.43,0.083908,[.00
A2C_25000_bzip2__instcount_plainmodelHyper,6000,14952,1.0776,1.92,0.067541,[.00
A2C_25000_bzip2__instcount_plainmodelHyper,6000,15021,1.0722,1.91,0.072012,[.00
A2C_25000_bzip2__instcount_plainmodelHyper,6000,15845,1.0078,1.81,0.078122,[.00
A2C_25000_bzip2__instcount_plainmodelHyper,6000,17263,0.8971,1.66,0.08298,[.00
A2C_25000_bzip2__instcount_plainmodelHyper,6000,29660,-0.0712,0.96,0.089203,[.00
A2C_25000_bzip2__instcount_plainmodelHyper,6000,15244,1.0548,1.88,0.069631,[.00
A2C_25000_bzip2__instcount_plainmodelHyper,6000,15596,1.0273,1.84,0.074535,[.00
A2C_25000_bzip2__instcount_plainmodelHyper,6000,14482,1.1143,1.98,0.082985,[.00
A2C_25000_bzip2__instcount_plainmodelHyper,6000,18350,0.8122,1.56,0.072361,[.00
A2C_25000_bzip2__instcount_plainmodelHyper,6000,15755,1.0149,1.82,0.073084,[.00
A2C_25000_bzip2__instcount_plainmodelHyper,6000,15066,1.0687,1.90,0.068903,[.00
A2C_25000_bzip2__instcount_plainmodelHyper,6000,20955,0.6087,1.37,0.075463,[.00
A2C_25000_bzip2__instcount_plainmodelHyper,6000,17119,0.9083,1.67,0.084863,[.00
A2C_25000_bzip2__instcount_plainmodelHyper,6000,18064,0.8345,1.59,0.086014,[.00
A2C_25000_bzip2__instcount_plainmodelHyper,6000,14650,1.1012,1.96,0.084507,[.00
A2C_25000_bzip2__instcount_plainmodelHyper,6000,16060,0.9910,1.79,0.069395,[.00
A2C_25000_bzip2__instcount_plainmodelHyper,6000,14901,1.0816,1.92,0.067961,[.00
A2C_25000_bzip2__instcount_plainmodelHyper,6000,27748,0.0781,1.03,0.045929,[.00
A2C_25000_bzip2__instcount_plainmodelHyper,6000,15373,1.0447,1.87,0.085783,[.00
A2C_25000_bzip2__instcount_plainmodelHyper,6000,15333,1.0478,1.87,0.076846,[.00
A2C_25000_bzip2__instcount_plainmodelHyper,6000,24854,0.3041,1.15,0.072711,[.00
A2C_25000_bzip2__instcount_plainmodelHyper,6000,15273,1.0525,1.88,0.082306,[.00
A2C_25000_bzip2__instcount_plainmodelHyper,6000,14096,1.1445,2.03,0.082325,[.00
A2C_25000_bzip2__instcount_plainmodelHyper,6000,17208,0.9014,1.67,0.072127,[.00
A2C_25000_bzip2__instcount_plainmodelHyper,6000,30108,-0.1062,0.95,0.048693,[.00
A2C_25000_bzip2__instcount_plainmodelHyper,6000,17413,0.8854,1.65,0.077036,[.00
A2C_25000_bzip2__instcount_plainmodelHyper,6000,15759,1.0146,1.82,0.094379,[.00
A2C_25000_bzip2__instcount_plainmodelHyper,6000,38097,-0.7302,0.75,0.051668,[.00
A2C_25000_bzip2__instcount_plainmodelHyper,6000,19832,0.6964,1.44,0.083475,[.00
A2C_25000_bzip2__instcount_plainmodelHyper,6000,19061,0.7566,1.50,0.075904,[.00
A2C_25000_bzip2__instcount_plainmodelHyper,6000,16097,0.9882,1.78,0.070106,[.00
A2C_25000_bzip2__instcount_plainmodelHyper,6000,16088,0.9889,1.78,0.085967,[.00
A2C_25000_bzip2__instcount_plainmodelHyper,6000,16281,0.9738,1.76,0.071147,[.00
A2C_25000_bzip2__instcount_plainmodelHyper,6000,28300,0.0349,1.01,0.045793,[.00
A2C_25000_bzip2__instcount_plainmodelHyper,6000,17027,0.9155,1.68,0.071456,[.00
A2C_25000_bzip2__instcount_plainmodelHyper,6000,19885,0.6923,1.44,0.081836,[.00
A2C_25000_bzip2__instcount_plainmodelHyper,6000,21765,0.5454,1.32,0.072575,[.00
A2C_25000_bzip2__instcount_plainmodelHyper,6000,15638,1.0240,1.83,0.071866,[.00
A2C_25000_bzip2__instcount_plainmodelHyper,6000,15718,1.0178,1.82,0.071951,[.00
A2C_25000_bzip2__instcount_plainmodelHyper,6000,15333,1.0478,1.87,0.094612,[.00
A2C_25000_bzip2__instcount_plainmodelHyper,6000,14783,1.0908,1.94,0.085914,[.00
A2C_25000_bzip2__instcount_plainmodelHyper,6000,15365,1.0453,1.87,0.068583,[.00
A2C_25000_bzip2__instcount_plainmodelHyper,7000,19176,0.7476,1.49,0.080163,[.00
A2C_25000_bzip2__instcount_plainmodelHyper,7000,19987,0.6843,1.43,0.066197,[.00
A2C_25000_bzip2__instcount_plainmodelHyper,7000,15620,1.0254,1.84,0.07193,[.00
A2C_25000_bzip2__instcount_plainmodelHyper,7000,18540,0.7973,1.55,0.08533,[.00
A2C_25000_bzip2__instcount_plainmodelHyper,7000,14961,1.0769,1.92,0.083733,[.00
A2C_25000_bzip2__instcount_plainmodelHyper,7000,20805,0.6204,1.38,0.08821,[.00
A2C_25000_bzip2__instcount_plainmodelHyper,7000,37433,-0.6784,0.76,0.1291,[.00
A2C_25000_bzip2__instcount_plainmodelHyper,7000,16906,0.9250,1.70,0.106627,[.00
A2C_25000_bzip2__instcount_plainmodelHyper,7000,15989,0.9966,1.79,0.083623,[.00
A2C_25000_bzip2__instcount_plainmodelHyper,7000,16539,0.9536,1.73,0.088468,[.00
A2C_25000_bzip2__instcount_plainmodelHyper,7000,16988,0.9186,1.69,0.081891,[.00
A2C_25000_bzip2__instcount_plainmodelHyper,7000,16822,0.9315,1.70,0.069261,[.00
A2C_25000_bzip2__instcount_plainmodelHyper,7000,14605,1.1047,1.96,0.079997,[.00
A2C_25000_bzip2__instcount_plainmodelHyper,7000,18112,0.8308,1.58,0.077522,[.00
A2C_25000_bzip2__instcount_plainmodelHyper,7000,15288,1.0513,1.88,0.086112,[.00
A2C_25000_bzip2__instcount_plainmodelHyper,7000,17066,0.9125,1.68,0.072811,[.00
A2C_25000_bzip2__instcount_plainmodelHyper,7000,17228,0.8998,1.66,0.08438,[.00
A2C_25000_bzip2__instcount_plainmodelHyper,7000,16193,0.9807,1.77,0.068801,[.00
A2C_25000_bzip2__instcount_plainmodelHyper,7000,15837,1.0085,1.81,0.082266,[.00
A2C_25000_bzip2__instcount_plainmodelHyper,7000,18399,0.8083,1.56,0.071165,[.00
A2C_25000_bzip2__instcount_plainmodelHyper,7000,15880,1.0051,1.81,0.074505,[.00
A2C_25000_bzip2__instcount_plainmodelHyper,7000,15324,1.0485,1.87,0.084067,[.00
A2C_25000_bzip2__instcount_plainmodelHyper,7000,16757,0.9366,1.71,0.071762,[.00
A2C_25000_bzip2__instcount_plainmodelHyper,7000,18386,0.8094,1.56,0.072979,[.00
A2C_25000_bzip2__instcount_plainmodelHyper,7000,20709,0.6279,1.38,0.085517,[.00
A2C_25000_bzip2__instcount_plainmodelHyper,7000,22352,0.4996,1.28,0.071643,[.00
A2C_25000_bzip2__instcount_plainmodelHyper,7000,16638,0.9459,1.72,0.069878,[.00
A2C_25000_bzip2__instcount_plainmodelHyper,7000,16070,0.9903,1.78,0.09065,[.00
A2C_25000_bzip2__instcount_plainmodelHyper,7000,19217,0.7444,1.49,0.111344,[.00
A2C_25000_bzip2__instcount_plainmodelHyper,7000,26914,0.1432,1.06,0.049578,[.00
A2C_25000_bzip2__instcount_plainmodelHyper,7000,18557,0.7960,1.54,0.046987,[.00
A2C_25000_bzip2__instcount_plainmodelHyper,7000,14533,1.1103,1.97,0.083012,[.00
A2C_25000_bzip2__instcount_plainmodelHyper,7000,17594,0.8712,1.63,0.073422,[.00
A2C_25000_bzip2__instcount_plainmodelHyper,7000,16806,0.9328,1.71,0.068208,[.00
A2C_25000_bzip2__instcount_plainmodelHyper,7000,15818,1.0099,1.81,0.095478,[.00
A2C_25000_bzip2__instcount_plainmodelHyper,7000,15205,1.0578,1.89,0.080663,[.00
A2C_25000_bzip2__instcount_plainmodelHyper,7000,15151,1.0620,1.89,0.083777,[.00
A2C_25000_bzip2__instcount_plainmodelHyper,7000,15948,0.9998,1.80,0.081247,[.00
A2C_25000_bzip2__instcount_plainmodelHyper,7000,15139,1.0630,1.89,0.069844,[.00
A2C_25000_bzip2__instcount_plainmodelHyper,7000,21864,0.5377,1.31,0.063538,[.00
A2C_25000_bzip2__instcount_plainmodelHyper,7000,17018,0.9162,1.68,0.084668,[.00
A2C_25000_bzip2__instcount_plainmodelHyper,7000,15941,1.0003,1.80,0.072165,[.00
A2C_25000_bzip2__instcount_plainmodelHyper,7000,38813,-0.7862,0.74,0.083174,[.00
A2C_25000_bzip2__instcount_plainmodelHyper,7000,19457,0.7257,1.47,0.075165,[.00
A2C_25000_bzip2__instcount_plainmodelHyper,7000,25986,0.2157,1.10,0.051959,[.00
A2C_25000_bzip2__instcount_plainmodelHyper,7000,17775,0.8571,1.61,0.047154,[.00
A2C_25000_bzip2__instcount_plainmodelHyper,7000,14220,1.1348,2.02,0.082007,[.00
A2C_25000_bzip2__instcount_plainmodelHyper,7000,20487,0.6452,1.40,0.067694,[.00
A2C_25000_bzip2__instcount_plainmodelHyper,7000,19915,0.6899,1.44,0.048223,[.00
A2C_25000_bzip2__instcount_plainmodelHyper,7000,16433,0.9619,1.74,0.076472,[.00
A2C_25000_bzip2__instcount_plainmodelHyper,7000,40670,-0.9312,0.70,0.087332,[.00
A2C_25000_bzip2__instcount_plainmodelHyper,7000,15307,1.0499,1.87,0.084634,[.00
A2C_25000_bzip2__instcount_plainmodelHyper,7000,14053,1.1478,2.04,0.081816,[.00
A2C_25000_bzip2__instcount_plainmodelHyper,7000,15373,1.0447,1.87,0.085123,[.00
A2C_25000_bzip2__instcount_plainmodelHyper,7000,21374,0.5760,1.34,0.073977,[.00
A2C_25000_bzip2__instcount_plainmodelHyper,7000,15607,1.0264,1.84,0.070338,[.00
A2C_25000_bzip2__instcount_plainmodelHyper,7000,36234,-0.5847,0.79,0.087013,[.00
A2C_25000_bzip2__instcount_plainmodelHyper,7000,14992,1.0745,1.91,0.081546,[.00
A2C_25000_bzip2__instcount_plainmodelHyper,7000,14908,1.0810,1.92,0.080684,[.00
A2C_25000_bzip2__instcount_plainmodelHyper,7000,16299,0.9724,1.76,0.072017,[.00
A2C_25000_bzip2__instcount_plainmodelHyper,7000,15600,1.0270,1.84,0.093404,[.00
A2C_25000_bzip2__instcount_plainmodelHyper,7000,19537,0.7194,1.47,0.050682,[.00
A2C_25000_bzip2__instcount_plainmodelHyper,7000,20978,0.6069,1.37,0.073196,[.00
A2C_25000_bzip2__instcount_plainmodelHyper,7000,18316,0.8148,1.56,0.102784,[.00
A2C_25000_bzip2__instcount_plainmodelHyper,7000,16497,0.9569,1.74,0.067709,[.00
A2C_25000_bzip2__instcount_plainmodelHyper,7000,15761,1.0144,1.82,0.068851,[.00
A2C_25000_bzip2__instcount_plainmodelHyper,7000,22385,0.4970,1.28,0.07176,[.00
A2C_25000_bzip2__instcount_plainmodelHyper,7000,17222,0.9003,1.66,0.070391,[.00
A2C_25000_bzip2__instcount_plainmodelHyper,7000,16359,0.9677,1.75,0.074108,[.00
A2C_25000_bzip2__instcount_plainmodelHyper,7000,14874,1.0837,1.93,0.084155,[.00
A2C_25000_bzip2__instcount_plainmodelHyper,7000,17042,0.9143,1.68,0.069939,[.00
A2C_25000_bzip2__instcount_plainmodelHyper,7000,41284,-0.9792,0.69,0.106265,[.00
A2C_25000_bzip2__instcount_plainmodelHyper,7000,14868,1.0842,1.93,0.080036,[.00
A2C_25000_bzip2__instcount_plainmodelHyper,7000,19777,0.7007,1.45,0.085476,[.00
A2C_25000_bzip2__instcount_plainmodelHyper,7000,17295,0.8946,1.66,0.071534,[.00
A2C_25000_bzip2__instcount_plainmodelHyper,7000,15168,1.0607,1.89,0.082248,[.00
A2C_25000_bzip2__instcount_plainmodelHyper,7000,19553,0.7182,1.47,0.045586,[.00
A2C_25000_bzip2__instcount_plainmodelHyper,7000,22038,0.5241,1.30,0.085132,[.00
A2C_25000_bzip2__instcount_plainmodelHyper,7000,20413,0.6510,1.40,0.079882,[.00
A2C_25000_bzip2__instcount_plainmodelHyper,7000,14940,1.0785,1.92,0.076085,[.00
A2C_25000_bzip2__instcount_plainmodelHyper,7000,16285,0.9735,1.76,0.080815,[.00
A2C_25000_bzip2__instcount_plainmodelHyper,7000,21022,0.6034,1.36,0.046435,[.00
A2C_25000_bzip2__instcount_plainmodelHyper,7000,15355,1.0461,1.87,0.076838,[.00
A2C_25000_bzip2__instcount_plainmodelHyper,7000,19633,0.7119,1.46,0.081453,[.00
A2C_25000_bzip2__instcount_plainmodelHyper,7000,14832,1.0870,1.93,0.085324,[.00
A2C_25000_bzip2__instcount_plainmodelHyper,7000,21341,0.5785,1.34,0.045923,[.00
A2C_25000_bzip2__instcount_plainmodelHyper,7000,21131,0.5949,1.36,0.045753,[.00
A2C_25000_bzip2__instcount_plainmodelHyper,7000,14241,1.1331,2.01,0.08522,[.00
A2C_25000_bzip2__instcount_plainmodelHyper,7000,16251,0.9761,1.76,0.070214,[.00
A2C_25000_bzip2__instcount_plainmodelHyper,7000,20271,0.6621,1.41,0.044327,[.00
A2C_25000_bzip2__instcount_plainmodelHyper,7000,16253,0.9760,1.76,0.077458,[.00
A2C_25000_bzip2__instcount_plainmodelHyper,7000,39595,-0.8472,0.72,0.098203,[.00
A2C_25000_bzip2__instcount_plainmodelHyper,7000,14862,1.0846,1.93,0.08082,[.00
A2C_25000_bzip2__instcount_plainmodelHyper,7000,27250,0.1170,1.05,0.04942,[.00
A2C_25000_bzip2__instcount_plainmodelHyper,7000,16437,0.9616,1.74,0.068579,[.00
A2C_25000_bzip2__instcount_plainmodelHyper,7000,15755,1.0149,1.82,0.068886,[.00
A2C_25000_bzip2__instcount_plainmodelHyper,7000,21073,0.5995,1.36,0.083536,[.00
A2C_25000_bzip2__instcount_plainmodelHyper,7000,15759,1.0146,1.82,0.069058,[.00
A2C_25000_bzip2__instcount_plainmodelHyper,7000,35854,-0.5550,0.80,0.086735,[.00
A2C_25000_bzip2__instcount_plainmodelHyper,7000,14770,1.0918,1.94,0.071415,[.00
A2C_25000_bzip2__instcount_plainmodelHyper,8000,15599,1.0271,1.84,0.083194,[.00
A2C_25000_bzip2__instcount_plainmodelHyper,8000,19605,0.7141,1.46,0.066691,[.00
A2C_25000_bzip2__instcount_plainmodelHyper,8000,16279,0.9739,1.76,0.084491,[.00
A2C_25000_bzip2__instcount_plainmodelHyper,8000,21968,0.5296,1.30,0.07856,[.00
A2C_25000_bzip2__instcount_plainmodelHyper,8000,16232,0.9776,1.77,0.067681,[.00
A2C_25000_bzip2__instcount_plainmodelHyper,8000,17128,0.9076,1.67,0.076616,[.00
A2C_25000_bzip2__instcount_plainmodelHyper,8000,17826,0.8531,1.61,0.048385,[.00
A2C_25000_bzip2__instcount_plainmodelHyper,8000,21527,0.5640,1.33,0.072746,[.00
A2C_25000_bzip2__instcount_plainmodelHyper,8000,37276,-0.6661,0.77,0.049507,[.00
A2C_25000_bzip2__instcount_plainmodelHyper,8000,14978,1.0756,1.91,0.099986,[.00
A2C_25000_bzip2__instcount_plainmodelHyper,8000,17092,0.9104,1.68,0.086088,[.00
A2C_25000_bzip2__instcount_plainmodelHyper,8000,15000,1.0738,1.91,0.091307,[.00
A2C_25000_bzip2__instcount_plainmodelHyper,8000,14750,1.0934,1.94,0.080969,[.00
A2C_25000_bzip2__instcount_plainmodelHyper,8000,14335,1.1258,2.00,0.085751,[.00
A2C_25000_bzip2__instcount_plainmodelHyper,8000,19849,0.6951,1.44,0.080066,[.00
A2C_25000_bzip2__instcount_plainmodelHyper,8000,31554,-0.2191,0.91,0.104737,[.00
A2C_25000_bzip2__instcount_plainmodelHyper,8000,15683,1.0205,1.83,0.065912,[.00
A2C_25000_bzip2__instcount_plainmodelHyper,8000,14827,1.0874,1.93,0.083222,[.00
A2C_25000_bzip2__instcount_plainmodelHyper,8000,16031,0.9933,1.79,0.072216,[.00
A2C_25000_bzip2__instcount_plainmodelHyper,8000,16274,0.9743,1.76,0.068537,[.00
A2C_25000_bzip2__instcount_plainmodelHyper,8000,22914,0.4557,1.25,0.072812,[.00
A2C_25000_bzip2__instcount_plainmodelHyper,8000,16520,0.9551,1.74,0.075836,[.00
A2C_25000_bzip2__instcount_plainmodelHyper,8000,35102,-0.4963,0.81,0.106774,[.00
A2C_25000_bzip2__instcount_plainmodelHyper,8000,15948,0.9998,1.80,0.070673,[.00
A2C_25000_bzip2__instcount_plainmodelHyper,8000,15292,1.0510,1.87,0.068335,[.00
A2C_25000_bzip2__instcount_plainmodelHyper,8000,15888,1.0045,1.80,0.076365,[.00
A2C_25000_bzip2__instcount_plainmodelHyper,8000,18997,0.7616,1.51,0.08175,[.00
A2C_25000_bzip2__instcount_plainmodelHyper,8000,16459,0.9599,1.74,0.072357,[.00
A2C_25000_bzip2__instcount_plainmodelHyper,8000,14985,1.0750,1.91,0.074271,[.00
A2C_25000_bzip2__instcount_plainmodelHyper,8000,16053,0.9916,1.79,0.06724,[.00
A2C_25000_bzip2__instcount_plainmodelHyper,8000,18719,0.7833,1.53,0.046465,[.00
A2C_25000_bzip2__instcount_plainmodelHyper,8000,15129,1.0638,1.90,0.082242,[.00
A2C_25000_bzip2__instcount_plainmodelHyper,8000,16486,0.9578,1.74,0.069704,[.00
A2C_25000_bzip2__instcount_plainmodelHyper,8000,19474,0.7244,1.47,0.08279,[.00
A2C_25000_bzip2__instcount_plainmodelHyper,8000,15716,1.0179,1.82,0.084582,[.00
A2C_25000_bzip2__instcount_plainmodelHyper,8000,15983,0.9971,1.79,0.067262,[.00
A2C_25000_bzip2__instcount_plainmodelHyper,8000,20890,0.6138,1.37,0.073152,[.00
A2C_25000_bzip2__instcount_plainmodelHyper,8000,17076,0.9117,1.68,0.071377,[.00
A2C_25000_bzip2__instcount_plainmodelHyper,8000,16078,0.9896,1.78,0.101131,[.00
A2C_25000_bzip2__instcount_plainmodelHyper,8000,22008,0.5264,1.30,0.047606,[.00
A2C_25000_bzip2__instcount_plainmodelHyper,8000,15171,1.0605,1.89,0.084741,[.00
A2C_25000_bzip2__instcount_plainmodelHyper,8000,14193,1.1369,2.02,0.080086,[.00
A2C_25000_bzip2__instcount_plainmodelHyper,8000,17785,0.8563,1.61,0.082537,[.00
A2C_25000_bzip2__instcount_plainmodelHyper,8000,14873,1.0838,1.93,0.066062,[.00
A2C_25000_bzip2__instcount_plainmodelHyper,8000,20257,0.6632,1.41,0.080768,[.00
A2C_25000_bzip2__instcount_plainmodelHyper,8000,16139,0.9849,1.78,0.084703,[.00
A2C_25000_bzip2__instcount_plainmodelHyper,8000,15038,1.0709,1.91,0.085717,[.00
A2C_25000_bzip2__instcount_plainmodelHyper,8000,21932,0.5324,1.31,0.081281,[.00
A2C_25000_bzip2__instcount_plainmodelHyper,8000,16174,0.9821,1.77,0.071794,[.00
A2C_25000_bzip2__instcount_plainmodelHyper,8000,15981,0.9972,1.79,0.074923,[.00
A2C_25000_bzip2__instcount_plainmodelHyper,8000,19897,0.6913,1.44,0.06834,[.00
A2C_25000_bzip2__instcount_plainmodelHyper,8000,15144,1.0626,1.89,0.087536,[.00
A2C_25000_bzip2__instcount_plainmodelHyper,8000,15775,1.0133,1.82,0.081834,[.00
A2C_25000_bzip2__instcount_plainmodelHyper,8000,20951,0.6090,1.37,0.048906,[.00
A2C_25000_bzip2__instcount_plainmodelHyper,8000,20395,0.6524,1.40,0.082954,[.00
A2C_25000_bzip2__instcount_plainmodelHyper,8000,22568,0.4827,1.27,0.074369,[.00
A2C_25000_bzip2__instcount_plainmodelHyper,8000,15578,1.0287,1.84,0.07017,[.00
A2C_25000_bzip2__instcount_plainmodelHyper,8000,16436,0.9617,1.74,0.072549,[.00
A2C_25000_bzip2__instcount_plainmodelHyper,8000,20385,0.6532,1.41,0.051161,[.00
A2C_25000_bzip2__instcount_plainmodelHyper,8000,18232,0.8214,1.57,0.081688,[.00
A2C_25000_bzip2__instcount_plainmodelHyper,8000,15657,1.0225,1.83,0.071615,[.00
A2C_25000_bzip2__instcount_plainmodelHyper,8000,14890,1.0824,1.93,0.073049,[.00
A2C_25000_bzip2__instcount_plainmodelHyper,8000,14791,1.0902,1.94,0.069984,[.00
A2C_25000_bzip2__instcount_plainmodelHyper,8000,17825,0.8532,1.61,0.084211,[.00
A2C_25000_bzip2__instcount_plainmodelHyper,8000,16954,0.9212,1.69,0.073394,[.00
A2C_25000_bzip2__instcount_plainmodelHyper,8000,16195,0.9805,1.77,0.070288,[.00
A2C_25000_bzip2__instcount_plainmodelHyper,8000,17840,0.8520,1.61,0.070255,[.00
A2C_25000_bzip2__instcount_plainmodelHyper,8000,20801,0.6207,1.38,0.047948,[.00
A2C_25000_bzip2__instcount_plainmodelHyper,8000,15628,1.0248,1.83,0.102678,[.00
A2C_25000_bzip2__instcount_plainmodelHyper,8000,16513,0.9557,1.74,0.080547,[.00
A2C_25000_bzip2__instcount_plainmodelHyper,8000,14934,1.0790,1.92,0.070632,[.00
A2C_25000_bzip2__instcount_plainmodelHyper,8000,16413,0.9635,1.75,0.067621,[.00
A2C_25000_bzip2__instcount_plainmodelHyper,8000,14386,1.1218,1.99,0.090518,[.00
A2C_25000_bzip2__instcount_plainmodelHyper,8000,30409,-0.1297,0.94,0.063832,[.00
A2C_25000_bzip2__instcount_plainmodelHyper,8000,16128,0.9857,1.78,0.068245,[.00
A2C_25000_bzip2__instcount_plainmodelHyper,8000,15679,1.0208,1.83,0.070879,[.00
A2C_25000_bzip2__instcount_plainmodelHyper,8000,16139,0.9849,1.78,0.068014,[.00
A2C_25000_bzip2__instcount_plainmodelHyper,8000,15903,1.0033,1.80,0.06953,[.00
A2C_25000_bzip2__instcount_plainmodelHyper,8000,17449,0.8825,1.64,0.075994,[.00
A2C_25000_bzip2__instcount_plainmodelHyper,8000,23576,0.4039,1.21,0.049367,[.00
A2C_25000_bzip2__instcount_plainmodelHyper,8000,33111,-0.3408,0.86,0.086082,[.00
A2C_25000_bzip2__instcount_plainmodelHyper,8000,15622,1.0253,1.84,0.086801,[.00
A2C_25000_bzip2__instcount_plainmodelHyper,8000,14916,1.0804,1.92,0.070124,[.00
A2C_25000_bzip2__instcount_plainmodelHyper,8000,14893,1.0822,1.93,0.068682,[.00
A2C_25000_bzip2__instcount_plainmodelHyper,8000,23113,0.4401,1.24,0.047246,[.00
A2C_25000_bzip2__instcount_plainmodelHyper,8000,21355,0.5774,1.34,0.092144,[.00
A2C_25000_bzip2__instcount_plainmodelHyper,8000,15167,1.0608,1.89,0.082744,[.00
A2C_25000_bzip2__instcount_plainmodelHyper,8000,14301,1.1284,2.01,0.08379,[.00
A2C_25000_bzip2__instcount_plainmodelHyper,8000,17683,0.8643,1.62,0.047005,[.00
A2C_25000_bzip2__instcount_plainmodelHyper,8000,17079,0.9114,1.68,0.083204,[.00
A2C_25000_bzip2__instcount_plainmodelHyper,8000,22944,0.4533,1.25,0.082986,[.00
A2C_25000_bzip2__instcount_plainmodelHyper,8000,15037,1.0710,1.91,0.067332,[.00
A2C_25000_bzip2__instcount_plainmodelHyper,8000,16139,0.9849,1.78,0.076983,[.00
A2C_25000_bzip2__instcount_plainmodelHyper,8000,15180,1.0598,1.89,0.078193,[.00
A2C_25000_bzip2__instcount_plainmodelHyper,8000,14048,1.1482,2.04,0.085636,[.00
A2C_25000_bzip2__instcount_plainmodelHyper,8000,15254,1.0540,1.88,0.069395,[.00
A2C_25000_bzip2__instcount_plainmodelHyper,8000,17348,0.8904,1.65,0.072982,[.00
A2C_25000_bzip2__instcount_plainmodelHyper,8000,15569,1.0294,1.84,0.092831,[.00
A2C_25000_bzip2__instcount_plainmodelHyper,8000,15957,0.9991,1.80,0.067753,[.00
A2C_25000_bzip2__instcount_plainmodelHyper,8000,15341,1.0472,1.87,0.086723,[.00
A2C_25000_bzip2__instcount_plainmodelHyper,9000,14834,1.0868,1.93,0.083814,[.00
A2C_25000_bzip2__instcount_plainmodelHyper,9000,32414,-0.2863,0.88,0.085131,[.00
A2C_25000_bzip2__instcount_plainmodelHyper,9000,35735,-0.5457,0.80,0.086609,[.00
A2C_25000_bzip2__instcount_plainmodelHyper,9000,22526,0.4860,1.27,0.091266,[.00
A2C_25000_bzip2__instcount_plainmodelHyper,9000,17248,0.8982,1.66,0.072015,[.00
A2C_25000_bzip2__instcount_plainmodelHyper,9000,15869,1.0060,1.81,0.070588,[.00
A2C_25000_bzip2__instcount_plainmodelHyper,9000,14876,1.0835,1.93,0.071878,[.00
A2C_25000_bzip2__instcount_plainmodelHyper,9000,34200,-0.4258,0.84,0.086766,[.00
A2C_25000_bzip2__instcount_plainmodelHyper,9000,15619,1.0255,1.84,0.070401,[.00
A2C_25000_bzip2__instcount_plainmodelHyper,9000,17741,0.8597,1.62,0.080671,[.00
A2C_25000_bzip2__instcount_plainmodelHyper,9000,16063,0.9908,1.78,0.084586,[.00
A2C_25000_bzip2__instcount_plainmodelHyper,9000,15268,1.0529,1.88,0.072408,[.00
A2C_25000_bzip2__instcount_plainmodelHyper,9000,14140,1.1410,2.03,0.084695,[.00
A2C_25000_bzip2__instcount_plainmodelHyper,9000,16555,0.9524,1.73,0.069076,[.00
A2C_25000_bzip2__instcount_plainmodelHyper,9000,15408,1.0420,1.86,0.07193,[.00
A2C_25000_bzip2__instcount_plainmodelHyper,9000,19099,0.7537,1.50,0.073603,[.00
A2C_25000_bzip2__instcount_plainmodelHyper,9000,37059,-0.6491,0.77,0.10961,[.00
A2C_25000_bzip2__instcount_plainmodelHyper,9000,16322,0.9706,1.76,0.071309,[.00
A2C_25000_bzip2__instcount_plainmodelHyper,9000,16486,0.9578,1.74,0.076465,[.00
A2C_25000_bzip2__instcount_plainmodelHyper,9000,19371,0.7324,1.48,0.069478,[.00
A2C_25000_bzip2__instcount_plainmodelHyper,9000,15365,1.0453,1.87,0.088155,[.00
A2C_25000_bzip2__instcount_plainmodelHyper,9000,30883,-0.1667,0.93,0.050784,[.00
A2C_25000_bzip2__instcount_plainmodelHyper,9000,15819,1.0099,1.81,0.069114,[.00
A2C_25000_bzip2__instcount_plainmodelHyper,9000,16040,0.9926,1.79,0.070717,[.00
A2C_25000_bzip2__instcount_plainmodelHyper,9000,18385,0.8094,1.56,0.04785,[.00
A2C_25000_bzip2__instcount_plainmodelHyper,9000,21277,0.5835,1.35,0.068476,[.00
A2C_25000_bzip2__instcount_plainmodelHyper,9000,16239,0.9771,1.77,0.073763,[.00
A2C_25000_bzip2__instcount_plainmodelHyper,9000,14800,1.0895,1.94,0.080979,[.00
A2C_25000_bzip2__instcount_plainmodelHyper,9000,15614,1.0259,1.84,0.071492,[.00
A2C_25000_bzip2__instcount_plainmodelHyper,9000,21855,0.5384,1.31,0.087259,[.00
A2C_25000_bzip2__instcount_plainmodelHyper,9000,21040,0.6020,1.36,0.083844,[.00
A2C_25000_bzip2__instcount_plainmodelHyper,9000,16454,0.9603,1.74,0.093608,[.00
A2C_25000_bzip2__instcount_plainmodelHyper,9000,16899,0.9255,1.70,0.06827,[.00
A2C_25000_bzip2__instcount_plainmodelHyper,9000,15079,1.0677,1.90,0.072122,[.00
A2C_25000_bzip2__instcount_plainmodelHyper,9000,15164,1.0610,1.89,0.09395,[.00
A2C_25000_bzip2__instcount_plainmodelHyper,9000,14674,1.0993,1.95,0.083401,[.00
A2C_25000_bzip2__instcount_plainmodelHyper,9000,32569,-0.2984,0.88,0.082926,[.00
A2C_25000_bzip2__instcount_plainmodelHyper,9000,14542,1.1096,1.97,0.081181,[.00
A2C_25000_bzip2__instcount_plainmodelHyper,9000,14832,1.0870,1.93,0.075952,[.00
A2C_25000_bzip2__instcount_plainmodelHyper,9000,16068,0.9904,1.78,0.08081,[.00
A2C_25000_bzip2__instcount_plainmodelHyper,9000,16540,0.9536,1.73,0.068227,[.00
A2C_25000_bzip2__instcount_plainmodelHyper,9000,17275,0.8961,1.66,0.085966,[.00
A2C_25000_bzip2__instcount_plainmodelHyper,9000,16083,0.9892,1.78,0.071733,[.00
A2C_25000_bzip2__instcount_plainmodelHyper,9000,14080,1.1457,2.04,0.080815,[.00
A2C_25000_bzip2__instcount_plainmodelHyper,9000,15717,1.0178,1.82,0.08151,[.00
A2C_25000_bzip2__instcount_plainmodelHyper,9000,17563,0.8736,1.63,0.068163,[.00
A2C_25000_bzip2__instcount_plainmodelHyper,9000,14612,1.1042,1.96,0.09959,[.00
A2C_25000_bzip2__instcount_plainmodelHyper,9000,15911,1.0027,1.80,0.07771,[.00
A2C_25000_bzip2__instcount_plainmodelHyper,9000,14288,1.1295,2.01,0.079355,[.00
A2C_25000_bzip2__instcount_plainmodelHyper,9000,15088,1.0670,1.90,0.081339,[.00
A2C_25000_bzip2__instcount_plainmodelHyper,9000,14711,1.0964,1.95,0.082533,[.00
A2C_25000_bzip2__instcount_plainmodelHyper,9000,17473,0.8807,1.64,0.07537,[.00
A2C_25000_bzip2__instcount_plainmodelHyper,9000,18380,0.8098,1.56,0.06812,[.00
A2C_25000_bzip2__instcount_plainmodelHyper,9000,21125,0.5954,1.36,0.045126,[.00
A2C_25000_bzip2__instcount_plainmodelHyper,9000,23625,0.4001,1.21,0.090593,[.00
A2C_25000_bzip2__instcount_plainmodelHyper,9000,20811,0.6199,1.38,0.081066,[.00
A2C_25000_bzip2__instcount_plainmodelHyper,9000,14020,1.1504,2.05,0.085816,[.00
A2C_25000_bzip2__instcount_plainmodelHyper,9000,18214,0.8228,1.57,0.082349,[.00
A2C_25000_bzip2__instcount_plainmodelHyper,9000,15031,1.0714,1.91,0.07273,[.00
A2C_25000_bzip2__instcount_plainmodelHyper,9000,16162,0.9831,1.77,0.109515,[.00
A2C_25000_bzip2__instcount_plainmodelHyper,9000,16074,0.9900,1.78,0.082083,[.00
A2C_25000_bzip2__instcount_plainmodelHyper,9000,19577,0.7163,1.46,0.069818,[.00
A2C_25000_bzip2__instcount_plainmodelHyper,9000,16972,0.9198,1.69,0.071168,[.00
A2C_25000_bzip2__instcount_plainmodelHyper,9000,15214,1.0571,1.88,0.082875,[.00
A2C_25000_bzip2__instcount_plainmodelHyper,9000,16568,0.9514,1.73,0.073657,[.00
A2C_25000_bzip2__instcount_plainmodelHyper,9000,15912,1.0026,1.80,0.070214,[.00
A2C_25000_bzip2__instcount_plainmodelHyper,9000,19609,0.7138,1.46,0.073415,[.00
A2C_25000_bzip2__instcount_plainmodelHyper,9000,18906,0.7687,1.52,0.073266,[.00
A2C_25000_bzip2__instcount_plainmodelHyper,9000,21553,0.5620,1.33,0.086013,[.00
A2C_25000_bzip2__instcount_plainmodelHyper,9000,14822,1.0877,1.93,0.078882,[.00
A2C_25000_bzip2__instcount_plainmodelHyper,9000,16747,0.9374,1.71,0.089085,[.00
A2C_25000_bzip2__instcount_plainmodelHyper,9000,16585,0.9500,1.73,0.093123,[.00
A2C_25000_bzip2__instcount_plainmodelHyper,9000,16529,0.9544,1.73,0.067541,[.00
A2C_25000_bzip2__instcount_plainmodelHyper,9000,15744,1.0157,1.82,0.066005,[.00
A2C_25000_bzip2__instcount_plainmodelHyper,9000,17840,0.8520,1.61,0.078119,[.00
A2C_25000_bzip2__instcount_plainmodelHyper,9000,20240,0.6645,1.42,0.067652,[.00
A2C_25000_bzip2__instcount_plainmodelHyper,9000,20215,0.6665,1.42,0.069954,[.00
A2C_25000_bzip2__instcount_plainmodelHyper,9000,15487,1.0358,1.85,0.068609,[.00
A2C_25000_bzip2__instcount_plainmodelHyper,9000,17037,0.9147,1.68,0.069376,[.00
A2C_25000_bzip2__instcount_plainmodelHyper,9000,18675,0.7868,1.53,0.075764,[.00
A2C_25000_bzip2__instcount_plainmodelHyper,9000,15187,1.0592,1.89,0.08756,[.00
A2C_25000_bzip2__instcount_plainmodelHyper,9000,14663,1.1002,1.96,0.084607,[.00
A2C_25000_bzip2__instcount_plainmodelHyper,9000,15655,1.0227,1.83,0.071207,[.00
A2C_25000_bzip2__instcount_plainmodelHyper,9000,16245,0.9766,1.76,0.068805,[.00
A2C_25000_bzip2__instcount_plainmodelHyper,9000,14520,1.1113,1.97,0.080195,[.00
A2C_25000_bzip2__instcount_plainmodelHyper,9000,14329,1.1263,2.00,0.084855,[.00
A2C_25000_bzip2__instcount_plainmodelHyper,9000,19993,0.6838,1.43,0.084462,[.00
A2C_25000_bzip2__instcount_plainmodelHyper,9000,21922,0.5331,1.31,0.085752,[.00
A2C_25000_bzip2__instcount_plainmodelHyper,9000,14089,1.1450,2.04,0.090407,[.00
A2C_25000_bzip2__instcount_plainmodelHyper,9000,15926,1.0015,1.80,0.07065,[.00
A2C_25000_bzip2__instcount_plainmodelHyper,9000,16436,0.9617,1.74,0.070114,[.00
A2C_25000_bzip2__instcount_plainmodelHyper,9000,15026,1.0718,1.91,0.078465,[.00
A2C_25000_bzip2__instcount_plainmodelHyper,9000,15608,1.0264,1.84,0.091861,[.00
A2C_25000_bzip2__instcount_plainmodelHyper,9000,14453,1.1166,1.98,0.085203,[.00
A2C_25000_bzip2__instcount_plainmodelHyper,9000,19028,0.7592,1.51,0.067769,[.00
A2C_25000_bzip2__instcount_plainmodelHyper,9000,17359,0.8896,1.65,0.078776,[.00
A2C_25000_bzip2__instcount_plainmodelHyper,9000,15729,1.0169,1.82,0.072173,[.00
A2C_25000_bzip2__instcount_plainmodelHyper,9000,16011,0.9949,1.79,0.071107,[.00
A2C_25000_bzip2__instcount_plainmodelHyper,9000,18858,0.7725,1.52,0.070113,[.00
A2C_25000_bzip2__instcount_plainmodelHyper,10000,16297,0.9725,1.76,0.071651,[.00
A2C_25000_bzip2__instcount_plainmodelHyper,10000,14607,1.1045,1.96,0.067123,[.00
A2C_25000_bzip2__instcount_plainmodelHyper,10000,14444,1.1173,1.99,0.080733,[.00
A2C_25000_bzip2__instcount_plainmodelHyper,10000,19163,0.7487,1.50,0.078967,[.00
A2C_25000_bzip2__instcount_plainmodelHyper,10000,14882,1.0831,1.93,0.079233,[.00
A2C_25000_bzip2__instcount_plainmodelHyper,10000,17346,0.8906,1.65,0.101263,[.00
A2C_25000_bzip2__instcount_plainmodelHyper,10000,22393,0.4964,1.28,0.079616,[.00
A2C_25000_bzip2__instcount_plainmodelHyper,10000,14461,1.1159,1.98,0.084159,[.00
A2C_25000_bzip2__instcount_plainmodelHyper,10000,20679,0.6302,1.39,0.086037,[.00
A2C_25000_bzip2__instcount_plainmodelHyper,10000,16739,0.9380,1.71,0.067393,[.00
A2C_25000_bzip2__instcount_plainmodelHyper,10000,14774,1.0915,1.94,0.078936,[.00
A2C_25000_bzip2__instcount_plainmodelHyper,10000,27240,0.1177,1.05,0.101103,[.00
A2C_25000_bzip2__instcount_plainmodelHyper,10000,16283,0.9736,1.76,0.079862,[.00
A2C_25000_bzip2__instcount_plainmodelHyper,10000,14370,1.1231,2.00,0.06817,[.00
A2C_25000_bzip2__instcount_plainmodelHyper,10000,19395,0.7305,1.48,0.079408,[.00
A2C_25000_bzip2__instcount_plainmodelHyper,10000,14670,1.0996,1.95,0.080318,[.00
A2C_25000_bzip2__instcount_plainmodelHyper,10000,17349,0.8904,1.65,0.068996,[.00
A2C_25000_bzip2__instcount_plainmodelHyper,10000,14391,1.1214,1.99,0.083013,[.00
A2C_25000_bzip2__instcount_plainmodelHyper,10000,25306,0.2688,1.13,0.099272,[.00
A2C_25000_bzip2__instcount_plainmodelHyper,10000,14598,1.1052,1.96,0.079964,[.00
A2C_25000_bzip2__instcount_plainmodelHyper,10000,14825,1.0875,1.93,0.080946,[.00
A2C_25000_bzip2__instcount_plainmodelHyper,10000,17598,0.8709,1.63,0.067659,[.00
A2C_25000_bzip2__instcount_plainmodelHyper,10000,14562,1.1081,1.97,0.105676,[.00
A2C_25000_bzip2__instcount_plainmodelHyper,10000,17311,0.8933,1.66,0.068639,[.00
A2C_25000_bzip2__instcount_plainmodelHyper,10000,16414,0.9634,1.75,0.079183,[.00
A2C_25000_bzip2__instcount_plainmodelHyper,10000,14532,1.1104,1.97,0.084206,[.00
A2C_25000_bzip2__instcount_plainmodelHyper,10000,15986,0.9968,1.79,0.070435,[.00
A2C_25000_bzip2__instcount_plainmodelHyper,10000,14964,1.0767,1.92,0.084549,[.00
A2C_25000_bzip2__instcount_plainmodelHyper,10000,15256,1.0538,1.88,0.081373,[.00
A2C_25000_bzip2__instcount_plainmodelHyper,10000,24912,0.2996,1.15,0.04502,[.00
A2C_25000_bzip2__instcount_plainmodelHyper,10000,16683,0.9424,1.72,0.069178,[.00
A2C_25000_bzip2__instcount_plainmodelHyper,10000,14498,1.1131,1.98,0.085962,[.00
A2C_25000_bzip2__instcount_plainmodelHyper,10000,15867,1.0061,1.81,0.069429,[.00
A2C_25000_bzip2__instcount_plainmodelHyper,10000,15915,1.0024,1.80,0.076258,[.00
A2C_25000_bzip2__instcount_plainmodelHyper,10000,14560,1.1082,1.97,0.082484,[.00
A2C_25000_bzip2__instcount_plainmodelHyper,10000,21587,0.5593,1.33,0.082891,[.00
A2C_25000_bzip2__instcount_plainmodelHyper,10000,15174,1.0603,1.89,0.06928,[.00
A2C_25000_bzip2__instcount_plainmodelHyper,10000,15194,1.0587,1.89,0.068745,[.00
A2C_25000_bzip2__instcount_plainmodelHyper,10000,15224,1.0563,1.88,0.081121,[.00
A2C_25000_bzip2__instcount_plainmodelHyper,10000,17385,0.8875,1.65,0.086481,[.00
A2C_25000_bzip2__instcount_plainmodelHyper,10000,14810,1.0887,1.94,0.079223,[.00
A2C_25000_bzip2__instcount_plainmodelHyper,10000,32553,-0.2972,0.88,0.084434,[.00
A2C_25000_bzip2__instcount_plainmodelHyper,10000,22345,0.5001,1.28,0.079235,[.00
A2C_25000_bzip2__instcount_plainmodelHyper,10000,17739,0.8599,1.62,0.108729,[.00
A2C_25000_bzip2__instcount_plainmodelHyper,10000,16143,0.9846,1.78,0.073632,[.00
A2C_25000_bzip2__instcount_plainmodelHyper,10000,14968,1.0763,1.92,0.082238,[.00
A2C_25000_bzip2__instcount_plainmodelHyper,10000,15601,1.0269,1.84,0.102886,[.00
A2C_25000_bzip2__instcount_plainmodelHyper,10000,15906,1.0031,1.80,0.086969,[.00
A2C_25000_bzip2__instcount_plainmodelHyper,10000,17186,0.9031,1.67,0.070779,[.00
A2C_25000_bzip2__instcount_plainmodelHyper,10000,15617,1.0256,1.84,0.073446,[.00
A2C_25000_bzip2__instcount_plainmodelHyper,10000,15057,1.0694,1.90,0.093985,[.00
A2C_25000_bzip2__instcount_plainmodelHyper,10000,14479,1.1145,1.98,0.085505,[.00
A2C_25000_bzip2__instcount_plainmodelHyper,10000,18275,0.8180,1.57,0.074746,[.00
A2C_25000_bzip2__instcount_plainmodelHyper,10000,14514,1.1118,1.98,0.081925,[.00
A2C_25000_bzip2__instcount_plainmodelHyper,10000,21329,0.5795,1.34,0.088119,[.00
A2C_25000_bzip2__instcount_plainmodelHyper,10000,14737,1.0944,1.95,0.069794,[.00
A2C_25000_bzip2__instcount_plainmodelHyper,10000,21750,0.5466,1.32,0.086196,[.00
A2C_25000_bzip2__instcount_plainmodelHyper,10000,18676,0.7867,1.53,0.098195,[.00
A2C_25000_bzip2__instcount_plainmodelHyper,10000,15042,1.0706,1.91,0.078953,[.00
A2C_25000_bzip2__instcount_plainmodelHyper,10000,14321,1.1269,2.00,0.079922,[.00
A2C_25000_bzip2__instcount_plainmodelHyper,10000,14199,1.1364,2.02,0.084247,[.00
A2C_25000_bzip2__instcount_plainmodelHyper,10000,16070,0.9903,1.78,0.071822,[.00
A2C_25000_bzip2__instcount_plainmodelHyper,10000,16593,0.9494,1.73,0.082805,[.00
A2C_25000_bzip2__instcount_plainmodelHyper,10000,17002,0.9175,1.69,0.083547,[.00
A2C_25000_bzip2__instcount_plainmodelHyper,10000,15406,1.0421,1.86,0.088477,[.00
A2C_25000_bzip2__instcount_plainmodelHyper,10000,19599,0.7146,1.46,0.071352,[.00
A2C_25000_bzip2__instcount_plainmodelHyper,10000,19746,0.7031,1.45,0.046441,[.00
A2C_25000_bzip2__instcount_plainmodelHyper,10000,20420,0.6505,1.40,0.069517,[.00
A2C_25000_bzip2__instcount_plainmodelHyper,10000,35351,-0.5157,0.81,0.048405,[.00
A2C_25000_bzip2__instcount_plainmodelHyper,10000,15335,1.0477,1.87,0.083184,[.00
A2C_25000_bzip2__instcount_plainmodelHyper,10000,15715,1.0180,1.82,0.081102,[.00
A2C_25000_bzip2__instcount_plainmodelHyper,10000,48658,-1.5552,0.59,0.086922,[.00
A2C_25000_bzip2__instcount_plainmodelHyper,10000,37144,-0.6558,0.77,0.085459,[.00
A2C_25000_bzip2__instcount_plainmodelHyper,10000,16352,0.9682,1.75,0.072601,[.00
A2C_25000_bzip2__instcount_plainmodelHyper,10000,19345,0.7344,1.48,0.079567,[.00
A2C_25000_bzip2__instcount_plainmodelHyper,10000,19085,0.7548,1.50,0.070714,[.00
A2C_25000_bzip2__instcount_plainmodelHyper,10000,16221,0.9785,1.77,0.076745,[.00
A2C_25000_bzip2__instcount_plainmodelHyper,10000,27041,0.1333,1.06,0.047092,[.00
A2C_25000_bzip2__instcount_plainmodelHyper,10000,14861,1.0847,1.93,0.081529,[.00
A2C_25000_bzip2__instcount_plainmodelHyper,10000,15937,1.0007,1.80,0.0713,[.00
A2C_25000_bzip2__instcount_plainmodelHyper,10000,17417,0.8850,1.65,0.048664,[.00
A2C_25000_bzip2__instcount_plainmodelHyper,10000,15298,1.0506,1.87,0.083087,[.00
A2C_25000_bzip2__instcount_plainmodelHyper,10000,14130,1.1418,2.03,0.08031,[.00
A2C_25000_bzip2__instcount_plainmodelHyper,10000,15529,1.0325,1.85,0.084282,[.00
A2C_25000_bzip2__instcount_plainmodelHyper,10000,17661,0.8660,1.62,0.081708,[.00
A2C_25000_bzip2__instcount_plainmodelHyper,10000,16839,0.9302,1.70,0.067987,[.00
A2C_25000_bzip2__instcount_plainmodelHyper,10000,15818,1.0099,1.81,0.076211,[.00
A2C_25000_bzip2__instcount_plainmodelHyper,10000,14115,1.1430,2.03,0.079935,[.00
A2C_25000_bzip2__instcount_plainmodelHyper,10000,32096,-0.2615,0.89,0.056799,[.00
A2C_25000_bzip2__instcount_plainmodelHyper,10000,14954,1.0774,1.92,0.073293,[.00
A2C_25000_bzip2__instcount_plainmodelHyper,10000,15009,1.0731,1.91,0.077327,[.00
A2C_25000_bzip2__instcount_plainmodelHyper,10000,17711,0.8621,1.62,0.083841,[.00
A2C_25000_bzip2__instcount_plainmodelHyper,10000,14826,1.0874,1.93,0.082038,[.00
A2C_25000_bzip2__instcount_plainmodelHyper,10000,14408,1.1201,1.99,0.082477,[.00
A2C_25000_bzip2__instcount_plainmodelHyper,10000,15969,0.9982,1.80,0.082247,[.00
A2C_25000_bzip2__instcount_plainmodelHyper,10000,15847,1.0077,1.81,0.082094,[.00
A2C_25000_bzip2__instcount_plainmodelHyper,10000,19811,0.6980,1.45,0.079372,[.00
A2C_25000_bzip2__instcount_plainmodelHyper,10000,21764,0.5455,1.32,0.083216,[.00
A2C_25000_bzip2__instcount_plainmodelHyper,10000,21760,0.5458,1.32,0.080843,[.00
A2C_25000_bzip2__instcount_plainmodelHyper,10000,15940,1.0004,1.80,0.077027,[.00
A2C_25000_bzip2__instcount_plainmodelHyper,11000,18273,0.8182,1.57,0.08391,[.00
A2C_25000_bzip2__instcount_plainmodelHyper,11000,15980,0.9973,1.79,0.097634,[.00
A2C_25000_bzip2__instcount_plainmodelHyper,11000,14730,1.0949,1.95,0.0808,[.00
A2C_25000_bzip2__instcount_plainmodelHyper,11000,15319,1.0489,1.87,0.082241,[.00
A2C_25000_bzip2__instcount_plainmodelHyper,11000,21777,0.5445,1.32,0.075941,[.00
A2C_25000_bzip2__instcount_plainmodelHyper,11000,17327,0.8921,1.65,0.071816,[.00
A2C_25000_bzip2__instcount_plainmodelHyper,11000,14582,1.1065,1.97,0.085036,[.00
A2C_25000_bzip2__instcount_plainmodelHyper,11000,31376,-0.2052,0.91,0.083048,[.00
A2C_25000_bzip2__instcount_plainmodelHyper,11000,18827,0.7749,1.52,0.070207,[.00
A2C_25000_bzip2__instcount_plainmodelHyper,11000,34175,-0.4239,0.84,0.105487,[.00
A2C_25000_bzip2__instcount_plainmodelHyper,11000,15415,1.0414,1.86,0.068192,[.00
A2C_25000_bzip2__instcount_plainmodelHyper,11000,15576,1.0289,1.84,0.070615,[.00
A2C_25000_bzip2__instcount_plainmodelHyper,11000,15785,1.0125,1.82,0.069509,[.00
A2C_25000_bzip2__instcount_plainmodelHyper,11000,20346,0.6563,1.41,0.071175,[.00
A2C_25000_bzip2__instcount_plainmodelHyper,11000,19930,0.6887,1.44,0.072734,[.00
A2C_25000_bzip2__instcount_plainmodelHyper,11000,16049,0.9919,1.79,0.07162,[.00
A2C_25000_bzip2__instcount_plainmodelHyper,11000,16732,0.9386,1.71,0.115872,[.00
A2C_25000_bzip2__instcount_plainmodelHyper,11000,15678,1.0209,1.83,0.06474,[.00
A2C_25000_bzip2__instcount_plainmodelHyper,11000,18853,0.7729,1.52,0.067128,[.00
A2C_25000_bzip2__instcount_plainmodelHyper,11000,19122,0.7519,1.50,0.06928,[.00
A2C_25000_bzip2__instcount_plainmodelHyper,11000,35079,-0.4945,0.81,0.085028,[.00
A2C_25000_bzip2__instcount_plainmodelHyper,11000,20681,0.6301,1.39,0.068719,[.00
A2C_25000_bzip2__instcount_plainmodelHyper,11000,15701,1.0191,1.83,0.088776,[.00
A2C_25000_bzip2__instcount_plainmodelHyper,11000,15371,1.0449,1.87,0.06897,[.00
A2C_25000_bzip2__instcount_plainmodelHyper,11000,16780,0.9348,1.71,0.069928,[.00
A2C_25000_bzip2__instcount_plainmodelHyper,11000,16918,0.9240,1.69,0.07515,[.00
A2C_25000_bzip2__instcount_plainmodelHyper,11000,18753,0.7807,1.53,0.048514,[.00
A2C_25000_bzip2__instcount_plainmodelHyper,11000,15216,1.0570,1.88,0.069393,[.00
A2C_25000_bzip2__instcount_plainmodelHyper,11000,16017,0.9944,1.79,0.075638,[.00
A2C_25000_bzip2__instcount_plainmodelHyper,11000,16618,0.9475,1.72,0.073555,[.00
A2C_25000_bzip2__instcount_plainmodelHyper,11000,14920,1.0801,1.92,0.079086,[.00
A2C_25000_bzip2__instcount_plainmodelHyper,11000,16907,0.9249,1.70,0.073464,[.00
A2C_25000_bzip2__instcount_plainmodelHyper,11000,19235,0.7430,1.49,0.074979,[.00
A2C_25000_bzip2__instcount_plainmodelHyper,11000,49406,-1.6136,0.58,0.107712,[.00
A2C_25000_bzip2__instcount_plainmodelHyper,11000,18609,0.7919,1.54,0.070971,[.00
A2C_25000_bzip2__instcount_plainmodelHyper,11000,14863,1.0845,1.93,0.079743,[.00
A2C_25000_bzip2__instcount_plainmodelHyper,11000,15704,1.0189,1.83,0.07786,[.00
A2C_25000_bzip2__instcount_plainmodelHyper,11000,16899,0.9255,1.70,0.084192,[.00
A2C_25000_bzip2__instcount_plainmodelHyper,11000,17718,0.8615,1.62,0.070976,[.00
A2C_25000_bzip2__instcount_plainmodelHyper,11000,17854,0.8509,1.61,0.045578,[.00
A2C_25000_bzip2__instcount_plainmodelHyper,11000,16076,0.9898,1.78,0.078963,[.00
A2C_25000_bzip2__instcount_plainmodelHyper,11000,16254,0.9759,1.76,0.078477,[.00
A2C_25000_bzip2__instcount_plainmodelHyper,11000,15319,1.0489,1.87,0.070683,[.00
A2C_25000_bzip2__instcount_plainmodelHyper,11000,15195,1.0586,1.89,0.077293,[.00
A2C_25000_bzip2__instcount_plainmodelHyper,11000,17530,0.8762,1.63,0.065937,[.00
A2C_25000_bzip2__instcount_plainmodelHyper,11000,15223,1.0564,1.88,0.08116,[.00
A2C_25000_bzip2__instcount_plainmodelHyper,11000,15152,1.0620,1.89,0.091558,[.00
A2C_25000_bzip2__instcount_plainmodelHyper,11000,15192,1.0588,1.89,0.072673,[.00
A2C_25000_bzip2__instcount_plainmodelHyper,11000,14660,1.1004,1.96,0.082555,[.00
A2C_25000_bzip2__instcount_plainmodelHyper,11000,16787,0.9343,1.71,0.070943,[.00
A2C_25000_bzip2__instcount_plainmodelHyper,11000,15605,1.0266,1.84,0.072249,[.00
A2C_25000_bzip2__instcount_plainmodelHyper,11000,14684,1.0985,1.95,0.075099,[.00
A2C_25000_bzip2__instcount_plainmodelHyper,11000,20501,0.6441,1.40,0.045184,[.00
A2C_25000_bzip2__instcount_plainmodelHyper,11000,21162,0.5925,1.35,0.080702,[.00
A2C_25000_bzip2__instcount_plainmodelHyper,11000,20372,0.6542,1.41,0.081083,[.00
A2C_25000_bzip2__instcount_plainmodelHyper,11000,14851,1.0855,1.93,0.081976,[.00
A2C_25000_bzip2__instcount_plainmodelHyper,11000,17388,0.8873,1.65,0.086253,[.00
A2C_25000_bzip2__instcount_plainmodelHyper,11000,15086,1.0671,1.90,0.068485,[.00
A2C_25000_bzip2__instcount_plainmodelHyper,11000,15672,1.0214,1.83,0.083145,[.00
A2C_25000_bzip2__instcount_plainmodelHyper,11000,21769,0.5451,1.32,0.081545,[.00
A2C_25000_bzip2__instcount_plainmodelHyper,11000,15768,1.0139,1.82,0.078114,[.00
A2C_25000_bzip2__instcount_plainmodelHyper,11000,14379,1.1224,1.99,0.078188,[.00
A2C_25000_bzip2__instcount_plainmodelHyper,11000,17896,0.8476,1.60,0.078984,[.00
A2C_25000_bzip2__instcount_plainmodelHyper,11000,15412,1.0417,1.86,0.079137,[.00
A2C_25000_bzip2__instcount_plainmodelHyper,11000,15554,1.0306,1.84,0.070096,[.00
A2C_25000_bzip2__instcount_plainmodelHyper,11000,19496,0.7226,1.47,0.086976,[.00
A2C_25000_bzip2__instcount_plainmodelHyper,11000,19796,0.6992,1.45,0.072556,[.00
A2C_25000_bzip2__instcount_plainmodelHyper,11000,16910,0.9246,1.70,0.100016,[.00
A2C_25000_bzip2__instcount_plainmodelHyper,11000,16425,0.9625,1.75,0.071002,[.00
A2C_25000_bzip2__instcount_plainmodelHyper,11000,19440,0.7270,1.47,0.070428,[.00
A2C_25000_bzip2__instcount_plainmodelHyper,11000,15182,1.0596,1.89,0.08554,[.00
A2C_25000_bzip2__instcount_plainmodelHyper,11000,18359,0.8115,1.56,0.071277,[.00
A2C_25000_bzip2__instcount_plainmodelHyper,11000,16267,0.9749,1.76,0.076035,[.00
A2C_25000_bzip2__instcount_plainmodelHyper,11000,16438,0.9615,1.74,0.077992,[.00
A2C_25000_bzip2__instcount_plainmodelHyper,11000,15591,1.0277,1.84,0.07028,[.00
A2C_25000_bzip2__instcount_plainmodelHyper,11000,19123,0.7518,1.50,0.073168,[.00
A2C_25000_bzip2__instcount_plainmodelHyper,11000,15963,0.9986,1.80,0.069524,[.00
A2C_25000_bzip2__instcount_plainmodelHyper,11000,14689,1.0981,1.95,0.080467,[.00
A2C_25000_bzip2__instcount_plainmodelHyper,11000,15485,1.0360,1.85,0.065025,[.00
A2C_25000_bzip2__instcount_plainmodelHyper,11000,19026,0.7594,1.51,0.087171,[.00
A2C_25000_bzip2__instcount_plainmodelHyper,11000,15586,1.0281,1.84,0.071528,[.00
A2C_25000_bzip2__instcount_plainmodelHyper,11000,14984,1.0751,1.91,0.071215,[.00
A2C_25000_bzip2__instcount_plainmodelHyper,11000,15874,1.0056,1.81,0.069825,[.00
A2C_25000_bzip2__instcount_plainmodelHyper,11000,14495,1.1133,1.98,0.082113,[.00
A2C_25000_bzip2__instcount_plainmodelHyper,11000,16135,0.9852,1.78,0.100971,[.00
A2C_25000_bzip2__instcount_plainmodelHyper,11000,15194,1.0587,1.89,0.065151,[.00
A2C_25000_bzip2__instcount_plainmodelHyper,11000,15416,1.0413,1.86,0.068348,[.00
A2C_25000_bzip2__instcount_plainmodelHyper,11000,15486,1.0359,1.85,0.081404,[.00
A2C_25000_bzip2__instcount_plainmodelHyper,11000,16839,0.9302,1.70,0.06982,[.00
A2C_25000_bzip2__instcount_plainmodelHyper,11000,15847,1.0077,1.81,0.069788,[.00
A2C_25000_bzip2__instcount_plainmodelHyper,11000,15434,1.0399,1.86,0.085118,[.00
A2C_25000_bzip2__instcount_plainmodelHyper,11000,16258,0.9756,1.76,0.074175,[.00
A2C_25000_bzip2__instcount_plainmodelHyper,11000,26096,0.2071,1.10,0.102658,[.00
A2C_25000_bzip2__instcount_plainmodelHyper,11000,16381,0.9660,1.75,0.078795,[.00
A2C_25000_bzip2__instcount_plainmodelHyper,11000,14847,1.0858,1.93,0.069416,[.00
A2C_25000_bzip2__instcount_plainmodelHyper,11000,15259,1.0536,1.88,0.08207,[.00
A2C_25000_bzip2__instcount_plainmodelHyper,11000,14620,1.1035,1.96,0.076183,[.00
A2C_25000_bzip2__instcount_plainmodelHyper,11000,17282,0.8956,1.66,0.071577,[.00
A2C_25000_bzip2__instcount_plainmodelHyper,11000,14739,1.0942,1.95,0.082474,[.00
A2C_25000_bzip2__instcount_plainmodelHyper,11000,17545,0.8750,1.63,0.070905,[.00
A2C_25000_bzip2__instcount_plainmodelHyper,12000,20718,0.6272,1.38,0.074638,[.00
A2C_25000_bzip2__instcount_plainmodelHyper,12000,18102,0.8315,1.58,0.066726,[.00
A2C_25000_bzip2__instcount_plainmodelHyper,12000,16969,0.9200,1.69,0.071336,[.00
A2C_25000_bzip2__instcount_plainmodelHyper,12000,14574,1.1071,1.97,0.08608,[.00
A2C_25000_bzip2__instcount_plainmodelHyper,12000,16261,0.9753,1.76,0.096144,[.00
A2C_25000_bzip2__instcount_plainmodelHyper,12000,19312,0.7370,1.48,0.083374,[.00
A2C_25000_bzip2__instcount_plainmodelHyper,12000,18050,0.8356,1.59,0.094137,[.00
A2C_25000_bzip2__instcount_plainmodelHyper,12000,14816,1.0882,1.94,0.073227,[.00
A2C_25000_bzip2__instcount_plainmodelHyper,12000,17235,0.8993,1.66,0.081354,[.00
A2C_25000_bzip2__instcount_plainmodelHyper,12000,15023,1.0720,1.91,0.080923,[.00
A2C_25000_bzip2__instcount_plainmodelHyper,12000,16246,0.9765,1.76,0.072883,[.00
A2C_25000_bzip2__instcount_plainmodelHyper,12000,16319,0.9708,1.76,0.067145,[.00
A2C_25000_bzip2__instcount_plainmodelHyper,12000,15153,1.0619,1.89,0.069977,[.00
A2C_25000_bzip2__instcount_plainmodelHyper,12000,16771,0.9355,1.71,0.069817,[.00
A2C_25000_bzip2__instcount_plainmodelHyper,12000,15702,1.0190,1.83,0.070345,[.00
A2C_25000_bzip2__instcount_plainmodelHyper,12000,16527,0.9546,1.73,0.078932,[.00
A2C_25000_bzip2__instcount_plainmodelHyper,12000,18358,0.8115,1.56,0.091084,[.00
A2C_25000_bzip2__instcount_plainmodelHyper,12000,17243,0.8986,1.66,0.091936,[.00
A2C_25000_bzip2__instcount_plainmodelHyper,12000,15604,1.0267,1.84,0.071,[.00
A2C_25000_bzip2__instcount_plainmodelHyper,12000,14807,1.0889,1.94,0.068373,[.00
A2C_25000_bzip2__instcount_plainmodelHyper,12000,15809,1.0107,1.81,0.073979,[.00
A2C_25000_bzip2__instcount_plainmodelHyper,12000,15607,1.0264,1.84,0.069937,[.00
A2C_25000_bzip2__instcount_plainmodelHyper,12000,16968,0.9201,1.69,0.068137,[.00
A2C_25000_bzip2__instcount_plainmodelHyper,12000,14757,1.0928,1.94,0.067088,[.00
A2C_25000_bzip2__instcount_plainmodelHyper,12000,25674,0.2401,1.11,0.049031,[.00
A2C_25000_bzip2__instcount_plainmodelHyper,12000,15580,1.0285,1.84,0.068076,[.00
A2C_25000_bzip2__instcount_plainmodelHyper,12000,16024,0.9939,1.79,0.065733,[.00
A2C_25000_bzip2__instcount_plainmodelHyper,12000,15386,1.0437,1.86,0.06937,[.00
A2C_25000_bzip2__instcount_plainmodelHyper,12000,15188,1.0592,1.89,0.079963,[.00
A2C_25000_bzip2__instcount_plainmodelHyper,12000,16153,0.9838,1.77,0.076781,[.00
A2C_25000_bzip2__instcount_plainmodelHyper,12000,17606,0.8703,1.63,0.045435,[.00
A2C_25000_bzip2__instcount_plainmodelHyper,12000,15999,0.9958,1.79,0.084519,[.00
A2C_25000_bzip2__instcount_plainmodelHyper,12000,15760,1.0145,1.82,0.091221,[.00
A2C_25000_bzip2__instcount_plainmodelHyper,12000,14414,1.1196,1.99,0.078759,[.00
A2C_25000_bzip2__instcount_plainmodelHyper,12000,15202,1.0581,1.89,0.073682,[.00
A2C_25000_bzip2__instcount_plainmodelHyper,12000,19158,0.7491,1.50,0.069339,[.00
A2C_25000_bzip2__instcount_plainmodelHyper,12000,16441,0.9613,1.74,0.092836,[.00
A2C_25000_bzip2__instcount_plainmodelHyper,12000,20585,0.6376,1.39,0.066976,[.00
A2C_25000_bzip2__instcount_plainmodelHyper,12000,17461,0.8816,1.64,0.080739,[.00
A2C_25000_bzip2__instcount_plainmodelHyper,12000,37095,-0.6520,0.77,0.108341,[.00
A2C_25000_bzip2__instcount_plainmodelHyper,12000,14424,1.1188,1.99,0.084066,[.00
A2C_25000_bzip2__instcount_plainmodelHyper,12000,15874,1.0056,1.81,0.068686,[.00
A2C_25000_bzip2__instcount_plainmodelHyper,12000,16161,0.9832,1.77,0.072903,[.00
A2C_25000_bzip2__instcount_plainmodelHyper,12000,21430,0.5716,1.34,0.077607,[.00
A2C_25000_bzip2__instcount_plainmodelHyper,12000,17900,0.8473,1.60,0.080162,[.00
A2C_25000_bzip2__instcount_plainmodelHyper,12000,15694,1.0196,1.83,0.080182,[.00
A2C_25000_bzip2__instcount_plainmodelHyper,12000,15477,1.0366,1.85,0.06806,[.00
A2C_25000_bzip2__instcount_plainmodelHyper,12000,14584,1.1063,1.97,0.068986,[.00
A2C_25000_bzip2__instcount_plainmodelHyper,12000,17999,0.8396,1.59,0.067761,[.00
A2C_25000_bzip2__instcount_plainmodelHyper,12000,14589,1.1059,1.97,0.071609,[.00
A2C_25000_bzip2__instcount_plainmodelHyper,12000,16802,0.9331,1.71,0.076002,[.00
A2C_25000_bzip2__instcount_plainmodelHyper,12000,14837,1.0866,1.93,0.082648,[.00
A2C_25000_bzip2__instcount_plainmodelHyper,12000,18076,0.8336,1.59,0.048384,[.00
A2C_25000_bzip2__instcount_plainmodelHyper,12000,15158,1.0615,1.89,0.071014,[.00
A2C_25000_bzip2__instcount_plainmodelHyper,12000,14288,1.1295,2.01,0.07675,[.00
A2C_25000_bzip2__instcount_plainmodelHyper,12000,14830,1.0871,1.93,0.081676,[.00
A2C_25000_bzip2__instcount_plainmodelHyper,12000,14342,1.1252,2.00,0.080203,[.00
A2C_25000_bzip2__instcount_plainmodelHyper,12000,14532,1.1104,1.97,0.071374,[.00
A2C_25000_bzip2__instcount_plainmodelHyper,12000,18880,0.7708,1.52,0.069598,[.00
A2C_25000_bzip2__instcount_plainmodelHyper,12000,15545,1.0313,1.84,0.06875,[.00
A2C_25000_bzip2__instcount_plainmodelHyper,12000,15467,1.0374,1.85,0.068931,[.00
A2C_25000_bzip2__instcount_plainmodelHyper,12000,16382,0.9659,1.75,0.086809,[.00
A2C_25000_bzip2__instcount_plainmodelHyper,12000,16188,0.9810,1.77,0.084611,[.00
A2C_25000_bzip2__instcount_plainmodelHyper,12000,15008,1.0732,1.91,0.074466,[.00
A2C_25000_bzip2__instcount_plainmodelHyper,12000,14681,1.0988,1.95,0.084327,[.00
A2C_25000_bzip2__instcount_plainmodelHyper,12000,22376,0.4977,1.28,0.050431,[.00
A2C_25000_bzip2__instcount_plainmodelHyper,12000,15489,1.0356,1.85,0.074866,[.00
A2C_25000_bzip2__instcount_plainmodelHyper,12000,14937,1.0788,1.92,0.082272,[.00
A2C_25000_bzip2__instcount_plainmodelHyper,12000,15390,1.0434,1.86,0.081242,[.00
A2C_25000_bzip2__instcount_plainmodelHyper,12000,14101,1.1441,2.03,0.079901,[.00
A2C_25000_bzip2__instcount_plainmodelHyper,12000,15424,1.0407,1.86,0.083147,[.00
A2C_25000_bzip2__instcount_plainmodelHyper,12000,14720,1.0957,1.95,0.093196,[.00
A2C_25000_bzip2__instcount_plainmodelHyper,12000,15263,1.0533,1.88,0.081127,[.00
A2C_25000_bzip2__instcount_plainmodelHyper,12000,16794,0.9337,1.71,0.07121,[.00
A2C_25000_bzip2__instcount_plainmodelHyper,12000,22615,0.4790,1.27,0.084611,[.00
A2C_25000_bzip2__instcount_plainmodelHyper,12000,13592,1.1838,2.11,0.077986,[.00
A2C_25000_bzip2__instcount_plainmodelHyper,12000,16428,0.9623,1.74,0.067547,[.00
A2C_25000_bzip2__instcount_plainmodelHyper,12000,15285,1.0516,1.88,0.072747,[.00
A2C_25000_bzip2__instcount_plainmodelHyper,12000,15210,1.0574,1.89,0.069515,[.00
A2C_25000_bzip2__instcount_plainmodelHyper,12000,16511,0.9558,1.74,0.076245,[.00
A2C_25000_bzip2__instcount_plainmodelHyper,12000,15483,1.0361,1.85,0.084309,[.00
A2C_25000_bzip2__instcount_plainmodelHyper,12000,19397,0.7304,1.48,0.081786,[.00
A2C_25000_bzip2__instcount_plainmodelHyper,12000,15549,1.0310,1.84,0.08009,[.00
A2C_25000_bzip2__instcount_plainmodelHyper,12000,14763,1.0924,1.94,0.081159,[.00
A2C_25000_bzip2__instcount_plainmodelHyper,12000,20856,0.6164,1.37,0.091994,[.00
A2C_25000_bzip2__instcount_plainmodelHyper,12000,17354,0.8900,1.65,0.066817,[.00
A2C_25000_bzip2__instcount_plainmodelHyper,12000,17669,0.8654,1.62,0.068166,[.00
A2C_25000_bzip2__instcount_plainmodelHyper,12000,16285,0.9735,1.76,0.084019,[.00
A2C_25000_bzip2__instcount_plainmodelHyper,12000,14595,1.1055,1.96,0.079553,[.00
A2C_25000_bzip2__instcount_plainmodelHyper,12000,16253,0.9760,1.76,0.071294,[.00
A2C_25000_bzip2__instcount_plainmodelHyper,12000,15754,1.0149,1.82,0.067135,[.00
A2C_25000_bzip2__instcount_plainmodelHyper,12000,25433,0.2589,1.13,0.062369,[.00
A2C_25000_bzip2__instcount_plainmodelHyper,12000,17062,0.9128,1.68,0.082199,[.00
A2C_25000_bzip2__instcount_plainmodelHyper,12000,15851,1.0074,1.81,0.070758,[.00
A2C_25000_bzip2__instcount_plainmodelHyper,12000,13904,1.1595,2.06,0.082856,[.00
A2C_25000_bzip2__instcount_plainmodelHyper,12000,14157,1.1397,2.03,0.080734,[.00
A2C_25000_bzip2__instcount_plainmodelHyper,12000,15737,1.0163,1.82,0.07067,[.00
A2C_25000_bzip2__instcount_plainmodelHyper,12000,15116,1.0648,1.90,0.081887,[.00
A2C_25000_bzip2__instcount_plainmodelHyper,12000,20754,0.6244,1.38,0.045403,[.00
A2C_25000_bzip2__instcount_plainmodelHyper,12000,16598,0.9490,1.73,0.079987,[.00
A2C_25000_bzip2__instcount_plainmodelHyper,13000,15847,1.0077,1.81,0.080396,[.00
A2C_25000_bzip2__instcount_plainmodelHyper,13000,15402,1.0424,1.86,0.068141,[.00
A2C_25000_bzip2__instcount_plainmodelHyper,13000,14584,1.1063,1.97,0.076834,[.00
A2C_25000_bzip2__instcount_plainmodelHyper,13000,14422,1.1190,1.99,0.080024,[.00
A2C_25000_bzip2__instcount_plainmodelHyper,13000,19347,0.7343,1.48,0.07326,[.00
A2C_25000_bzip2__instcount_plainmodelHyper,13000,17798,0.8553,1.61,0.045519,[.00
A2C_25000_bzip2__instcount_plainmodelHyper,13000,33691,-0.3861,0.85,0.13924,[.00
A2C_25000_bzip2__instcount_plainmodelHyper,13000,14888,1.0826,1.93,0.069859,[.00
A2C_25000_bzip2__instcount_plainmodelHyper,13000,15989,0.9966,1.79,0.0768,[.00
A2C_25000_bzip2__instcount_plainmodelHyper,13000,15147,1.0624,1.89,0.094802,[.00
A2C_25000_bzip2__instcount_plainmodelHyper,13000,15976,0.9976,1.79,0.068487,[.00
A2C_25000_bzip2__instcount_plainmodelHyper,13000,15577,1.0288,1.84,0.064821,[.00
A2C_25000_bzip2__instcount_plainmodelHyper,13000,14280,1.1301,2.01,0.08074,[.00
A2C_25000_bzip2__instcount_plainmodelHyper,13000,17160,0.9051,1.67,0.082892,[.00
A2C_25000_bzip2__instcount_plainmodelHyper,13000,15524,1.0329,1.85,0.073573,[.00
A2C_25000_bzip2__instcount_plainmodelHyper,13000,17722,0.8612,1.62,0.084967,[.00
A2C_25000_bzip2__instcount_plainmodelHyper,13000,17119,0.9083,1.67,0.071221,[.00
A2C_25000_bzip2__instcount_plainmodelHyper,13000,16225,0.9782,1.77,0.089226,[.00
A2C_25000_bzip2__instcount_plainmodelHyper,13000,21973,0.5292,1.30,0.078343,[.00
A2C_25000_bzip2__instcount_plainmodelHyper,13000,14769,1.0919,1.94,0.073944,[.00
A2C_25000_bzip2__instcount_plainmodelHyper,13000,20587,0.6374,1.39,0.079763,[.00
A2C_25000_bzip2__instcount_plainmodelHyper,13000,17273,0.8963,1.66,0.080901,[.00
A2C_25000_bzip2__instcount_plainmodelHyper,13000,23813,0.3854,1.20,0.07124,[.00
A2C_25000_bzip2__instcount_plainmodelHyper,13000,17360,0.8895,1.65,0.047218,[.00
A2C_25000_bzip2__instcount_plainmodelHyper,13000,15617,1.0256,1.84,0.072367,[.00
A2C_25000_bzip2__instcount_plainmodelHyper,13000,20030,0.6809,1.43,0.082711,[.00
A2C_25000_bzip2__instcount_plainmodelHyper,13000,17250,0.8981,1.66,0.076206,[.00
A2C_25000_bzip2__instcount_plainmodelHyper,13000,15499,1.0349,1.85,0.073369,[.00
A2C_25000_bzip2__instcount_plainmodelHyper,13000,14741,1.0941,1.95,0.070929,[.00
A2C_25000_bzip2__instcount_plainmodelHyper,13000,35111,-0.4970,0.81,0.052395,[.00
A2C_25000_bzip2__instcount_plainmodelHyper,13000,15832,1.0089,1.81,0.072559,[.00
A2C_25000_bzip2__instcount_plainmodelHyper,13000,17494,0.8790,1.64,0.090687,[.00
A2C_25000_bzip2__instcount_plainmodelHyper,13000,17198,0.9022,1.67,0.103402,[.00
A2C_25000_bzip2__instcount_plainmodelHyper,13000,15626,1.0249,1.83,0.074692,[.00
A2C_25000_bzip2__instcount_plainmodelHyper,13000,14150,1.1402,2.03,0.071514,[.00
A2C_25000_bzip2__instcount_plainmodelHyper,13000,15184,1.0595,1.89,0.080482,[.00
A2C_25000_bzip2__instcount_plainmodelHyper,13000,15782,1.0128,1.82,0.068871,[.00
A2C_25000_bzip2__instcount_plainmodelHyper,13000,20495,0.6446,1.40,0.045105,[.00
A2C_25000_bzip2__instcount_plainmodelHyper,13000,15666,1.0218,1.83,0.07132,[.00
A2C_25000_bzip2__instcount_plainmodelHyper,13000,19747,0.7030,1.45,0.04754,[.00
A2C_25000_bzip2__instcount_plainmodelHyper,13000,21574,0.5603,1.33,0.076,[.00
A2C_25000_bzip2__instcount_plainmodelHyper,13000,15643,1.0236,1.83,0.090407,[.00
A2C_25000_bzip2__instcount_plainmodelHyper,13000,20019,0.6818,1.43,0.048043,[.00
A2C_25000_bzip2__instcount_plainmodelHyper,13000,19535,0.7196,1.47,0.085012,[.00
A2C_25000_bzip2__instcount_plainmodelHyper,13000,16630,0.9465,1.72,0.076099,[.00
A2C_25000_bzip2__instcount_plainmodelHyper,13000,17211,0.9011,1.67,0.07061,[.00
A2C_25000_bzip2__instcount_plainmodelHyper,13000,14592,1.1057,1.97,0.083915,[.00
A2C_25000_bzip2__instcount_plainmodelHyper,13000,16699,0.9411,1.72,0.077226,[.00
A2C_25000_bzip2__instcount_plainmodelHyper,13000,21091,0.5981,1.36,0.065779,[.00
A2C_25000_bzip2__instcount_plainmodelHyper,13000,14180,1.1379,2.02,0.083623,[.00
A2C_25000_bzip2__instcount_plainmodelHyper,13000,18055,0.8352,1.59,0.072284,[.00
A2C_25000_bzip2__instcount_plainmodelHyper,13000,32425,-0.2872,0.88,0.082676,[.00
A2C_25000_bzip2__instcount_plainmodelHyper,13000,15597,1.0272,1.84,0.068652,[.00
A2C_25000_bzip2__instcount_plainmodelHyper,13000,15786,1.0124,1.82,0.081479,[.00
A2C_25000_bzip2__instcount_plainmodelHyper,13000,14454,1.1165,1.98,0.078411,[.00
A2C_25000_bzip2__instcount_plainmodelHyper,13000,15754,1.0149,1.82,0.070921,[.00
A2C_25000_bzip2__instcount_plainmodelHyper,13000,14917,1.0803,1.92,0.088323,[.00
A2C_25000_bzip2__instcount_plainmodelHyper,13000,14373,1.1228,2.00,0.079344,[.00
A2C_25000_bzip2__instcount_plainmodelHyper,13000,14135,1.1414,2.03,0.080952,[.00
A2C_25000_bzip2__instcount_plainmodelHyper,13000,17339,0.8911,1.65,0.079068,[.00
A2C_25000_bzip2__instcount_plainmodelHyper,13000,14553,1.1088,1.97,0.078122,[.00
A2C_25000_bzip2__instcount_plainmodelHyper,13000,16626,0.9468,1.72,0.074558,[.00
A2C_25000_bzip2__instcount_plainmodelHyper,13000,15258,1.0537,1.88,0.085415,[.00
A2C_25000_bzip2__instcount_plainmodelHyper,13000,15454,1.0384,1.86,0.07086,[.00
A2C_25000_bzip2__instcount_plainmodelHyper,13000,15416,1.0413,1.86,0.069517,[.00
A2C_25000_bzip2__instcount_plainmodelHyper,13000,19472,0.7245,1.47,0.069055,[.00
A2C_25000_bzip2__instcount_plainmodelHyper,13000,21258,0.5850,1.35,0.072607,[.00
A2C_25000_bzip2__instcount_plainmodelHyper,13000,15829,1.0091,1.81,0.080315,[.00
A2C_25000_bzip2__instcount_plainmodelHyper,13000,16059,0.9911,1.79,0.069216,[.00
A2C_25000_bzip2__instcount_plainmodelHyper,13000,17980,0.8411,1.59,0.082354,[.00
A2C_25000_bzip2__instcount_plainmodelHyper,13000,16501,0.9566,1.74,0.071692,[.00
A2C_25000_bzip2__instcount_plainmodelHyper,13000,33982,-0.4088,0.84,0.083043,[.00
A2C_25000_bzip2__instcount_plainmodelHyper,13000,20558,0.6397,1.39,0.082177,[.00
A2C_25000_bzip2__instcount_plainmodelHyper,13000,14968,1.0763,1.92,0.086885,[.00
A2C_25000_bzip2__instcount_plainmodelHyper,13000,15675,1.0211,1.83,0.083433,[.00
A2C_25000_bzip2__instcount_plainmodelHyper,13000,15306,1.0499,1.87,0.069733,[.00
A2C_25000_bzip2__instcount_plainmodelHyper,13000,17504,0.8783,1.64,0.07198,[.00
A2C_25000_bzip2__instcount_plainmodelHyper,13000,17819,0.8536,1.61,0.083781,[.00
A2C_25000_bzip2__instcount_plainmodelHyper,13000,14554,1.1087,1.97,0.084191,[.00
A2C_25000_bzip2__instcount_plainmodelHyper,13000,16961,0.9207,1.69,0.078442,[.00
A2C_25000_bzip2__instcount_plainmodelHyper,13000,18183,0.8252,1.58,0.046634,[.00
A2C_25000_bzip2__instcount_plainmodelHyper,13000,15015,1.0727,1.91,0.081165,[.00
A2C_25000_bzip2__instcount_plainmodelHyper,13000,14725,1.0953,1.95,0.079758,[.00
A2C_25000_bzip2__instcount_plainmodelHyper,13000,15622,1.0253,1.84,0.06785,[.00
A2C_25000_bzip2__instcount_plainmodelHyper,13000,18213,0.8229,1.57,0.080221,[.00
A2C_25000_bzip2__instcount_plainmodelHyper,13000,17743,0.8596,1.62,0.082206,[.00
A2C_25000_bzip2__instcount_plainmodelHyper,13000,15477,1.0366,1.85,0.066824,[.00
A2C_25000_bzip2__instcount_plainmodelHyper,13000,36813,-0.6299,0.78,0.08904,[.00
A2C_25000_bzip2__instcount_plainmodelHyper,13000,16411,0.9636,1.75,0.07217,[.00
A2C_25000_bzip2__instcount_plainmodelHyper,13000,16482,0.9581,1.74,0.071815,[.00
A2C_25000_bzip2__instcount_plainmodelHyper,13000,15939,1.0005,1.80,0.079996,[.00
A2C_25000_bzip2__instcount_plainmodelHyper,13000,15464,1.0376,1.85,0.081469,[.00
A2C_25000_bzip2__instcount_plainmodelHyper,13000,15818,1.0099,1.81,0.078741,[.00
A2C_25000_bzip2__instcount_plainmodelHyper,13000,17921,0.8457,1.60,0.084308,[.00
A2C_25000_bzip2__instcount_plainmodelHyper,13000,15491,1.0355,1.85,0.079475,[.00
A2C_25000_bzip2__instcount_plainmodelHyper,13000,14099,1.1442,2.03,0.080875,[.00
A2C_25000_bzip2__instcount_plainmodelHyper,13000,19703,0.7065,1.45,0.079816,[.00
A2C_25000_bzip2__instcount_plainmodelHyper,13000,15587,1.0280,1.84,0.08996,[.00
A2C_25000_bzip2__instcount_plainmodelHyper,13000,18484,0.8017,1.55,0.071459,[.00
A2C_25000_bzip2__instcount_plainmodelHyper,13000,15217,1.0569,1.88,0.083749,[.00
A2C_25000_bzip2__instcount_plainmodelHyper,14000,16551,0.9527,1.73,0.07927,[.00
A2C_25000_bzip2__instcount_plainmodelHyper,14000,15750,1.0153,1.82,0.075,[.00
A2C_25000_bzip2__instcount_plainmodelHyper,14000,16216,0.9789,1.77,0.095362,[.00
A2C_25000_bzip2__instcount_plainmodelHyper,14000,20450,0.6481,1.40,0.072732,[.00
A2C_25000_bzip2__instcount_plainmodelHyper,14000,18906,0.7687,1.52,0.048202,[.00
A2C_25000_bzip2__instcount_plainmodelHyper,14000,15095,1.0664,1.90,0.078421,[.00
A2C_25000_bzip2__instcount_plainmodelHyper,14000,18208,0.8233,1.57,0.045307,[.00
A2C_25000_bzip2__instcount_plainmodelHyper,14000,16500,0.9567,1.74,0.070893,[.00
A2C_25000_bzip2__instcount_plainmodelHyper,14000,15481,1.0363,1.85,0.079387,[.00
A2C_25000_bzip2__instcount_plainmodelHyper,14000,17579,0.8724,1.63,0.045819,[.00
A2C_25000_bzip2__instcount_plainmodelHyper,14000,20238,0.6647,1.42,0.068048,[.00
A2C_25000_bzip2__instcount_plainmodelHyper,14000,21782,0.5441,1.31,0.04846,[.00
A2C_25000_bzip2__instcount_plainmodelHyper,14000,15142,1.0628,1.89,0.081955,[.00
A2C_25000_bzip2__instcount_plainmodelHyper,14000,16240,0.9770,1.77,0.071103,[.00
A2C_25000_bzip2__instcount_plainmodelHyper,14000,17978,0.8412,1.59,0.046056,[.00
A2C_25000_bzip2__instcount_plainmodelHyper,14000,16152,0.9839,1.77,0.080001,[.00
A2C_25000_bzip2__instcount_plainmodelHyper,14000,15171,1.0605,1.89,0.085283,[.00
A2C_25000_bzip2__instcount_plainmodelHyper,14000,14105,1.1438,2.03,0.085851,[.00
A2C_25000_bzip2__instcount_plainmodelHyper,14000,20812,0.6199,1.38,0.083062,[.00
A2C_25000_bzip2__instcount_plainmodelHyper,14000,16780,0.9348,1.71,0.098612,[.00
A2C_25000_bzip2__instcount_plainmodelHyper,14000,15737,1.0163,1.82,0.070681,[.00
A2C_25000_bzip2__instcount_plainmodelHyper,14000,15367,1.0452,1.87,0.074017,[.00
A2C_25000_bzip2__instcount_plainmodelHyper,14000,15759,1.0146,1.82,0.071214,[.00
A2C_25000_bzip2__instcount_plainmodelHyper,14000,15628,1.0248,1.83,0.081375,[.00
A2C_25000_bzip2__instcount_plainmodelHyper,14000,15617,1.0256,1.84,0.072987,[.00
A2C_25000_bzip2__instcount_plainmodelHyper,14000,14027,1.1498,2.04,0.084814,[.00
A2C_25000_bzip2__instcount_plainmodelHyper,14000,15503,1.0346,1.85,0.080694,[.00
A2C_25000_bzip2__instcount_plainmodelHyper,14000,18237,0.8210,1.57,0.070791,[.00
A2C_25000_bzip2__instcount_plainmodelHyper,14000,14844,1.0860,1.93,0.081045,[.00
A2C_25000_bzip2__instcount_plainmodelHyper,14000,16870,0.9278,1.70,0.069663,[.00
A2C_25000_bzip2__instcount_plainmodelHyper,14000,15119,1.0645,1.90,0.078451,[.00
A2C_25000_bzip2__instcount_plainmodelHyper,14000,15122,1.0643,1.90,0.072792,[.00
A2C_25000_bzip2__instcount_plainmodelHyper,14000,16460,0.9598,1.74,0.073438,[.00
A2C_25000_bzip2__instcount_plainmodelHyper,14000,15209,1.0575,1.89,0.070133,[.00
A2C_25000_bzip2__instcount_plainmodelHyper,14000,15655,1.0227,1.83,0.096011,[.00
A2C_25000_bzip2__instcount_plainmodelHyper,14000,13920,1.1582,2.06,0.091401,[.00
A2C_25000_bzip2__instcount_plainmodelHyper,14000,39108,-0.8092,0.73,0.119082,[.00
A2C_25000_bzip2__instcount_plainmodelHyper,14000,14860,1.0848,1.93,0.076764,[.00
A2C_25000_bzip2__instcount_plainmodelHyper,14000,15921,1.0019,1.80,0.067641,[.00
A2C_25000_bzip2__instcount_plainmodelHyper,14000,18432,0.8058,1.55,0.087139,[.00
A2C_25000_bzip2__instcount_plainmodelHyper,14000,17850,0.8512,1.61,0.083151,[.00
A2C_25000_bzip2__instcount_plainmodelHyper,14000,18575,0.7946,1.54,0.073789,[.00
A2C_25000_bzip2__instcount_plainmodelHyper,14000,16105,0.9875,1.78,0.07957,[.00
A2C_25000_bzip2__instcount_plainmodelHyper,14000,15689,1.0200,1.83,0.083064,[.00
A2C_25000_bzip2__instcount_plainmodelHyper,14000,19806,0.6984,1.45,0.048424,[.00
A2C_25000_bzip2__instcount_plainmodelHyper,14000,15049,1.0700,1.91,0.071975,[.00
A2C_25000_bzip2__instcount_plainmodelHyper,14000,14692,1.0979,1.95,0.080344,[.00
A2C_25000_bzip2__instcount_plainmodelHyper,14000,18063,0.8346,1.59,0.083919,[.00
A2C_25000_bzip2__instcount_plainmodelHyper,14000,15929,1.0013,1.80,0.070958,[.00
A2C_25000_bzip2__instcount_plainmodelHyper,14000,15756,1.0148,1.82,0.083009,[.00
A2C_25000_bzip2__instcount_plainmodelHyper,14000,15835,1.0086,1.81,0.068124,[.00
A2C_25000_bzip2__instcount_plainmodelHyper,14000,16299,0.9724,1.76,0.075037,[.00
A2C_25000_bzip2__instcount_plainmodelHyper,14000,15620,1.0254,1.84,0.072946,[.00
A2C_25000_bzip2__instcount_plainmodelHyper,14000,17959,0.8427,1.60,0.083398,[.00
A2C_25000_bzip2__instcount_plainmodelHyper,14000,14755,1.0930,1.94,0.078626,[.00
A2C_25000_bzip2__instcount_plainmodelHyper,14000,14991,1.0745,1.91,0.068005,[.00
A2C_25000_bzip2__instcount_plainmodelHyper,14000,14565,1.1078,1.97,0.067686,[.00
A2C_25000_bzip2__instcount_plainmodelHyper,14000,21264,0.5845,1.35,0.048797,[.00
A2C_25000_bzip2__instcount_plainmodelHyper,14000,16345,0.9688,1.75,0.045525,[.00
A2C_25000_bzip2__instcount_plainmodelHyper,14000,35034,-0.4910,0.82,0.086099,[.00
A2C_25000_bzip2__instcount_plainmodelHyper,14000,15819,1.0099,1.81,0.078224,[.00
A2C_25000_bzip2__instcount_plainmodelHyper,14000,16148,0.9842,1.78,0.0835,[.00
A2C_25000_bzip2__instcount_plainmodelHyper,14000,15734,1.0165,1.82,0.073125,[.00
A2C_25000_bzip2__instcount_plainmodelHyper,14000,15563,1.0299,1.84,0.06791,[.00
A2C_25000_bzip2__instcount_plainmodelHyper,14000,20726,0.6266,1.38,0.072499,[.00
A2C_25000_bzip2__instcount_plainmodelHyper,14000,16261,0.9753,1.76,0.069286,[.00
A2C_25000_bzip2__instcount_plainmodelHyper,14000,17335,0.8915,1.65,0.074816,[.00
A2C_25000_bzip2__instcount_plainmodelHyper,14000,18647,0.7890,1.54,0.065742,[.00
A2C_25000_bzip2__instcount_plainmodelHyper,14000,20382,0.6534,1.41,0.079161,[.00
A2C_25000_bzip2__instcount_plainmodelHyper,14000,15441,1.0394,1.86,0.070557,[.00
A2C_25000_bzip2__instcount_plainmodelHyper,14000,31461,-0.2119,0.91,0.084653,[.00
A2C_25000_bzip2__instcount_plainmodelHyper,14000,16822,0.9315,1.70,0.081021,[.00
A2C_25000_bzip2__instcount_plainmodelHyper,14000,15682,1.0206,1.83,0.067399,[.00
A2C_25000_bzip2__instcount_plainmodelHyper,14000,17521,0.8769,1.64,0.069955,[.00
A2C_25000_bzip2__instcount_plainmodelHyper,14000,15266,1.0531,1.88,0.082414,[.00
A2C_25000_bzip2__instcount_plainmodelHyper,14000,14461,1.1159,1.98,0.082559,[.00
A2C_25000_bzip2__instcount_plainmodelHyper,14000,15144,1.0626,1.89,0.084175,[.00
A2C_25000_bzip2__instcount_plainmodelHyper,14000,15973,0.9978,1.79,0.078821,[.00
A2C_25000_bzip2__instcount_plainmodelHyper,14000,14351,1.1245,2.00,0.082865,[.00
A2C_25000_bzip2__instcount_plainmodelHyper,14000,14414,1.1196,1.99,0.083222,[.00
A2C_25000_bzip2__instcount_plainmodelHyper,14000,22028,0.5249,1.30,0.049642,[.00
A2C_25000_bzip2__instcount_plainmodelHyper,14000,15810,1.0106,1.81,0.068615,[.00
A2C_25000_bzip2__instcount_plainmodelHyper,14000,15826,1.0093,1.81,0.072035,[.00
A2C_25000_bzip2__instcount_plainmodelHyper,14000,15432,1.0401,1.86,0.070438,[.00
A2C_25000_bzip2__instcount_plainmodelHyper,14000,15529,1.0325,1.85,0.078057,[.00
A2C_25000_bzip2__instcount_plainmodelHyper,14000,14894,1.0821,1.93,0.085877,[.00
A2C_25000_bzip2__instcount_plainmodelHyper,14000,16108,0.9873,1.78,0.073073,[.00
A2C_25000_bzip2__instcount_plainmodelHyper,14000,33153,-0.3440,0.86,0.097284,[.00
A2C_25000_bzip2__instcount_plainmodelHyper,14000,16173,0.9822,1.77,0.071935,[.00
A2C_25000_bzip2__instcount_plainmodelHyper,14000,17345,0.8907,1.65,0.077809,[.00
A2C_25000_bzip2__instcount_plainmodelHyper,14000,16069,0.9903,1.78,0.069793,[.00
A2C_25000_bzip2__instcount_plainmodelHyper,14000,14604,1.1048,1.96,0.069056,[.00
A2C_25000_bzip2__instcount_plainmodelHyper,14000,17312,0.8932,1.66,0.080662,[.00
A2C_25000_bzip2__instcount_plainmodelHyper,14000,15116,1.0648,1.90,0.080734,[.00
A2C_25000_bzip2__instcount_plainmodelHyper,14000,16486,0.9578,1.74,0.079798,[.00
A2C_25000_bzip2__instcount_plainmodelHyper,14000,27556,0.0931,1.04,0.083694,[.00
A2C_25000_bzip2__instcount_plainmodelHyper,14000,15246,1.0546,1.88,0.08593,[.00
A2C_25000_bzip2__instcount_plainmodelHyper,14000,17924,0.8454,1.60,0.091922,[.00
A2C_25000_bzip2__instcount_plainmodelHyper,14000,15560,1.0301,1.84,0.08304,[.00
A2C_25000_bzip2__instcount_plainmodelHyper,15000,14739,1.0942,1.95,0.081274,[.00
A2C_25000_bzip2__instcount_plainmodelHyper,15000,13982,1.1534,2.05,0.081097,[.00
A2C_25000_bzip2__instcount_plainmodelHyper,15000,16515,0.9555,1.74,0.072231,[.00
A2C_25000_bzip2__instcount_plainmodelHyper,15000,14800,1.0895,1.94,0.080571,[.00
A2C_25000_bzip2__instcount_plainmodelHyper,15000,14195,1.1367,2.02,0.083707,[.00
A2C_25000_bzip2__instcount_plainmodelHyper,15000,14855,1.0852,1.93,0.066657,[.00
A2C_25000_bzip2__instcount_plainmodelHyper,15000,15532,1.0323,1.85,0.071089,[.00
A2C_25000_bzip2__instcount_plainmodelHyper,15000,15493,1.0353,1.85,0.067598,[.00
A2C_25000_bzip2__instcount_plainmodelHyper,15000,15168,1.0607,1.89,0.080795,[.00
A2C_25000_bzip2__instcount_plainmodelHyper,15000,16073,0.9900,1.78,0.085049,[.00
A2C_25000_bzip2__instcount_plainmodelHyper,15000,15848,1.0076,1.81,0.071219,[.00
A2C_25000_bzip2__instcount_plainmodelHyper,15000,34108,-0.4186,0.84,0.081359,[.00
A2C_25000_bzip2__instcount_plainmodelHyper,15000,16037,0.9928,1.79,0.084756,[.00
A2C_25000_bzip2__instcount_plainmodelHyper,15000,20804,0.6205,1.38,0.072995,[.00
A2C_25000_bzip2__instcount_plainmodelHyper,15000,14612,1.1042,1.96,0.078601,[.00
A2C_25000_bzip2__instcount_plainmodelHyper,15000,14959,1.0770,1.92,0.084095,[.00
A2C_25000_bzip2__instcount_plainmodelHyper,15000,15629,1.0247,1.83,0.068623,[.00
A2C_25000_bzip2__instcount_plainmodelHyper,15000,15801,1.0113,1.81,0.070717,[.00
A2C_25000_bzip2__instcount_plainmodelHyper,15000,15435,1.0399,1.86,0.082192,[.00
A2C_25000_bzip2__instcount_plainmodelHyper,15000,15662,1.0221,1.83,0.070751,[.00
A2C_25000_bzip2__instcount_plainmodelHyper,15000,16654,0.9446,1.72,0.082725,[.00
A2C_25000_bzip2__instcount_plainmodelHyper,15000,14407,1.1202,1.99,0.083664,[.00
A2C_25000_bzip2__instcount_plainmodelHyper,15000,15485,1.0360,1.85,0.067843,[.00
A2C_25000_bzip2__instcount_plainmodelHyper,15000,16222,0.9784,1.77,0.070788,[.00
A2C_25000_bzip2__instcount_plainmodelHyper,15000,14938,1.0787,1.92,0.083492,[.00
A2C_25000_bzip2__instcount_plainmodelHyper,15000,20635,0.6337,1.39,0.046787,[.00
A2C_25000_bzip2__instcount_plainmodelHyper,15000,14378,1.1224,1.99,0.078676,[.00
A2C_25000_bzip2__instcount_plainmodelHyper,15000,16646,0.9453,1.72,0.081743,[.00
A2C_25000_bzip2__instcount_plainmodelHyper,15000,16616,0.9476,1.73,0.083605,[.00
A2C_25000_bzip2__instcount_plainmodelHyper,15000,22073,0.5214,1.30,0.084887,[.00
A2C_25000_bzip2__instcount_plainmodelHyper,15000,15842,1.0081,1.81,0.071172,[.00
A2C_25000_bzip2__instcount_plainmodelHyper,15000,16099,0.9880,1.78,0.069473,[.00
A2C_25000_bzip2__instcount_plainmodelHyper,15000,15096,1.0663,1.90,0.085008,[.00
A2C_25000_bzip2__instcount_plainmodelHyper,15000,16345,0.9688,1.75,0.100225,[.00
A2C_25000_bzip2__instcount_plainmodelHyper,15000,14964,1.0767,1.92,0.072677,[.00
A2C_25000_bzip2__instcount_plainmodelHyper,15000,21523,0.5643,1.33,0.082054,[.00
A2C_25000_bzip2__instcount_plainmodelHyper,15000,15184,1.0595,1.89,0.068654,[.00
A2C_25000_bzip2__instcount_plainmodelHyper,15000,14871,1.0839,1.93,0.084488,[.00
A2C_25000_bzip2__instcount_plainmodelHyper,15000,15242,1.0549,1.88,0.076018,[.00
A2C_25000_bzip2__instcount_plainmodelHyper,15000,16077,0.9897,1.78,0.084117,[.00
A2C_25000_bzip2__instcount_plainmodelHyper,15000,16760,0.9364,1.71,0.084871,[.00
A2C_25000_bzip2__instcount_plainmodelHyper,15000,16822,0.9315,1.70,0.091857,[.00
A2C_25000_bzip2__instcount_plainmodelHyper,15000,25348,0.2655,1.13,0.085413,[.00
A2C_25000_bzip2__instcount_plainmodelHyper,15000,16111,0.9871,1.78,0.069982,[.00
A2C_25000_bzip2__instcount_plainmodelHyper,15000,16024,0.9939,1.79,0.07398,[.00
A2C_25000_bzip2__instcount_plainmodelHyper,15000,15128,1.0638,1.90,0.07916,[.00
A2C_25000_bzip2__instcount_plainmodelHyper,15000,15014,1.0728,1.91,0.067624,[.00
A2C_25000_bzip2__instcount_plainmodelHyper,15000,15824,1.0095,1.81,0.066633,[.00
A2C_25000_bzip2__instcount_plainmodelHyper,15000,15605,1.0266,1.84,0.071958,[.00
A2C_25000_bzip2__instcount_plainmodelHyper,15000,17063,0.9127,1.68,0.089007,[.00
A2C_25000_bzip2__instcount_plainmodelHyper,15000,16602,0.9487,1.73,0.087615,[.00
A2C_25000_bzip2__instcount_plainmodelHyper,15000,34027,-0.4123,0.84,0.091446,[.00
A2C_25000_bzip2__instcount_plainmodelHyper,15000,15250,1.0543,1.88,0.064952,[.00
A2C_25000_bzip2__instcount_plainmodelHyper,15000,15571,1.0292,1.84,0.069275,[.00
A2C_25000_bzip2__instcount_plainmodelHyper,15000,14900,1.0817,1.92,0.082087,[.00
A2C_25000_bzip2__instcount_plainmodelHyper,15000,15865,1.0063,1.81,0.080047,[.00
A2C_25000_bzip2__instcount_plainmodelHyper,15000,15685,1.0203,1.83,0.068846,[.00
A2C_25000_bzip2__instcount_plainmodelHyper,15000,15145,1.0625,1.89,0.079622,[.00
A2C_25000_bzip2__instcount_plainmodelHyper,15000,14849,1.0856,1.93,0.084439,[.00
A2C_25000_bzip2__instcount_plainmodelHyper,15000,14981,1.0753,1.91,0.069618,[.00
A2C_25000_bzip2__instcount_plainmodelHyper,15000,15850,1.0074,1.81,0.086408,[.00
A2C_25000_bzip2__instcount_plainmodelHyper,15000,14860,1.0848,1.93,0.067973,[.00
A2C_25000_bzip2__instcount_plainmodelHyper,15000,20522,0.6425,1.40,0.070001,[.00
A2C_25000_bzip2__instcount_plainmodelHyper,15000,15701,1.0191,1.83,0.084853,[.00
A2C_25000_bzip2__instcount_plainmodelHyper,15000,16663,0.9439,1.72,0.082395,[.00
A2C_25000_bzip2__instcount_plainmodelHyper,15000,18934,0.7665,1.51,0.08492,[.00
A2C_25000_bzip2__instcount_plainmodelHyper,15000,15451,1.0386,1.86,0.083975,[.00
A2C_25000_bzip2__instcount_plainmodelHyper,15000,16391,0.9652,1.75,0.046129,[.00
A2C_25000_bzip2__instcount_plainmodelHyper,15000,15443,1.0392,1.86,0.068384,[.00
A2C_25000_bzip2__instcount_plainmodelHyper,15000,17707,0.8624,1.62,0.046118,[.00
A2C_25000_bzip2__instcount_plainmodelHyper,15000,19431,0.7277,1.47,0.082281,[.00
A2C_25000_bzip2__instcount_plainmodelHyper,15000,22368,0.4983,1.28,0.105976,[.00
A2C_25000_bzip2__instcount_plainmodelHyper,15000,14524,1.1110,1.97,0.068018,[.00
A2C_25000_bzip2__instcount_plainmodelHyper,15000,15442,1.0393,1.86,0.063554,[.00
A2C_25000_bzip2__instcount_plainmodelHyper,15000,15381,1.0441,1.86,0.105076,[.00
A2C_25000_bzip2__instcount_plainmodelHyper,15000,15319,1.0489,1.87,0.066869,[.00
A2C_25000_bzip2__instcount_plainmodelHyper,15000,28751,-0.0002,0.99,0.09455,[.00
A2C_25000_bzip2__instcount_plainmodelHyper,15000,15709,1.0185,1.83,0.064538,[.00
A2C_25000_bzip2__instcount_plainmodelHyper,15000,14982,1.0753,1.91,0.084099,[.00
A2C_25000_bzip2__instcount_plainmodelHyper,15000,16836,0.9304,1.70,0.079784,[.00
A2C_25000_bzip2__instcount_plainmodelHyper,15000,14572,1.1073,1.97,0.078495,[.00
A2C_25000_bzip2__instcount_plainmodelHyper,15000,17902,0.8472,1.60,0.080181,[.00
A2C_25000_bzip2__instcount_plainmodelHyper,15000,17936,0.8445,1.60,0.045916,[.00
A2C_25000_bzip2__instcount_plainmodelHyper,15000,16242,0.9768,1.76,0.068917,[.00
A2C_25000_bzip2__instcount_plainmodelHyper,15000,15804,1.0110,1.81,0.0807,[.00
A2C_25000_bzip2__instcount_plainmodelHyper,15000,15278,1.0521,1.88,0.06893,[.00
A2C_25000_bzip2__instcount_plainmodelHyper,15000,15138,1.0631,1.89,0.068226,[.00
A2C_25000_bzip2__instcount_plainmodelHyper,15000,15431,1.0402,1.86,0.08301,[.00
A2C_25000_bzip2__instcount_plainmodelHyper,15000,15949,0.9997,1.80,0.070378,[.00
A2C_25000_bzip2__instcount_plainmodelHyper,15000,42678,-1.0881,0.67,0.091305,[.00
A2C_25000_bzip2__instcount_plainmodelHyper,15000,16893,0.9260,1.70,0.071054,[.00
A2C_25000_bzip2__instcount_plainmodelHyper,15000,15706,1.0187,1.83,0.072496,[.00
A2C_25000_bzip2__instcount_plainmodelHyper,15000,14796,1.0898,1.94,0.083156,[.00
A2C_25000_bzip2__instcount_plainmodelHyper,15000,15664,1.0220,1.83,0.083037,[.00
A2C_25000_bzip2__instcount_plainmodelHyper,15000,16429,0.9622,1.74,0.097452,[.00
A2C_25000_bzip2__instcount_plainmodelHyper,15000,15423,1.0408,1.86,0.070814,[.00
A2C_25000_bzip2__instcount_plainmodelHyper,15000,16292,0.9729,1.76,0.081864,[.00
A2C_25000_bzip2__instcount_plainmodelHyper,15000,16501,0.9566,1.74,0.068696,[.00
A2C_25000_bzip2__instcount_plainmodelHyper,15000,15883,1.0049,1.80,0.076948,[.00
A2C_25000_bzip2__instcount_plainmodelHyper,15000,15862,1.0065,1.81,0.07061,[.00
A2C_25000_bzip2__instcount_plainmodelHyper,16000,16257,0.9757,1.76,0.074979,[.00
A2C_25000_bzip2__instcount_plainmodelHyper,16000,17191,0.9027,1.67,0.045434,[.00
A2C_25000_bzip2__instcount_plainmodelHyper,16000,34069,-0.4156,0.84,0.0823,[.00
A2C_25000_bzip2__instcount_plainmodelHyper,16000,17106,0.9093,1.68,0.071208,[.00
A2C_25000_bzip2__instcount_plainmodelHyper,16000,14835,1.0867,1.93,0.078215,[.00
A2C_25000_bzip2__instcount_plainmodelHyper,16000,14980,1.0754,1.91,0.096519,[.00
A2C_25000_bzip2__instcount_plainmodelHyper,16000,15441,1.0394,1.86,0.073548,[.00
A2C_25000_bzip2__instcount_plainmodelHyper,16000,14828,1.0873,1.93,0.082876,[.00
A2C_25000_bzip2__instcount_plainmodelHyper,16000,15395,1.0430,1.86,0.079692,[.00
A2C_25000_bzip2__instcount_plainmodelHyper,16000,16562,0.9518,1.73,0.067854,[.00
A2C_25000_bzip2__instcount_plainmodelHyper,16000,16111,0.9871,1.78,0.081575,[.00
A2C_25000_bzip2__instcount_plainmodelHyper,16000,29840,-0.0852,0.96,0.082366,[.00
A2C_25000_bzip2__instcount_plainmodelHyper,16000,14572,1.1073,1.97,0.082217,[.00
A2C_25000_bzip2__instcount_plainmodelHyper,16000,15704,1.0189,1.83,0.069297,[.00
A2C_25000_bzip2__instcount_plainmodelHyper,16000,16090,0.9887,1.78,0.068968,[.00
A2C_25000_bzip2__instcount_plainmodelHyper,16000,14743,1.0939,1.94,0.081439,[.00
A2C_25000_bzip2__instcount_plainmodelHyper,16000,15070,1.0684,1.90,0.067849,[.00
A2C_25000_bzip2__instcount_plainmodelHyper,16000,14153,1.1400,2.03,0.083013,[.00
A2C_25000_bzip2__instcount_plainmodelHyper,16000,16509,0.9560,1.74,0.073333,[.00
A2C_25000_bzip2__instcount_plainmodelHyper,16000,17997,0.8397,1.59,0.068202,[.00
A2C_25000_bzip2__instcount_plainmodelHyper,16000,15821,1.0097,1.81,0.079434,[.00
A2C_25000_bzip2__instcount_plainmodelHyper,16000,15551,1.0308,1.84,0.071188,[.00
A2C_25000_bzip2__instcount_plainmodelHyper,16000,15040,1.0707,1.91,0.08976,[.00
A2C_25000_bzip2__instcount_plainmodelHyper,16000,15956,0.9992,1.80,0.071476,[.00
A2C_25000_bzip2__instcount_plainmodelHyper,16000,14851,1.0855,1.93,0.083989,[.00
A2C_25000_bzip2__instcount_plainmodelHyper,16000,18209,0.8232,1.57,0.069834,[.00
A2C_25000_bzip2__instcount_plainmodelHyper,16000,14841,1.0863,1.93,0.082712,[.00
A2C_25000_bzip2__instcount_plainmodelHyper,16000,14183,1.1377,2.02,0.083279,[.00
A2C_25000_bzip2__instcount_plainmodelHyper,16000,15945,1.0000,1.80,0.067761,[.00
A2C_25000_bzip2__instcount_plainmodelHyper,16000,14779,1.0911,1.94,0.084659,[.00
A2C_25000_bzip2__instcount_plainmodelHyper,16000,14991,1.0745,1.91,0.070794,[.00
A2C_25000_bzip2__instcount_plainmodelHyper,16000,15231,1.0558,1.88,0.084992,[.00
A2C_25000_bzip2__instcount_plainmodelHyper,16000,17055,0.9133,1.68,0.069576,[.00
A2C_25000_bzip2__instcount_plainmodelHyper,16000,16317,0.9710,1.76,0.07156,[.00
A2C_25000_bzip2__instcount_plainmodelHyper,16000,15055,1.0695,1.90,0.078849,[.00
A2C_25000_bzip2__instcount_plainmodelHyper,16000,14860,1.0848,1.93,0.067358,[.00
A2C_25000_bzip2__instcount_plainmodelHyper,16000,15464,1.0376,1.85,0.067894,[.00
A2C_25000_bzip2__instcount_plainmodelHyper,16000,14907,1.0811,1.92,0.070869,[.00
A2C_25000_bzip2__instcount_plainmodelHyper,16000,15483,1.0361,1.85,0.07504,[.00
A2C_25000_bzip2__instcount_plainmodelHyper,16000,15240,1.0551,1.88,0.071619,[.00
A2C_25000_bzip2__instcount_plainmodelHyper,16000,14912,1.0807,1.92,0.079502,[.00
A2C_25000_bzip2__instcount_plainmodelHyper,16000,14631,1.1027,1.96,0.085993,[.00
A2C_25000_bzip2__instcount_plainmodelHyper,16000,15138,1.0631,1.89,0.085095,[.00
A2C_25000_bzip2__instcount_plainmodelHyper,16000,15686,1.0203,1.83,0.068773,[.00
A2C_25000_bzip2__instcount_plainmodelHyper,16000,14917,1.0803,1.92,0.095644,[.00
A2C_25000_bzip2__instcount_plainmodelHyper,16000,17455,0.8821,1.64,0.081933,[.00
A2C_25000_bzip2__instcount_plainmodelHyper,16000,13775,1.1695,2.08,0.08158,[.00
A2C_25000_bzip2__instcount_plainmodelHyper,16000,15319,1.0489,1.87,0.079659,[.00
A2C_25000_bzip2__instcount_plainmodelHyper,16000,17263,0.8971,1.66,0.079808,[.00
A2C_25000_bzip2__instcount_plainmodelHyper,16000,15524,1.0329,1.85,0.084347,[.00
A2C_25000_bzip2__instcount_plainmodelHyper,16000,15725,1.0172,1.82,0.083557,[.00
A2C_25000_bzip2__instcount_plainmodelHyper,16000,16764,0.9361,1.71,0.067775,[.00
A2C_25000_bzip2__instcount_plainmodelHyper,16000,18037,0.8366,1.59,0.081658,[.00
A2C_25000_bzip2__instcount_plainmodelHyper,16000,17359,0.8896,1.65,0.043463,[.00
A2C_25000_bzip2__instcount_plainmodelHyper,16000,15454,1.0384,1.86,0.069723,[.00
A2C_25000_bzip2__instcount_plainmodelHyper,16000,14764,1.0923,1.94,0.084135,[.00
A2C_25000_bzip2__instcount_plainmodelHyper,16000,16526,0.9546,1.73,0.067858,[.00
A2C_25000_bzip2__instcount_plainmodelHyper,16000,17105,0.9094,1.68,0.078122,[.00
A2C_25000_bzip2__instcount_plainmodelHyper,16000,15836,1.0085,1.81,0.074917,[.00
A2C_25000_bzip2__instcount_plainmodelHyper,16000,17018,0.9162,1.68,0.070333,[.00
A2C_25000_bzip2__instcount_plainmodelHyper,16000,15549,1.0310,1.84,0.084937,[.00
A2C_25000_bzip2__instcount_plainmodelHyper,16000,15655,1.0227,1.83,0.068893,[.00
A2C_25000_bzip2__instcount_plainmodelHyper,16000,16159,0.9833,1.77,0.079395,[.00
A2C_25000_bzip2__instcount_plainmodelHyper,16000,13958,1.1552,2.05,0.084911,[.00
A2C_25000_bzip2__instcount_plainmodelHyper,16000,15651,1.0230,1.83,0.084555,[.00
A2C_25000_bzip2__instcount_plainmodelHyper,16000,17519,0.8771,1.64,0.046206,[.00
A2C_25000_bzip2__instcount_plainmodelHyper,16000,22485,0.4892,1.27,0.047302,[.00
A2C_25000_bzip2__instcount_plainmodelHyper,16000,14368,1.1232,2.00,0.081305,[.00
A2C_25000_bzip2__instcount_plainmodelHyper,16000,15824,1.0095,1.81,0.069959,[.00
A2C_25000_bzip2__instcount_plainmodelHyper,16000,16374,0.9665,1.75,0.070778,[.00
A2C_25000_bzip2__instcount_plainmodelHyper,16000,15061,1.0691,1.90,0.083736,[.00
A2C_25000_bzip2__instcount_plainmodelHyper,16000,15595,1.0274,1.84,0.075103,[.00
A2C_25000_bzip2__instcount_plainmodelHyper,16000,24623,0.3222,1.16,0.10161,[.00
A2C_25000_bzip2__instcount_plainmodelHyper,16000,15637,1.0241,1.83,0.078418,[.00
A2C_25000_bzip2__instcount_plainmodelHyper,16000,21389,0.5748,1.34,0.077156,[.00
A2C_25000_bzip2__instcount_plainmodelHyper,16000,15758,1.0146,1.82,0.088726,[.00
A2C_25000_bzip2__instcount_plainmodelHyper,16000,15690,1.0199,1.83,0.075015,[.00
A2C_25000_bzip2__instcount_plainmodelHyper,16000,15801,1.0113,1.81,0.077778,[.00
A2C_25000_bzip2__instcount_plainmodelHyper,16000,14979,1.0755,1.91,0.071207,[.00
A2C_25000_bzip2__instcount_plainmodelHyper,16000,16456,0.9601,1.74,0.075616,[.00
A2C_25000_bzip2__instcount_plainmodelHyper,16000,31356,-0.2037,0.91,0.055388,[.00
A2C_25000_bzip2__instcount_plainmodelHyper,16000,16215,0.9789,1.77,0.079257,[.00
A2C_25000_bzip2__instcount_plainmodelHyper,16000,16933,0.9229,1.69,0.072012,[.00
A2C_25000_bzip2__instcount_plainmodelHyper,16000,15576,1.0289,1.84,0.083305,[.00
A2C_25000_bzip2__instcount_plainmodelHyper,16000,15530,1.0324,1.85,0.070363,[.00
A2C_25000_bzip2__instcount_plainmodelHyper,16000,20186,0.6688,1.42,0.072695,[.00
A2C_25000_bzip2__instcount_plainmodelHyper,16000,15678,1.0209,1.83,0.071401,[.00
A2C_25000_bzip2__instcount_plainmodelHyper,16000,19481,0.7238,1.47,0.064208,[.00
A2C_25000_bzip2__instcount_plainmodelHyper,16000,15299,1.0505,1.87,0.083367,[.00
A2C_25000_bzip2__instcount_plainmodelHyper,16000,32530,-0.2954,0.88,0.079179,[.00
A2C_25000_bzip2__instcount_plainmodelHyper,16000,15361,1.0456,1.87,0.08619,[.00
A2C_25000_bzip2__instcount_plainmodelHyper,16000,15096,1.0663,1.90,0.069712,[.00
A2C_25000_bzip2__instcount_plainmodelHyper,16000,16806,0.9328,1.71,0.070585,[.00
A2C_25000_bzip2__instcount_plainmodelHyper,16000,15664,1.0220,1.83,0.087097,[.00
A2C_25000_bzip2__instcount_plainmodelHyper,16000,16359,0.9677,1.75,0.086479,[.00
A2C_25000_bzip2__instcount_plainmodelHyper,16000,15464,1.0376,1.85,0.075446,[.00
A2C_25000_bzip2__instcount_plainmodelHyper,16000,20418,0.6506,1.40,0.046788,[.00
A2C_25000_bzip2__instcount_plainmodelHyper,16000,20935,0.6102,1.37,0.066726,[.00
A2C_25000_bzip2__instcount_plainmodelHyper,16000,17557,0.8741,1.63,0.076676,[.00
A2C_25000_bzip2__instcount_plainmodelHyper,16000,21623,0.5565,1.32,0.072651,[.00
A2C_25000_bzip2__instcount_plainmodelHyper,17000,17030,0.9153,1.68,0.089606,[.00
A2C_25000_bzip2__instcount_plainmodelHyper,17000,19909,0.6904,1.44,0.070119,[.00
A2C_25000_bzip2__instcount_plainmodelHyper,17000,16986,0.9187,1.69,0.08708,[.00
A2C_25000_bzip2__instcount_plainmodelHyper,17000,16588,0.9498,1.73,0.07082,[.00
A2C_25000_bzip2__instcount_plainmodelHyper,17000,15803,1.0111,1.81,0.073256,[.00
A2C_25000_bzip2__instcount_plainmodelHyper,17000,19714,0.7056,1.45,0.087247,[.00
A2C_25000_bzip2__instcount_plainmodelHyper,17000,16311,0.9714,1.76,0.083154,[.00
A2C_25000_bzip2__instcount_plainmodelHyper,17000,15353,1.0463,1.87,0.086163,[.00
A2C_25000_bzip2__instcount_plainmodelHyper,17000,17954,0.8431,1.60,0.081026,[.00
A2C_25000_bzip2__instcount_plainmodelHyper,17000,14869,1.0841,1.93,0.08211,[.00
A2C_25000_bzip2__instcount_plainmodelHyper,17000,15917,1.0022,1.80,0.074526,[.00
A2C_25000_bzip2__instcount_plainmodelHyper,17000,20898,0.6131,1.37,0.068075,[.00
A2C_25000_bzip2__instcount_plainmodelHyper,17000,15216,1.0570,1.88,0.069297,[.00
A2C_25000_bzip2__instcount_plainmodelHyper,17000,16337,0.9694,1.75,0.070372,[.00
A2C_25000_bzip2__instcount_plainmodelHyper,17000,14024,1.1501,2.04,0.08043,[.00
A2C_25000_bzip2__instcount_plainmodelHyper,17000,16255,0.9758,1.76,0.081362,[.00
A2C_25000_bzip2__instcount_plainmodelHyper,17000,14819,1.0880,1.93,0.087515,[.00
A2C_25000_bzip2__instcount_plainmodelHyper,17000,15044,1.0704,1.91,0.067275,[.00
A2C_25000_bzip2__instcount_plainmodelHyper,17000,14518,1.1115,1.98,0.082562,[.00
A2C_25000_bzip2__instcount_plainmodelHyper,17000,14486,1.1140,1.98,0.082277,[.00
A2C_25000_bzip2__instcount_plainmodelHyper,17000,16202,0.9800,1.77,0.068114,[.00
A2C_25000_bzip2__instcount_plainmodelHyper,17000,15367,1.0452,1.87,0.090545,[.00
A2C_25000_bzip2__instcount_plainmodelHyper,17000,14007,1.1514,2.05,0.081972,[.00
A2C_25000_bzip2__instcount_plainmodelHyper,17000,15536,1.0320,1.85,0.074846,[.00
A2C_25000_bzip2__instcount_plainmodelHyper,17000,19488,0.7233,1.47,0.070217,[.00
A2C_25000_bzip2__instcount_plainmodelHyper,17000,16045,0.9922,1.79,0.077194,[.00
A2C_25000_bzip2__instcount_plainmodelHyper,17000,15894,1.0040,1.80,0.071587,[.00
A2C_25000_bzip2__instcount_plainmodelHyper,17000,15466,1.0374,1.85,0.073004,[.00
A2C_25000_bzip2__instcount_plainmodelHyper,17000,15979,0.9974,1.79,0.067492,[.00
A2C_25000_bzip2__instcount_plainmodelHyper,17000,15449,1.0388,1.86,0.080673,[.00
A2C_25000_bzip2__instcount_plainmodelHyper,17000,15217,1.0569,1.88,0.072372,[.00
A2C_25000_bzip2__instcount_plainmodelHyper,17000,16583,0.9502,1.73,0.069069,[.00
A2C_25000_bzip2__instcount_plainmodelHyper,17000,14743,1.0939,1.94,0.071008,[.00
A2C_25000_bzip2__instcount_plainmodelHyper,17000,15987,0.9967,1.79,0.070087,[.00
A2C_25000_bzip2__instcount_plainmodelHyper,17000,14764,1.0923,1.94,0.082905,[.00
A2C_25000_bzip2__instcount_plainmodelHyper,17000,14740,1.0942,1.95,0.087225,[.00
A2C_25000_bzip2__instcount_plainmodelHyper,17000,19924,0.6892,1.44,0.0722,[.00
A2C_25000_bzip2__instcount_plainmodelHyper,17000,26818,0.1507,1.07,0.086209,[.00
A2C_25000_bzip2__instcount_plainmodelHyper,17000,15729,1.0169,1.82,0.071035,[.00
A2C_25000_bzip2__instcount_plainmodelHyper,17000,18818,0.7756,1.52,0.08806,[.00
A2C_25000_bzip2__instcount_plainmodelHyper,17000,15438,1.0396,1.86,0.07138,[.00
A2C_25000_bzip2__instcount_plainmodelHyper,17000,15595,1.0274,1.84,0.087875,[.00
A2C_25000_bzip2__instcount_plainmodelHyper,17000,16908,0.9248,1.70,0.075379,[.00
A2C_25000_bzip2__instcount_plainmodelHyper,17000,16193,0.9807,1.77,0.08215,[.00
A2C_25000_bzip2__instcount_plainmodelHyper,17000,15172,1.0604,1.89,0.072759,[.00
A2C_25000_bzip2__instcount_plainmodelHyper,17000,17082,0.9112,1.68,0.08348,[.00
A2C_25000_bzip2__instcount_plainmodelHyper,17000,15511,1.0339,1.85,0.072084,[.00
A2C_25000_bzip2__instcount_plainmodelHyper,17000,15666,1.0218,1.83,0.093004,[.00
A2C_25000_bzip2__instcount_plainmodelHyper,17000,16690,0.9418,1.72,0.072318,[.00
A2C_25000_bzip2__instcount_plainmodelHyper,17000,17413,0.8854,1.65,0.081228,[.00
A2C_25000_bzip2__instcount_plainmodelHyper,17000,14866,1.0843,1.93,0.083039,[.00
A2C_25000_bzip2__instcount_plainmodelHyper,17000,14729,1.0950,1.95,0.082508,[.00
A2C_25000_bzip2__instcount_plainmodelHyper,17000,15181,1.0597,1.89,0.085184,[.00
A2C_25000_bzip2__instcount_plainmodelHyper,17000,15095,1.0664,1.90,0.081674,[.00
A2C_25000_bzip2__instcount_plainmodelHyper,17000,17218,0.9006,1.66,0.06969,[.00
A2C_25000_bzip2__instcount_plainmodelHyper,17000,16786,0.9343,1.71,0.074249,[.00
A2C_25000_bzip2__instcount_plainmodelHyper,17000,14797,1.0897,1.94,0.084986,[.00
A2C_25000_bzip2__instcount_plainmodelHyper,17000,14626,1.1031,1.96,0.079671,[.00
A2C_25000_bzip2__instcount_plainmodelHyper,17000,19466,0.7250,1.47,0.082606,[.00
A2C_25000_bzip2__instcount_plainmodelHyper,17000,15446,1.0390,1.86,0.081086,[.00
A2C_25000_bzip2__instcount_plainmodelHyper,17000,15005,1.0735,1.91,0.067629,[.00
A2C_25000_bzip2__instcount_plainmodelHyper,17000,15281,1.0519,1.88,0.084748,[.00
A2C_25000_bzip2__instcount_plainmodelHyper,17000,13956,1.1554,2.05,0.078916,[.00
A2C_25000_bzip2__instcount_plainmodelHyper,17000,19608,0.7139,1.46,0.071962,[.00
A2C_25000_bzip2__instcount_plainmodelHyper,17000,14908,1.0810,1.92,0.079653,[.00
A2C_25000_bzip2__instcount_plainmodelHyper,17000,14820,1.0879,1.93,0.079749,[.00
A2C_25000_bzip2__instcount_plainmodelHyper,17000,17645,0.8672,1.62,0.083965,[.00
A2C_25000_bzip2__instcount_plainmodelHyper,17000,36074,-0.5722,0.79,0.086299,[.00
A2C_25000_bzip2__instcount_plainmodelHyper,17000,15052,1.0698,1.90,0.080232,[.00
A2C_25000_bzip2__instcount_plainmodelHyper,17000,15570,1.0293,1.84,0.0707,[.00
A2C_25000_bzip2__instcount_plainmodelHyper,17000,15976,0.9976,1.79,0.085377,[.00
A2C_25000_bzip2__instcount_plainmodelHyper,17000,17952,0.8433,1.60,0.071215,[.00
A2C_25000_bzip2__instcount_plainmodelHyper,17000,17394,0.8868,1.65,0.082366,[.00
A2C_25000_bzip2__instcount_plainmodelHyper,17000,16130,0.9856,1.78,0.067189,[.00
A2C_25000_bzip2__instcount_plainmodelHyper,17000,14607,1.1045,1.96,0.080862,[.00
A2C_25000_bzip2__instcount_plainmodelHyper,17000,14865,1.0844,1.93,0.070538,[.00
A2C_25000_bzip2__instcount_plainmodelHyper,17000,17727,0.8608,1.62,0.045237,[.00
A2C_25000_bzip2__instcount_plainmodelHyper,17000,15586,1.0281,1.84,0.073232,[.00
A2C_25000_bzip2__instcount_plainmodelHyper,17000,16229,0.9778,1.77,0.08246,[.00
A2C_25000_bzip2__instcount_plainmodelHyper,17000,17113,0.9088,1.67,0.079103,[.00
A2C_25000_bzip2__instcount_plainmodelHyper,17000,19680,0.7083,1.46,0.081652,[.00
A2C_25000_bzip2__instcount_plainmodelHyper,17000,15133,1.0635,1.89,0.06974,[.00
A2C_25000_bzip2__instcount_plainmodelHyper,17000,15597,1.0272,1.84,0.072108,[.00
A2C_25000_bzip2__instcount_plainmodelHyper,17000,16555,0.9524,1.73,0.073291,[.00
A2C_25000_bzip2__instcount_plainmodelHyper,17000,22831,0.4621,1.25,0.047545,[.00
A2C_25000_bzip2__instcount_plainmodelHyper,17000,21031,0.6027,1.36,0.066863,[.00
A2C_25000_bzip2__instcount_plainmodelHyper,17000,16054,0.9915,1.79,0.06902,[.00
A2C_25000_bzip2__instcount_plainmodelHyper,17000,15614,1.0259,1.84,0.069566,[.00
A2C_25000_bzip2__instcount_plainmodelHyper,17000,15918,1.0021,1.80,0.080843,[.00
A2C_25000_bzip2__instcount_plainmodelHyper,17000,14993,1.0744,1.91,0.084073,[.00
A2C_25000_bzip2__instcount_plainmodelHyper,17000,18301,0.8160,1.57,0.078722,[.00
A2C_25000_bzip2__instcount_plainmodelHyper,17000,15701,1.0191,1.83,0.068546,[.00
A2C_25000_bzip2__instcount_plainmodelHyper,17000,16081,0.9894,1.78,0.067519,[.00
A2C_25000_bzip2__instcount_plainmodelHyper,17000,16502,0.9565,1.74,0.083676,[.00
A2C_25000_bzip2__instcount_plainmodelHyper,17000,14866,1.0843,1.93,0.074136,[.00
A2C_25000_bzip2__instcount_plainmodelHyper,17000,16124,0.9860,1.78,0.082513,[.00
A2C_25000_bzip2__instcount_plainmodelHyper,17000,14930,1.0793,1.92,0.080832,[.00
A2C_25000_bzip2__instcount_plainmodelHyper,17000,15146,1.0624,1.89,0.073643,[.00
A2C_25000_bzip2__instcount_plainmodelHyper,17000,16633,0.9463,1.72,0.085733,[.00
A2C_25000_bzip2__instcount_plainmodelHyper,17000,16728,0.9389,1.71,0.068436,[.00
A2C_25000_bzip2__instcount_plainmodelHyper,18000,15191,1.0589,1.89,0.069323,[.00
A2C_25000_bzip2__instcount_plainmodelHyper,18000,15682,1.0206,1.83,0.072567,[.00
A2C_25000_bzip2__instcount_plainmodelHyper,18000,16428,0.9623,1.74,0.088835,[.00
A2C_25000_bzip2__instcount_plainmodelHyper,18000,16611,0.9480,1.73,0.07602,[.00
A2C_25000_bzip2__instcount_plainmodelHyper,18000,15270,1.0528,1.88,0.071629,[.00
A2C_25000_bzip2__instcount_plainmodelHyper,18000,16291,0.9730,1.76,0.071383,[.00
A2C_25000_bzip2__instcount_plainmodelHyper,18000,13450,1.1949,2.13,0.079849,[.00
A2C_25000_bzip2__instcount_plainmodelHyper,18000,15806,1.0109,1.81,0.090694,[.00
A2C_25000_bzip2__instcount_plainmodelHyper,18000,35678,-0.5413,0.80,0.117406,[.00
A2C_25000_bzip2__instcount_plainmodelHyper,18000,16098,0.9881,1.78,0.103541,[.00
A2C_25000_bzip2__instcount_plainmodelHyper,18000,18000,0.8395,1.59,0.047825,[.00
A2C_25000_bzip2__instcount_plainmodelHyper,18000,15651,1.0230,1.83,0.082992,[.00
A2C_25000_bzip2__instcount_plainmodelHyper,18000,17334,0.8915,1.65,0.082329,[.00
A2C_25000_bzip2__instcount_plainmodelHyper,18000,16027,0.9936,1.79,0.068249,[.00
A2C_25000_bzip2__instcount_plainmodelHyper,18000,14820,1.0879,1.93,0.071168,[.00
A2C_25000_bzip2__instcount_plainmodelHyper,18000,16231,0.9777,1.77,0.09186,[.00
A2C_25000_bzip2__instcount_plainmodelHyper,18000,15866,1.0062,1.81,0.086917,[.00
A2C_25000_bzip2__instcount_plainmodelHyper,18000,14031,1.1495,2.04,0.088856,[.00
A2C_25000_bzip2__instcount_plainmodelHyper,18000,15270,1.0528,1.88,0.069882,[.00
A2C_25000_bzip2__instcount_plainmodelHyper,18000,19065,0.7563,1.50,0.067279,[.00
A2C_25000_bzip2__instcount_plainmodelHyper,18000,17751,0.8590,1.61,0.069437,[.00
A2C_25000_bzip2__instcount_plainmodelHyper,18000,14251,1.1324,2.01,0.088216,[.00
A2C_25000_bzip2__instcount_plainmodelHyper,18000,16665,0.9438,1.72,0.070672,[.00
A2C_25000_bzip2__instcount_plainmodelHyper,18000,19608,0.7139,1.46,0.07862,[.00
A2C_25000_bzip2__instcount_plainmodelHyper,18000,14577,1.1069,1.97,0.084377,[.00
A2C_25000_bzip2__instcount_plainmodelHyper,18000,18386,0.8094,1.56,0.083744,[.00
A2C_25000_bzip2__instcount_plainmodelHyper,18000,15451,1.0386,1.86,0.069572,[.00
A2C_25000_bzip2__instcount_plainmodelHyper,18000,14223,1.1345,2.02,0.083994,[.00
A2C_25000_bzip2__instcount_plainmodelHyper,18000,14957,1.0772,1.92,0.079579,[.00
A2C_25000_bzip2__instcount_plainmodelHyper,18000,15279,1.0521,1.88,0.086967,[.00
A2C_25000_bzip2__instcount_plainmodelHyper,18000,16138,0.9850,1.78,0.072377,[.00
A2C_25000_bzip2__instcount_plainmodelHyper,18000,15361,1.0456,1.87,0.082931,[.00
A2C_25000_bzip2__instcount_plainmodelHyper,18000,16591,0.9496,1.73,0.083062,[.00
A2C_25000_bzip2__instcount_plainmodelHyper,18000,15397,1.0428,1.86,0.081944,[.00
A2C_25000_bzip2__instcount_plainmodelHyper,18000,15701,1.0191,1.83,0.067941,[.00
A2C_25000_bzip2__instcount_plainmodelHyper,18000,16127,0.9858,1.78,0.068215,[.00
A2C_25000_bzip2__instcount_plainmodelHyper,18000,16874,0.9275,1.70,0.073963,[.00
A2C_25000_bzip2__instcount_plainmodelHyper,18000,15809,1.0107,1.81,0.075368,[.00
A2C_25000_bzip2__instcount_plainmodelHyper,18000,15396,1.0429,1.86,0.067555,[.00
A2C_25000_bzip2__instcount_plainmodelHyper,18000,14902,1.0815,1.92,0.088106,[.00
A2C_25000_bzip2__instcount_plainmodelHyper,18000,19054,0.7572,1.50,0.072248,[.00
A2C_25000_bzip2__instcount_plainmodelHyper,18000,26831,0.1497,1.07,0.117159,[.00
A2C_25000_bzip2__instcount_plainmodelHyper,18000,14872,1.0838,1.93,0.079822,[.00
A2C_25000_bzip2__instcount_plainmodelHyper,18000,17955,0.8430,1.60,0.08161,[.00
A2C_25000_bzip2__instcount_plainmodelHyper,18000,15126,1.0640,1.90,0.080256,[.00
A2C_25000_bzip2__instcount_plainmodelHyper,18000,18825,0.7751,1.52,0.083502,[.00
A2C_25000_bzip2__instcount_plainmodelHyper,18000,15880,1.0051,1.81,0.071395,[.00
A2C_25000_bzip2__instcount_plainmodelHyper,18000,15943,1.0002,1.80,0.071347,[.00
A2C_25000_bzip2__instcount_plainmodelHyper,18000,15225,1.0563,1.88,0.081436,[.00
A2C_25000_bzip2__instcount_plainmodelHyper,18000,15129,1.0638,1.90,0.070393,[.00
A2C_25000_bzip2__instcount_plainmodelHyper,18000,14253,1.1322,2.01,0.082162,[.00
A2C_25000_bzip2__instcount_plainmodelHyper,18000,24961,0.2958,1.15,0.099148,[.00
A2C_25000_bzip2__instcount_plainmodelHyper,18000,15836,1.0085,1.81,0.07061,[.00
A2C_25000_bzip2__instcount_plainmodelHyper,18000,15397,1.0428,1.86,0.070767,[.00
A2C_25000_bzip2__instcount_plainmodelHyper,18000,14562,1.1081,1.97,0.081579,[.00
A2C_25000_bzip2__instcount_plainmodelHyper,18000,13986,1.1531,2.05,0.076596,[.00
A2C_25000_bzip2__instcount_plainmodelHyper,18000,16416,0.9632,1.75,0.069309,[.00
A2C_25000_bzip2__instcount_plainmodelHyper,18000,15844,1.0079,1.81,0.071739,[.00
A2C_25000_bzip2__instcount_plainmodelHyper,18000,15208,1.0576,1.89,0.066963,[.00
A2C_25000_bzip2__instcount_plainmodelHyper,18000,15545,1.0313,1.84,0.071349,[.00
A2C_25000_bzip2__instcount_plainmodelHyper,18000,15665,1.0219,1.83,0.08061,[.00
A2C_25000_bzip2__instcount_plainmodelHyper,18000,16294,0.9728,1.76,0.067449,[.00
A2C_25000_bzip2__instcount_plainmodelHyper,18000,15727,1.0171,1.82,0.063281,[.00
A2C_25000_bzip2__instcount_plainmodelHyper,18000,15078,1.0678,1.90,0.082723,[.00
A2C_25000_bzip2__instcount_plainmodelHyper,18000,15800,1.0114,1.81,0.071484,[.00
A2C_25000_bzip2__instcount_plainmodelHyper,18000,16217,0.9788,1.77,0.068755,[.00
A2C_25000_bzip2__instcount_plainmodelHyper,18000,17602,0.8706,1.63,0.044743,[.00
A2C_25000_bzip2__instcount_plainmodelHyper,18000,16891,0.9261,1.70,0.082913,[.00
A2C_25000_bzip2__instcount_plainmodelHyper,18000,21643,0.5549,1.32,0.082752,[.00
A2C_25000_bzip2__instcount_plainmodelHyper,18000,17074,0.9118,1.68,0.084281,[.00
A2C_25000_bzip2__instcount_plainmodelHyper,18000,16365,0.9672,1.75,0.071657,[.00
A2C_25000_bzip2__instcount_plainmodelHyper,18000,16384,0.9657,1.75,0.075095,[.00
A2C_25000_bzip2__instcount_plainmodelHyper,18000,21027,0.6031,1.36,0.066623,[.00
A2C_25000_bzip2__instcount_plainmodelHyper,18000,30109,-0.1063,0.95,0.107336,[.00
A2C_25000_bzip2__instcount_plainmodelHyper,18000,16362,0.9675,1.75,0.071841,[.00
A2C_25000_bzip2__instcount_plainmodelHyper,18000,13838,1.1646,2.07,0.084268,[.00
A2C_25000_bzip2__instcount_plainmodelHyper,18000,14961,1.0769,1.92,0.089735,[.00
A2C_25000_bzip2__instcount_plainmodelHyper,18000,18418,0.8069,1.56,0.088425,[.00
A2C_25000_bzip2__instcount_plainmodelHyper,18000,14416,1.1195,1.99,0.079313,[.00
A2C_25000_bzip2__instcount_plainmodelHyper,18000,14211,1.1355,2.02,0.082855,[.00
A2C_25000_bzip2__instcount_plainmodelHyper,18000,17255,0.8977,1.66,0.085735,[.00
A2C_25000_bzip2__instcount_plainmodelHyper,18000,16890,0.9262,1.70,0.079431,[.00
A2C_25000_bzip2__instcount_plainmodelHyper,18000,16681,0.9425,1.72,0.089018,[.00
A2C_25000_bzip2__instcount_plainmodelHyper,18000,16343,0.9689,1.75,0.06769,[.00
A2C_25000_bzip2__instcount_plainmodelHyper,18000,14120,1.1426,2.03,0.083146,[.00
A2C_25000_bzip2__instcount_plainmodelHyper,18000,16817,0.9319,1.70,0.074577,[.00
A2C_25000_bzip2__instcount_plainmodelHyper,18000,16443,0.9611,1.74,0.078029,[.00
A2C_25000_bzip2__instcount_plainmodelHyper,18000,16481,0.9582,1.74,0.06983,[.00
A2C_25000_bzip2__instcount_plainmodelHyper,18000,15979,0.9974,1.79,0.070019,[.00
A2C_25000_bzip2__instcount_plainmodelHyper,18000,15350,1.0465,1.87,0.089718,[.00
A2C_25000_bzip2__instcount_plainmodelHyper,18000,15799,1.0114,1.81,0.06632,[.00
A2C_25000_bzip2__instcount_plainmodelHyper,18000,15905,1.0032,1.80,0.070976,[.00
A2C_25000_bzip2__instcount_plainmodelHyper,18000,15355,1.0461,1.87,0.08348,[.00
A2C_25000_bzip2__instcount_plainmodelHyper,18000,25276,0.2712,1.13,0.108557,[.00
A2C_25000_bzip2__instcount_plainmodelHyper,18000,15173,1.0603,1.89,0.068369,[.00
A2C_25000_bzip2__instcount_plainmodelHyper,18000,14508,1.1123,1.98,0.084705,[.00
A2C_25000_bzip2__instcount_plainmodelHyper,18000,22911,0.4559,1.25,0.067718,[.00
A2C_25000_bzip2__instcount_plainmodelHyper,18000,19974,0.6853,1.43,0.082878,[.00
A2C_25000_bzip2__instcount_plainmodelHyper,18000,15112,1.0651,1.90,0.081145,[.00
A2C_25000_bzip2__instcount_plainmodelHyper,18000,15971,0.9980,1.80,0.082516,[.00
A2C_25000_bzip2__instcount_plainmodelHyper,19000,22512,0.4871,1.27,0.048844,[.00
A2C_25000_bzip2__instcount_plainmodelHyper,19000,15679,1.0208,1.83,0.083347,[.00
A2C_25000_bzip2__instcount_plainmodelHyper,19000,15662,1.0221,1.83,0.067125,[.00
A2C_25000_bzip2__instcount_plainmodelHyper,19000,19587,0.7155,1.46,0.085872,[.00
A2C_25000_bzip2__instcount_plainmodelHyper,19000,16715,0.9399,1.71,0.074065,[.00
A2C_25000_bzip2__instcount_plainmodelHyper,19000,14847,1.0858,1.93,0.083103,[.00
A2C_25000_bzip2__instcount_plainmodelHyper,19000,17844,0.8517,1.61,0.047393,[.00
A2C_25000_bzip2__instcount_plainmodelHyper,19000,14010,1.1512,2.05,0.083576,[.00
A2C_25000_bzip2__instcount_plainmodelHyper,19000,16838,0.9303,1.70,0.059818,[.00
A2C_25000_bzip2__instcount_plainmodelHyper,19000,16437,0.9616,1.74,0.07172,[.00
A2C_25000_bzip2__instcount_plainmodelHyper,19000,14567,1.1077,1.97,0.089748,[.00
A2C_25000_bzip2__instcount_plainmodelHyper,19000,14459,1.1161,1.98,0.087784,[.00
A2C_25000_bzip2__instcount_plainmodelHyper,19000,19846,0.6953,1.44,0.086828,[.00
A2C_25000_bzip2__instcount_plainmodelHyper,19000,14904,1.0813,1.92,0.080075,[.00
A2C_25000_bzip2__instcount_plainmodelHyper,19000,19437,0.7273,1.47,0.0489,[.00
A2C_25000_bzip2__instcount_plainmodelHyper,19000,16820,0.9317,1.70,0.078603,[.00
A2C_25000_bzip2__instcount_plainmodelHyper,19000,15608,1.0264,1.84,0.073062,[.00
A2C_25000_bzip2__instcount_plainmodelHyper,19000,14683,1.0986,1.95,0.088472,[.00
A2C_25000_bzip2__instcount_plainmodelHyper,19000,15334,1.0478,1.87,0.072209,[.00
A2C_25000_bzip2__instcount_plainmodelHyper,19000,14497,1.1131,1.98,0.081023,[.00
A2C_25000_bzip2__instcount_plainmodelHyper,19000,16191,0.9808,1.77,0.082501,[.00
A2C_25000_bzip2__instcount_plainmodelHyper,19000,15119,1.0645,1.90,0.082103,[.00
A2C_25000_bzip2__instcount_plainmodelHyper,19000,14615,1.1039,1.96,0.087275,[.00
A2C_25000_bzip2__instcount_plainmodelHyper,19000,15909,1.0028,1.80,0.079355,[.00
A2C_25000_bzip2__instcount_plainmodelHyper,19000,18542,0.7972,1.55,0.069866,[.00
A2C_25000_bzip2__instcount_plainmodelHyper,19000,18081,0.8332,1.58,0.080703,[.00
A2C_25000_bzip2__instcount_plainmodelHyper,19000,18868,0.7717,1.52,0.06647,[.00
A2C_25000_bzip2__instcount_plainmodelHyper,19000,18744,0.7814,1.53,0.099424,[.00
A2C_25000_bzip2__instcount_plainmodelHyper,19000,16283,0.9736,1.76,0.083914,[.00
A2C_25000_bzip2__instcount_plainmodelHyper,19000,14527,1.1108,1.97,0.070984,[.00
A2C_25000_bzip2__instcount_plainmodelHyper,19000,17606,0.8703,1.63,0.077805,[.00
A2C_25000_bzip2__instcount_plainmodelHyper,19000,14847,1.0858,1.93,0.071853,[.00
A2C_25000_bzip2__instcount_plainmodelHyper,19000,16386,0.9656,1.75,0.072274,[.00
A2C_25000_bzip2__instcount_plainmodelHyper,19000,15228,1.0560,1.88,0.071522,[.00
A2C_25000_bzip2__instcount_plainmodelHyper,19000,17115,0.9086,1.67,0.073159,[.00
A2C_25000_bzip2__instcount_plainmodelHyper,19000,18224,0.8220,1.57,0.084796,[.00
A2C_25000_bzip2__instcount_plainmodelHyper,19000,14660,1.1004,1.96,0.082633,[.00
A2C_25000_bzip2__instcount_plainmodelHyper,19000,16113,0.9869,1.78,0.069903,[.00
A2C_25000_bzip2__instcount_plainmodelHyper,19000,14186,1.1374,2.02,0.079843,[.00
A2C_25000_bzip2__instcount_plainmodelHyper,19000,18368,0.8108,1.56,0.079622,[.00
A2C_25000_bzip2__instcount_plainmodelHyper,19000,15272,1.0526,1.88,0.068957,[.00
A2C_25000_bzip2__instcount_plainmodelHyper,19000,32620,-0.3024,0.88,0.074518,[.00
A2C_25000_bzip2__instcount_plainmodelHyper,19000,16117,0.9866,1.78,0.098832,[.00
A2C_25000_bzip2__instcount_plainmodelHyper,19000,15063,1.0689,1.90,0.089347,[.00
A2C_25000_bzip2__instcount_plainmodelHyper,19000,13738,1.1724,2.09,0.083099,[.00
A2C_25000_bzip2__instcount_plainmodelHyper,19000,15278,1.0521,1.88,0.077458,[.00
A2C_25000_bzip2__instcount_plainmodelHyper,19000,15154,1.0618,1.89,0.076376,[.00
A2C_25000_bzip2__instcount_plainmodelHyper,19000,15145,1.0625,1.89,0.083255,[.00
A2C_25000_bzip2__instcount_plainmodelHyper,19000,15439,1.0396,1.86,0.084162,[.00
A2C_25000_bzip2__instcount_plainmodelHyper,19000,20103,0.6752,1.43,0.084225,[.00
A2C_25000_bzip2__instcount_plainmodelHyper,19000,16255,0.9758,1.76,0.086428,[.00
A2C_25000_bzip2__instcount_plainmodelHyper,19000,14792,1.0901,1.94,0.070977,[.00
A2C_25000_bzip2__instcount_plainmodelHyper,19000,14792,1.0901,1.94,0.072039,[.00
A2C_25000_bzip2__instcount_plainmodelHyper,19000,18897,0.7694,1.52,0.070525,[.00
A2C_25000_bzip2__instcount_plainmodelHyper,19000,14452,1.1167,1.98,0.070358,[.00
A2C_25000_bzip2__instcount_plainmodelHyper,19000,19729,0.7044,1.45,0.080847,[.00
A2C_25000_bzip2__instcount_plainmodelHyper,19000,19867,0.6937,1.44,0.081408,[.00
A2C_25000_bzip2__instcount_plainmodelHyper,19000,17024,0.9157,1.68,0.070354,[.00
A2C_25000_bzip2__instcount_plainmodelHyper,19000,15103,1.0658,1.90,0.070587,[.00
A2C_25000_bzip2__instcount_plainmodelHyper,19000,15473,1.0369,1.85,0.070468,[.00
A2C_25000_bzip2__instcount_plainmodelHyper,19000,16261,0.9753,1.76,0.07027,[.00
A2C_25000_bzip2__instcount_plainmodelHyper,19000,15034,1.0712,1.91,0.071228,[.00
A2C_25000_bzip2__instcount_plainmodelHyper,19000,15318,1.0490,1.87,0.089448,[.00
A2C_25000_bzip2__instcount_plainmodelHyper,19000,15781,1.0128,1.82,0.070829,[.00
A2C_25000_bzip2__instcount_plainmodelHyper,19000,29306,-0.0435,0.98,0.10761,[.00
A2C_25000_bzip2__instcount_plainmodelHyper,19000,15340,1.0473,1.87,0.067914,[.00
A2C_25000_bzip2__instcount_plainmodelHyper,19000,17081,0.9113,1.68,0.083213,[.00
A2C_25000_bzip2__instcount_plainmodelHyper,19000,17327,0.8921,1.65,0.072626,[.00
A2C_25000_bzip2__instcount_plainmodelHyper,19000,17148,0.9061,1.67,0.069883,[.00
A2C_25000_bzip2__instcount_plainmodelHyper,19000,16468,0.9592,1.74,0.073362,[.00
A2C_25000_bzip2__instcount_plainmodelHyper,19000,15683,1.0205,1.83,0.072324,[.00
A2C_25000_bzip2__instcount_plainmodelHyper,19000,17036,0.9148,1.68,0.095358,[.00
A2C_25000_bzip2__instcount_plainmodelHyper,19000,16091,0.9886,1.78,0.089792,[.00
A2C_25000_bzip2__instcount_plainmodelHyper,19000,16806,0.9328,1.71,0.072433,[.00
A2C_25000_bzip2__instcount_plainmodelHyper,19000,16061,0.9910,1.78,0.083429,[.00
A2C_25000_bzip2__instcount_plainmodelHyper,19000,14996,1.0742,1.91,0.080694,[.00
A2C_25000_bzip2__instcount_plainmodelHyper,19000,19978,0.6850,1.43,0.069649,[.00
A2C_25000_bzip2__instcount_plainmodelHyper,19000,16955,0.9211,1.69,0.065348,[.00
A2C_25000_bzip2__instcount_plainmodelHyper,19000,16500,0.9567,1.74,0.083536,[.00
A2C_25000_bzip2__instcount_plainmodelHyper,19000,16240,0.9770,1.77,0.071651,[.00
A2C_25000_bzip2__instcount_plainmodelHyper,19000,15092,1.0667,1.90,0.069891,[.00
A2C_25000_bzip2__instcount_plainmodelHyper,19000,16667,0.9436,1.72,0.08639,[.00
A2C_25000_bzip2__instcount_plainmodelHyper,19000,19236,0.7430,1.49,0.071639,[.00
A2C_25000_bzip2__instcount_plainmodelHyper,19000,15370,1.0449,1.87,0.07038,[.00
A2C_25000_bzip2__instcount_plainmodelHyper,19000,17131,0.9074,1.67,0.07107,[.00
A2C_25000_bzip2__instcount_plainmodelHyper,19000,16034,0.9931,1.79,0.074307,[.00
A2C_25000_bzip2__instcount_plainmodelHyper,19000,17906,0.8468,1.60,0.08596,[.00
A2C_25000_bzip2__instcount_plainmodelHyper,19000,16305,0.9719,1.76,0.070471,[.00
A2C_25000_bzip2__instcount_plainmodelHyper,19000,14934,1.0790,1.92,0.087573,[.00
A2C_25000_bzip2__instcount_plainmodelHyper,19000,15489,1.0356,1.85,0.070795,[.00
A2C_25000_bzip2__instcount_plainmodelHyper,19000,14393,1.1213,1.99,0.08378,[.00
A2C_25000_bzip2__instcount_plainmodelHyper,19000,14347,1.1249,2.00,0.080835,[.00
A2C_25000_bzip2__instcount_plainmodelHyper,19000,15730,1.0168,1.82,0.069421,[.00
A2C_25000_bzip2__instcount_plainmodelHyper,19000,14717,1.0960,1.95,0.071005,[.00
A2C_25000_bzip2__instcount_plainmodelHyper,19000,16084,0.9892,1.78,0.072909,[.00
A2C_25000_bzip2__instcount_plainmodelHyper,19000,14307,1.1280,2.00,0.07117,[.00
A2C_25000_bzip2__instcount_plainmodelHyper,19000,14958,1.0771,1.92,0.074234,[.00
A2C_25000_bzip2__instcount_plainmodelHyper,19000,14905,1.0813,1.92,0.083597,[.00
A2C_25000_bzip2__instcount_plainmodelHyper,19000,17142,0.9065,1.67,0.072337,[.00
A2C_25000_bzip2__instcount_plainmodelHyper,19000,16589,0.9497,1.73,0.082681,[.00
A2C_25000_bzip2__instcount_plainmodelHyper,20000,15085,1.0672,1.90,0.081171,[.00
A2C_25000_bzip2__instcount_plainmodelHyper,20000,20708,0.6280,1.38,0.086452,[.00
A2C_25000_bzip2__instcount_plainmodelHyper,20000,15048,1.0701,1.91,0.080951,[.00
A2C_25000_bzip2__instcount_plainmodelHyper,20000,16329,0.9700,1.76,0.08834,[.00
A2C_25000_bzip2__instcount_plainmodelHyper,20000,14919,1.0802,1.92,0.084236,[.00
A2C_25000_bzip2__instcount_plainmodelHyper,20000,14814,1.0884,1.94,0.082448,[.00
A2C_25000_bzip2__instcount_plainmodelHyper,20000,15802,1.0112,1.81,0.08132,[.00
A2C_25000_bzip2__instcount_plainmodelHyper,20000,15422,1.0409,1.86,0.084101,[.00
A2C_25000_bzip2__instcount_plainmodelHyper,20000,18808,0.7764,1.52,0.075517,[.00
A2C_25000_bzip2__instcount_plainmodelHyper,20000,13961,1.1550,2.05,0.083726,[.00
A2C_25000_bzip2__instcount_plainmodelHyper,20000,13585,1.1844,2.11,0.082437,[.00
A2C_25000_bzip2__instcount_plainmodelHyper,20000,15288,1.0513,1.88,0.0727,[.00
A2C_25000_bzip2__instcount_plainmodelHyper,20000,15315,1.0492,1.87,0.078807,[.00
A2C_25000_bzip2__instcount_plainmodelHyper,20000,15078,1.0678,1.90,0.081795,[.00
A2C_25000_bzip2__instcount_plainmodelHyper,20000,17665,0.8657,1.62,0.066556,[.00
A2C_25000_bzip2__instcount_plainmodelHyper,20000,16574,0.9509,1.73,0.073646,[.00
A2C_25000_bzip2__instcount_plainmodelHyper,20000,14206,1.1359,2.02,0.080145,[.00
A2C_25000_bzip2__instcount_plainmodelHyper,20000,14019,1.1505,2.05,0.08277,[.00
A2C_25000_bzip2__instcount_plainmodelHyper,20000,16166,0.9828,1.77,0.071377,[.00
A2C_25000_bzip2__instcount_plainmodelHyper,20000,15370,1.0449,1.87,0.085257,[.00
A2C_25000_bzip2__instcount_plainmodelHyper,20000,14099,1.1442,2.03,0.080886,[.00
A2C_25000_bzip2__instcount_plainmodelHyper,20000,14406,1.1202,1.99,0.080951,[.00
A2C_25000_bzip2__instcount_plainmodelHyper,20000,18731,0.7824,1.53,0.084659,[.00
A2C_25000_bzip2__instcount_plainmodelHyper,20000,18148,0.8279,1.58,0.08609,[.00
A2C_25000_bzip2__instcount_plainmodelHyper,20000,15747,1.0155,1.82,0.086544,[.00
A2C_25000_bzip2__instcount_plainmodelHyper,20000,15657,1.0225,1.83,0.084355,[.00
A2C_25000_bzip2__instcount_plainmodelHyper,20000,15927,1.0014,1.80,0.072794,[.00
A2C_25000_bzip2__instcount_plainmodelHyper,20000,16507,0.9561,1.74,0.071847,[.00
A2C_25000_bzip2__instcount_plainmodelHyper,20000,17128,0.9076,1.67,0.083835,[.00
A2C_25000_bzip2__instcount_plainmodelHyper,20000,15859,1.0067,1.81,0.070689,[.00
A2C_25000_bzip2__instcount_plainmodelHyper,20000,14441,1.1175,1.99,0.083616,[.00
A2C_25000_bzip2__instcount_plainmodelHyper,20000,15688,1.0201,1.83,0.070532,[.00
A2C_25000_bzip2__instcount_plainmodelHyper,20000,15103,1.0658,1.90,0.071554,[.00
A2C_25000_bzip2__instcount_plainmodelHyper,20000,20901,0.6129,1.37,0.047848,[.00
A2C_25000_bzip2__instcount_plainmodelHyper,20000,14341,1.1253,2.00,0.086977,[.00
A2C_25000_bzip2__instcount_plainmodelHyper,20000,16778,0.9350,1.71,0.073275,[.00
A2C_25000_bzip2__instcount_plainmodelHyper,20000,16030,0.9934,1.79,0.067317,[.00
A2C_25000_bzip2__instcount_plainmodelHyper,20000,20258,0.6631,1.41,0.071951,[.00
A2C_25000_bzip2__instcount_plainmodelHyper,20000,15372,1.0448,1.87,0.088072,[.00
A2C_25000_bzip2__instcount_plainmodelHyper,20000,13497,1.1912,2.12,0.081895,[.00
A2C_25000_bzip2__instcount_plainmodelHyper,20000,14744,1.0938,1.94,0.081484,[.00
A2C_25000_bzip2__instcount_plainmodelHyper,20000,14848,1.0857,1.93,0.08105,[.00
A2C_25000_bzip2__instcount_plainmodelHyper,20000,20770,0.6231,1.38,0.075754,[.00
A2C_25000_bzip2__instcount_plainmodelHyper,20000,15803,1.0111,1.81,0.099004,[.00
A2C_25000_bzip2__instcount_plainmodelHyper,20000,14980,1.0754,1.91,0.082171,[.00
A2C_25000_bzip2__instcount_plainmodelHyper,20000,28839,-0.0071,0.99,0.048571,[.00
A2C_25000_bzip2__instcount_plainmodelHyper,20000,15256,1.0538,1.88,0.07954,[.00
A2C_25000_bzip2__instcount_plainmodelHyper,20000,15477,1.0366,1.85,0.072252,[.00
A2C_25000_bzip2__instcount_plainmodelHyper,20000,14624,1.1032,1.96,0.085178,[.00
A2C_25000_bzip2__instcount_plainmodelHyper,20000,16831,0.9308,1.70,0.097501,[.00
A2C_25000_bzip2__instcount_plainmodelHyper,20000,16745,0.9375,1.71,0.083576,[.00
A2C_25000_bzip2__instcount_plainmodelHyper,20000,15180,1.0598,1.89,0.08134,[.00
A2C_25000_bzip2__instcount_plainmodelHyper,20000,14610,1.1043,1.96,0.069125,[.00
A2C_25000_bzip2__instcount_plainmodelHyper,20000,18215,0.8227,1.57,0.070674,[.00
A2C_25000_bzip2__instcount_plainmodelHyper,20000,18868,0.7717,1.52,0.070885,[.00
A2C_25000_bzip2__instcount_plainmodelHyper,20000,15483,1.0361,1.85,0.078253,[.00
A2C_25000_bzip2__instcount_plainmodelHyper,20000,14386,1.1218,1.99,0.085373,[.00
A2C_25000_bzip2__instcount_plainmodelHyper,20000,15812,1.0104,1.81,0.080202,[.00
A2C_25000_bzip2__instcount_plainmodelHyper,20000,17447,0.8827,1.64,0.083866,[.00
A2C_25000_bzip2__instcount_plainmodelHyper,20000,19288,0.7389,1.49,0.069428,[.00
A2C_25000_bzip2__instcount_plainmodelHyper,20000,17087,0.9108,1.68,0.082034,[.00
A2C_25000_bzip2__instcount_plainmodelHyper,20000,14315,1.1274,2.00,0.084176,[.00
A2C_25000_bzip2__instcount_plainmodelHyper,20000,16629,0.9466,1.72,0.069233,[.00
A2C_25000_bzip2__instcount_plainmodelHyper,20000,14957,1.0772,1.92,0.072044,[.00
A2C_25000_bzip2__instcount_plainmodelHyper,20000,20475,0.6462,1.40,0.080261,[.00
A2C_25000_bzip2__instcount_plainmodelHyper,20000,18379,0.8099,1.56,0.079814,[.00
A2C_25000_bzip2__instcount_plainmodelHyper,20000,18232,0.8214,1.57,0.078385,[.00
A2C_25000_bzip2__instcount_plainmodelHyper,20000,16486,0.9578,1.74,0.089198,[.00
A2C_25000_bzip2__instcount_plainmodelHyper,20000,14473,1.1150,1.98,0.088975,[.00
A2C_25000_bzip2__instcount_plainmodelHyper,20000,17192,0.9026,1.67,0.077891,[.00
A2C_25000_bzip2__instcount_plainmodelHyper,20000,15188,1.0592,1.89,0.08141,[.00
A2C_25000_bzip2__instcount_plainmodelHyper,20000,14584,1.1063,1.97,0.083698,[.00
A2C_25000_bzip2__instcount_plainmodelHyper,20000,16508,0.9561,1.74,0.073094,[.00
A2C_25000_bzip2__instcount_plainmodelHyper,20000,14840,1.0863,1.93,0.082025,[.00
A2C_25000_bzip2__instcount_plainmodelHyper,20000,15661,1.0222,1.83,0.094642,[.00
A2C_25000_bzip2__instcount_plainmodelHyper,20000,19782,0.7003,1.45,0.070474,[.00
A2C_25000_bzip2__instcount_plainmodelHyper,20000,14846,1.0859,1.93,0.082354,[.00
A2C_25000_bzip2__instcount_plainmodelHyper,20000,16104,0.9876,1.78,0.069611,[.00
A2C_25000_bzip2__instcount_plainmodelHyper,20000,15215,1.0571,1.88,0.071153,[.00
A2C_25000_bzip2__instcount_plainmodelHyper,20000,14524,1.1110,1.97,0.083256,[.00
A2C_25000_bzip2__instcount_plainmodelHyper,20000,16116,0.9867,1.78,0.073428,[.00
A2C_25000_bzip2__instcount_plainmodelHyper,20000,14269,1.1309,2.01,0.082837,[.00
A2C_25000_bzip2__instcount_plainmodelHyper,20000,19070,0.7559,1.50,0.082604,[.00
A2C_25000_bzip2__instcount_plainmodelHyper,20000,15258,1.0537,1.88,0.068804,[.00
A2C_25000_bzip2__instcount_plainmodelHyper,20000,31980,-0.2524,0.89,0.123948,[.00
A2C_25000_bzip2__instcount_plainmodelHyper,20000,16201,0.9800,1.77,0.089282,[.00
A2C_25000_bzip2__instcount_plainmodelHyper,20000,16138,0.9850,1.78,0.080035,[.00
A2C_25000_bzip2__instcount_plainmodelHyper,20000,15422,1.0409,1.86,0.071852,[.00
A2C_25000_bzip2__instcount_plainmodelHyper,20000,16751,0.9371,1.71,0.072698,[.00
A2C_25000_bzip2__instcount_plainmodelHyper,20000,16216,0.9789,1.77,0.06703,[.00
A2C_25000_bzip2__instcount_plainmodelHyper,20000,16861,0.9285,1.70,0.069131,[.00
A2C_25000_bzip2__instcount_plainmodelHyper,20000,16622,0.9471,1.72,0.076269,[.00
A2C_25000_bzip2__instcount_plainmodelHyper,20000,16278,0.9740,1.76,0.068112,[.00
A2C_25000_bzip2__instcount_plainmodelHyper,20000,16109,0.9872,1.78,0.07371,[.00
A2C_25000_bzip2__instcount_plainmodelHyper,20000,16878,0.9271,1.70,0.070227,[.00
A2C_25000_bzip2__instcount_plainmodelHyper,20000,15528,1.0326,1.85,0.070227,[.00
A2C_25000_bzip2__instcount_plainmodelHyper,20000,17163,0.9049,1.67,0.075083,[.00
A2C_25000_bzip2__instcount_plainmodelHyper,20000,17235,0.8993,1.66,0.075703,[.00
A2C_25000_bzip2__instcount_plainmodelHyper,20000,16415,0.9633,1.75,0.072454,[.00
A2C_25000_bzip2__instcount_plainmodelHyper,20000,15739,1.0161,1.82,0.083639,[.00
A2C_25000_bzip2__instcount_plainmodelHyper,21000,15269,1.0528,1.88,0.068904,[.00
A2C_25000_bzip2__instcount_plainmodelHyper,21000,16594,0.9493,1.73,0.069767,[.00
A2C_25000_bzip2__instcount_plainmodelHyper,21000,15132,1.0635,1.89,0.068904,[.00
A2C_25000_bzip2__instcount_plainmodelHyper,21000,15559,1.0302,1.84,0.077885,[.00
A2C_25000_bzip2__instcount_plainmodelHyper,21000,15332,1.0479,1.87,0.082924,[.00
A2C_25000_bzip2__instcount_plainmodelHyper,21000,14544,1.1095,1.97,0.081297,[.00
A2C_25000_bzip2__instcount_plainmodelHyper,21000,19638,0.7116,1.46,0.069209,[.00
A2C_25000_bzip2__instcount_plainmodelHyper,21000,18896,0.7695,1.52,0.085604,[.00
A2C_25000_bzip2__instcount_plainmodelHyper,21000,15194,1.0587,1.89,0.077786,[.00
A2C_25000_bzip2__instcount_plainmodelHyper,21000,16067,0.9905,1.78,0.07193,[.00
A2C_25000_bzip2__instcount_plainmodelHyper,21000,23708,0.3936,1.21,0.047793,[.00
A2C_25000_bzip2__instcount_plainmodelHyper,21000,21563,0.5612,1.33,0.077677,[.00
A2C_25000_bzip2__instcount_plainmodelHyper,21000,17853,0.8510,1.61,0.082778,[.00
A2C_25000_bzip2__instcount_plainmodelHyper,21000,16635,0.9461,1.72,0.069999,[.00
A2C_25000_bzip2__instcount_plainmodelHyper,21000,15493,1.0353,1.85,0.080957,[.00
A2C_25000_bzip2__instcount_plainmodelHyper,21000,15870,1.0059,1.81,0.105848,[.00
A2C_25000_bzip2__instcount_plainmodelHyper,21000,22114,0.5182,1.29,0.072267,[.00
A2C_25000_bzip2__instcount_plainmodelHyper,21000,16135,0.9852,1.78,0.081017,[.00
A2C_25000_bzip2__instcount_plainmodelHyper,21000,15047,1.0702,1.91,0.087135,[.00
A2C_25000_bzip2__instcount_plainmodelHyper,21000,15012,1.0729,1.91,0.07919,[.00
A2C_25000_bzip2__instcount_plainmodelHyper,21000,20811,0.6199,1.38,0.047216,[.00
A2C_25000_bzip2__instcount_plainmodelHyper,21000,21592,0.5589,1.33,0.046592,[.00
A2C_25000_bzip2__instcount_plainmodelHyper,21000,19641,0.7113,1.46,0.069783,[.00
A2C_25000_bzip2__instcount_plainmodelHyper,21000,15297,1.0506,1.87,0.06944,[.00
A2C_25000_bzip2__instcount_plainmodelHyper,21000,18815,0.7758,1.52,0.085143,[.00
A2C_25000_bzip2__instcount_plainmodelHyper,21000,15253,1.0541,1.88,0.069372,[.00
A2C_25000_bzip2__instcount_plainmodelHyper,21000,14790,1.0902,1.94,0.080983,[.00
A2C_25000_bzip2__instcount_plainmodelHyper,21000,17068,0.9123,1.68,0.084865,[.00
A2C_25000_bzip2__instcount_plainmodelHyper,21000,15929,1.0013,1.80,0.085573,[.00
A2C_25000_bzip2__instcount_plainmodelHyper,21000,15855,1.0071,1.81,0.081236,[.00
A2C_25000_bzip2__instcount_plainmodelHyper,21000,17507,0.8780,1.64,0.079435,[.00
A2C_25000_bzip2__instcount_plainmodelHyper,21000,16824,0.9314,1.70,0.068395,[.00
A2C_25000_bzip2__instcount_plainmodelHyper,21000,14913,1.0806,1.92,0.078328,[.00
A2C_25000_bzip2__instcount_plainmodelHyper,21000,14867,1.0842,1.93,0.081826,[.00
A2C_25000_bzip2__instcount_plainmodelHyper,21000,14853,1.0853,1.93,0.085094,[.00
A2C_25000_bzip2__instcount_plainmodelHyper,21000,16832,0.9307,1.70,0.072635,[.00
A2C_25000_bzip2__instcount_plainmodelHyper,21000,15138,1.0631,1.89,0.084982,[.00
A2C_25000_bzip2__instcount_plainmodelHyper,21000,16362,0.9675,1.75,0.079546,[.00
A2C_25000_bzip2__instcount_plainmodelHyper,21000,13876,1.1616,2.07,0.086515,[.00
A2C_25000_bzip2__instcount_plainmodelHyper,21000,16492,0.9573,1.74,0.069039,[.00
A2C_25000_bzip2__instcount_plainmodelHyper,21000,17972,0.8417,1.59,0.083711,[.00
A2C_25000_bzip2__instcount_plainmodelHyper,21000,19875,0.6930,1.44,0.067043,[.00
A2C_25000_bzip2__instcount_plainmodelHyper,21000,13931,1.1573,2.06,0.08748,[.00
A2C_25000_bzip2__instcount_plainmodelHyper,21000,14525,1.1109,1.97,0.079108,[.00
A2C_25000_bzip2__instcount_plainmodelHyper,21000,17157,0.9054,1.67,0.04738,[.00
A2C_25000_bzip2__instcount_plainmodelHyper,21000,16822,0.9315,1.70,0.069534,[.00
A2C_25000_bzip2__instcount_plainmodelHyper,21000,16249,0.9763,1.76,0.075471,[.00
A2C_25000_bzip2__instcount_plainmodelHyper,21000,15723,1.0174,1.82,0.06986,[.00
A2C_25000_bzip2__instcount_plainmodelHyper,21000,15189,1.0591,1.89,0.080021,[.00
A2C_25000_bzip2__instcount_plainmodelHyper,21000,17912,0.8464,1.60,0.070598,[.00
A2C_25000_bzip2__instcount_plainmodelHyper,21000,16109,0.9872,1.78,0.071244,[.00
A2C_25000_bzip2__instcount_plainmodelHyper,21000,16779,0.9349,1.71,0.069109,[.00
A2C_25000_bzip2__instcount_plainmodelHyper,21000,16032,0.9932,1.79,0.080897,[.00
A2C_25000_bzip2__instcount_plainmodelHyper,21000,14998,1.0740,1.91,0.080109,[.00
A2C_25000_bzip2__instcount_plainmodelHyper,21000,26874,0.1463,1.06,0.084575,[.00
A2C_25000_bzip2__instcount_plainmodelHyper,21000,14098,1.1443,2.03,0.085027,[.00
A2C_25000_bzip2__instcount_plainmodelHyper,21000,15539,1.0317,1.85,0.072356,[.00
A2C_25000_bzip2__instcount_plainmodelHyper,21000,14266,1.1312,2.01,0.08067,[.00
A2C_25000_bzip2__instcount_plainmodelHyper,21000,32321,-0.2790,0.88,0.088822,[.00
A2C_25000_bzip2__instcount_plainmodelHyper,21000,16036,0.9929,1.79,0.076193,[.00
A2C_25000_bzip2__instcount_plainmodelHyper,21000,14411,1.1199,1.99,0.085518,[.00
A2C_25000_bzip2__instcount_plainmodelHyper,21000,16553,0.9525,1.73,0.096796,[.00
A2C_25000_bzip2__instcount_plainmodelHyper,21000,16030,0.9934,1.79,0.074139,[.00
A2C_25000_bzip2__instcount_plainmodelHyper,21000,14571,1.1074,1.97,0.087675,[.00
A2C_25000_bzip2__instcount_plainmodelHyper,21000,15380,1.0442,1.86,0.071921,[.00
A2C_25000_bzip2__instcount_plainmodelHyper,21000,18565,0.7954,1.54,0.071165,[.00
A2C_25000_bzip2__instcount_plainmodelHyper,21000,15682,1.0206,1.83,0.098135,[.00
A2C_25000_bzip2__instcount_plainmodelHyper,21000,17329,0.8919,1.65,0.084118,[.00
A2C_25000_bzip2__instcount_plainmodelHyper,21000,17328,0.8920,1.65,0.087164,[.00
A2C_25000_bzip2__instcount_plainmodelHyper,21000,16509,0.9560,1.74,0.089269,[.00
A2C_25000_bzip2__instcount_plainmodelHyper,21000,15274,1.0524,1.88,0.078535,[.00
A2C_25000_bzip2__instcount_plainmodelHyper,21000,16196,0.9804,1.77,0.073542,[.00
A2C_25000_bzip2__instcount_plainmodelHyper,21000,16512,0.9557,1.74,0.067692,[.00
A2C_25000_bzip2__instcount_plainmodelHyper,21000,16153,0.9838,1.77,0.071235,[.00
A2C_25000_bzip2__instcount_plainmodelHyper,21000,20799,0.6209,1.38,0.078254,[.00
A2C_25000_bzip2__instcount_plainmodelHyper,21000,16406,0.9640,1.75,0.106772,[.00
A2C_25000_bzip2__instcount_plainmodelHyper,21000,20487,0.6452,1.40,0.050136,[.00
A2C_25000_bzip2__instcount_plainmodelHyper,21000,15507,1.0342,1.85,0.084231,[.00
A2C_25000_bzip2__instcount_plainmodelHyper,21000,15390,1.0434,1.86,0.071861,[.00
A2C_25000_bzip2__instcount_plainmodelHyper,21000,14640,1.1020,1.96,0.083887,[.00
A2C_25000_bzip2__instcount_plainmodelHyper,21000,16463,0.9596,1.74,0.07233,[.00
A2C_25000_bzip2__instcount_plainmodelHyper,21000,20912,0.6120,1.37,0.069194,[.00
A2C_25000_bzip2__instcount_plainmodelHyper,21000,19472,0.7245,1.47,0.068547,[.00
A2C_25000_bzip2__instcount_plainmodelHyper,21000,14981,1.0753,1.91,0.081154,[.00
A2C_25000_bzip2__instcount_plainmodelHyper,21000,15818,1.0099,1.81,0.082007,[.00
A2C_25000_bzip2__instcount_plainmodelHyper,21000,15262,1.0534,1.88,0.082915,[.00
A2C_25000_bzip2__instcount_plainmodelHyper,21000,20115,0.6743,1.42,0.08238,[.00
A2C_25000_bzip2__instcount_plainmodelHyper,21000,15982,0.9971,1.79,0.07942,[.00
A2C_25000_bzip2__instcount_plainmodelHyper,21000,14758,1.0927,1.94,0.080051,[.00
A2C_25000_bzip2__instcount_plainmodelHyper,21000,15464,1.0376,1.85,0.08079,[.00
A2C_25000_bzip2__instcount_plainmodelHyper,21000,15846,1.0078,1.81,0.090603,[.00
A2C_25000_bzip2__instcount_plainmodelHyper,21000,16910,0.9246,1.70,0.065641,[.00
A2C_25000_bzip2__instcount_plainmodelHyper,21000,16072,0.9901,1.78,0.075065,[.00
A2C_25000_bzip2__instcount_plainmodelHyper,21000,21026,0.6031,1.36,0.076801,[.00
A2C_25000_bzip2__instcount_plainmodelHyper,21000,17069,0.9122,1.68,0.069532,[.00
A2C_25000_bzip2__instcount_plainmodelHyper,21000,21909,0.5342,1.31,0.068791,[.00
A2C_25000_bzip2__instcount_plainmodelHyper,21000,15502,1.0346,1.85,0.080866,[.00
A2C_25000_bzip2__instcount_plainmodelHyper,21000,16432,0.9620,1.74,0.069971,[.00
A2C_25000_bzip2__instcount_plainmodelHyper,21000,21349,0.5779,1.34,0.048162,[.00
A2C_25000_bzip2__instcount_plainmodelHyper,21000,15567,1.0296,1.84,0.068622,[.00
A2C_25000_bzip2__instcount_plainmodelHyper,22000,14880,1.0832,1.93,0.070908,[.00
A2C_25000_bzip2__instcount_plainmodelHyper,22000,14014,1.1509,2.05,0.076737,[.00
A2C_25000_bzip2__instcount_plainmodelHyper,22000,15577,1.0288,1.84,0.090066,[.00
A2C_25000_bzip2__instcount_plainmodelHyper,22000,15631,1.0246,1.83,0.070459,[.00
A2C_25000_bzip2__instcount_plainmodelHyper,22000,22161,0.5145,1.29,0.089115,[.00
A2C_25000_bzip2__instcount_plainmodelHyper,22000,28808,-0.0046,0.99,0.074917,[.00
A2C_25000_bzip2__instcount_plainmodelHyper,22000,15898,1.0037,1.80,0.079699,[.00
A2C_25000_bzip2__instcount_plainmodelHyper,22000,15240,1.0551,1.88,0.06911,[.00
A2C_25000_bzip2__instcount_plainmodelHyper,22000,18562,0.7956,1.54,0.091703,[.00
A2C_25000_bzip2__instcount_plainmodelHyper,22000,22667,0.4750,1.26,0.070697,[.00
A2C_25000_bzip2__instcount_plainmodelHyper,22000,16525,0.9547,1.73,0.06862,[.00
A2C_25000_bzip2__instcount_plainmodelHyper,22000,14844,1.0860,1.93,0.069473,[.00
A2C_25000_bzip2__instcount_plainmodelHyper,22000,15055,1.0695,1.90,0.083782,[.00
A2C_25000_bzip2__instcount_plainmodelHyper,22000,15047,1.0702,1.91,0.077737,[.00
A2C_25000_bzip2__instcount_plainmodelHyper,22000,17344,0.8907,1.65,0.070724,[.00
A2C_25000_bzip2__instcount_plainmodelHyper,22000,18962,0.7644,1.51,0.072638,[.00
A2C_25000_bzip2__instcount_plainmodelHyper,22000,16370,0.9668,1.75,0.085,[.00
A2C_25000_bzip2__instcount_plainmodelHyper,22000,18199,0.8240,1.57,0.078495,[.00
A2C_25000_bzip2__instcount_plainmodelHyper,22000,15028,1.0717,1.91,0.082138,[.00
A2C_25000_bzip2__instcount_plainmodelHyper,22000,18719,0.7833,1.53,0.084148,[.00
A2C_25000_bzip2__instcount_plainmodelHyper,22000,16389,0.9653,1.75,0.089436,[.00
A2C_25000_bzip2__instcount_plainmodelHyper,22000,15675,1.0211,1.83,0.07928,[.00
A2C_25000_bzip2__instcount_plainmodelHyper,22000,16515,0.9555,1.74,0.068154,[.00
A2C_25000_bzip2__instcount_plainmodelHyper,22000,14400,1.1207,1.99,0.083201,[.00
A2C_25000_bzip2__instcount_plainmodelHyper,22000,14306,1.1281,2.00,0.081153,[.00
A2C_25000_bzip2__instcount_plainmodelHyper,22000,15803,1.0111,1.81,0.069612,[.00
A2C_25000_bzip2__instcount_plainmodelHyper,22000,15539,1.0317,1.85,0.068849,[.00
A2C_25000_bzip2__instcount_plainmodelHyper,22000,14279,1.1302,2.01,0.080696,[.00
A2C_25000_bzip2__instcount_plainmodelHyper,22000,15569,1.0294,1.84,0.079597,[.00
A2C_25000_bzip2__instcount_plainmodelHyper,22000,15770,1.0137,1.82,0.07853,[.00
A2C_25000_bzip2__instcount_plainmodelHyper,22000,17137,0.9069,1.67,0.068832,[.00
A2C_25000_bzip2__instcount_plainmodelHyper,22000,15763,1.0142,1.82,0.072427,[.00
A2C_25000_bzip2__instcount_plainmodelHyper,22000,17148,0.9061,1.67,0.102439,[.00
A2C_25000_bzip2__instcount_plainmodelHyper,22000,14214,1.1352,2.02,0.084632,[.00
A2C_25000_bzip2__instcount_plainmodelHyper,22000,17086,0.9109,1.68,0.069255,[.00
A2C_25000_bzip2__instcount_plainmodelHyper,22000,16054,0.9915,1.79,0.072182,[.00
A2C_25000_bzip2__instcount_plainmodelHyper,22000,16387,0.9655,1.75,0.083425,[.00
A2C_25000_bzip2__instcount_plainmodelHyper,22000,14983,1.0752,1.91,0.068793,[.00
A2C_25000_bzip2__instcount_plainmodelHyper,22000,14443,1.1174,1.99,0.084316,[.00
A2C_25000_bzip2__instcount_plainmodelHyper,22000,21156,0.5930,1.35,0.073448,[.00
A2C_25000_bzip2__instcount_plainmodelHyper,22000,14717,1.0960,1.95,0.078084,[.00
A2C_25000_bzip2__instcount_plainmodelHyper,22000,16490,0.9575,1.74,0.068815,[.00
A2C_25000_bzip2__instcount_plainmodelHyper,22000,16699,0.9411,1.72,0.070636,[.00
A2C_25000_bzip2__instcount_plainmodelHyper,22000,22067,0.5218,1.30,0.083512,[.00
A2C_25000_bzip2__instcount_plainmodelHyper,22000,14961,1.0769,1.92,0.079991,[.00
A2C_25000_bzip2__instcount_plainmodelHyper,22000,16632,0.9464,1.72,0.071089,[.00
A2C_25000_bzip2__instcount_plainmodelHyper,22000,15624,1.0251,1.83,0.081424,[.00
A2C_25000_bzip2__instcount_plainmodelHyper,22000,15166,1.0609,1.89,0.085594,[.00
A2C_25000_bzip2__instcount_plainmodelHyper,22000,17949,0.8435,1.60,0.070873,[.00
A2C_25000_bzip2__instcount_plainmodelHyper,22000,16053,0.9916,1.79,0.080717,[.00
A2C_25000_bzip2__instcount_plainmodelHyper,22000,31253,-0.1956,0.91,0.082828,[.00
A2C_25000_bzip2__instcount_plainmodelHyper,22000,16517,0.9553,1.74,0.070602,[.00
A2C_25000_bzip2__instcount_plainmodelHyper,22000,14801,1.0894,1.94,0.079059,[.00
A2C_25000_bzip2__instcount_plainmodelHyper,22000,20068,0.6780,1.43,0.073706,[.00
A2C_25000_bzip2__instcount_plainmodelHyper,22000,42433,-1.0689,0.67,0.113456,[.00
A2C_25000_bzip2__instcount_plainmodelHyper,22000,14539,1.1099,1.97,0.097865,[.00
A2C_25000_bzip2__instcount_plainmodelHyper,22000,17796,0.8554,1.61,0.074298,[.00
A2C_25000_bzip2__instcount_plainmodelHyper,22000,14967,1.0764,1.92,0.078587,[.00
A2C_25000_bzip2__instcount_plainmodelHyper,22000,16711,0.9402,1.72,0.080846,[.00
A2C_25000_bzip2__instcount_plainmodelHyper,22000,15062,1.0690,1.90,0.069525,[.00
A2C_25000_bzip2__instcount_plainmodelHyper,22000,17331,0.8918,1.65,0.07192,[.00
A2C_25000_bzip2__instcount_plainmodelHyper,22000,15636,1.0242,1.83,0.074888,[.00
A2C_25000_bzip2__instcount_plainmodelHyper,22000,16087,0.9889,1.78,0.092444,[.00
A2C_25000_bzip2__instcount_plainmodelHyper,22000,16632,0.9464,1.72,0.0991,[.00
A2C_25000_bzip2__instcount_plainmodelHyper,22000,15325,1.0485,1.87,0.067413,[.00
A2C_25000_bzip2__instcount_plainmodelHyper,22000,18129,0.8294,1.58,0.080787,[.00
A2C_25000_bzip2__instcount_plainmodelHyper,22000,15695,1.0196,1.83,0.070294,[.00
A2C_25000_bzip2__instcount_plainmodelHyper,22000,17667,0.8655,1.62,0.048215,[.00
A2C_25000_bzip2__instcount_plainmodelHyper,22000,15517,1.0335,1.85,0.073505,[.00
A2C_25000_bzip2__instcount_plainmodelHyper,22000,15683,1.0205,1.83,0.071313,[.00
A2C_25000_bzip2__instcount_plainmodelHyper,22000,14964,1.0767,1.92,0.08127,[.00
A2C_25000_bzip2__instcount_plainmodelHyper,22000,14922,1.0799,1.92,0.094892,[.00
A2C_25000_bzip2__instcount_plainmodelHyper,22000,14957,1.0772,1.92,0.08193,[.00
A2C_25000_bzip2__instcount_plainmodelHyper,22000,16048,0.9920,1.79,0.07486,[.00
A2C_25000_bzip2__instcount_plainmodelHyper,22000,18463,0.8033,1.55,0.079409,[.00
A2C_25000_bzip2__instcount_plainmodelHyper,22000,15132,1.0635,1.89,0.080599,[.00
A2C_25000_bzip2__instcount_plainmodelHyper,22000,17233,0.8994,1.66,0.090051,[.00
A2C_25000_bzip2__instcount_plainmodelHyper,22000,16670,0.9434,1.72,0.074963,[.00
A2C_25000_bzip2__instcount_plainmodelHyper,22000,16051,0.9917,1.79,0.086815,[.00
A2C_25000_bzip2__instcount_plainmodelHyper,22000,15392,1.0432,1.86,0.086422,[.00
A2C_25000_bzip2__instcount_plainmodelHyper,22000,15808,1.0107,1.81,0.079385,[.00
A2C_25000_bzip2__instcount_plainmodelHyper,22000,16323,0.9705,1.76,0.073417,[.00
A2C_25000_bzip2__instcount_plainmodelHyper,22000,19993,0.6838,1.43,0.083063,[.00
A2C_25000_bzip2__instcount_plainmodelHyper,22000,14892,1.0823,1.93,0.083491,[.00
A2C_25000_bzip2__instcount_plainmodelHyper,22000,15875,1.0055,1.81,0.069738,[.00
A2C_25000_bzip2__instcount_plainmodelHyper,22000,36959,-0.6413,0.77,0.089613,[.00
A2C_25000_bzip2__instcount_plainmodelHyper,22000,14422,1.1190,1.99,0.079966,[.00
A2C_25000_bzip2__instcount_plainmodelHyper,22000,15063,1.0689,1.90,0.082514,[.00
A2C_25000_bzip2__instcount_plainmodelHyper,22000,20578,0.6381,1.39,0.067426,[.00
A2C_25000_bzip2__instcount_plainmodelHyper,22000,21411,0.5731,1.34,0.07858,[.00
A2C_25000_bzip2__instcount_plainmodelHyper,22000,16394,0.9650,1.75,0.080066,[.00
A2C_25000_bzip2__instcount_plainmodelHyper,22000,14650,1.1012,1.96,0.066633,[.00
A2C_25000_bzip2__instcount_plainmodelHyper,22000,16020,0.9942,1.79,0.08497,[.00
A2C_25000_bzip2__instcount_plainmodelHyper,22000,17431,0.8840,1.64,0.072167,[.00
A2C_25000_bzip2__instcount_plainmodelHyper,22000,15484,1.0360,1.85,0.073072,[.00
A2C_25000_bzip2__instcount_plainmodelHyper,22000,18250,0.8200,1.57,0.083603,[.00
A2C_25000_bzip2__instcount_plainmodelHyper,22000,14820,1.0879,1.93,0.071109,[.00
A2C_25000_bzip2__instcount_plainmodelHyper,22000,16019,0.9942,1.79,0.070111,[.00
A2C_25000_bzip2__instcount_plainmodelHyper,22000,15491,1.0355,1.85,0.079309,[.00
A2C_25000_bzip2__instcount_plainmodelHyper,22000,15027,1.0717,1.91,0.079652,[.00
A2C_25000_bzip2__instcount_plainmodelHyper,23000,14443,1.1174,1.99,0.076794,[.00
A2C_25000_bzip2__instcount_plainmodelHyper,23000,15408,1.0420,1.86,0.072725,[.00
A2C_25000_bzip2__instcount_plainmodelHyper,23000,16315,0.9711,1.76,0.084278,[.00
A2C_25000_bzip2__instcount_plainmodelHyper,23000,16526,0.9546,1.73,0.07086,[.00
A2C_25000_bzip2__instcount_plainmodelHyper,23000,19963,0.6862,1.44,0.071317,[.00
A2C_25000_bzip2__instcount_plainmodelHyper,23000,15347,1.0467,1.87,0.070936,[.00
A2C_25000_bzip2__instcount_plainmodelHyper,23000,21410,0.5731,1.34,0.082916,[.00
A2C_25000_bzip2__instcount_plainmodelHyper,23000,14760,1.0926,1.94,0.08196,[.00
A2C_25000_bzip2__instcount_plainmodelHyper,23000,16255,0.9758,1.76,0.06932,[.00
A2C_25000_bzip2__instcount_plainmodelHyper,23000,14118,1.1427,2.03,0.08726,[.00
A2C_25000_bzip2__instcount_plainmodelHyper,23000,15923,1.0017,1.80,0.097917,[.00
A2C_25000_bzip2__instcount_plainmodelHyper,23000,16745,0.9375,1.71,0.074995,[.00
A2C_25000_bzip2__instcount_plainmodelHyper,23000,18886,0.7703,1.52,0.06731,[.00
A2C_25000_bzip2__instcount_plainmodelHyper,23000,20079,0.6771,1.43,0.084701,[.00
A2C_25000_bzip2__instcount_plainmodelHyper,23000,19403,0.7299,1.48,0.091004,[.00
A2C_25000_bzip2__instcount_plainmodelHyper,23000,17296,0.8945,1.66,0.073943,[.00
A2C_25000_bzip2__instcount_plainmodelHyper,23000,14826,1.0874,1.93,0.068126,[.00
A2C_25000_bzip2__instcount_plainmodelHyper,23000,25083,0.2862,1.14,0.102993,[.00
A2C_25000_bzip2__instcount_plainmodelHyper,23000,20325,0.6579,1.41,0.075678,[.00
A2C_25000_bzip2__instcount_plainmodelHyper,23000,15313,1.0494,1.87,0.067549,[.00
A2C_25000_bzip2__instcount_plainmodelHyper,23000,16217,0.9788,1.77,0.078611,[.00
A2C_25000_bzip2__instcount_plainmodelHyper,23000,16465,0.9594,1.74,0.092711,[.00
A2C_25000_bzip2__instcount_plainmodelHyper,23000,18375,0.8102,1.56,0.082443,[.00
A2C_25000_bzip2__instcount_plainmodelHyper,23000,17614,0.8697,1.63,0.069694,[.00
A2C_25000_bzip2__instcount_plainmodelHyper,23000,16124,0.9860,1.78,0.069625,[.00
A2C_25000_bzip2__instcount_plainmodelHyper,23000,20716,0.6274,1.38,0.077505,[.00
A2C_25000_bzip2__instcount_plainmodelHyper,23000,15813,1.0103,1.81,0.06429,[.00
A2C_25000_bzip2__instcount_plainmodelHyper,23000,15364,1.0454,1.87,0.07672,[.00
A2C_25000_bzip2__instcount_plainmodelHyper,23000,15621,1.0253,1.84,0.087541,[.00
A2C_25000_bzip2__instcount_plainmodelHyper,23000,14920,1.0801,1.92,0.071542,[.00
A2C_25000_bzip2__instcount_plainmodelHyper,23000,17225,0.9000,1.66,0.072049,[.00
A2C_25000_bzip2__instcount_plainmodelHyper,23000,16453,0.9603,1.74,0.089632,[.00
A2C_25000_bzip2__instcount_plainmodelHyper,23000,16561,0.9519,1.73,0.068209,[.00
A2C_25000_bzip2__instcount_plainmodelHyper,23000,14789,1.0903,1.94,0.07067,[.00
A2C_25000_bzip2__instcount_plainmodelHyper,23000,21577,0.5601,1.33,0.074739,[.00
A2C_25000_bzip2__instcount_plainmodelHyper,23000,21394,0.5744,1.34,0.080675,[.00
A2C_25000_bzip2__instcount_plainmodelHyper,23000,21283,0.5831,1.35,0.098003,[.00
A2C_25000_bzip2__instcount_plainmodelHyper,23000,16334,0.9696,1.76,0.082469,[.00
A2C_25000_bzip2__instcount_plainmodelHyper,23000,15575,1.0289,1.84,0.075,[.00
A2C_25000_bzip2__instcount_plainmodelHyper,23000,14714,1.0962,1.95,0.080743,[.00
A2C_25000_bzip2__instcount_plainmodelHyper,23000,19858,0.6944,1.44,0.046246,[.00
A2C_25000_bzip2__instcount_plainmodelHyper,23000,14929,1.0794,1.92,0.07251,[.00
A2C_25000_bzip2__instcount_plainmodelHyper,23000,14447,1.1170,1.98,0.084659,[.00
A2C_25000_bzip2__instcount_plainmodelHyper,23000,16758,0.9365,1.71,0.074912,[.00
A2C_25000_bzip2__instcount_plainmodelHyper,23000,15035,1.0711,1.91,0.06984,[.00
A2C_25000_bzip2__instcount_plainmodelHyper,23000,15430,1.0403,1.86,0.084665,[.00
A2C_25000_bzip2__instcount_plainmodelHyper,23000,18007,0.8390,1.59,0.068067,[.00
A2C_25000_bzip2__instcount_plainmodelHyper,23000,15169,1.0606,1.89,0.081702,[.00
A2C_25000_bzip2__instcount_plainmodelHyper,23000,14727,1.0952,1.95,0.081122,[.00
A2C_25000_bzip2__instcount_plainmodelHyper,23000,15923,1.0017,1.80,0.071774,[.00
A2C_25000_bzip2__instcount_plainmodelHyper,23000,15650,1.0231,1.83,0.070263,[.00
A2C_25000_bzip2__instcount_plainmodelHyper,23000,15221,1.0566,1.88,0.069959,[.00
A2C_25000_bzip2__instcount_plainmodelHyper,23000,15039,1.0708,1.91,0.089009,[.00
A2C_25000_bzip2__instcount_plainmodelHyper,23000,16496,0.9570,1.74,0.070862,[.00
A2C_25000_bzip2__instcount_plainmodelHyper,23000,16045,0.9922,1.79,0.06961,[.00
A2C_25000_bzip2__instcount_plainmodelHyper,23000,17799,0.8552,1.61,0.080102,[.00
A2C_25000_bzip2__instcount_plainmodelHyper,23000,15878,1.0053,1.81,0.096147,[.00
A2C_25000_bzip2__instcount_plainmodelHyper,23000,17180,0.9036,1.67,0.087633,[.00
A2C_25000_bzip2__instcount_plainmodelHyper,23000,14888,1.0826,1.93,0.079742,[.00
A2C_25000_bzip2__instcount_plainmodelHyper,23000,15001,1.0738,1.91,0.080449,[.00
A2C_25000_bzip2__instcount_plainmodelHyper,23000,17029,0.9154,1.68,0.081905,[.00
A2C_25000_bzip2__instcount_plainmodelHyper,23000,15280,1.0520,1.88,0.082211,[.00
A2C_25000_bzip2__instcount_plainmodelHyper,23000,15801,1.0113,1.81,0.068586,[.00
A2C_25000_bzip2__instcount_plainmodelHyper,23000,15043,1.0705,1.91,0.071455,[.00
A2C_25000_bzip2__instcount_plainmodelHyper,23000,15267,1.0530,1.88,0.070331,[.00
A2C_25000_bzip2__instcount_plainmodelHyper,23000,20531,0.6418,1.40,0.106664,[.00
A2C_25000_bzip2__instcount_plainmodelHyper,23000,15126,1.0640,1.90,0.081609,[.00
A2C_25000_bzip2__instcount_plainmodelHyper,23000,17956,0.8429,1.60,0.073241,[.00
A2C_25000_bzip2__instcount_plainmodelHyper,23000,16639,0.9458,1.72,0.071959,[.00
A2C_25000_bzip2__instcount_plainmodelHyper,23000,14705,1.0969,1.95,0.080708,[.00
A2C_25000_bzip2__instcount_plainmodelHyper,23000,16600,0.9489,1.73,0.069708,[.00
A2C_25000_bzip2__instcount_plainmodelHyper,23000,16461,0.9597,1.74,0.072344,[.00
A2C_25000_bzip2__instcount_plainmodelHyper,23000,15005,1.0735,1.91,0.07842,[.00
A2C_25000_bzip2__instcount_plainmodelHyper,23000,14593,1.1056,1.96,0.08006,[.00
A2C_25000_bzip2__instcount_plainmodelHyper,23000,17994,0.8400,1.59,0.081349,[.00
A2C_25000_bzip2__instcount_plainmodelHyper,23000,16913,0.9244,1.69,0.079961,[.00
A2C_25000_bzip2__instcount_plainmodelHyper,23000,18516,0.7992,1.55,0.07589,[.00
A2C_25000_bzip2__instcount_plainmodelHyper,23000,15213,1.0572,1.88,0.067085,[.00
A2C_25000_bzip2__instcount_plainmodelHyper,23000,16183,0.9814,1.77,0.071887,[.00
A2C_25000_bzip2__instcount_plainmodelHyper,23000,20211,0.6668,1.42,0.069762,[.00
A2C_25000_bzip2__instcount_plainmodelHyper,23000,15415,1.0414,1.86,0.069549,[.00
A2C_25000_bzip2__instcount_plainmodelHyper,23000,14262,1.1315,2.01,0.079574,[.00
A2C_25000_bzip2__instcount_plainmodelHyper,23000,14897,1.0819,1.92,0.080569,[.00
A2C_25000_bzip2__instcount_plainmodelHyper,23000,15988,0.9967,1.79,0.069631,[.00
A2C_25000_bzip2__instcount_plainmodelHyper,23000,15104,1.0657,1.90,0.079488,[.00
A2C_25000_bzip2__instcount_plainmodelHyper,23000,16888,0.9264,1.70,0.093106,[.00
A2C_25000_bzip2__instcount_plainmodelHyper,23000,17094,0.9103,1.68,0.081461,[.00
A2C_25000_bzip2__instcount_plainmodelHyper,23000,16582,0.9503,1.73,0.090746,[.00
A2C_25000_bzip2__instcount_plainmodelHyper,23000,15835,1.0086,1.81,0.069821,[.00
A2C_25000_bzip2__instcount_plainmodelHyper,23000,21164,0.5924,1.35,0.071785,[.00
A2C_25000_bzip2__instcount_plainmodelHyper,23000,17347,0.8905,1.65,0.068979,[.00
A2C_25000_bzip2__instcount_plainmodelHyper,23000,15560,1.0301,1.84,0.072201,[.00
A2C_25000_bzip2__instcount_plainmodelHyper,23000,20220,0.6661,1.42,0.091021,[.00
A2C_25000_bzip2__instcount_plainmodelHyper,23000,15071,1.0683,1.90,0.079467,[.00
A2C_25000_bzip2__instcount_plainmodelHyper,23000,20064,0.6783,1.43,0.047596,[.00
A2C_25000_bzip2__instcount_plainmodelHyper,23000,20698,0.6288,1.38,0.091298,[.00
A2C_25000_bzip2__instcount_plainmodelHyper,23000,15960,0.9989,1.80,0.072688,[.00
A2C_25000_bzip2__instcount_plainmodelHyper,23000,15385,1.0438,1.86,0.070303,[.00
A2C_25000_bzip2__instcount_plainmodelHyper,23000,16285,0.9735,1.76,0.071424,[.00
A2C_25000_bzip2__instcount_plainmodelHyper,23000,17214,0.9009,1.67,0.070634,[.00
A2C_25000_bzip2__instcount_plainmodelHyper,24000,15182,1.0596,1.89,0.081925,[.00
A2C_25000_bzip2__instcount_plainmodelHyper,24000,17032,0.9151,1.68,0.069682,[.00
A2C_25000_bzip2__instcount_plainmodelHyper,24000,16003,0.9955,1.79,0.094645,[.00
A2C_25000_bzip2__instcount_plainmodelHyper,24000,16413,0.9635,1.75,0.07185,[.00
A2C_25000_bzip2__instcount_plainmodelHyper,24000,18436,0.8054,1.55,0.068733,[.00
A2C_25000_bzip2__instcount_plainmodelHyper,24000,22851,0.4606,1.25,0.086808,[.00
A2C_25000_bzip2__instcount_plainmodelHyper,24000,16022,0.9940,1.79,0.068116,[.00
A2C_25000_bzip2__instcount_plainmodelHyper,24000,18328,0.8139,1.56,0.067308,[.00
A2C_25000_bzip2__instcount_plainmodelHyper,24000,14496,1.1132,1.98,0.084864,[.00
A2C_25000_bzip2__instcount_plainmodelHyper,24000,14468,1.1154,1.98,0.081093,[.00
A2C_25000_bzip2__instcount_plainmodelHyper,24000,34102,-0.4182,0.84,0.081816,[.00
A2C_25000_bzip2__instcount_plainmodelHyper,24000,18676,0.7867,1.53,0.090511,[.00
A2C_25000_bzip2__instcount_plainmodelHyper,24000,33308,-0.3561,0.86,0.081235,[.00
A2C_25000_bzip2__instcount_plainmodelHyper,24000,14807,1.0889,1.94,0.083322,[.00
A2C_25000_bzip2__instcount_plainmodelHyper,24000,16200,0.9801,1.77,0.070562,[.00
A2C_25000_bzip2__instcount_plainmodelHyper,24000,20023,0.6815,1.43,0.071114,[.00
A2C_25000_bzip2__instcount_plainmodelHyper,24000,14916,1.0804,1.92,0.067316,[.00
A2C_25000_bzip2__instcount_plainmodelHyper,24000,16358,0.9678,1.75,0.070132,[.00
A2C_25000_bzip2__instcount_plainmodelHyper,24000,15164,1.0610,1.89,0.071685,[.00
A2C_25000_bzip2__instcount_plainmodelHyper,24000,16622,0.9471,1.72,0.082383,[.00
A2C_25000_bzip2__instcount_plainmodelHyper,24000,14947,1.0780,1.92,0.08266,[.00
A2C_25000_bzip2__instcount_plainmodelHyper,24000,14627,1.1030,1.96,0.078099,[.00
A2C_25000_bzip2__instcount_plainmodelHyper,24000,16632,0.9464,1.72,0.071246,[.00
A2C_25000_bzip2__instcount_plainmodelHyper,24000,14553,1.1088,1.97,0.083521,[.00
A2C_25000_bzip2__instcount_plainmodelHyper,24000,15488,1.0357,1.85,0.08393,[.00
A2C_25000_bzip2__instcount_plainmodelHyper,24000,14917,1.0803,1.92,0.082193,[.00
A2C_25000_bzip2__instcount_plainmodelHyper,24000,15396,1.0429,1.86,0.097957,[.00
A2C_25000_bzip2__instcount_plainmodelHyper,24000,15973,0.9978,1.79,0.080784,[.00
A2C_25000_bzip2__instcount_plainmodelHyper,24000,19362,0.7331,1.48,0.083757,[.00
A2C_25000_bzip2__instcount_plainmodelHyper,24000,16209,0.9794,1.77,0.069858,[.00
A2C_25000_bzip2__instcount_plainmodelHyper,24000,16226,0.9781,1.77,0.071823,[.00
A2C_25000_bzip2__instcount_plainmodelHyper,24000,15145,1.0625,1.89,0.066339,[.00
A2C_25000_bzip2__instcount_plainmodelHyper,24000,16302,0.9721,1.76,0.079609,[.00
A2C_25000_bzip2__instcount_plainmodelHyper,24000,14954,1.0774,1.92,0.08614,[.00
A2C_25000_bzip2__instcount_plainmodelHyper,24000,15902,1.0034,1.80,0.081626,[.00
A2C_25000_bzip2__instcount_plainmodelHyper,24000,17368,0.8889,1.65,0.073651,[.00
A2C_25000_bzip2__instcount_plainmodelHyper,24000,16330,0.9700,1.76,0.071444,[.00
A2C_25000_bzip2__instcount_plainmodelHyper,24000,15027,1.0717,1.91,0.086072,[.00
A2C_25000_bzip2__instcount_plainmodelHyper,24000,15362,1.0456,1.87,0.071651,[.00
A2C_25000_bzip2__instcount_plainmodelHyper,24000,18743,0.7815,1.53,0.069759,[.00
A2C_25000_bzip2__instcount_plainmodelHyper,24000,15104,1.0657,1.90,0.073424,[.00
A2C_25000_bzip2__instcount_plainmodelHyper,24000,15898,1.0037,1.80,0.092137,[.00
A2C_25000_bzip2__instcount_plainmodelHyper,24000,17886,0.8484,1.60,0.080329,[.00
A2C_25000_bzip2__instcount_plainmodelHyper,24000,14676,1.0992,1.95,0.080531,[.00
A2C_25000_bzip2__instcount_plainmodelHyper,24000,18557,0.7960,1.54,0.087205,[.00
A2C_25000_bzip2__instcount_plainmodelHyper,24000,16088,0.9889,1.78,0.071566,[.00
A2C_25000_bzip2__instcount_plainmodelHyper,24000,14333,1.1259,2.00,0.087761,[.00
A2C_25000_bzip2__instcount_plainmodelHyper,24000,16419,0.9630,1.75,0.081595,[.00
A2C_25000_bzip2__instcount_plainmodelHyper,24000,15403,1.0424,1.86,0.073354,[.00
A2C_25000_bzip2__instcount_plainmodelHyper,24000,14904,1.0813,1.92,0.07078,[.00
A2C_25000_bzip2__instcount_plainmodelHyper,24000,14713,1.0963,1.95,0.079478,[.00
A2C_25000_bzip2__instcount_plainmodelHyper,24000,16792,0.9339,1.71,0.047007,[.00
A2C_25000_bzip2__instcount_plainmodelHyper,24000,16838,0.9303,1.70,0.074543,[.00
A2C_25000_bzip2__instcount_plainmodelHyper,24000,15162,1.0612,1.89,0.078638,[.00
A2C_25000_bzip2__instcount_plainmodelHyper,24000,14990,1.0746,1.91,0.077293,[.00
A2C_25000_bzip2__instcount_plainmodelHyper,24000,19037,0.7585,1.51,0.073578,[.00
A2C_25000_bzip2__instcount_plainmodelHyper,24000,15066,1.0687,1.90,0.080908,[.00
A2C_25000_bzip2__instcount_plainmodelHyper,24000,15874,1.0056,1.81,0.090063,[.00
A2C_25000_bzip2__instcount_plainmodelHyper,24000,16117,0.9866,1.78,0.069067,[.00
A2C_25000_bzip2__instcount_plainmodelHyper,24000,15375,1.0446,1.86,0.079633,[.00
A2C_25000_bzip2__instcount_plainmodelHyper,24000,15091,1.0667,1.90,0.084327,[.00
A2C_25000_bzip2__instcount_plainmodelHyper,24000,16968,0.9201,1.69,0.069635,[.00
A2C_25000_bzip2__instcount_plainmodelHyper,24000,15581,1.0285,1.84,0.081943,[.00
A2C_25000_bzip2__instcount_plainmodelHyper,24000,17669,0.8654,1.62,0.066999,[.00
A2C_25000_bzip2__instcount_plainmodelHyper,24000,15145,1.0625,1.89,0.067922,[.00
A2C_25000_bzip2__instcount_plainmodelHyper,24000,16402,0.9643,1.75,0.076946,[.00
A2C_25000_bzip2__instcount_plainmodelHyper,24000,15689,1.0200,1.83,0.068617,[.00
A2C_25000_bzip2__instcount_plainmodelHyper,24000,17004,0.9173,1.69,0.084946,[.00
A2C_25000_bzip2__instcount_plainmodelHyper,24000,18656,0.7883,1.54,0.08497,[.00
A2C_25000_bzip2__instcount_plainmodelHyper,24000,16892,0.9261,1.70,0.079274,[.00
A2C_25000_bzip2__instcount_plainmodelHyper,24000,16614,0.9478,1.73,0.070578,[.00
A2C_25000_bzip2__instcount_plainmodelHyper,24000,18116,0.8304,1.58,0.076755,[.00
A2C_25000_bzip2__instcount_plainmodelHyper,24000,15381,1.0441,1.86,0.078667,[.00
A2C_25000_bzip2__instcount_plainmodelHyper,24000,16104,0.9876,1.78,0.07279,[.00
A2C_25000_bzip2__instcount_plainmodelHyper,24000,15311,1.0496,1.87,0.071461,[.00
A2C_25000_bzip2__instcount_plainmodelHyper,24000,15073,1.0681,1.90,0.091805,[.00
A2C_25000_bzip2__instcount_plainmodelHyper,24000,15004,1.0735,1.91,0.071323,[.00
A2C_25000_bzip2__instcount_plainmodelHyper,24000,14926,1.0796,1.92,0.070421,[.00
A2C_25000_bzip2__instcount_plainmodelHyper,24000,16154,0.9837,1.77,0.067748,[.00
A2C_25000_bzip2__instcount_plainmodelHyper,24000,15011,1.0730,1.91,0.078245,[.00
A2C_25000_bzip2__instcount_plainmodelHyper,24000,18938,0.7662,1.51,0.078068,[.00
A2C_25000_bzip2__instcount_plainmodelHyper,24000,14442,1.1174,1.99,0.081475,[.00
A2C_25000_bzip2__instcount_plainmodelHyper,24000,19849,0.6951,1.44,0.082327,[.00
A2C_25000_bzip2__instcount_plainmodelHyper,24000,15879,1.0052,1.81,0.069214,[.00
A2C_25000_bzip2__instcount_plainmodelHyper,24000,20420,0.6505,1.40,0.071605,[.00
A2C_25000_bzip2__instcount_plainmodelHyper,24000,15774,1.0134,1.82,0.078166,[.00
A2C_25000_bzip2__instcount_plainmodelHyper,24000,16125,0.9860,1.78,0.072057,[.00
A2C_25000_bzip2__instcount_plainmodelHyper,24000,14983,1.0752,1.91,0.079978,[.00
A2C_25000_bzip2__instcount_plainmodelHyper,24000,14052,1.1479,2.04,0.078957,[.00
A2C_25000_bzip2__instcount_plainmodelHyper,24000,15595,1.0274,1.84,0.076593,[.00
A2C_25000_bzip2__instcount_plainmodelHyper,24000,15533,1.0322,1.85,0.066646,[.00
A2C_25000_bzip2__instcount_plainmodelHyper,24000,15962,0.9987,1.80,0.085178,[.00
A2C_25000_bzip2__instcount_plainmodelHyper,24000,20080,0.6770,1.43,0.048322,[.00
A2C_25000_bzip2__instcount_plainmodelHyper,24000,16119,0.9864,1.78,0.076612,[.00
A2C_25000_bzip2__instcount_plainmodelHyper,24000,14418,1.1193,1.99,0.081497,[.00
A2C_25000_bzip2__instcount_plainmodelHyper,24000,14761,1.0925,1.94,0.06675,[.00
A2C_25000_bzip2__instcount_plainmodelHyper,24000,16085,0.9891,1.78,0.069804,[.00
A2C_25000_bzip2__instcount_plainmodelHyper,24000,14250,1.1324,2.01,0.088027,[.00
A2C_25000_bzip2__instcount_plainmodelHyper,24000,14942,1.0784,1.92,0.083654,[.00
A2C_25000_bzip2__instcount_plainmodelHyper,24000,16353,0.9682,1.75,0.080148,[.00
A2C_25000_bzip2__instcount_plainmodelHyper,25000,14913,1.0806,1.92,0.070373,[.00
A2C_25000_bzip2__instcount_plainmodelHyper,25000,16443,0.9611,1.74,0.073678,[.00
A2C_25000_bzip2__instcount_plainmodelHyper,25000,14998,1.0740,1.91,0.083589,[.00
A2C_25000_bzip2__instcount_plainmodelHyper,25000,16033,0.9932,1.79,0.082427,[.00
A2C_25000_bzip2__instcount_plainmodelHyper,25000,14919,1.0802,1.92,0.086348,[.00
A2C_25000_bzip2__instcount_plainmodelHyper,25000,16767,0.9358,1.71,0.080443,[.00
A2C_25000_bzip2__instcount_plainmodelHyper,25000,16356,0.9679,1.75,0.072616,[.00
A2C_25000_bzip2__instcount_plainmodelHyper,25000,16245,0.9766,1.76,0.071257,[.00
A2C_25000_bzip2__instcount_plainmodelHyper,25000,14493,1.1134,1.98,0.078146,[.00
A2C_25000_bzip2__instcount_plainmodelHyper,25000,15375,1.0446,1.86,0.079679,[.00
A2C_25000_bzip2__instcount_plainmodelHyper,25000,15785,1.0125,1.82,0.083303,[.00
A2C_25000_bzip2__instcount_plainmodelHyper,25000,15929,1.0013,1.80,0.075396,[.00
A2C_25000_bzip2__instcount_plainmodelHyper,25000,16307,0.9718,1.76,0.070212,[.00
A2C_25000_bzip2__instcount_plainmodelHyper,25000,19102,0.7534,1.50,0.083403,[.00
A2C_25000_bzip2__instcount_plainmodelHyper,25000,15650,1.0231,1.83,0.077101,[.00
A2C_25000_bzip2__instcount_plainmodelHyper,25000,15518,1.0334,1.85,0.072283,[.00
A2C_25000_bzip2__instcount_plainmodelHyper,25000,16187,0.9811,1.77,0.076172,[.00
A2C_25000_bzip2__instcount_plainmodelHyper,25000,15942,1.0003,1.80,0.071238,[.00
A2C_25000_bzip2__instcount_plainmodelHyper,25000,15437,1.0397,1.86,0.081896,[.00
A2C_25000_bzip2__instcount_plainmodelHyper,25000,15570,1.0293,1.84,0.078782,[.00
A2C_25000_bzip2__instcount_plainmodelHyper,25000,31790,-0.2376,0.90,0.093444,[.00
A2C_25000_bzip2__instcount_plainmodelHyper,25000,14138,1.1412,2.03,0.079545,[.00
A2C_25000_bzip2__instcount_plainmodelHyper,25000,16551,0.9527,1.73,0.084397,[.00
A2C_25000_bzip2__instcount_plainmodelHyper,25000,16169,0.9825,1.77,0.086709,[.00
A2C_25000_bzip2__instcount_plainmodelHyper,25000,16271,0.9746,1.76,0.068634,[.00
A2C_25000_bzip2__instcount_plainmodelHyper,25000,16154,0.9837,1.77,0.070519,[.00
A2C_25000_bzip2__instcount_plainmodelHyper,25000,15374,1.0446,1.86,0.069582,[.00
A2C_25000_bzip2__instcount_plainmodelHyper,25000,14942,1.0784,1.92,0.069506,[.00
A2C_25000_bzip2__instcount_plainmodelHyper,25000,17164,0.9048,1.67,0.068853,[.00
A2C_25000_bzip2__instcount_plainmodelHyper,25000,17458,0.8818,1.64,0.074137,[.00
A2C_25000_bzip2__instcount_plainmodelHyper,25000,15459,1.0380,1.85,0.078132,[.00
A2C_25000_bzip2__instcount_plainmodelHyper,25000,14375,1.1227,1.99,0.078172,[.00
A2C_25000_bzip2__instcount_plainmodelHyper,25000,20082,0.6769,1.43,0.070522,[.00
A2C_25000_bzip2__instcount_plainmodelHyper,25000,14420,1.1192,1.99,0.07552,[.00
A2C_25000_bzip2__instcount_plainmodelHyper,25000,14254,1.1321,2.01,0.079491,[.00
A2C_25000_bzip2__instcount_plainmodelHyper,25000,15672,1.0214,1.83,0.069114,[.00
A2C_25000_bzip2__instcount_plainmodelHyper,25000,22559,0.4834,1.27,0.070428,[.00
A2C_25000_bzip2__instcount_plainmodelHyper,25000,15299,1.0505,1.87,0.079543,[.00
A2C_25000_bzip2__instcount_plainmodelHyper,25000,14525,1.1109,1.97,0.073809,[.00
A2C_25000_bzip2__instcount_plainmodelHyper,25000,14598,1.1052,1.96,0.071529,[.00
A2C_25000_bzip2__instcount_plainmodelHyper,25000,14292,1.1291,2.01,0.07979,[.00
A2C_25000_bzip2__instcount_plainmodelHyper,25000,14701,1.0972,1.95,0.071432,[.00
A2C_25000_bzip2__instcount_plainmodelHyper,25000,14136,1.1413,2.03,0.082905,[.00
A2C_25000_bzip2__instcount_plainmodelHyper,25000,26470,0.1779,1.08,0.105437,[.00
A2C_25000_bzip2__instcount_plainmodelHyper,25000,18196,0.8242,1.57,0.068797,[.00
A2C_25000_bzip2__instcount_plainmodelHyper,25000,16803,0.9330,1.71,0.091923,[.00
A2C_25000_bzip2__instcount_plainmodelHyper,25000,18343,0.8127,1.56,0.082818,[.00
A2C_25000_bzip2__instcount_plainmodelHyper,25000,14477,1.1147,1.98,0.077009,[.00
A2C_25000_bzip2__instcount_plainmodelHyper,25000,16509,0.9560,1.74,0.077673,[.00
A2C_25000_bzip2__instcount_plainmodelHyper,25000,14412,1.1198,1.99,0.078852,[.00
A2C_25000_bzip2__instcount_plainmodelHyper,25000,16460,0.9598,1.74,0.07143,[.00
A2C_25000_bzip2__instcount_plainmodelHyper,25000,14711,1.0964,1.95,0.08267,[.00
A2C_25000_bzip2__instcount_plainmodelHyper,25000,17508,0.8779,1.64,0.072143,[.00
A2C_25000_bzip2__instcount_plainmodelHyper,25000,15625,1.0250,1.83,0.073072,[.00
A2C_25000_bzip2__instcount_plainmodelHyper,25000,22929,0.4545,1.25,0.074677,[.00
A2C_25000_bzip2__instcount_plainmodelHyper,25000,15254,1.0540,1.88,0.09045,[.00
A2C_25000_bzip2__instcount_plainmodelHyper,25000,17923,0.8455,1.60,0.073291,[.00
A2C_25000_bzip2__instcount_plainmodelHyper,25000,14695,1.0977,1.95,0.077471,[.00
A2C_25000_bzip2__instcount_plainmodelHyper,25000,15906,1.0031,1.80,0.073078,[.00
A2C_25000_bzip2__instcount_plainmodelHyper,25000,17712,0.8620,1.62,0.070528,[.00
A2C_25000_bzip2__instcount_plainmodelHyper,25000,17065,0.9125,1.68,0.070376,[.00
A2C_25000_bzip2__instcount_plainmodelHyper,25000,16202,0.9800,1.77,0.074089,[.00
A2C_25000_bzip2__instcount_plainmodelHyper,25000,18470,0.8028,1.55,0.082122,[.00
A2C_25000_bzip2__instcount_plainmodelHyper,25000,16366,0.9671,1.75,0.072402,[.00
A2C_25000_bzip2__instcount_plainmodelHyper,25000,14659,1.1005,1.96,0.072751,[.00
A2C_25000_bzip2__instcount_plainmodelHyper,25000,28305,0.0346,1.01,0.087088,[.00
A2C_25000_bzip2__instcount_plainmodelHyper,25000,15601,1.0269,1.84,0.082922,[.00
A2C_25000_bzip2__instcount_plainmodelHyper,25000,16151,0.9839,1.77,0.083514,[.00
A2C_25000_bzip2__instcount_plainmodelHyper,25000,15421,1.0410,1.86,0.067501,[.00
A2C_25000_bzip2__instcount_plainmodelHyper,25000,19200,0.7458,1.49,0.081005,[.00
A2C_25000_bzip2__instcount_plainmodelHyper,25000,15575,1.0289,1.84,0.076563,[.00
A2C_25000_bzip2__instcount_plainmodelHyper,25000,14984,1.0751,1.91,0.072988,[.00
A2C_25000_bzip2__instcount_plainmodelHyper,25000,15404,1.0423,1.86,0.068247,[.00
A2C_25000_bzip2__instcount_plainmodelHyper,25000,17407,0.8858,1.65,0.06923,[.00
A2C_25000_bzip2__instcount_plainmodelHyper,25000,15043,1.0705,1.91,0.0813,[.00
A2C_25000_bzip2__instcount_plainmodelHyper,25000,15293,1.0510,1.87,0.086262,[.00
A2C_25000_bzip2__instcount_plainmodelHyper,25000,15420,1.0410,1.86,0.072198,[.00
A2C_25000_bzip2__instcount_plainmodelHyper,25000,17489,0.8794,1.64,0.074328,[.00
A2C_25000_bzip2__instcount_plainmodelHyper,25000,15339,1.0474,1.87,0.08653,[.00
A2C_25000_bzip2__instcount_plainmodelHyper,25000,18597,0.7929,1.54,0.070969,[.00
A2C_25000_bzip2__instcount_plainmodelHyper,25000,16605,0.9485,1.73,0.070986,[.00
A2C_25000_bzip2__instcount_plainmodelHyper,25000,17530,0.8762,1.63,0.072681,[.00
A2C_25000_bzip2__instcount_plainmodelHyper,25000,15233,1.0556,1.88,0.085718,[.00
A2C_25000_bzip2__instcount_plainmodelHyper,25000,17041,0.9144,1.68,0.079799,[.00
A2C_25000_bzip2__instcount_plainmodelHyper,25000,15694,1.0196,1.83,0.072019,[.00
A2C_25000_bzip2__instcount_plainmodelHyper,25000,14649,1.1013,1.96,0.085394,[.00
A2C_25000_bzip2__instcount_plainmodelHyper,25000,19935,0.6884,1.44,0.047988,[.00
A2C_25000_bzip2__instcount_plainmodelHyper,25000,15756,1.0148,1.82,0.072171,[.00
A2C_25000_bzip2__instcount_plainmodelHyper,25000,21551,0.5621,1.33,0.082698,[.00
A2C_25000_bzip2__instcount_plainmodelHyper,25000,15268,1.0529,1.88,0.081836,[.00
A2C_25000_bzip2__instcount_plainmodelHyper,25000,16912,0.9245,1.69,0.071277,[.00
A2C_25000_bzip2__instcount_plainmodelHyper,25000,19741,0.7035,1.45,0.046389,[.00
A2C_25000_bzip2__instcount_plainmodelHyper,25000,15856,1.0070,1.81,0.069111,[.00
A2C_25000_bzip2__instcount_plainmodelHyper,25000,16896,0.9257,1.70,0.076162,[.00
A2C_25000_bzip2__instcount_plainmodelHyper,25000,16494,0.9571,1.74,0.071008,[.00
A2C_25000_bzip2__instcount_plainmodelHyper,25000,16108,0.9873,1.78,0.068156,[.00
A2C_25000_bzip2__instcount_plainmodelHyper,25000,16217,0.9788,1.77,0.098547,[.00
A2C_25000_bzip2__instcount_plainmodelHyper,25000,15991,0.9964,1.79,0.071646,[.00
A2C_25000_bzip2__instcount_plainmodelHyper,25000,19352,0.7339,1.48,0.067556,[.00
A2C_25000_bzip2__instcount_plainmodelHyper,25000,14852,1.0854,1.93,0.08105,[.00
