A2C_25000_bzip2__instcount_plainmodel,1000,15411,1.0417,1.86,0.094147,[.00
A2C_25000_bzip2__instcount_plainmodel,1000,14993,1.0744,1.91,0.073831,[.00
A2C_25000_bzip2__instcount_plainmodel,1000,15020,1.0723,1.91,0.077993,[.00
A2C_25000_bzip2__instcount_plainmodel,1000,15376,1.0445,1.86,0.072174,[.00
A2C_25000_bzip2__instcount_plainmodel,1000,15402,1.0424,1.86,0.086875,[.00
A2C_25000_bzip2__instcount_plainmodel,1000,15043,1.0705,1.91,0.080432,[.00
A2C_25000_bzip2__instcount_plainmodel,1000,14916,1.0804,1.92,0.072205,[.00
A2C_25000_bzip2__instcount_plainmodel,1000,14875,1.0836,1.93,0.073538,[.00
A2C_25000_bzip2__instcount_plainmodel,1000,15069,1.0685,1.90,0.080532,[.00
A2C_25000_bzip2__instcount_plainmodel,1000,14954,1.0774,1.92,0.071663,[.00
A2C_25000_bzip2__instcount_plainmodel,1000,15014,1.0728,1.91,0.073526,[.00
A2C_25000_bzip2__instcount_plainmodel,1000,14919,1.0802,1.92,0.085544,[.00
A2C_25000_bzip2__instcount_plainmodel,1000,14845,1.0860,1.93,0.071158,[.00
A2C_25000_bzip2__instcount_plainmodel,1000,15708,1.0185,1.83,0.080886,[.00
A2C_25000_bzip2__instcount_plainmodel,1000,14991,1.0745,1.91,0.067384,[.00
A2C_25000_bzip2__instcount_plainmodel,1000,14961,1.0769,1.92,0.078243,[.00
A2C_25000_bzip2__instcount_plainmodel,1000,15030,1.0715,1.91,0.078084,[.00
A2C_25000_bzip2__instcount_plainmodel,1000,15432,1.0401,1.86,0.092655,[.00
A2C_25000_bzip2__instcount_plainmodel,1000,14985,1.0750,1.91,0.068433,[.00
A2C_25000_bzip2__instcount_plainmodel,1000,15382,1.0440,1.86,0.078543,[.00
A2C_25000_bzip2__instcount_plainmodel,1000,15004,1.0735,1.91,0.072914,[.00
A2C_25000_bzip2__instcount_plainmodel,1000,15033,1.0713,1.91,0.07981,[.00
A2C_25000_bzip2__instcount_plainmodel,1000,14995,1.0742,1.91,0.070922,[.00
A2C_25000_bzip2__instcount_plainmodel,1000,15223,1.0564,1.88,0.07567,[.00
A2C_25000_bzip2__instcount_plainmodel,1000,14880,1.0832,1.93,0.067024,[.00
A2C_25000_bzip2__instcount_plainmodel,1000,15010,1.0731,1.91,0.083604,[.00
A2C_25000_bzip2__instcount_plainmodel,1000,15141,1.0628,1.89,0.071974,[.00
A2C_25000_bzip2__instcount_plainmodel,1000,15026,1.0718,1.91,0.074234,[.00
A2C_25000_bzip2__instcount_plainmodel,1000,15019,1.0724,1.91,0.080304,[.00
A2C_25000_bzip2__instcount_plainmodel,1000,14990,1.0746,1.91,0.071471,[.00
A2C_25000_bzip2__instcount_plainmodel,1000,14995,1.0742,1.91,0.070467,[.00
A2C_25000_bzip2__instcount_plainmodel,1000,15397,1.0428,1.86,0.097716,[.00
A2C_25000_bzip2__instcount_plainmodel,1000,15521,1.0331,1.85,0.078042,[.00
A2C_25000_bzip2__instcount_plainmodel,1000,15154,1.0618,1.89,0.085854,[.00
A2C_25000_bzip2__instcount_plainmodel,1000,15148,1.0623,1.89,0.087881,[.00
A2C_25000_bzip2__instcount_plainmodel,1000,15303,1.0502,1.87,0.069692,[.00
A2C_25000_bzip2__instcount_plainmodel,1000,15174,1.0603,1.89,0.079548,[.00
A2C_25000_bzip2__instcount_plainmodel,1000,14992,1.0745,1.91,0.070635,[.00
A2C_25000_bzip2__instcount_plainmodel,1000,15661,1.0222,1.83,0.068825,[.00
A2C_25000_bzip2__instcount_plainmodel,1000,16702,0.9409,1.72,0.081787,[.00
A2C_25000_bzip2__instcount_plainmodel,1000,15054,1.0696,1.90,0.078704,[.00
A2C_25000_bzip2__instcount_plainmodel,1000,15054,1.0696,1.90,0.082162,[.00
A2C_25000_bzip2__instcount_plainmodel,1000,15287,1.0514,1.88,0.072966,[.00
A2C_25000_bzip2__instcount_plainmodel,1000,15066,1.0687,1.90,0.079593,[.00
A2C_25000_bzip2__instcount_plainmodel,1000,15007,1.0733,1.91,0.077128,[.00
A2C_25000_bzip2__instcount_plainmodel,1000,14925,1.0797,1.92,0.072389,[.00
A2C_25000_bzip2__instcount_plainmodel,1000,15396,1.0429,1.86,0.092353,[.00
A2C_25000_bzip2__instcount_plainmodel,1000,15400,1.0426,1.86,0.0932,[.00
A2C_25000_bzip2__instcount_plainmodel,1000,15028,1.0717,1.91,0.071515,[.00
A2C_25000_bzip2__instcount_plainmodel,1000,14998,1.0740,1.91,0.071898,[.00
A2C_25000_bzip2__instcount_plainmodel,1000,15020,1.0723,1.91,0.085339,[.00
A2C_25000_bzip2__instcount_plainmodel,1000,16508,0.9561,1.74,0.077841,[.00
A2C_25000_bzip2__instcount_plainmodel,1000,14923,1.0799,1.92,0.072342,[.00
A2C_25000_bzip2__instcount_plainmodel,1000,15182,1.0596,1.89,0.084048,[.00
A2C_25000_bzip2__instcount_plainmodel,1000,14972,1.0760,1.92,0.073852,[.00
A2C_25000_bzip2__instcount_plainmodel,1000,14995,1.0742,1.91,0.070343,[.00
A2C_25000_bzip2__instcount_plainmodel,1000,14934,1.0790,1.92,0.075537,[.00
A2C_25000_bzip2__instcount_plainmodel,1000,14848,1.0857,1.93,0.07516,[.00
A2C_25000_bzip2__instcount_plainmodel,1000,15403,1.0424,1.86,0.087587,[.00
A2C_25000_bzip2__instcount_plainmodel,1000,14995,1.0742,1.91,0.072767,[.00
A2C_25000_bzip2__instcount_plainmodel,1000,15016,1.0726,1.91,0.07644,[.00
A2C_25000_bzip2__instcount_plainmodel,1000,15024,1.0720,1.91,0.06962,[.00
A2C_25000_bzip2__instcount_plainmodel,1000,15041,1.0706,1.91,0.071276,[.00
A2C_25000_bzip2__instcount_plainmodel,1000,15040,1.0707,1.91,0.078209,[.00
A2C_25000_bzip2__instcount_plainmodel,1000,14952,1.0776,1.92,0.070887,[.00
A2C_25000_bzip2__instcount_plainmodel,1000,14997,1.0741,1.91,0.067258,[.00
A2C_25000_bzip2__instcount_plainmodel,1000,15458,1.0381,1.85,0.089539,[.00
A2C_25000_bzip2__instcount_plainmodel,1000,15373,1.0447,1.87,0.072414,[.00
A2C_25000_bzip2__instcount_plainmodel,1000,14858,1.0849,1.93,0.073401,[.00
A2C_25000_bzip2__instcount_plainmodel,1000,15167,1.0608,1.89,0.083323,[.00
A2C_25000_bzip2__instcount_plainmodel,1000,15586,1.0281,1.84,0.076306,[.00
A2C_25000_bzip2__instcount_plainmodel,1000,15027,1.0717,1.91,0.07088,[.00
A2C_25000_bzip2__instcount_plainmodel,1000,15018,1.0724,1.91,0.070247,[.00
A2C_25000_bzip2__instcount_plainmodel,1000,15216,1.0570,1.88,0.070513,[.00
A2C_25000_bzip2__instcount_plainmodel,1000,15340,1.0473,1.87,0.082463,[.00
A2C_25000_bzip2__instcount_plainmodel,1000,14995,1.0742,1.91,0.070743,[.00
A2C_25000_bzip2__instcount_plainmodel,1000,15229,1.0560,1.88,0.071507,[.00
A2C_25000_bzip2__instcount_plainmodel,1000,15397,1.0428,1.86,0.093293,[.00
A2C_25000_bzip2__instcount_plainmodel,1000,16521,0.9550,1.74,0.079139,[.00
A2C_25000_bzip2__instcount_plainmodel,1000,15036,1.0710,1.91,0.085849,[.00
A2C_25000_bzip2__instcount_plainmodel,1000,15031,1.0714,1.91,0.07858,[.00
A2C_25000_bzip2__instcount_plainmodel,1000,14981,1.0753,1.91,0.071412,[.00
A2C_25000_bzip2__instcount_plainmodel,1000,14797,1.0897,1.94,0.0763,[.00
A2C_25000_bzip2__instcount_plainmodel,1000,15031,1.0714,1.91,0.079818,[.00
A2C_25000_bzip2__instcount_plainmodel,1000,15403,1.0424,1.86,0.089957,[.00
A2C_25000_bzip2__instcount_plainmodel,1000,14963,1.0767,1.92,0.076094,[.00
A2C_25000_bzip2__instcount_plainmodel,1000,15158,1.0615,1.89,0.076135,[.00
A2C_25000_bzip2__instcount_plainmodel,1000,14985,1.0750,1.91,0.072577,[.00
A2C_25000_bzip2__instcount_plainmodel,1000,14925,1.0797,1.92,0.077215,[.00
A2C_25000_bzip2__instcount_plainmodel,1000,14989,1.0747,1.91,0.074777,[.00
A2C_25000_bzip2__instcount_plainmodel,1000,14845,1.0860,1.93,0.073554,[.00
A2C_25000_bzip2__instcount_plainmodel,1000,14992,1.0745,1.91,0.071246,[.00
A2C_25000_bzip2__instcount_plainmodel,1000,14847,1.0858,1.93,0.078211,[.00
A2C_25000_bzip2__instcount_plainmodel,1000,15154,1.0618,1.89,0.068723,[.00
A2C_25000_bzip2__instcount_plainmodel,1000,15021,1.0722,1.91,0.077313,[.00
A2C_25000_bzip2__instcount_plainmodel,1000,15069,1.0685,1.90,0.07321,[.00
A2C_25000_bzip2__instcount_plainmodel,1000,15149,1.0622,1.89,0.071553,[.00
A2C_25000_bzip2__instcount_plainmodel,1000,15286,1.0515,1.88,0.070519,[.00
A2C_25000_bzip2__instcount_plainmodel,1000,15691,1.0199,1.83,0.086727,[.00
A2C_25000_bzip2__instcount_plainmodel,1000,14850,1.0856,1.93,0.06864,[.00
A2C_25000_bzip2__instcount_plainmodel,2000,15197,1.0585,1.89,0.095323,[.00
A2C_25000_bzip2__instcount_plainmodel,2000,15397,1.0428,1.86,0.091688,[.00
A2C_25000_bzip2__instcount_plainmodel,2000,15020,1.0723,1.91,0.074987,[.00
A2C_25000_bzip2__instcount_plainmodel,2000,14997,1.0741,1.91,0.073831,[.00
A2C_25000_bzip2__instcount_plainmodel,2000,15062,1.0690,1.90,0.077518,[.00
A2C_25000_bzip2__instcount_plainmodel,2000,15057,1.0694,1.90,0.076735,[.00
A2C_25000_bzip2__instcount_plainmodel,2000,14990,1.0746,1.91,0.070379,[.00
A2C_25000_bzip2__instcount_plainmodel,2000,15035,1.0711,1.91,0.067179,[.00
A2C_25000_bzip2__instcount_plainmodel,2000,15162,1.0612,1.89,0.082258,[.00
A2C_25000_bzip2__instcount_plainmodel,2000,15397,1.0428,1.86,0.091299,[.00
A2C_25000_bzip2__instcount_plainmodel,2000,14852,1.0854,1.93,0.077358,[.00
A2C_25000_bzip2__instcount_plainmodel,2000,15127,1.0639,1.90,0.082199,[.00
A2C_25000_bzip2__instcount_plainmodel,2000,15168,1.0607,1.89,0.084405,[.00
A2C_25000_bzip2__instcount_plainmodel,2000,15361,1.0456,1.87,0.088852,[.00
A2C_25000_bzip2__instcount_plainmodel,2000,15400,1.0426,1.86,0.089562,[.00
A2C_25000_bzip2__instcount_plainmodel,2000,15400,1.0426,1.86,0.089799,[.00
A2C_25000_bzip2__instcount_plainmodel,2000,14964,1.0767,1.92,0.079657,[.00
A2C_25000_bzip2__instcount_plainmodel,2000,15396,1.0429,1.86,0.090148,[.00
A2C_25000_bzip2__instcount_plainmodel,2000,15399,1.0427,1.86,0.089033,[.00
A2C_25000_bzip2__instcount_plainmodel,2000,14997,1.0741,1.91,0.072145,[.00
A2C_25000_bzip2__instcount_plainmodel,2000,15127,1.0639,1.90,0.081409,[.00
A2C_25000_bzip2__instcount_plainmodel,2000,14871,1.0839,1.93,0.067642,[.00
A2C_25000_bzip2__instcount_plainmodel,2000,15099,1.0661,1.90,0.080527,[.00
A2C_25000_bzip2__instcount_plainmodel,2000,15162,1.0612,1.89,0.081232,[.00
A2C_25000_bzip2__instcount_plainmodel,2000,14852,1.0854,1.93,0.073038,[.00
A2C_25000_bzip2__instcount_plainmodel,2000,14988,1.0748,1.91,0.06736,[.00
A2C_25000_bzip2__instcount_plainmodel,2000,15143,1.0627,1.89,0.080567,[.00
A2C_25000_bzip2__instcount_plainmodel,2000,14997,1.0741,1.91,0.069984,[.00
A2C_25000_bzip2__instcount_plainmodel,2000,15168,1.0607,1.89,0.078073,[.00
A2C_25000_bzip2__instcount_plainmodel,2000,15400,1.0426,1.86,0.086856,[.00
A2C_25000_bzip2__instcount_plainmodel,2000,15170,1.0606,1.89,0.069529,[.00
A2C_25000_bzip2__instcount_plainmodel,2000,15400,1.0426,1.86,0.090329,[.00
A2C_25000_bzip2__instcount_plainmodel,2000,14852,1.0854,1.93,0.070359,[.00
A2C_25000_bzip2__instcount_plainmodel,2000,15137,1.0631,1.89,0.083026,[.00
A2C_25000_bzip2__instcount_plainmodel,2000,15399,1.0427,1.86,0.087567,[.00
A2C_25000_bzip2__instcount_plainmodel,2000,15013,1.0728,1.91,0.068398,[.00
A2C_25000_bzip2__instcount_plainmodel,2000,15203,1.0580,1.89,0.081194,[.00
A2C_25000_bzip2__instcount_plainmodel,2000,15400,1.0426,1.86,0.088725,[.00
A2C_25000_bzip2__instcount_plainmodel,2000,15402,1.0424,1.86,0.090623,[.00
A2C_25000_bzip2__instcount_plainmodel,2000,15395,1.0430,1.86,0.086808,[.00
A2C_25000_bzip2__instcount_plainmodel,2000,14850,1.0856,1.93,0.070641,[.00
A2C_25000_bzip2__instcount_plainmodel,2000,15400,1.0426,1.86,0.086944,[.00
A2C_25000_bzip2__instcount_plainmodel,2000,15021,1.0722,1.91,0.069988,[.00
A2C_25000_bzip2__instcount_plainmodel,2000,14850,1.0856,1.93,0.079966,[.00
A2C_25000_bzip2__instcount_plainmodel,2000,14995,1.0742,1.91,0.072695,[.00
A2C_25000_bzip2__instcount_plainmodel,2000,15168,1.0607,1.89,0.081932,[.00
A2C_25000_bzip2__instcount_plainmodel,2000,15397,1.0428,1.86,0.092092,[.00
A2C_25000_bzip2__instcount_plainmodel,2000,14850,1.0856,1.93,0.070285,[.00
A2C_25000_bzip2__instcount_plainmodel,2000,14990,1.0746,1.91,0.067618,[.00
A2C_25000_bzip2__instcount_plainmodel,2000,14997,1.0741,1.91,0.068818,[.00
A2C_25000_bzip2__instcount_plainmodel,2000,15397,1.0428,1.86,0.090284,[.00
A2C_25000_bzip2__instcount_plainmodel,2000,15161,1.0613,1.89,0.083323,[.00
A2C_25000_bzip2__instcount_plainmodel,2000,15395,1.0430,1.86,0.092819,[.00
A2C_25000_bzip2__instcount_plainmodel,2000,15141,1.0628,1.89,0.093218,[.00
A2C_25000_bzip2__instcount_plainmodel,2000,14997,1.0741,1.91,0.070716,[.00
A2C_25000_bzip2__instcount_plainmodel,2000,15395,1.0430,1.86,0.09089,[.00
A2C_25000_bzip2__instcount_plainmodel,2000,14917,1.0803,1.92,0.074879,[.00
A2C_25000_bzip2__instcount_plainmodel,2000,15143,1.0627,1.89,0.082238,[.00
A2C_25000_bzip2__instcount_plainmodel,2000,15171,1.0605,1.89,0.084226,[.00
A2C_25000_bzip2__instcount_plainmodel,2000,15158,1.0615,1.89,0.082195,[.00
A2C_25000_bzip2__instcount_plainmodel,2000,15395,1.0430,1.86,0.089334,[.00
A2C_25000_bzip2__instcount_plainmodel,2000,15400,1.0426,1.86,0.093051,[.00
A2C_25000_bzip2__instcount_plainmodel,2000,15168,1.0607,1.89,0.080104,[.00
A2C_25000_bzip2__instcount_plainmodel,2000,15136,1.0632,1.89,0.08128,[.00
A2C_25000_bzip2__instcount_plainmodel,2000,14852,1.0854,1.93,0.067702,[.00
A2C_25000_bzip2__instcount_plainmodel,2000,14997,1.0741,1.91,0.073602,[.00
A2C_25000_bzip2__instcount_plainmodel,2000,15431,1.0402,1.86,0.1032,[.00
A2C_25000_bzip2__instcount_plainmodel,2000,14997,1.0741,1.91,0.076424,[.00
A2C_25000_bzip2__instcount_plainmodel,2000,14992,1.0745,1.91,0.077546,[.00
A2C_25000_bzip2__instcount_plainmodel,2000,14995,1.0742,1.91,0.070387,[.00
A2C_25000_bzip2__instcount_plainmodel,2000,15400,1.0426,1.86,0.091462,[.00
A2C_25000_bzip2__instcount_plainmodel,2000,14990,1.0746,1.91,0.067988,[.00
A2C_25000_bzip2__instcount_plainmodel,2000,14997,1.0741,1.91,0.074124,[.00
A2C_25000_bzip2__instcount_plainmodel,2000,15158,1.0615,1.89,0.079144,[.00
A2C_25000_bzip2__instcount_plainmodel,2000,14848,1.0857,1.93,0.072768,[.00
A2C_25000_bzip2__instcount_plainmodel,2000,15158,1.0615,1.89,0.078365,[.00
A2C_25000_bzip2__instcount_plainmodel,2000,15011,1.0730,1.91,0.076485,[.00
A2C_25000_bzip2__instcount_plainmodel,2000,14852,1.0854,1.93,0.07063,[.00
A2C_25000_bzip2__instcount_plainmodel,2000,15164,1.0610,1.89,0.080906,[.00
A2C_25000_bzip2__instcount_plainmodel,2000,15436,1.0398,1.86,0.08823,[.00
A2C_25000_bzip2__instcount_plainmodel,2000,15436,1.0398,1.86,0.088084,[.00
A2C_25000_bzip2__instcount_plainmodel,2000,15400,1.0426,1.86,0.090055,[.00
A2C_25000_bzip2__instcount_plainmodel,2000,14991,1.0745,1.91,0.071643,[.00
A2C_25000_bzip2__instcount_plainmodel,2000,14922,1.0799,1.92,0.078353,[.00
A2C_25000_bzip2__instcount_plainmodel,2000,14852,1.0854,1.93,0.075387,[.00
A2C_25000_bzip2__instcount_plainmodel,2000,15161,1.0613,1.89,0.079465,[.00
A2C_25000_bzip2__instcount_plainmodel,2000,15017,1.0725,1.91,0.074434,[.00
A2C_25000_bzip2__instcount_plainmodel,2000,14997,1.0741,1.91,0.070137,[.00
A2C_25000_bzip2__instcount_plainmodel,2000,15138,1.0631,1.89,0.081468,[.00
A2C_25000_bzip2__instcount_plainmodel,2000,15402,1.0424,1.86,0.089275,[.00
A2C_25000_bzip2__instcount_plainmodel,2000,14852,1.0854,1.93,0.06936,[.00
A2C_25000_bzip2__instcount_plainmodel,2000,15137,1.0631,1.89,0.080283,[.00
A2C_25000_bzip2__instcount_plainmodel,2000,15397,1.0428,1.86,0.096927,[.00
A2C_25000_bzip2__instcount_plainmodel,2000,14997,1.0741,1.91,0.070856,[.00
A2C_25000_bzip2__instcount_plainmodel,2000,15168,1.0607,1.89,0.081894,[.00
A2C_25000_bzip2__instcount_plainmodel,2000,15162,1.0612,1.89,0.082173,[.00
A2C_25000_bzip2__instcount_plainmodel,2000,14997,1.0741,1.91,0.070635,[.00
A2C_25000_bzip2__instcount_plainmodel,2000,15400,1.0426,1.86,0.087348,[.00
A2C_25000_bzip2__instcount_plainmodel,2000,14990,1.0746,1.91,0.07062,[.00
A2C_25000_bzip2__instcount_plainmodel,2000,15021,1.0722,1.91,0.071374,[.00
A2C_25000_bzip2__instcount_plainmodel,3000,15161,1.0613,1.89,0.087896,[.00
A2C_25000_bzip2__instcount_plainmodel,3000,14881,1.0831,1.93,0.069904,[.00
A2C_25000_bzip2__instcount_plainmodel,3000,15163,1.0611,1.89,0.085034,[.00
A2C_25000_bzip2__instcount_plainmodel,3000,15162,1.0612,1.89,0.079935,[.00
A2C_25000_bzip2__instcount_plainmodel,3000,15431,1.0402,1.86,0.089366,[.00
A2C_25000_bzip2__instcount_plainmodel,3000,15062,1.0690,1.90,0.07576,[.00
A2C_25000_bzip2__instcount_plainmodel,3000,15395,1.0430,1.86,0.091676,[.00
A2C_25000_bzip2__instcount_plainmodel,3000,15395,1.0430,1.86,0.089664,[.00
A2C_25000_bzip2__instcount_plainmodel,3000,14848,1.0857,1.93,0.073642,[.00
A2C_25000_bzip2__instcount_plainmodel,3000,15395,1.0430,1.86,0.096453,[.00
A2C_25000_bzip2__instcount_plainmodel,3000,15022,1.0721,1.91,0.080753,[.00
A2C_25000_bzip2__instcount_plainmodel,3000,16037,0.9928,1.79,0.089666,[.00
A2C_25000_bzip2__instcount_plainmodel,3000,15021,1.0722,1.91,0.081026,[.00
A2C_25000_bzip2__instcount_plainmodel,3000,15395,1.0430,1.86,0.096548,[.00
A2C_25000_bzip2__instcount_plainmodel,3000,15804,1.0110,1.81,0.089236,[.00
A2C_25000_bzip2__instcount_plainmodel,3000,15019,1.0724,1.91,0.075969,[.00
A2C_25000_bzip2__instcount_plainmodel,3000,14922,1.0799,1.92,0.07867,[.00
A2C_25000_bzip2__instcount_plainmodel,3000,14850,1.0856,1.93,0.073431,[.00
A2C_25000_bzip2__instcount_plainmodel,3000,15158,1.0615,1.89,0.080777,[.00
A2C_25000_bzip2__instcount_plainmodel,3000,15162,1.0612,1.89,0.084238,[.00
A2C_25000_bzip2__instcount_plainmodel,3000,15395,1.0430,1.86,0.088899,[.00
A2C_25000_bzip2__instcount_plainmodel,3000,15168,1.0607,1.89,0.083311,[.00
A2C_25000_bzip2__instcount_plainmodel,3000,15545,1.0313,1.84,0.079153,[.00
A2C_25000_bzip2__instcount_plainmodel,3000,15397,1.0428,1.86,0.086866,[.00
A2C_25000_bzip2__instcount_plainmodel,3000,15162,1.0612,1.89,0.07968,[.00
A2C_25000_bzip2__instcount_plainmodel,3000,14997,1.0741,1.91,0.067858,[.00
A2C_25000_bzip2__instcount_plainmodel,3000,15397,1.0428,1.86,0.088108,[.00
A2C_25000_bzip2__instcount_plainmodel,3000,15404,1.0423,1.86,0.086864,[.00
A2C_25000_bzip2__instcount_plainmodel,3000,15397,1.0428,1.86,0.088602,[.00
A2C_25000_bzip2__instcount_plainmodel,3000,14997,1.0741,1.91,0.072,[.00
A2C_25000_bzip2__instcount_plainmodel,3000,14997,1.0741,1.91,0.070817,[.00
A2C_25000_bzip2__instcount_plainmodel,3000,14995,1.0742,1.91,0.067887,[.00
A2C_25000_bzip2__instcount_plainmodel,3000,15395,1.0430,1.86,0.087028,[.00
A2C_25000_bzip2__instcount_plainmodel,3000,15402,1.0424,1.86,0.090472,[.00
A2C_25000_bzip2__instcount_plainmodel,3000,15400,1.0426,1.86,0.09719,[.00
A2C_25000_bzip2__instcount_plainmodel,3000,15158,1.0615,1.89,0.084894,[.00
A2C_25000_bzip2__instcount_plainmodel,3000,14918,1.0802,1.92,0.073524,[.00
A2C_25000_bzip2__instcount_plainmodel,3000,15019,1.0724,1.91,0.0757,[.00
A2C_25000_bzip2__instcount_plainmodel,3000,15158,1.0615,1.89,0.079508,[.00
A2C_25000_bzip2__instcount_plainmodel,3000,15395,1.0430,1.86,0.086533,[.00
A2C_25000_bzip2__instcount_plainmodel,3000,15397,1.0428,1.86,0.090902,[.00
A2C_25000_bzip2__instcount_plainmodel,3000,15397,1.0428,1.86,0.091258,[.00
A2C_25000_bzip2__instcount_plainmodel,3000,14988,1.0748,1.91,0.068347,[.00
A2C_25000_bzip2__instcount_plainmodel,3000,14848,1.0857,1.93,0.071484,[.00
A2C_25000_bzip2__instcount_plainmodel,3000,16965,0.9204,1.69,0.088418,[.00
A2C_25000_bzip2__instcount_plainmodel,3000,15413,1.0416,1.86,0.079915,[.00
A2C_25000_bzip2__instcount_plainmodel,3000,14852,1.0854,1.93,0.067171,[.00
A2C_25000_bzip2__instcount_plainmodel,3000,16959,0.9208,1.69,0.092075,[.00
A2C_25000_bzip2__instcount_plainmodel,3000,15395,1.0430,1.86,0.087054,[.00
A2C_25000_bzip2__instcount_plainmodel,3000,15395,1.0430,1.86,0.089928,[.00
A2C_25000_bzip2__instcount_plainmodel,3000,15169,1.0606,1.89,0.078894,[.00
A2C_25000_bzip2__instcount_plainmodel,3000,14997,1.0741,1.91,0.071787,[.00
A2C_25000_bzip2__instcount_plainmodel,3000,15400,1.0426,1.86,0.088857,[.00
A2C_25000_bzip2__instcount_plainmodel,3000,16997,0.9179,1.69,0.091256,[.00
A2C_25000_bzip2__instcount_plainmodel,3000,15395,1.0430,1.86,0.086509,[.00
A2C_25000_bzip2__instcount_plainmodel,3000,15020,1.0723,1.91,0.078837,[.00
A2C_25000_bzip2__instcount_plainmodel,3000,14995,1.0742,1.91,0.068426,[.00
A2C_25000_bzip2__instcount_plainmodel,3000,15397,1.0428,1.86,0.102237,[.00
A2C_25000_bzip2__instcount_plainmodel,3000,14852,1.0854,1.93,0.069252,[.00
A2C_25000_bzip2__instcount_plainmodel,3000,15141,1.0628,1.89,0.077965,[.00
A2C_25000_bzip2__instcount_plainmodel,3000,15397,1.0428,1.86,0.095631,[.00
A2C_25000_bzip2__instcount_plainmodel,3000,15158,1.0615,1.89,0.079286,[.00
A2C_25000_bzip2__instcount_plainmodel,3000,15395,1.0430,1.86,0.089551,[.00
A2C_25000_bzip2__instcount_plainmodel,3000,15397,1.0428,1.86,0.090087,[.00
A2C_25000_bzip2__instcount_plainmodel,3000,15429,1.0403,1.86,0.089458,[.00
A2C_25000_bzip2__instcount_plainmodel,3000,15020,1.0723,1.91,0.075164,[.00
A2C_25000_bzip2__instcount_plainmodel,3000,15168,1.0607,1.89,0.079971,[.00
A2C_25000_bzip2__instcount_plainmodel,3000,15397,1.0428,1.86,0.093266,[.00
A2C_25000_bzip2__instcount_plainmodel,3000,14919,1.0802,1.92,0.075888,[.00
A2C_25000_bzip2__instcount_plainmodel,3000,14918,1.0802,1.92,0.072966,[.00
A2C_25000_bzip2__instcount_plainmodel,3000,15168,1.0607,1.89,0.079564,[.00
A2C_25000_bzip2__instcount_plainmodel,3000,14997,1.0741,1.91,0.068659,[.00
A2C_25000_bzip2__instcount_plainmodel,3000,14852,1.0854,1.93,0.068268,[.00
A2C_25000_bzip2__instcount_plainmodel,3000,15397,1.0428,1.86,0.090939,[.00
A2C_25000_bzip2__instcount_plainmodel,3000,15168,1.0607,1.89,0.077899,[.00
A2C_25000_bzip2__instcount_plainmodel,3000,16965,0.9204,1.69,0.091326,[.00
A2C_25000_bzip2__instcount_plainmodel,3000,15395,1.0430,1.86,0.088025,[.00
A2C_25000_bzip2__instcount_plainmodel,3000,15395,1.0430,1.86,0.092635,[.00
A2C_25000_bzip2__instcount_plainmodel,3000,15401,1.0425,1.86,0.09086,[.00
A2C_25000_bzip2__instcount_plainmodel,3000,15395,1.0430,1.86,0.087626,[.00
A2C_25000_bzip2__instcount_plainmodel,3000,15400,1.0426,1.86,0.103072,[.00
A2C_25000_bzip2__instcount_plainmodel,3000,16965,0.9204,1.69,0.090622,[.00
A2C_25000_bzip2__instcount_plainmodel,3000,15395,1.0430,1.86,0.090333,[.00
A2C_25000_bzip2__instcount_plainmodel,3000,15402,1.0424,1.86,0.08888,[.00
A2C_25000_bzip2__instcount_plainmodel,3000,15387,1.0436,1.86,0.094016,[.00
A2C_25000_bzip2__instcount_plainmodel,3000,14997,1.0741,1.91,0.069295,[.00
A2C_25000_bzip2__instcount_plainmodel,3000,15400,1.0426,1.86,0.091852,[.00
A2C_25000_bzip2__instcount_plainmodel,3000,15168,1.0607,1.89,0.084122,[.00
A2C_25000_bzip2__instcount_plainmodel,3000,15141,1.0628,1.89,0.080943,[.00
A2C_25000_bzip2__instcount_plainmodel,3000,14724,1.0954,1.95,0.073243,[.00
A2C_25000_bzip2__instcount_plainmodel,3000,14997,1.0741,1.91,0.068657,[.00
A2C_25000_bzip2__instcount_plainmodel,3000,15402,1.0424,1.86,0.088718,[.00
A2C_25000_bzip2__instcount_plainmodel,3000,14852,1.0854,1.93,0.069241,[.00
A2C_25000_bzip2__instcount_plainmodel,3000,15020,1.0723,1.91,0.077734,[.00
A2C_25000_bzip2__instcount_plainmodel,3000,15395,1.0430,1.86,0.089124,[.00
A2C_25000_bzip2__instcount_plainmodel,3000,14925,1.0797,1.92,0.070267,[.00
A2C_25000_bzip2__instcount_plainmodel,3000,14852,1.0854,1.93,0.069251,[.00
A2C_25000_bzip2__instcount_plainmodel,3000,14990,1.0746,1.91,0.068773,[.00
A2C_25000_bzip2__instcount_plainmodel,3000,15163,1.0611,1.89,0.081715,[.00
A2C_25000_bzip2__instcount_plainmodel,3000,14997,1.0741,1.91,0.072945,[.00
A2C_25000_bzip2__instcount_plainmodel,4000,15142,1.0628,1.89,0.072959,[.00
A2C_25000_bzip2__instcount_plainmodel,4000,15142,1.0628,1.89,0.072942,[.00
A2C_25000_bzip2__instcount_plainmodel,4000,16409,0.9638,1.75,0.079656,[.00
A2C_25000_bzip2__instcount_plainmodel,4000,14998,1.0740,1.91,0.070689,[.00
A2C_25000_bzip2__instcount_plainmodel,4000,16413,0.9635,1.75,0.082234,[.00
A2C_25000_bzip2__instcount_plainmodel,4000,15156,1.0617,1.89,0.072151,[.00
A2C_25000_bzip2__instcount_plainmodel,4000,15392,1.0432,1.86,0.075935,[.00
A2C_25000_bzip2__instcount_plainmodel,4000,17789,0.8560,1.61,0.046741,[.00
A2C_25000_bzip2__instcount_plainmodel,4000,16457,0.9600,1.74,0.077484,[.00
A2C_25000_bzip2__instcount_plainmodel,4000,15142,1.0628,1.89,0.072567,[.00
A2C_25000_bzip2__instcount_plainmodel,4000,17584,0.8720,1.63,0.047115,[.00
A2C_25000_bzip2__instcount_plainmodel,4000,17769,0.8576,1.61,0.046314,[.00
A2C_25000_bzip2__instcount_plainmodel,4000,16374,0.9665,1.75,0.077343,[.00
A2C_25000_bzip2__instcount_plainmodel,4000,16586,0.9500,1.73,0.076409,[.00
A2C_25000_bzip2__instcount_plainmodel,4000,16351,0.9683,1.75,0.075661,[.00
A2C_25000_bzip2__instcount_plainmodel,4000,17769,0.8576,1.61,0.046035,[.00
A2C_25000_bzip2__instcount_plainmodel,4000,15043,1.0705,1.91,0.074293,[.00
A2C_25000_bzip2__instcount_plainmodel,4000,16442,0.9612,1.74,0.079158,[.00
A2C_25000_bzip2__instcount_plainmodel,4000,16565,0.9516,1.73,0.078428,[.00
A2C_25000_bzip2__instcount_plainmodel,4000,14996,1.0742,1.91,0.069038,[.00
A2C_25000_bzip2__instcount_plainmodel,4000,14996,1.0742,1.91,0.068713,[.00
A2C_25000_bzip2__instcount_plainmodel,4000,14922,1.0799,1.92,0.07323,[.00
A2C_25000_bzip2__instcount_plainmodel,4000,14995,1.0742,1.91,0.075319,[.00
A2C_25000_bzip2__instcount_plainmodel,4000,14918,1.0802,1.92,0.073021,[.00
A2C_25000_bzip2__instcount_plainmodel,4000,15043,1.0705,1.91,0.069524,[.00
A2C_25000_bzip2__instcount_plainmodel,4000,17798,0.8553,1.61,0.047073,[.00
A2C_25000_bzip2__instcount_plainmodel,4000,16390,0.9653,1.75,0.074924,[.00
A2C_25000_bzip2__instcount_plainmodel,4000,15043,1.0705,1.91,0.069881,[.00
A2C_25000_bzip2__instcount_plainmodel,4000,14997,1.0741,1.91,0.07004,[.00
A2C_25000_bzip2__instcount_plainmodel,4000,15022,1.0721,1.91,0.085899,[.00
A2C_25000_bzip2__instcount_plainmodel,4000,17789,0.8560,1.61,0.046886,[.00
A2C_25000_bzip2__instcount_plainmodel,4000,14997,1.0741,1.91,0.069896,[.00
A2C_25000_bzip2__instcount_plainmodel,4000,15144,1.0626,1.89,0.070204,[.00
A2C_25000_bzip2__instcount_plainmodel,4000,14997,1.0741,1.91,0.069602,[.00
A2C_25000_bzip2__instcount_plainmodel,4000,14975,1.0758,1.91,0.075775,[.00
A2C_25000_bzip2__instcount_plainmodel,4000,16558,0.9521,1.73,0.083085,[.00
A2C_25000_bzip2__instcount_plainmodel,4000,17817,0.8538,1.61,0.046552,[.00
A2C_25000_bzip2__instcount_plainmodel,4000,16389,0.9653,1.75,0.077778,[.00
A2C_25000_bzip2__instcount_plainmodel,4000,16586,0.9500,1.73,0.080205,[.00
A2C_25000_bzip2__instcount_plainmodel,4000,15142,1.0628,1.89,0.074009,[.00
A2C_25000_bzip2__instcount_plainmodel,4000,15135,1.0633,1.89,0.068908,[.00
A2C_25000_bzip2__instcount_plainmodel,4000,14989,1.0747,1.91,0.070119,[.00
A2C_25000_bzip2__instcount_plainmodel,4000,15141,1.0628,1.89,0.071543,[.00
A2C_25000_bzip2__instcount_plainmodel,4000,16413,0.9635,1.75,0.075307,[.00
A2C_25000_bzip2__instcount_plainmodel,4000,15512,1.0339,1.85,0.07698,[.00
A2C_25000_bzip2__instcount_plainmodel,4000,16576,0.9507,1.73,0.089601,[.00
A2C_25000_bzip2__instcount_plainmodel,4000,17789,0.8560,1.61,0.046827,[.00
A2C_25000_bzip2__instcount_plainmodel,4000,15528,1.0326,1.85,0.073445,[.00
A2C_25000_bzip2__instcount_plainmodel,4000,17464,0.8814,1.64,0.046938,[.00
A2C_25000_bzip2__instcount_plainmodel,4000,15510,1.0340,1.85,0.079472,[.00
A2C_25000_bzip2__instcount_plainmodel,4000,14996,1.0742,1.91,0.067962,[.00
A2C_25000_bzip2__instcount_plainmodel,4000,17798,0.8553,1.61,0.047884,[.00
A2C_25000_bzip2__instcount_plainmodel,4000,14969,1.0763,1.92,0.076353,[.00
A2C_25000_bzip2__instcount_plainmodel,4000,16610,0.9481,1.73,0.081365,[.00
A2C_25000_bzip2__instcount_plainmodel,4000,17798,0.8553,1.61,0.050201,[.00
A2C_25000_bzip2__instcount_plainmodel,4000,14998,1.0740,1.91,0.07728,[.00
A2C_25000_bzip2__instcount_plainmodel,4000,15002,1.0737,1.91,0.069202,[.00
A2C_25000_bzip2__instcount_plainmodel,4000,17789,0.8560,1.61,0.049186,[.00
A2C_25000_bzip2__instcount_plainmodel,4000,15141,1.0628,1.89,0.069053,[.00
A2C_25000_bzip2__instcount_plainmodel,4000,15142,1.0628,1.89,0.069544,[.00
A2C_25000_bzip2__instcount_plainmodel,4000,14998,1.0740,1.91,0.069015,[.00
A2C_25000_bzip2__instcount_plainmodel,4000,14988,1.0748,1.91,0.075928,[.00
A2C_25000_bzip2__instcount_plainmodel,4000,14996,1.0742,1.91,0.069455,[.00
A2C_25000_bzip2__instcount_plainmodel,4000,14964,1.0767,1.92,0.083526,[.00
A2C_25000_bzip2__instcount_plainmodel,4000,14893,1.0822,1.93,0.077589,[.00
A2C_25000_bzip2__instcount_plainmodel,4000,15141,1.0628,1.89,0.071615,[.00
A2C_25000_bzip2__instcount_plainmodel,4000,17789,0.8560,1.61,0.048121,[.00
A2C_25000_bzip2__instcount_plainmodel,4000,16433,0.9619,1.74,0.081692,[.00
A2C_25000_bzip2__instcount_plainmodel,4000,14883,1.0830,1.93,0.07125,[.00
A2C_25000_bzip2__instcount_plainmodel,4000,14998,1.0740,1.91,0.074611,[.00
A2C_25000_bzip2__instcount_plainmodel,4000,15088,1.0670,1.90,0.069798,[.00
A2C_25000_bzip2__instcount_plainmodel,4000,14955,1.0774,1.92,0.073971,[.00
A2C_25000_bzip2__instcount_plainmodel,4000,15142,1.0628,1.89,0.069993,[.00
A2C_25000_bzip2__instcount_plainmodel,4000,15148,1.0623,1.89,0.069713,[.00
A2C_25000_bzip2__instcount_plainmodel,4000,18155,0.8274,1.58,0.047163,[.00
A2C_25000_bzip2__instcount_plainmodel,4000,17769,0.8576,1.61,0.048721,[.00
A2C_25000_bzip2__instcount_plainmodel,4000,15142,1.0628,1.89,0.07461,[.00
A2C_25000_bzip2__instcount_plainmodel,4000,17789,0.8560,1.61,0.047217,[.00
A2C_25000_bzip2__instcount_plainmodel,4000,17789,0.8560,1.61,0.046599,[.00
A2C_25000_bzip2__instcount_plainmodel,4000,15141,1.0628,1.89,0.073955,[.00
A2C_25000_bzip2__instcount_plainmodel,4000,16618,0.9475,1.72,0.0754,[.00
A2C_25000_bzip2__instcount_plainmodel,4000,15528,1.0326,1.85,0.071178,[.00
A2C_25000_bzip2__instcount_plainmodel,4000,17789,0.8560,1.61,0.046487,[.00
A2C_25000_bzip2__instcount_plainmodel,4000,14994,1.0743,1.91,0.079021,[.00
A2C_25000_bzip2__instcount_plainmodel,4000,17789,0.8560,1.61,0.047343,[.00
A2C_25000_bzip2__instcount_plainmodel,4000,18273,0.8182,1.57,0.087919,[.00
A2C_25000_bzip2__instcount_plainmodel,4000,14995,1.0742,1.91,0.067534,[.00
A2C_25000_bzip2__instcount_plainmodel,4000,15048,1.0701,1.91,0.06915,[.00
A2C_25000_bzip2__instcount_plainmodel,4000,17769,0.8576,1.61,0.047326,[.00
A2C_25000_bzip2__instcount_plainmodel,4000,14850,1.0856,1.93,0.067931,[.00
A2C_25000_bzip2__instcount_plainmodel,4000,16421,0.9628,1.75,0.075867,[.00
A2C_25000_bzip2__instcount_plainmodel,4000,16394,0.9650,1.75,0.070852,[.00
A2C_25000_bzip2__instcount_plainmodel,4000,15144,1.0626,1.89,0.070006,[.00
A2C_25000_bzip2__instcount_plainmodel,4000,17798,0.8553,1.61,0.046998,[.00
A2C_25000_bzip2__instcount_plainmodel,4000,17789,0.8560,1.61,0.048527,[.00
A2C_25000_bzip2__instcount_plainmodel,4000,17769,0.8576,1.61,0.048187,[.00
A2C_25000_bzip2__instcount_plainmodel,4000,14992,1.0745,1.91,0.076287,[.00
A2C_25000_bzip2__instcount_plainmodel,4000,15142,1.0628,1.89,0.071501,[.00
A2C_25000_bzip2__instcount_plainmodel,4000,15184,1.0595,1.89,0.069892,[.00
A2C_25000_bzip2__instcount_plainmodel,4000,17769,0.8576,1.61,0.047601,[.00
A2C_25000_bzip2__instcount_plainmodel,5000,17438,0.8834,1.64,0.048502,[.00
A2C_25000_bzip2__instcount_plainmodel,5000,15142,1.0628,1.89,0.07287,[.00
A2C_25000_bzip2__instcount_plainmodel,5000,14995,1.0742,1.91,0.070739,[.00
A2C_25000_bzip2__instcount_plainmodel,5000,14951,1.0777,1.92,0.074872,[.00
A2C_25000_bzip2__instcount_plainmodel,5000,14969,1.0763,1.92,0.084547,[.00
A2C_25000_bzip2__instcount_plainmodel,5000,14993,1.0744,1.91,0.08138,[.00
A2C_25000_bzip2__instcount_plainmodel,5000,15156,1.0617,1.89,0.079424,[.00
A2C_25000_bzip2__instcount_plainmodel,5000,15088,1.0670,1.90,0.076876,[.00
A2C_25000_bzip2__instcount_plainmodel,5000,16603,0.9486,1.73,0.07956,[.00
A2C_25000_bzip2__instcount_plainmodel,5000,14968,1.0763,1.92,0.070549,[.00
A2C_25000_bzip2__instcount_plainmodel,5000,17476,0.8804,1.64,0.04646,[.00
A2C_25000_bzip2__instcount_plainmodel,5000,17769,0.8576,1.61,0.052755,[.00
A2C_25000_bzip2__instcount_plainmodel,5000,17475,0.8805,1.64,0.047782,[.00
A2C_25000_bzip2__instcount_plainmodel,5000,17468,0.8811,1.64,0.046199,[.00
A2C_25000_bzip2__instcount_plainmodel,5000,16576,0.9507,1.73,0.078295,[.00
A2C_25000_bzip2__instcount_plainmodel,5000,15064,1.0688,1.90,0.074232,[.00
A2C_25000_bzip2__instcount_plainmodel,5000,17798,0.8553,1.61,0.047954,[.00
A2C_25000_bzip2__instcount_plainmodel,5000,17475,0.8805,1.64,0.046956,[.00
A2C_25000_bzip2__instcount_plainmodel,5000,14844,1.0860,1.93,0.073439,[.00
A2C_25000_bzip2__instcount_plainmodel,5000,15026,1.0718,1.91,0.070258,[.00
A2C_25000_bzip2__instcount_plainmodel,5000,16623,0.9471,1.72,0.083255,[.00
A2C_25000_bzip2__instcount_plainmodel,5000,17789,0.8560,1.61,0.046878,[.00
A2C_25000_bzip2__instcount_plainmodel,5000,17475,0.8805,1.64,0.048469,[.00
A2C_25000_bzip2__instcount_plainmodel,5000,17484,0.8798,1.64,0.048934,[.00
A2C_25000_bzip2__instcount_plainmodel,5000,15156,1.0617,1.89,0.073172,[.00
A2C_25000_bzip2__instcount_plainmodel,5000,15156,1.0617,1.89,0.078284,[.00
A2C_25000_bzip2__instcount_plainmodel,5000,17789,0.8560,1.61,0.046558,[.00
A2C_25000_bzip2__instcount_plainmodel,5000,17446,0.8828,1.64,0.046247,[.00
A2C_25000_bzip2__instcount_plainmodel,5000,17475,0.8805,1.64,0.045282,[.00
A2C_25000_bzip2__instcount_plainmodel,5000,16453,0.9603,1.74,0.077281,[.00
A2C_25000_bzip2__instcount_plainmodel,5000,15155,1.0617,1.89,0.071863,[.00
A2C_25000_bzip2__instcount_plainmodel,5000,17778,0.8568,1.61,0.047212,[.00
A2C_25000_bzip2__instcount_plainmodel,5000,15142,1.0628,1.89,0.069224,[.00
A2C_25000_bzip2__instcount_plainmodel,5000,15088,1.0670,1.90,0.069199,[.00
A2C_25000_bzip2__instcount_plainmodel,5000,17477,0.8804,1.64,0.046157,[.00
A2C_25000_bzip2__instcount_plainmodel,5000,15583,1.0283,1.84,0.069678,[.00
A2C_25000_bzip2__instcount_plainmodel,5000,16451,0.9605,1.74,0.076093,[.00
A2C_25000_bzip2__instcount_plainmodel,5000,17789,0.8560,1.61,0.046912,[.00
A2C_25000_bzip2__instcount_plainmodel,5000,17789,0.8560,1.61,0.046551,[.00
A2C_25000_bzip2__instcount_plainmodel,5000,17468,0.8811,1.64,0.046765,[.00
A2C_25000_bzip2__instcount_plainmodel,5000,17769,0.8576,1.61,0.049846,[.00
A2C_25000_bzip2__instcount_plainmodel,5000,16415,0.9633,1.75,0.075105,[.00
A2C_25000_bzip2__instcount_plainmodel,5000,15144,1.0626,1.89,0.07148,[.00
A2C_25000_bzip2__instcount_plainmodel,5000,15144,1.0626,1.89,0.070129,[.00
A2C_25000_bzip2__instcount_plainmodel,5000,17950,0.8434,1.60,0.087505,[.00
A2C_25000_bzip2__instcount_plainmodel,5000,17769,0.8576,1.61,0.047097,[.00
A2C_25000_bzip2__instcount_plainmodel,5000,17789,0.8560,1.61,0.04593,[.00
A2C_25000_bzip2__instcount_plainmodel,5000,15143,1.0627,1.89,0.073262,[.00
A2C_25000_bzip2__instcount_plainmodel,5000,17789,0.8560,1.61,0.049258,[.00
A2C_25000_bzip2__instcount_plainmodel,5000,17789,0.8560,1.61,0.046636,[.00
A2C_25000_bzip2__instcount_plainmodel,5000,17798,0.8553,1.61,0.048322,[.00
A2C_25000_bzip2__instcount_plainmodel,5000,17798,0.8553,1.61,0.055422,[.00
A2C_25000_bzip2__instcount_plainmodel,5000,15084,1.0673,1.90,0.075035,[.00
A2C_25000_bzip2__instcount_plainmodel,5000,16442,0.9612,1.74,0.078546,[.00
A2C_25000_bzip2__instcount_plainmodel,5000,17439,0.8833,1.64,0.046382,[.00
A2C_25000_bzip2__instcount_plainmodel,5000,17789,0.8560,1.61,0.046495,[.00
A2C_25000_bzip2__instcount_plainmodel,5000,17769,0.8576,1.61,0.048156,[.00
A2C_25000_bzip2__instcount_plainmodel,5000,17769,0.8576,1.61,0.048863,[.00
A2C_25000_bzip2__instcount_plainmodel,5000,15142,1.0628,1.89,0.072001,[.00
A2C_25000_bzip2__instcount_plainmodel,5000,15142,1.0628,1.89,0.070372,[.00
A2C_25000_bzip2__instcount_plainmodel,5000,17789,0.8560,1.61,0.048104,[.00
A2C_25000_bzip2__instcount_plainmodel,5000,17457,0.8819,1.64,0.047734,[.00
A2C_25000_bzip2__instcount_plainmodel,5000,15097,1.0663,1.90,0.071872,[.00
A2C_25000_bzip2__instcount_plainmodel,5000,14984,1.0751,1.91,0.068103,[.00
A2C_25000_bzip2__instcount_plainmodel,5000,17457,0.8819,1.64,0.048897,[.00
A2C_25000_bzip2__instcount_plainmodel,5000,17769,0.8576,1.61,0.049531,[.00
A2C_25000_bzip2__instcount_plainmodel,5000,15141,1.0628,1.89,0.073522,[.00
A2C_25000_bzip2__instcount_plainmodel,5000,15156,1.0617,1.89,0.07171,[.00
A2C_25000_bzip2__instcount_plainmodel,5000,15142,1.0628,1.89,0.070812,[.00
A2C_25000_bzip2__instcount_plainmodel,5000,17789,0.8560,1.61,0.051924,[.00
A2C_25000_bzip2__instcount_plainmodel,5000,15097,1.0663,1.90,0.070493,[.00
A2C_25000_bzip2__instcount_plainmodel,5000,17446,0.8828,1.64,0.049064,[.00
A2C_25000_bzip2__instcount_plainmodel,5000,17477,0.8804,1.64,0.04669,[.00
A2C_25000_bzip2__instcount_plainmodel,5000,17789,0.8560,1.61,0.048844,[.00
A2C_25000_bzip2__instcount_plainmodel,5000,17798,0.8553,1.61,0.05234,[.00
A2C_25000_bzip2__instcount_plainmodel,5000,16357,0.9678,1.75,0.080177,[.00
A2C_25000_bzip2__instcount_plainmodel,5000,15156,1.0617,1.89,0.070317,[.00
A2C_25000_bzip2__instcount_plainmodel,5000,17769,0.8576,1.61,0.047978,[.00
A2C_25000_bzip2__instcount_plainmodel,5000,17798,0.8553,1.61,0.048483,[.00
A2C_25000_bzip2__instcount_plainmodel,5000,17789,0.8560,1.61,0.04767,[.00
A2C_25000_bzip2__instcount_plainmodel,5000,15088,1.0670,1.90,0.071857,[.00
A2C_25000_bzip2__instcount_plainmodel,5000,14984,1.0751,1.91,0.071605,[.00
A2C_25000_bzip2__instcount_plainmodel,5000,15156,1.0617,1.89,0.074303,[.00
A2C_25000_bzip2__instcount_plainmodel,5000,15044,1.0704,1.91,0.070224,[.00
A2C_25000_bzip2__instcount_plainmodel,5000,15097,1.0663,1.90,0.07001,[.00
A2C_25000_bzip2__instcount_plainmodel,5000,14993,1.0744,1.91,0.07629,[.00
A2C_25000_bzip2__instcount_plainmodel,5000,16409,0.9638,1.75,0.077868,[.00
A2C_25000_bzip2__instcount_plainmodel,5000,17475,0.8805,1.64,0.047426,[.00
A2C_25000_bzip2__instcount_plainmodel,5000,16586,0.9500,1.73,0.075716,[.00
A2C_25000_bzip2__instcount_plainmodel,5000,16442,0.9612,1.74,0.076331,[.00
A2C_25000_bzip2__instcount_plainmodel,5000,17769,0.8576,1.61,0.047577,[.00
A2C_25000_bzip2__instcount_plainmodel,5000,17468,0.8811,1.64,0.045828,[.00
A2C_25000_bzip2__instcount_plainmodel,5000,16409,0.9638,1.75,0.075945,[.00
A2C_25000_bzip2__instcount_plainmodel,5000,15510,1.0340,1.85,0.076516,[.00
A2C_25000_bzip2__instcount_plainmodel,5000,16470,0.9590,1.74,0.07775,[.00
A2C_25000_bzip2__instcount_plainmodel,5000,17475,0.8805,1.64,0.048726,[.00
A2C_25000_bzip2__instcount_plainmodel,5000,17798,0.8553,1.61,0.04882,[.00
A2C_25000_bzip2__instcount_plainmodel,5000,17457,0.8819,1.64,0.047668,[.00
A2C_25000_bzip2__instcount_plainmodel,5000,15142,1.0628,1.89,0.075656,[.00
A2C_25000_bzip2__instcount_plainmodel,5000,16614,0.9478,1.73,0.075676,[.00
A2C_25000_bzip2__instcount_plainmodel,6000,17798,0.8553,1.61,0.046319,[.00
A2C_25000_bzip2__instcount_plainmodel,6000,16411,0.9636,1.75,0.078183,[.00
A2C_25000_bzip2__instcount_plainmodel,6000,17789,0.8560,1.61,0.04796,[.00
A2C_25000_bzip2__instcount_plainmodel,6000,17798,0.8553,1.61,0.047314,[.00
A2C_25000_bzip2__instcount_plainmodel,6000,17789,0.8560,1.61,0.046264,[.00
A2C_25000_bzip2__instcount_plainmodel,6000,17778,0.8568,1.61,0.047932,[.00
A2C_25000_bzip2__instcount_plainmodel,6000,17789,0.8560,1.61,0.047101,[.00
A2C_25000_bzip2__instcount_plainmodel,6000,16417,0.9632,1.75,0.075244,[.00
A2C_25000_bzip2__instcount_plainmodel,6000,17476,0.8804,1.64,0.0529,[.00
A2C_25000_bzip2__instcount_plainmodel,6000,17789,0.8560,1.61,0.050188,[.00
A2C_25000_bzip2__instcount_plainmodel,6000,15184,1.0595,1.89,0.071657,[.00
A2C_25000_bzip2__instcount_plainmodel,6000,15084,1.0673,1.90,0.072317,[.00
A2C_25000_bzip2__instcount_plainmodel,6000,15101,1.0660,1.90,0.07026,[.00
A2C_25000_bzip2__instcount_plainmodel,6000,16409,0.9638,1.75,0.073916,[.00
A2C_25000_bzip2__instcount_plainmodel,6000,17464,0.8814,1.64,0.046202,[.00
A2C_25000_bzip2__instcount_plainmodel,6000,17475,0.8805,1.64,0.047382,[.00
A2C_25000_bzip2__instcount_plainmodel,6000,17475,0.8805,1.64,0.04748,[.00
A2C_25000_bzip2__instcount_plainmodel,6000,17789,0.8560,1.61,0.04754,[.00
A2C_25000_bzip2__instcount_plainmodel,6000,17476,0.8804,1.64,0.048334,[.00
A2C_25000_bzip2__instcount_plainmodel,6000,16534,0.9540,1.73,0.088508,[.00
A2C_25000_bzip2__instcount_plainmodel,6000,17789,0.8560,1.61,0.052698,[.00
A2C_25000_bzip2__instcount_plainmodel,6000,17769,0.8576,1.61,0.048583,[.00
A2C_25000_bzip2__instcount_plainmodel,6000,17798,0.8553,1.61,0.047173,[.00
A2C_25000_bzip2__instcount_plainmodel,6000,17789,0.8560,1.61,0.048421,[.00
A2C_25000_bzip2__instcount_plainmodel,6000,17789,0.8560,1.61,0.049795,[.00
A2C_25000_bzip2__instcount_plainmodel,6000,17468,0.8811,1.64,0.060417,[.00
A2C_25000_bzip2__instcount_plainmodel,6000,17468,0.8811,1.64,0.046973,[.00
A2C_25000_bzip2__instcount_plainmodel,6000,17475,0.8805,1.64,0.047201,[.00
A2C_25000_bzip2__instcount_plainmodel,6000,17468,0.8811,1.64,0.045559,[.00
A2C_25000_bzip2__instcount_plainmodel,6000,17464,0.8814,1.64,0.0479,[.00
A2C_25000_bzip2__instcount_plainmodel,6000,17475,0.8805,1.64,0.046594,[.00
A2C_25000_bzip2__instcount_plainmodel,6000,17476,0.8804,1.64,0.045667,[.00
A2C_25000_bzip2__instcount_plainmodel,6000,17769,0.8576,1.61,0.046163,[.00
A2C_25000_bzip2__instcount_plainmodel,6000,17477,0.8804,1.64,0.052066,[.00
A2C_25000_bzip2__instcount_plainmodel,6000,17475,0.8805,1.64,0.045785,[.00
A2C_25000_bzip2__instcount_plainmodel,6000,17798,0.8553,1.61,0.047771,[.00
A2C_25000_bzip2__instcount_plainmodel,6000,17713,0.8619,1.62,0.0482,[.00
A2C_25000_bzip2__instcount_plainmodel,6000,17464,0.8814,1.64,0.048924,[.00
A2C_25000_bzip2__instcount_plainmodel,6000,17464,0.8814,1.64,0.051805,[.00
A2C_25000_bzip2__instcount_plainmodel,6000,17798,0.8553,1.61,0.051882,[.00
A2C_25000_bzip2__instcount_plainmodel,6000,17468,0.8811,1.64,0.045357,[.00
A2C_25000_bzip2__instcount_plainmodel,6000,17477,0.8804,1.64,0.044952,[.00
A2C_25000_bzip2__instcount_plainmodel,6000,16409,0.9638,1.75,0.07839,[.00
A2C_25000_bzip2__instcount_plainmodel,6000,17789,0.8560,1.61,0.051787,[.00
A2C_25000_bzip2__instcount_plainmodel,6000,17798,0.8553,1.61,0.049586,[.00
A2C_25000_bzip2__instcount_plainmodel,6000,17789,0.8560,1.61,0.055116,[.00
A2C_25000_bzip2__instcount_plainmodel,6000,17789,0.8560,1.61,0.053312,[.00
A2C_25000_bzip2__instcount_plainmodel,6000,17769,0.8576,1.61,0.049025,[.00
A2C_25000_bzip2__instcount_plainmodel,6000,17789,0.8560,1.61,0.048177,[.00
A2C_25000_bzip2__instcount_plainmodel,6000,17475,0.8805,1.64,0.046627,[.00
A2C_25000_bzip2__instcount_plainmodel,6000,17798,0.8553,1.61,0.04843,[.00
A2C_25000_bzip2__instcount_plainmodel,6000,17436,0.8836,1.64,0.04575,[.00
A2C_25000_bzip2__instcount_plainmodel,6000,17464,0.8814,1.64,0.049018,[.00
A2C_25000_bzip2__instcount_plainmodel,6000,17769,0.8576,1.61,0.045971,[.00
A2C_25000_bzip2__instcount_plainmodel,6000,17484,0.8798,1.64,0.047479,[.00
A2C_25000_bzip2__instcount_plainmodel,6000,17789,0.8560,1.61,0.057922,[.00
A2C_25000_bzip2__instcount_plainmodel,6000,17769,0.8576,1.61,0.048811,[.00
A2C_25000_bzip2__instcount_plainmodel,6000,17464,0.8814,1.64,0.047591,[.00
A2C_25000_bzip2__instcount_plainmodel,6000,17484,0.8798,1.64,0.047826,[.00
A2C_25000_bzip2__instcount_plainmodel,6000,17468,0.8811,1.64,0.04658,[.00
A2C_25000_bzip2__instcount_plainmodel,6000,17464,0.8814,1.64,0.047362,[.00
A2C_25000_bzip2__instcount_plainmodel,6000,17789,0.8560,1.61,0.050193,[.00
A2C_25000_bzip2__instcount_plainmodel,6000,17468,0.8811,1.64,0.045142,[.00
A2C_25000_bzip2__instcount_plainmodel,6000,17475,0.8805,1.64,0.048716,[.00
A2C_25000_bzip2__instcount_plainmodel,6000,17484,0.8798,1.64,0.046986,[.00
A2C_25000_bzip2__instcount_plainmodel,6000,16419,0.9630,1.75,0.076775,[.00
A2C_25000_bzip2__instcount_plainmodel,6000,17468,0.8811,1.64,0.046432,[.00
A2C_25000_bzip2__instcount_plainmodel,6000,17798,0.8553,1.61,0.046223,[.00
A2C_25000_bzip2__instcount_plainmodel,6000,17788,0.8561,1.61,0.047117,[.00
A2C_25000_bzip2__instcount_plainmodel,6000,17769,0.8576,1.61,0.048089,[.00
A2C_25000_bzip2__instcount_plainmodel,6000,17769,0.8576,1.61,0.047437,[.00
A2C_25000_bzip2__instcount_plainmodel,6000,17769,0.8576,1.61,0.050733,[.00
A2C_25000_bzip2__instcount_plainmodel,6000,17789,0.8560,1.61,0.045893,[.00
A2C_25000_bzip2__instcount_plainmodel,6000,17789,0.8560,1.61,0.045991,[.00
A2C_25000_bzip2__instcount_plainmodel,6000,17484,0.8798,1.64,0.047199,[.00
A2C_25000_bzip2__instcount_plainmodel,6000,17475,0.8805,1.64,0.044923,[.00
A2C_25000_bzip2__instcount_plainmodel,6000,17789,0.8560,1.61,0.04838,[.00
A2C_25000_bzip2__instcount_plainmodel,6000,17789,0.8560,1.61,0.049593,[.00
A2C_25000_bzip2__instcount_plainmodel,6000,17789,0.8560,1.61,0.048323,[.00
A2C_25000_bzip2__instcount_plainmodel,6000,17789,0.8560,1.61,0.048491,[.00
A2C_25000_bzip2__instcount_plainmodel,6000,17769,0.8576,1.61,0.054613,[.00
A2C_25000_bzip2__instcount_plainmodel,6000,17769,0.8576,1.61,0.04965,[.00
A2C_25000_bzip2__instcount_plainmodel,6000,16528,0.9545,1.73,0.075024,[.00
A2C_25000_bzip2__instcount_plainmodel,6000,17475,0.8805,1.64,0.051418,[.00
A2C_25000_bzip2__instcount_plainmodel,6000,17446,0.8828,1.64,0.05256,[.00
A2C_25000_bzip2__instcount_plainmodel,6000,17468,0.8811,1.64,0.04749,[.00
A2C_25000_bzip2__instcount_plainmodel,6000,16579,0.9505,1.73,0.078215,[.00
A2C_25000_bzip2__instcount_plainmodel,6000,16413,0.9635,1.75,0.076213,[.00
A2C_25000_bzip2__instcount_plainmodel,6000,15184,1.0595,1.89,0.072213,[.00
A2C_25000_bzip2__instcount_plainmodel,6000,15528,1.0326,1.85,0.074518,[.00
A2C_25000_bzip2__instcount_plainmodel,6000,17789,0.8560,1.61,0.048697,[.00
A2C_25000_bzip2__instcount_plainmodel,6000,17789,0.8560,1.61,0.047876,[.00
A2C_25000_bzip2__instcount_plainmodel,6000,17789,0.8560,1.61,0.048715,[.00
A2C_25000_bzip2__instcount_plainmodel,6000,17798,0.8553,1.61,0.046207,[.00
A2C_25000_bzip2__instcount_plainmodel,6000,17778,0.8568,1.61,0.048136,[.00
A2C_25000_bzip2__instcount_plainmodel,6000,17475,0.8805,1.64,0.047437,[.00
A2C_25000_bzip2__instcount_plainmodel,6000,17458,0.8818,1.64,0.050624,[.00
A2C_25000_bzip2__instcount_plainmodel,6000,17769,0.8576,1.61,0.048764,[.00
A2C_25000_bzip2__instcount_plainmodel,6000,17484,0.8798,1.64,0.047685,[.00
A2C_25000_bzip2__instcount_plainmodel,6000,18062,0.8347,1.59,0.045973,[.00
A2C_25000_bzip2__instcount_plainmodel,7000,17798,0.8553,1.61,0.057767,[.00
A2C_25000_bzip2__instcount_plainmodel,7000,16451,0.9605,1.74,0.075131,[.00
A2C_25000_bzip2__instcount_plainmodel,7000,17769,0.8576,1.61,0.0464,[.00
A2C_25000_bzip2__instcount_plainmodel,7000,17451,0.8824,1.64,0.047699,[.00
A2C_25000_bzip2__instcount_plainmodel,7000,17464,0.8814,1.64,0.04831,[.00
A2C_25000_bzip2__instcount_plainmodel,7000,17451,0.8824,1.64,0.048011,[.00
A2C_25000_bzip2__instcount_plainmodel,7000,17769,0.8576,1.61,0.047517,[.00
A2C_25000_bzip2__instcount_plainmodel,7000,17484,0.8798,1.64,0.045541,[.00
A2C_25000_bzip2__instcount_plainmodel,7000,17475,0.8805,1.64,0.049068,[.00
A2C_25000_bzip2__instcount_plainmodel,7000,17468,0.8811,1.64,0.045114,[.00
A2C_25000_bzip2__instcount_plainmodel,7000,17484,0.8798,1.64,0.046403,[.00
A2C_25000_bzip2__instcount_plainmodel,7000,17446,0.8828,1.64,0.050601,[.00
A2C_25000_bzip2__instcount_plainmodel,7000,17468,0.8811,1.64,0.047379,[.00
A2C_25000_bzip2__instcount_plainmodel,7000,15156,1.0617,1.89,0.071174,[.00
A2C_25000_bzip2__instcount_plainmodel,7000,17778,0.8568,1.61,0.047573,[.00
A2C_25000_bzip2__instcount_plainmodel,7000,17451,0.8824,1.64,0.045586,[.00
A2C_25000_bzip2__instcount_plainmodel,7000,17469,0.8810,1.64,0.047522,[.00
A2C_25000_bzip2__instcount_plainmodel,7000,17458,0.8818,1.64,0.049532,[.00
A2C_25000_bzip2__instcount_plainmodel,7000,17468,0.8811,1.64,0.045953,[.00
A2C_25000_bzip2__instcount_plainmodel,7000,15088,1.0670,1.90,0.072927,[.00
A2C_25000_bzip2__instcount_plainmodel,7000,17798,0.8553,1.61,0.045948,[.00
A2C_25000_bzip2__instcount_plainmodel,7000,17468,0.8811,1.64,0.047683,[.00
A2C_25000_bzip2__instcount_plainmodel,7000,17789,0.8560,1.61,0.045932,[.00
A2C_25000_bzip2__instcount_plainmodel,7000,17778,0.8568,1.61,0.049238,[.00
A2C_25000_bzip2__instcount_plainmodel,7000,17798,0.8553,1.61,0.050747,[.00
A2C_25000_bzip2__instcount_plainmodel,7000,17464,0.8814,1.64,0.046465,[.00
A2C_25000_bzip2__instcount_plainmodel,7000,17807,0.8546,1.61,0.048833,[.00
A2C_25000_bzip2__instcount_plainmodel,7000,17468,0.8811,1.64,0.045896,[.00
A2C_25000_bzip2__instcount_plainmodel,7000,17778,0.8568,1.61,0.049167,[.00
A2C_25000_bzip2__instcount_plainmodel,7000,17477,0.8804,1.64,0.048834,[.00
A2C_25000_bzip2__instcount_plainmodel,7000,15144,1.0626,1.89,0.072798,[.00
A2C_25000_bzip2__instcount_plainmodel,7000,17769,0.8576,1.61,0.049161,[.00
A2C_25000_bzip2__instcount_plainmodel,7000,17798,0.8553,1.61,0.048353,[.00
A2C_25000_bzip2__instcount_plainmodel,7000,17457,0.8819,1.64,0.047022,[.00
A2C_25000_bzip2__instcount_plainmodel,7000,17778,0.8568,1.61,0.048295,[.00
A2C_25000_bzip2__instcount_plainmodel,7000,17439,0.8833,1.64,0.046644,[.00
A2C_25000_bzip2__instcount_plainmodel,7000,17439,0.8833,1.64,0.047059,[.00
A2C_25000_bzip2__instcount_plainmodel,7000,17469,0.8810,1.64,0.047686,[.00
A2C_25000_bzip2__instcount_plainmodel,7000,17798,0.8553,1.61,0.046387,[.00
A2C_25000_bzip2__instcount_plainmodel,7000,17769,0.8576,1.61,0.04714,[.00
A2C_25000_bzip2__instcount_plainmodel,7000,17789,0.8560,1.61,0.04956,[.00
A2C_25000_bzip2__instcount_plainmodel,7000,17778,0.8568,1.61,0.046719,[.00
A2C_25000_bzip2__instcount_plainmodel,7000,17457,0.8819,1.64,0.046046,[.00
A2C_25000_bzip2__instcount_plainmodel,7000,17798,0.8553,1.61,0.051484,[.00
A2C_25000_bzip2__instcount_plainmodel,7000,15157,1.0616,1.89,0.072198,[.00
A2C_25000_bzip2__instcount_plainmodel,7000,16556,0.9523,1.73,0.071993,[.00
A2C_25000_bzip2__instcount_plainmodel,7000,17789,0.8560,1.61,0.046323,[.00
A2C_25000_bzip2__instcount_plainmodel,7000,17798,0.8553,1.61,0.046688,[.00
A2C_25000_bzip2__instcount_plainmodel,7000,17789,0.8560,1.61,0.046016,[.00
A2C_25000_bzip2__instcount_plainmodel,7000,17778,0.8568,1.61,0.049225,[.00
A2C_25000_bzip2__instcount_plainmodel,7000,17475,0.8805,1.64,0.047715,[.00
A2C_25000_bzip2__instcount_plainmodel,7000,17468,0.8811,1.64,0.045545,[.00
A2C_25000_bzip2__instcount_plainmodel,7000,17468,0.8811,1.64,0.047361,[.00
A2C_25000_bzip2__instcount_plainmodel,7000,17798,0.8553,1.61,0.046158,[.00
A2C_25000_bzip2__instcount_plainmodel,7000,17468,0.8811,1.64,0.045665,[.00
A2C_25000_bzip2__instcount_plainmodel,7000,17457,0.8819,1.64,0.04929,[.00
A2C_25000_bzip2__instcount_plainmodel,7000,17477,0.8804,1.64,0.046137,[.00
A2C_25000_bzip2__instcount_plainmodel,7000,17778,0.8568,1.61,0.046969,[.00
A2C_25000_bzip2__instcount_plainmodel,7000,17789,0.8560,1.61,0.045611,[.00
A2C_25000_bzip2__instcount_plainmodel,7000,17451,0.8824,1.64,0.055458,[.00
A2C_25000_bzip2__instcount_plainmodel,7000,17778,0.8568,1.61,0.049147,[.00
A2C_25000_bzip2__instcount_plainmodel,7000,17769,0.8576,1.61,0.04944,[.00
A2C_25000_bzip2__instcount_plainmodel,7000,15156,1.0617,1.89,0.068473,[.00
A2C_25000_bzip2__instcount_plainmodel,7000,17798,0.8553,1.61,0.046137,[.00
A2C_25000_bzip2__instcount_plainmodel,7000,17778,0.8568,1.61,0.046441,[.00
A2C_25000_bzip2__instcount_plainmodel,7000,17798,0.8553,1.61,0.047058,[.00
A2C_25000_bzip2__instcount_plainmodel,7000,17789,0.8560,1.61,0.046775,[.00
A2C_25000_bzip2__instcount_plainmodel,7000,17484,0.8798,1.64,0.0472,[.00
A2C_25000_bzip2__instcount_plainmodel,7000,17789,0.8560,1.61,0.048477,[.00
A2C_25000_bzip2__instcount_plainmodel,7000,17475,0.8805,1.64,0.046299,[.00
A2C_25000_bzip2__instcount_plainmodel,7000,17778,0.8568,1.61,0.049262,[.00
A2C_25000_bzip2__instcount_plainmodel,7000,17446,0.8828,1.64,0.046946,[.00
A2C_25000_bzip2__instcount_plainmodel,7000,16451,0.9605,1.74,0.081137,[.00
A2C_25000_bzip2__instcount_plainmodel,7000,17778,0.8568,1.61,0.047094,[.00
A2C_25000_bzip2__instcount_plainmodel,7000,17477,0.8804,1.64,0.045839,[.00
A2C_25000_bzip2__instcount_plainmodel,7000,17798,0.8553,1.61,0.046225,[.00
A2C_25000_bzip2__instcount_plainmodel,7000,17484,0.8798,1.64,0.04873,[.00
A2C_25000_bzip2__instcount_plainmodel,7000,17778,0.8568,1.61,0.048862,[.00
A2C_25000_bzip2__instcount_plainmodel,7000,17475,0.8805,1.64,0.048213,[.00
A2C_25000_bzip2__instcount_plainmodel,7000,17789,0.8560,1.61,0.047605,[.00
A2C_25000_bzip2__instcount_plainmodel,7000,17789,0.8560,1.61,0.04791,[.00
A2C_25000_bzip2__instcount_plainmodel,7000,17778,0.8568,1.61,0.049401,[.00
A2C_25000_bzip2__instcount_plainmodel,7000,17769,0.8576,1.61,0.046406,[.00
A2C_25000_bzip2__instcount_plainmodel,7000,17464,0.8814,1.64,0.046451,[.00
A2C_25000_bzip2__instcount_plainmodel,7000,17798,0.8553,1.61,0.047029,[.00
A2C_25000_bzip2__instcount_plainmodel,7000,17476,0.8804,1.64,0.047142,[.00
A2C_25000_bzip2__instcount_plainmodel,7000,17446,0.8828,1.64,0.046682,[.00
A2C_25000_bzip2__instcount_plainmodel,7000,17789,0.8560,1.61,0.047505,[.00
A2C_25000_bzip2__instcount_plainmodel,7000,17446,0.8828,1.64,0.048969,[.00
A2C_25000_bzip2__instcount_plainmodel,7000,15156,1.0617,1.89,0.073559,[.00
A2C_25000_bzip2__instcount_plainmodel,7000,17789,0.8560,1.61,0.046266,[.00
A2C_25000_bzip2__instcount_plainmodel,7000,17484,0.8798,1.64,0.045425,[.00
A2C_25000_bzip2__instcount_plainmodel,7000,16409,0.9638,1.75,0.075862,[.00
A2C_25000_bzip2__instcount_plainmodel,7000,17798,0.8553,1.61,0.046868,[.00
A2C_25000_bzip2__instcount_plainmodel,7000,17484,0.8798,1.64,0.04803,[.00
A2C_25000_bzip2__instcount_plainmodel,7000,17769,0.8576,1.61,0.047419,[.00
A2C_25000_bzip2__instcount_plainmodel,7000,17468,0.8811,1.64,0.062155,[.00
A2C_25000_bzip2__instcount_plainmodel,7000,17769,0.8576,1.61,0.052947,[.00
A2C_25000_bzip2__instcount_plainmodel,7000,17778,0.8568,1.61,0.047451,[.00
A2C_25000_bzip2__instcount_plainmodel,7000,17475,0.8805,1.64,0.047717,[.00
A2C_25000_bzip2__instcount_plainmodel,8000,14996,1.0742,1.91,0.086782,[.00
A2C_25000_bzip2__instcount_plainmodel,8000,15012,1.0729,1.91,0.067673,[.00
A2C_25000_bzip2__instcount_plainmodel,8000,14982,1.0753,1.91,0.069185,[.00
A2C_25000_bzip2__instcount_plainmodel,8000,15097,1.0663,1.90,0.071987,[.00
A2C_25000_bzip2__instcount_plainmodel,8000,15156,1.0617,1.89,0.071862,[.00
A2C_25000_bzip2__instcount_plainmodel,8000,15088,1.0670,1.90,0.073033,[.00
A2C_25000_bzip2__instcount_plainmodel,8000,15134,1.0634,1.89,0.069856,[.00
A2C_25000_bzip2__instcount_plainmodel,8000,15080,1.0676,1.90,0.069684,[.00
A2C_25000_bzip2__instcount_plainmodel,8000,15141,1.0628,1.89,0.06984,[.00
A2C_25000_bzip2__instcount_plainmodel,8000,15135,1.0633,1.89,0.074189,[.00
A2C_25000_bzip2__instcount_plainmodel,8000,15135,1.0633,1.89,0.069872,[.00
A2C_25000_bzip2__instcount_plainmodel,8000,15093,1.0666,1.90,0.069621,[.00
A2C_25000_bzip2__instcount_plainmodel,8000,15076,1.0679,1.90,0.075485,[.00
A2C_25000_bzip2__instcount_plainmodel,8000,15155,1.0617,1.89,0.06849,[.00
A2C_25000_bzip2__instcount_plainmodel,8000,15156,1.0617,1.89,0.074356,[.00
A2C_25000_bzip2__instcount_plainmodel,8000,15144,1.0626,1.89,0.073785,[.00
A2C_25000_bzip2__instcount_plainmodel,8000,15097,1.0663,1.90,0.070249,[.00
A2C_25000_bzip2__instcount_plainmodel,8000,14986,1.0749,1.91,0.070383,[.00
A2C_25000_bzip2__instcount_plainmodel,8000,15156,1.0617,1.89,0.072148,[.00
A2C_25000_bzip2__instcount_plainmodel,8000,15155,1.0617,1.89,0.068273,[.00
A2C_25000_bzip2__instcount_plainmodel,8000,15155,1.0617,1.89,0.069411,[.00
A2C_25000_bzip2__instcount_plainmodel,8000,15089,1.0669,1.90,0.068738,[.00
A2C_25000_bzip2__instcount_plainmodel,8000,15012,1.0729,1.91,0.077214,[.00
A2C_25000_bzip2__instcount_plainmodel,8000,14835,1.0867,1.93,0.069002,[.00
A2C_25000_bzip2__instcount_plainmodel,8000,15148,1.0623,1.89,0.069805,[.00
A2C_25000_bzip2__instcount_plainmodel,8000,15002,1.0737,1.91,0.075325,[.00
A2C_25000_bzip2__instcount_plainmodel,8000,15155,1.0617,1.89,0.070537,[.00
A2C_25000_bzip2__instcount_plainmodel,8000,15093,1.0666,1.90,0.070915,[.00
A2C_25000_bzip2__instcount_plainmodel,8000,15088,1.0670,1.90,0.070066,[.00
A2C_25000_bzip2__instcount_plainmodel,8000,15156,1.0617,1.89,0.070131,[.00
A2C_25000_bzip2__instcount_plainmodel,8000,14982,1.0753,1.91,0.067716,[.00
A2C_25000_bzip2__instcount_plainmodel,8000,15134,1.0634,1.89,0.073291,[.00
A2C_25000_bzip2__instcount_plainmodel,8000,14984,1.0751,1.91,0.070946,[.00
A2C_25000_bzip2__instcount_plainmodel,8000,15084,1.0673,1.90,0.072281,[.00
A2C_25000_bzip2__instcount_plainmodel,8000,15084,1.0673,1.90,0.070512,[.00
A2C_25000_bzip2__instcount_plainmodel,8000,15088,1.0670,1.90,0.069298,[.00
A2C_25000_bzip2__instcount_plainmodel,8000,15100,1.0660,1.90,0.073218,[.00
A2C_25000_bzip2__instcount_plainmodel,8000,15093,1.0666,1.90,0.069966,[.00
A2C_25000_bzip2__instcount_plainmodel,8000,14997,1.0741,1.91,0.069898,[.00
A2C_25000_bzip2__instcount_plainmodel,8000,15048,1.0701,1.91,0.069972,[.00
A2C_25000_bzip2__instcount_plainmodel,8000,14999,1.0739,1.91,0.083858,[.00
A2C_25000_bzip2__instcount_plainmodel,8000,14996,1.0742,1.91,0.069484,[.00
A2C_25000_bzip2__instcount_plainmodel,8000,14996,1.0742,1.91,0.068137,[.00
A2C_25000_bzip2__instcount_plainmodel,8000,15135,1.0633,1.89,0.070402,[.00
A2C_25000_bzip2__instcount_plainmodel,8000,15142,1.0628,1.89,0.075394,[.00
A2C_25000_bzip2__instcount_plainmodel,8000,15155,1.0617,1.89,0.069803,[.00
A2C_25000_bzip2__instcount_plainmodel,8000,15048,1.0701,1.91,0.070257,[.00
A2C_25000_bzip2__instcount_plainmodel,8000,15093,1.0666,1.90,0.077403,[.00
A2C_25000_bzip2__instcount_plainmodel,8000,15080,1.0676,1.90,0.073809,[.00
A2C_25000_bzip2__instcount_plainmodel,8000,15080,1.0676,1.90,0.068039,[.00
A2C_25000_bzip2__instcount_plainmodel,8000,15144,1.0626,1.89,0.069279,[.00
A2C_25000_bzip2__instcount_plainmodel,8000,15093,1.0666,1.90,0.074477,[.00
A2C_25000_bzip2__instcount_plainmodel,8000,15089,1.0669,1.90,0.074472,[.00
A2C_25000_bzip2__instcount_plainmodel,8000,14941,1.0785,1.92,0.069511,[.00
A2C_25000_bzip2__instcount_plainmodel,8000,15088,1.0670,1.90,0.070169,[.00
A2C_25000_bzip2__instcount_plainmodel,8000,15135,1.0633,1.89,0.074379,[.00
A2C_25000_bzip2__instcount_plainmodel,8000,15029,1.0716,1.91,0.071013,[.00
A2C_25000_bzip2__instcount_plainmodel,8000,15012,1.0729,1.91,0.071155,[.00
A2C_25000_bzip2__instcount_plainmodel,8000,15101,1.0660,1.90,0.073306,[.00
A2C_25000_bzip2__instcount_plainmodel,8000,14986,1.0749,1.91,0.072801,[.00
A2C_25000_bzip2__instcount_plainmodel,8000,14986,1.0749,1.91,0.071514,[.00
A2C_25000_bzip2__instcount_plainmodel,8000,15144,1.0626,1.89,0.072246,[.00
A2C_25000_bzip2__instcount_plainmodel,8000,15142,1.0628,1.89,0.072282,[.00
A2C_25000_bzip2__instcount_plainmodel,8000,15135,1.0633,1.89,0.07306,[.00
A2C_25000_bzip2__instcount_plainmodel,8000,14997,1.0741,1.91,0.067687,[.00
A2C_25000_bzip2__instcount_plainmodel,8000,15156,1.0617,1.89,0.070207,[.00
A2C_25000_bzip2__instcount_plainmodel,8000,15088,1.0670,1.90,0.06901,[.00
A2C_25000_bzip2__instcount_plainmodel,8000,14999,1.0739,1.91,0.081353,[.00
A2C_25000_bzip2__instcount_plainmodel,8000,17778,0.8568,1.61,0.048622,[.00
A2C_25000_bzip2__instcount_plainmodel,8000,14982,1.0753,1.91,0.068331,[.00
A2C_25000_bzip2__instcount_plainmodel,8000,15155,1.0617,1.89,0.06954,[.00
A2C_25000_bzip2__instcount_plainmodel,8000,14982,1.0753,1.91,0.06906,[.00
A2C_25000_bzip2__instcount_plainmodel,8000,15155,1.0617,1.89,0.071658,[.00
A2C_25000_bzip2__instcount_plainmodel,8000,15144,1.0626,1.89,0.071686,[.00
A2C_25000_bzip2__instcount_plainmodel,8000,15084,1.0673,1.90,0.074003,[.00
A2C_25000_bzip2__instcount_plainmodel,8000,15144,1.0626,1.89,0.07072,[.00
A2C_25000_bzip2__instcount_plainmodel,8000,17469,0.8810,1.64,0.051997,[.00
A2C_25000_bzip2__instcount_plainmodel,8000,15093,1.0666,1.90,0.072604,[.00
A2C_25000_bzip2__instcount_plainmodel,8000,14998,1.0740,1.91,0.07237,[.00
A2C_25000_bzip2__instcount_plainmodel,8000,15122,1.0643,1.90,0.069008,[.00
A2C_25000_bzip2__instcount_plainmodel,8000,15101,1.0660,1.90,0.0755,[.00
A2C_25000_bzip2__instcount_plainmodel,8000,15097,1.0663,1.90,0.069722,[.00
A2C_25000_bzip2__instcount_plainmodel,8000,15142,1.0628,1.89,0.072861,[.00
A2C_25000_bzip2__instcount_plainmodel,8000,15144,1.0626,1.89,0.069359,[.00
A2C_25000_bzip2__instcount_plainmodel,8000,15156,1.0617,1.89,0.070937,[.00
A2C_25000_bzip2__instcount_plainmodel,8000,15141,1.0628,1.89,0.07386,[.00
A2C_25000_bzip2__instcount_plainmodel,8000,15144,1.0626,1.89,0.070545,[.00
A2C_25000_bzip2__instcount_plainmodel,8000,15144,1.0626,1.89,0.072229,[.00
A2C_25000_bzip2__instcount_plainmodel,8000,15141,1.0628,1.89,0.071769,[.00
A2C_25000_bzip2__instcount_plainmodel,8000,14986,1.0749,1.91,0.074396,[.00
A2C_25000_bzip2__instcount_plainmodel,8000,15156,1.0617,1.89,0.070351,[.00
A2C_25000_bzip2__instcount_plainmodel,8000,15084,1.0673,1.90,0.07092,[.00
A2C_25000_bzip2__instcount_plainmodel,8000,15148,1.0623,1.89,0.070266,[.00
A2C_25000_bzip2__instcount_plainmodel,8000,15089,1.0669,1.90,0.072876,[.00
A2C_25000_bzip2__instcount_plainmodel,8000,15141,1.0628,1.89,0.073909,[.00
A2C_25000_bzip2__instcount_plainmodel,8000,15101,1.0660,1.90,0.073157,[.00
A2C_25000_bzip2__instcount_plainmodel,8000,15148,1.0623,1.89,0.067882,[.00
A2C_25000_bzip2__instcount_plainmodel,8000,15110,1.0653,1.90,0.071317,[.00
A2C_25000_bzip2__instcount_plainmodel,8000,15080,1.0676,1.90,0.070269,[.00
A2C_25000_bzip2__instcount_plainmodel,8000,14893,1.0822,1.93,0.067892,[.00
A2C_25000_bzip2__instcount_plainmodel,9000,15097,1.0663,1.90,0.076083,[.00
A2C_25000_bzip2__instcount_plainmodel,9000,17778,0.8568,1.61,0.047081,[.00
A2C_25000_bzip2__instcount_plainmodel,9000,17477,0.8804,1.64,0.04772,[.00
A2C_25000_bzip2__instcount_plainmodel,9000,17469,0.8810,1.64,0.046992,[.00
A2C_25000_bzip2__instcount_plainmodel,9000,17451,0.8824,1.64,0.047444,[.00
A2C_25000_bzip2__instcount_plainmodel,9000,15156,1.0617,1.89,0.071523,[.00
A2C_25000_bzip2__instcount_plainmodel,9000,17439,0.8833,1.64,0.048825,[.00
A2C_25000_bzip2__instcount_plainmodel,9000,17468,0.8811,1.64,0.048718,[.00
A2C_25000_bzip2__instcount_plainmodel,9000,17451,0.8824,1.64,0.046436,[.00
A2C_25000_bzip2__instcount_plainmodel,9000,17778,0.8568,1.61,0.047181,[.00
A2C_25000_bzip2__instcount_plainmodel,9000,15156,1.0617,1.89,0.070667,[.00
A2C_25000_bzip2__instcount_plainmodel,9000,15156,1.0617,1.89,0.071605,[.00
A2C_25000_bzip2__instcount_plainmodel,9000,15084,1.0673,1.90,0.069944,[.00
A2C_25000_bzip2__instcount_plainmodel,9000,15098,1.0662,1.90,0.072475,[.00
A2C_25000_bzip2__instcount_plainmodel,9000,17469,0.8810,1.64,0.047062,[.00
A2C_25000_bzip2__instcount_plainmodel,9000,17485,0.8797,1.64,0.050083,[.00
A2C_25000_bzip2__instcount_plainmodel,9000,17469,0.8810,1.64,0.0482,[.00
A2C_25000_bzip2__instcount_plainmodel,9000,17798,0.8553,1.61,0.05537,[.00
A2C_25000_bzip2__instcount_plainmodel,9000,17778,0.8568,1.61,0.048119,[.00
A2C_25000_bzip2__instcount_plainmodel,9000,15101,1.0660,1.90,0.071913,[.00
A2C_25000_bzip2__instcount_plainmodel,9000,15144,1.0626,1.89,0.073985,[.00
A2C_25000_bzip2__instcount_plainmodel,9000,16451,0.9605,1.74,0.078661,[.00
A2C_25000_bzip2__instcount_plainmodel,9000,17484,0.8798,1.64,0.049208,[.00
A2C_25000_bzip2__instcount_plainmodel,9000,15101,1.0660,1.90,0.072089,[.00
A2C_25000_bzip2__instcount_plainmodel,9000,15489,1.0356,1.85,0.070426,[.00
A2C_25000_bzip2__instcount_plainmodel,9000,15097,1.0663,1.90,0.070217,[.00
A2C_25000_bzip2__instcount_plainmodel,9000,17476,0.8804,1.64,0.045896,[.00
A2C_25000_bzip2__instcount_plainmodel,9000,15156,1.0617,1.89,0.071455,[.00
A2C_25000_bzip2__instcount_plainmodel,9000,15084,1.0673,1.90,0.073526,[.00
A2C_25000_bzip2__instcount_plainmodel,9000,15142,1.0628,1.89,0.075663,[.00
A2C_25000_bzip2__instcount_plainmodel,9000,17439,0.8833,1.64,0.047049,[.00
A2C_25000_bzip2__instcount_plainmodel,9000,17469,0.8810,1.64,0.048347,[.00
A2C_25000_bzip2__instcount_plainmodel,9000,17778,0.8568,1.61,0.047833,[.00
A2C_25000_bzip2__instcount_plainmodel,9000,17439,0.8833,1.64,0.047779,[.00
A2C_25000_bzip2__instcount_plainmodel,9000,17469,0.8810,1.64,0.046931,[.00
A2C_25000_bzip2__instcount_plainmodel,9000,15097,1.0663,1.90,0.071132,[.00
A2C_25000_bzip2__instcount_plainmodel,9000,17443,0.8830,1.64,0.047181,[.00
A2C_25000_bzip2__instcount_plainmodel,9000,17778,0.8568,1.61,0.048092,[.00
A2C_25000_bzip2__instcount_plainmodel,9000,15089,1.0669,1.90,0.072779,[.00
A2C_25000_bzip2__instcount_plainmodel,9000,17798,0.8553,1.61,0.047782,[.00
A2C_25000_bzip2__instcount_plainmodel,9000,15097,1.0663,1.90,0.070796,[.00
A2C_25000_bzip2__instcount_plainmodel,9000,15495,1.0352,1.85,0.071596,[.00
A2C_25000_bzip2__instcount_plainmodel,9000,15097,1.0663,1.90,0.069993,[.00
A2C_25000_bzip2__instcount_plainmodel,9000,15087,1.0670,1.90,0.07579,[.00
A2C_25000_bzip2__instcount_plainmodel,9000,15084,1.0673,1.90,0.07166,[.00
A2C_25000_bzip2__instcount_plainmodel,9000,17092,0.9104,1.68,0.047828,[.00
A2C_25000_bzip2__instcount_plainmodel,9000,16415,0.9633,1.75,0.07686,[.00
A2C_25000_bzip2__instcount_plainmodel,9000,17451,0.8824,1.64,0.048256,[.00
A2C_25000_bzip2__instcount_plainmodel,9000,17476,0.8804,1.64,0.048027,[.00
A2C_25000_bzip2__instcount_plainmodel,9000,17388,0.8873,1.65,0.047623,[.00
A2C_25000_bzip2__instcount_plainmodel,9000,17769,0.8576,1.61,0.053083,[.00
A2C_25000_bzip2__instcount_plainmodel,9000,17477,0.8804,1.64,0.047833,[.00
A2C_25000_bzip2__instcount_plainmodel,9000,17778,0.8568,1.61,0.051565,[.00
A2C_25000_bzip2__instcount_plainmodel,9000,17469,0.8810,1.64,0.046689,[.00
A2C_25000_bzip2__instcount_plainmodel,9000,14996,1.0742,1.91,0.068854,[.00
A2C_25000_bzip2__instcount_plainmodel,9000,17469,0.8810,1.64,0.044876,[.00
A2C_25000_bzip2__instcount_plainmodel,9000,15097,1.0663,1.90,0.069668,[.00
A2C_25000_bzip2__instcount_plainmodel,9000,15097,1.0663,1.90,0.074508,[.00
A2C_25000_bzip2__instcount_plainmodel,9000,17468,0.8811,1.64,0.046348,[.00
A2C_25000_bzip2__instcount_plainmodel,9000,15088,1.0670,1.90,0.070471,[.00
A2C_25000_bzip2__instcount_plainmodel,9000,17451,0.8824,1.64,0.046175,[.00
A2C_25000_bzip2__instcount_plainmodel,9000,15138,1.0631,1.89,0.069019,[.00
A2C_25000_bzip2__instcount_plainmodel,9000,17451,0.8824,1.64,0.046307,[.00
A2C_25000_bzip2__instcount_plainmodel,9000,17778,0.8568,1.61,0.052939,[.00
A2C_25000_bzip2__instcount_plainmodel,9000,15107,1.0655,1.90,0.070882,[.00
A2C_25000_bzip2__instcount_plainmodel,9000,15097,1.0663,1.90,0.072421,[.00
A2C_25000_bzip2__instcount_plainmodel,9000,17778,0.8568,1.61,0.046774,[.00
A2C_25000_bzip2__instcount_plainmodel,9000,15002,1.0737,1.91,0.077093,[.00
A2C_25000_bzip2__instcount_plainmodel,9000,17477,0.8804,1.64,0.044482,[.00
A2C_25000_bzip2__instcount_plainmodel,9000,17451,0.8824,1.64,0.048826,[.00
A2C_25000_bzip2__instcount_plainmodel,9000,17477,0.8804,1.64,0.050921,[.00
A2C_25000_bzip2__instcount_plainmodel,9000,15097,1.0663,1.90,0.069908,[.00
A2C_25000_bzip2__instcount_plainmodel,9000,15097,1.0663,1.90,0.071443,[.00
A2C_25000_bzip2__instcount_plainmodel,9000,17476,0.8804,1.64,0.047037,[.00
A2C_25000_bzip2__instcount_plainmodel,9000,17777,0.8569,1.61,0.045542,[.00
A2C_25000_bzip2__instcount_plainmodel,9000,17769,0.8576,1.61,0.047062,[.00
A2C_25000_bzip2__instcount_plainmodel,9000,17439,0.8833,1.64,0.047159,[.00
A2C_25000_bzip2__instcount_plainmodel,9000,15097,1.0663,1.90,0.068493,[.00
A2C_25000_bzip2__instcount_plainmodel,9000,17451,0.8824,1.64,0.045575,[.00
A2C_25000_bzip2__instcount_plainmodel,9000,15097,1.0663,1.90,0.072501,[.00
A2C_25000_bzip2__instcount_plainmodel,9000,17458,0.8818,1.64,0.048189,[.00
A2C_25000_bzip2__instcount_plainmodel,9000,15084,1.0673,1.90,0.070046,[.00
A2C_25000_bzip2__instcount_plainmodel,9000,15144,1.0626,1.89,0.071233,[.00
A2C_25000_bzip2__instcount_plainmodel,9000,17451,0.8824,1.64,0.047257,[.00
A2C_25000_bzip2__instcount_plainmodel,9000,17778,0.8568,1.61,0.046076,[.00
A2C_25000_bzip2__instcount_plainmodel,9000,15142,1.0628,1.89,0.071911,[.00
A2C_25000_bzip2__instcount_plainmodel,9000,15142,1.0628,1.89,0.071691,[.00
A2C_25000_bzip2__instcount_plainmodel,9000,15097,1.0663,1.90,0.071632,[.00
A2C_25000_bzip2__instcount_plainmodel,9000,15097,1.0663,1.90,0.07043,[.00
A2C_25000_bzip2__instcount_plainmodel,9000,17458,0.8818,1.64,0.048036,[.00
A2C_25000_bzip2__instcount_plainmodel,9000,17451,0.8824,1.64,0.047989,[.00
A2C_25000_bzip2__instcount_plainmodel,9000,17458,0.8818,1.64,0.046184,[.00
A2C_25000_bzip2__instcount_plainmodel,9000,17451,0.8824,1.64,0.048383,[.00
A2C_25000_bzip2__instcount_plainmodel,9000,15097,1.0663,1.90,0.077821,[.00
A2C_25000_bzip2__instcount_plainmodel,9000,17778,0.8568,1.61,0.046806,[.00
A2C_25000_bzip2__instcount_plainmodel,9000,17451,0.8824,1.64,0.046128,[.00
A2C_25000_bzip2__instcount_plainmodel,9000,17484,0.8798,1.64,0.048072,[.00
A2C_25000_bzip2__instcount_plainmodel,9000,15129,1.0638,1.90,0.07384,[.00
A2C_25000_bzip2__instcount_plainmodel,9000,17778,0.8568,1.61,0.048996,[.00
A2C_25000_bzip2__instcount_plainmodel,9000,17451,0.8824,1.64,0.048093,[.00
A2C_25000_bzip2__instcount_plainmodel,10000,14994,1.0743,1.91,0.075259,[.00
A2C_25000_bzip2__instcount_plainmodel,10000,17469,0.8810,1.64,0.046105,[.00
A2C_25000_bzip2__instcount_plainmodel,10000,15135,1.0633,1.89,0.070135,[.00
A2C_25000_bzip2__instcount_plainmodel,10000,15144,1.0626,1.89,0.069799,[.00
A2C_25000_bzip2__instcount_plainmodel,10000,15089,1.0669,1.90,0.069631,[.00
A2C_25000_bzip2__instcount_plainmodel,10000,15144,1.0626,1.89,0.071051,[.00
A2C_25000_bzip2__instcount_plainmodel,10000,17457,0.8819,1.64,0.045756,[.00
A2C_25000_bzip2__instcount_plainmodel,10000,15134,1.0634,1.89,0.069267,[.00
A2C_25000_bzip2__instcount_plainmodel,10000,14919,1.0802,1.92,0.069709,[.00
A2C_25000_bzip2__instcount_plainmodel,10000,17494,0.8790,1.64,0.047441,[.00
A2C_25000_bzip2__instcount_plainmodel,10000,15148,1.0623,1.89,0.068412,[.00
A2C_25000_bzip2__instcount_plainmodel,10000,15081,1.0675,1.90,0.075308,[.00
A2C_25000_bzip2__instcount_plainmodel,10000,15156,1.0617,1.89,0.07293,[.00
A2C_25000_bzip2__instcount_plainmodel,10000,15085,1.0672,1.90,0.070163,[.00
A2C_25000_bzip2__instcount_plainmodel,10000,15101,1.0660,1.90,0.070775,[.00
A2C_25000_bzip2__instcount_plainmodel,10000,15141,1.0628,1.89,0.072004,[.00
A2C_25000_bzip2__instcount_plainmodel,10000,15088,1.0670,1.90,0.083021,[.00
A2C_25000_bzip2__instcount_plainmodel,10000,15142,1.0628,1.89,0.073567,[.00
A2C_25000_bzip2__instcount_plainmodel,10000,15164,1.0610,1.89,0.072581,[.00
A2C_25000_bzip2__instcount_plainmodel,10000,15144,1.0626,1.89,0.073377,[.00
A2C_25000_bzip2__instcount_plainmodel,10000,15144,1.0626,1.89,0.070292,[.00
A2C_25000_bzip2__instcount_plainmodel,10000,15101,1.0660,1.90,0.071252,[.00
A2C_25000_bzip2__instcount_plainmodel,10000,15097,1.0663,1.90,0.07227,[.00
A2C_25000_bzip2__instcount_plainmodel,10000,15097,1.0663,1.90,0.071842,[.00
A2C_25000_bzip2__instcount_plainmodel,10000,17439,0.8833,1.64,0.050962,[.00
A2C_25000_bzip2__instcount_plainmodel,10000,15156,1.0617,1.89,0.071037,[.00
A2C_25000_bzip2__instcount_plainmodel,10000,15135,1.0633,1.89,0.069146,[.00
A2C_25000_bzip2__instcount_plainmodel,10000,15135,1.0633,1.89,0.069316,[.00
A2C_25000_bzip2__instcount_plainmodel,10000,15156,1.0617,1.89,0.074515,[.00
A2C_25000_bzip2__instcount_plainmodel,10000,15180,1.0598,1.89,0.068156,[.00
A2C_25000_bzip2__instcount_plainmodel,10000,15503,1.0346,1.85,0.071471,[.00
A2C_25000_bzip2__instcount_plainmodel,10000,15156,1.0617,1.89,0.070344,[.00
A2C_25000_bzip2__instcount_plainmodel,10000,15002,1.0737,1.91,0.07205,[.00
A2C_25000_bzip2__instcount_plainmodel,10000,15101,1.0660,1.90,0.071634,[.00
A2C_25000_bzip2__instcount_plainmodel,10000,15138,1.0631,1.89,0.068229,[.00
A2C_25000_bzip2__instcount_plainmodel,10000,14986,1.0749,1.91,0.070617,[.00
A2C_25000_bzip2__instcount_plainmodel,10000,15097,1.0663,1.90,0.071673,[.00
A2C_25000_bzip2__instcount_plainmodel,10000,15181,1.0597,1.89,0.069188,[.00
A2C_25000_bzip2__instcount_plainmodel,10000,15156,1.0617,1.89,0.069287,[.00
A2C_25000_bzip2__instcount_plainmodel,10000,15156,1.0617,1.89,0.07034,[.00
A2C_25000_bzip2__instcount_plainmodel,10000,17451,0.8824,1.64,0.04798,[.00
A2C_25000_bzip2__instcount_plainmodel,10000,15144,1.0626,1.89,0.071727,[.00
A2C_25000_bzip2__instcount_plainmodel,10000,15101,1.0660,1.90,0.071479,[.00
A2C_25000_bzip2__instcount_plainmodel,10000,17778,0.8568,1.61,0.047057,[.00
A2C_25000_bzip2__instcount_plainmodel,10000,15101,1.0660,1.90,0.070424,[.00
A2C_25000_bzip2__instcount_plainmodel,10000,15142,1.0628,1.89,0.071971,[.00
A2C_25000_bzip2__instcount_plainmodel,10000,16760,0.9364,1.71,0.04827,[.00
A2C_25000_bzip2__instcount_plainmodel,10000,15167,1.0608,1.89,0.071435,[.00
A2C_25000_bzip2__instcount_plainmodel,10000,17451,0.8824,1.64,0.046019,[.00
A2C_25000_bzip2__instcount_plainmodel,10000,15142,1.0628,1.89,0.069335,[.00
A2C_25000_bzip2__instcount_plainmodel,10000,15088,1.0670,1.90,0.070897,[.00
A2C_25000_bzip2__instcount_plainmodel,10000,15156,1.0617,1.89,0.070383,[.00
A2C_25000_bzip2__instcount_plainmodel,10000,15148,1.0623,1.89,0.076915,[.00
A2C_25000_bzip2__instcount_plainmodel,10000,15098,1.0662,1.90,0.074842,[.00
A2C_25000_bzip2__instcount_plainmodel,10000,17464,0.8814,1.64,0.046065,[.00
A2C_25000_bzip2__instcount_plainmodel,10000,15084,1.0673,1.90,0.070286,[.00
A2C_25000_bzip2__instcount_plainmodel,10000,17476,0.8804,1.64,0.04665,[.00
A2C_25000_bzip2__instcount_plainmodel,10000,15097,1.0663,1.90,0.070203,[.00
A2C_25000_bzip2__instcount_plainmodel,10000,15097,1.0663,1.90,0.073057,[.00
A2C_25000_bzip2__instcount_plainmodel,10000,15101,1.0660,1.90,0.073863,[.00
A2C_25000_bzip2__instcount_plainmodel,10000,15544,1.0314,1.84,0.069701,[.00
A2C_25000_bzip2__instcount_plainmodel,10000,15088,1.0670,1.90,0.069413,[.00
A2C_25000_bzip2__instcount_plainmodel,10000,15084,1.0673,1.90,0.068093,[.00
A2C_25000_bzip2__instcount_plainmodel,10000,15880,1.0051,1.81,0.07407,[.00
A2C_25000_bzip2__instcount_plainmodel,10000,13810,1.1668,2.08,0.080481,[.00
A2C_25000_bzip2__instcount_plainmodel,10000,14997,1.0741,1.91,0.069201,[.00
A2C_25000_bzip2__instcount_plainmodel,10000,17475,0.8805,1.64,0.047221,[.00
A2C_25000_bzip2__instcount_plainmodel,10000,15088,1.0670,1.90,0.071545,[.00
A2C_25000_bzip2__instcount_plainmodel,10000,15097,1.0663,1.90,0.071988,[.00
A2C_25000_bzip2__instcount_plainmodel,10000,13809,1.1669,2.08,0.081297,[.00
A2C_25000_bzip2__instcount_plainmodel,10000,15156,1.0617,1.89,0.071764,[.00
A2C_25000_bzip2__instcount_plainmodel,10000,17769,0.8576,1.61,0.049032,[.00
A2C_25000_bzip2__instcount_plainmodel,10000,15135,1.0633,1.89,0.07044,[.00
A2C_25000_bzip2__instcount_plainmodel,10000,15101,1.0660,1.90,0.069711,[.00
A2C_25000_bzip2__instcount_plainmodel,10000,15097,1.0663,1.90,0.06941,[.00
A2C_25000_bzip2__instcount_plainmodel,10000,15142,1.0628,1.89,0.07301,[.00
A2C_25000_bzip2__instcount_plainmodel,10000,15144,1.0626,1.89,0.07053,[.00
A2C_25000_bzip2__instcount_plainmodel,10000,15088,1.0670,1.90,0.073401,[.00
A2C_25000_bzip2__instcount_plainmodel,10000,14997,1.0741,1.91,0.073681,[.00
A2C_25000_bzip2__instcount_plainmodel,10000,15101,1.0660,1.90,0.072812,[.00
A2C_25000_bzip2__instcount_plainmodel,10000,17769,0.8576,1.61,0.046066,[.00
A2C_25000_bzip2__instcount_plainmodel,10000,15142,1.0628,1.89,0.067539,[.00
A2C_25000_bzip2__instcount_plainmodel,10000,15156,1.0617,1.89,0.069547,[.00
A2C_25000_bzip2__instcount_plainmodel,10000,15084,1.0673,1.90,0.0698,[.00
A2C_25000_bzip2__instcount_plainmodel,10000,15142,1.0628,1.89,0.067685,[.00
A2C_25000_bzip2__instcount_plainmodel,10000,15144,1.0626,1.89,0.076996,[.00
A2C_25000_bzip2__instcount_plainmodel,10000,15089,1.0669,1.90,0.068204,[.00
A2C_25000_bzip2__instcount_plainmodel,10000,15076,1.0679,1.90,0.075106,[.00
A2C_25000_bzip2__instcount_plainmodel,10000,15144,1.0626,1.89,0.071097,[.00
A2C_25000_bzip2__instcount_plainmodel,10000,15144,1.0626,1.89,0.07079,[.00
A2C_25000_bzip2__instcount_plainmodel,10000,15084,1.0673,1.90,0.072387,[.00
A2C_25000_bzip2__instcount_plainmodel,10000,15112,1.0651,1.90,0.071251,[.00
A2C_25000_bzip2__instcount_plainmodel,10000,15101,1.0660,1.90,0.069977,[.00
A2C_25000_bzip2__instcount_plainmodel,10000,17797,0.8554,1.61,0.046238,[.00
A2C_25000_bzip2__instcount_plainmodel,10000,15491,1.0355,1.85,0.068419,[.00
A2C_25000_bzip2__instcount_plainmodel,10000,15084,1.0673,1.90,0.074744,[.00
A2C_25000_bzip2__instcount_plainmodel,10000,15101,1.0660,1.90,0.072397,[.00
A2C_25000_bzip2__instcount_plainmodel,10000,17484,0.8798,1.64,0.047295,[.00
A2C_25000_bzip2__instcount_plainmodel,10000,15156,1.0617,1.89,0.074569,[.00
A2C_25000_bzip2__instcount_plainmodel,10000,15084,1.0673,1.90,0.069546,[.00
A2C_25000_bzip2__instcount_plainmodel,11000,13926,1.1577,2.06,0.083019,[.00
A2C_25000_bzip2__instcount_plainmodel,11000,13743,1.1720,2.09,0.081184,[.00
A2C_25000_bzip2__instcount_plainmodel,11000,13738,1.1724,2.09,0.081774,[.00
A2C_25000_bzip2__instcount_plainmodel,11000,14242,1.1331,2.01,0.07902,[.00
A2C_25000_bzip2__instcount_plainmodel,11000,13747,1.1717,2.09,0.093074,[.00
A2C_25000_bzip2__instcount_plainmodel,11000,13940,1.1566,2.06,0.080423,[.00
A2C_25000_bzip2__instcount_plainmodel,11000,13887,1.1608,2.07,0.083572,[.00
A2C_25000_bzip2__instcount_plainmodel,11000,14252,1.1323,2.01,0.084791,[.00
A2C_25000_bzip2__instcount_plainmodel,11000,13746,1.1718,2.09,0.081094,[.00
A2C_25000_bzip2__instcount_plainmodel,11000,13710,1.1746,2.09,0.079038,[.00
A2C_25000_bzip2__instcount_plainmodel,11000,13430,1.1965,2.14,0.082903,[.00
A2C_25000_bzip2__instcount_plainmodel,11000,13699,1.1755,2.09,0.082385,[.00
A2C_25000_bzip2__instcount_plainmodel,11000,13686,1.1765,2.10,0.080596,[.00
A2C_25000_bzip2__instcount_plainmodel,11000,13731,1.1730,2.09,0.083657,[.00
A2C_25000_bzip2__instcount_plainmodel,11000,13687,1.1764,2.10,0.081848,[.00
A2C_25000_bzip2__instcount_plainmodel,11000,13678,1.1771,2.10,0.078129,[.00
A2C_25000_bzip2__instcount_plainmodel,11000,14304,1.1282,2.00,0.081913,[.00
A2C_25000_bzip2__instcount_plainmodel,11000,13686,1.1765,2.10,0.079644,[.00
A2C_25000_bzip2__instcount_plainmodel,11000,13846,1.1640,2.07,0.08085,[.00
A2C_25000_bzip2__instcount_plainmodel,11000,14040,1.1488,2.04,0.091467,[.00
A2C_25000_bzip2__instcount_plainmodel,11000,13750,1.1715,2.09,0.080607,[.00
A2C_25000_bzip2__instcount_plainmodel,11000,15467,1.0374,1.85,0.068733,[.00
A2C_25000_bzip2__instcount_plainmodel,11000,14288,1.1295,2.01,0.079783,[.00
A2C_25000_bzip2__instcount_plainmodel,11000,13481,1.1925,2.13,0.084096,[.00
A2C_25000_bzip2__instcount_plainmodel,11000,13779,1.1692,2.08,0.080481,[.00
A2C_25000_bzip2__instcount_plainmodel,11000,13906,1.1593,2.06,0.082431,[.00
A2C_25000_bzip2__instcount_plainmodel,11000,13782,1.1690,2.08,0.084691,[.00
A2C_25000_bzip2__instcount_plainmodel,11000,13755,1.1711,2.09,0.076988,[.00
A2C_25000_bzip2__instcount_plainmodel,11000,13728,1.1732,2.09,0.078677,[.00
A2C_25000_bzip2__instcount_plainmodel,11000,13820,1.1660,2.08,0.081196,[.00
A2C_25000_bzip2__instcount_plainmodel,11000,13725,1.1734,2.09,0.083171,[.00
A2C_25000_bzip2__instcount_plainmodel,11000,13941,1.1566,2.06,0.080419,[.00
A2C_25000_bzip2__instcount_plainmodel,11000,13756,1.1710,2.08,0.077793,[.00
A2C_25000_bzip2__instcount_plainmodel,11000,13822,1.1659,2.07,0.081106,[.00
A2C_25000_bzip2__instcount_plainmodel,11000,13690,1.1762,2.09,0.080912,[.00
A2C_25000_bzip2__instcount_plainmodel,11000,13678,1.1771,2.10,0.079227,[.00
A2C_25000_bzip2__instcount_plainmodel,11000,13969,1.1544,2.05,0.079244,[.00
A2C_25000_bzip2__instcount_plainmodel,11000,13715,1.1742,2.09,0.082504,[.00
A2C_25000_bzip2__instcount_plainmodel,11000,14024,1.1501,2.04,0.080093,[.00
A2C_25000_bzip2__instcount_plainmodel,11000,13722,1.1737,2.09,0.085978,[.00
A2C_25000_bzip2__instcount_plainmodel,11000,13736,1.1726,2.09,0.081597,[.00
A2C_25000_bzip2__instcount_plainmodel,11000,14701,1.0972,1.95,0.08042,[.00
A2C_25000_bzip2__instcount_plainmodel,11000,14081,1.1456,2.04,0.093966,[.00
A2C_25000_bzip2__instcount_plainmodel,11000,13686,1.1765,2.10,0.079491,[.00
A2C_25000_bzip2__instcount_plainmodel,11000,14350,1.1246,2.00,0.088337,[.00
A2C_25000_bzip2__instcount_plainmodel,11000,14331,1.1261,2.00,0.080874,[.00
A2C_25000_bzip2__instcount_plainmodel,11000,14326,1.1265,2.00,0.081237,[.00
A2C_25000_bzip2__instcount_plainmodel,11000,14048,1.1482,2.04,0.081248,[.00
A2C_25000_bzip2__instcount_plainmodel,11000,13926,1.1577,2.06,0.080056,[.00
A2C_25000_bzip2__instcount_plainmodel,11000,13712,1.1745,2.09,0.082936,[.00
A2C_25000_bzip2__instcount_plainmodel,11000,13755,1.1711,2.09,0.078868,[.00
A2C_25000_bzip2__instcount_plainmodel,11000,13659,1.1786,2.10,0.080888,[.00
A2C_25000_bzip2__instcount_plainmodel,11000,14392,1.1213,1.99,0.08196,[.00
A2C_25000_bzip2__instcount_plainmodel,11000,13686,1.1765,2.10,0.081758,[.00
A2C_25000_bzip2__instcount_plainmodel,11000,13829,1.1653,2.07,0.082097,[.00
A2C_25000_bzip2__instcount_plainmodel,11000,14245,1.1328,2.01,0.077982,[.00
A2C_25000_bzip2__instcount_plainmodel,11000,14057,1.1475,2.04,0.066708,[.00
A2C_25000_bzip2__instcount_plainmodel,11000,13776,1.1695,2.08,0.082252,[.00
A2C_25000_bzip2__instcount_plainmodel,11000,13710,1.1746,2.09,0.079682,[.00
A2C_25000_bzip2__instcount_plainmodel,11000,14285,1.1297,2.01,0.08306,[.00
A2C_25000_bzip2__instcount_plainmodel,11000,13871,1.1620,2.07,0.078173,[.00
A2C_25000_bzip2__instcount_plainmodel,11000,13765,1.1703,2.08,0.083882,[.00
A2C_25000_bzip2__instcount_plainmodel,11000,13632,1.1807,2.10,0.082492,[.00
A2C_25000_bzip2__instcount_plainmodel,11000,13725,1.1734,2.09,0.081444,[.00
A2C_25000_bzip2__instcount_plainmodel,11000,13793,1.1681,2.08,0.082904,[.00
A2C_25000_bzip2__instcount_plainmodel,11000,14021,1.1503,2.05,0.089648,[.00
A2C_25000_bzip2__instcount_plainmodel,11000,13670,1.1777,2.10,0.080932,[.00
A2C_25000_bzip2__instcount_plainmodel,11000,14304,1.1282,2.00,0.081174,[.00
A2C_25000_bzip2__instcount_plainmodel,11000,14288,1.1295,2.01,0.083761,[.00
A2C_25000_bzip2__instcount_plainmodel,11000,13660,1.1785,2.10,0.080756,[.00
A2C_25000_bzip2__instcount_plainmodel,11000,13760,1.1707,2.08,0.079751,[.00
A2C_25000_bzip2__instcount_plainmodel,11000,13753,1.1713,2.09,0.081882,[.00
A2C_25000_bzip2__instcount_plainmodel,11000,13914,1.1587,2.06,0.076046,[.00
A2C_25000_bzip2__instcount_plainmodel,11000,13949,1.1559,2.06,0.085354,[.00
A2C_25000_bzip2__instcount_plainmodel,11000,13674,1.1774,2.10,0.08189,[.00
A2C_25000_bzip2__instcount_plainmodel,11000,13669,1.1778,2.10,0.08105,[.00
A2C_25000_bzip2__instcount_plainmodel,11000,14298,1.1287,2.01,0.070251,[.00
A2C_25000_bzip2__instcount_plainmodel,11000,13779,1.1692,2.08,0.082197,[.00
A2C_25000_bzip2__instcount_plainmodel,11000,13695,1.1758,2.09,0.078712,[.00
A2C_25000_bzip2__instcount_plainmodel,11000,13917,1.1584,2.06,0.077195,[.00
A2C_25000_bzip2__instcount_plainmodel,11000,13712,1.1745,2.09,0.082156,[.00
A2C_25000_bzip2__instcount_plainmodel,11000,13637,1.1803,2.10,0.078734,[.00
A2C_25000_bzip2__instcount_plainmodel,11000,13818,1.1662,2.08,0.080592,[.00
A2C_25000_bzip2__instcount_plainmodel,11000,13734,1.1727,2.09,0.079878,[.00
A2C_25000_bzip2__instcount_plainmodel,11000,14312,1.1276,2.00,0.080497,[.00
A2C_25000_bzip2__instcount_plainmodel,11000,14583,1.1064,1.97,0.06655,[.00
A2C_25000_bzip2__instcount_plainmodel,11000,13684,1.1766,2.10,0.079568,[.00
A2C_25000_bzip2__instcount_plainmodel,11000,14442,1.1174,1.99,0.082604,[.00
A2C_25000_bzip2__instcount_plainmodel,11000,14000,1.1520,2.05,0.080152,[.00
A2C_25000_bzip2__instcount_plainmodel,11000,13707,1.1748,2.09,0.084751,[.00
A2C_25000_bzip2__instcount_plainmodel,11000,14164,1.1391,2.02,0.085061,[.00
A2C_25000_bzip2__instcount_plainmodel,11000,13702,1.1752,2.09,0.082469,[.00
A2C_25000_bzip2__instcount_plainmodel,11000,15653,1.0228,1.83,0.081915,[.00
A2C_25000_bzip2__instcount_plainmodel,11000,13806,1.1671,2.08,0.083593,[.00
A2C_25000_bzip2__instcount_plainmodel,11000,13740,1.1723,2.09,0.079749,[.00
A2C_25000_bzip2__instcount_plainmodel,11000,13688,1.1763,2.10,0.081087,[.00
A2C_25000_bzip2__instcount_plainmodel,11000,13754,1.1712,2.09,0.080776,[.00
A2C_25000_bzip2__instcount_plainmodel,11000,13688,1.1763,2.10,0.080314,[.00
A2C_25000_bzip2__instcount_plainmodel,11000,14327,1.1264,2.00,0.088295,[.00
A2C_25000_bzip2__instcount_plainmodel,11000,13862,1.1627,2.07,0.082558,[.00
A2C_25000_bzip2__instcount_plainmodel,12000,13712,1.1745,2.09,0.090758,[.00
A2C_25000_bzip2__instcount_plainmodel,12000,13782,1.1690,2.08,0.086549,[.00
A2C_25000_bzip2__instcount_plainmodel,12000,16739,0.9380,1.71,0.047951,[.00
A2C_25000_bzip2__instcount_plainmodel,12000,17588,0.8717,1.63,0.045294,[.00
A2C_25000_bzip2__instcount_plainmodel,12000,14242,1.1331,2.01,0.0819,[.00
A2C_25000_bzip2__instcount_plainmodel,12000,17785,0.8563,1.61,0.04769,[.00
A2C_25000_bzip2__instcount_plainmodel,12000,13937,1.1569,2.06,0.082345,[.00
A2C_25000_bzip2__instcount_plainmodel,12000,16784,0.9345,1.71,0.08691,[.00
A2C_25000_bzip2__instcount_plainmodel,12000,13684,1.1766,2.10,0.084871,[.00
A2C_25000_bzip2__instcount_plainmodel,12000,14633,1.1025,1.96,0.07277,[.00
A2C_25000_bzip2__instcount_plainmodel,12000,14311,1.1277,2.00,0.085501,[.00
A2C_25000_bzip2__instcount_plainmodel,12000,13860,1.1629,2.07,0.0879,[.00
A2C_25000_bzip2__instcount_plainmodel,12000,13753,1.1713,2.09,0.081835,[.00
A2C_25000_bzip2__instcount_plainmodel,12000,13951,1.1558,2.06,0.096701,[.00
A2C_25000_bzip2__instcount_plainmodel,12000,16760,0.9364,1.71,0.047119,[.00
A2C_25000_bzip2__instcount_plainmodel,12000,17588,0.8717,1.63,0.046765,[.00
A2C_25000_bzip2__instcount_plainmodel,12000,13640,1.1801,2.10,0.082283,[.00
A2C_25000_bzip2__instcount_plainmodel,12000,13744,1.1720,2.09,0.081507,[.00
A2C_25000_bzip2__instcount_plainmodel,12000,16714,0.9400,1.71,0.049603,[.00
A2C_25000_bzip2__instcount_plainmodel,12000,16833,0.9307,1.70,0.045976,[.00
A2C_25000_bzip2__instcount_plainmodel,12000,13858,1.1630,2.07,0.090727,[.00
A2C_25000_bzip2__instcount_plainmodel,12000,13859,1.1630,2.07,0.0857,[.00
A2C_25000_bzip2__instcount_plainmodel,12000,14197,1.1366,2.02,0.081313,[.00
A2C_25000_bzip2__instcount_plainmodel,12000,16797,0.9335,1.71,0.047185,[.00
A2C_25000_bzip2__instcount_plainmodel,12000,13854,1.1634,2.07,0.085915,[.00
A2C_25000_bzip2__instcount_plainmodel,12000,13869,1.1622,2.07,0.088644,[.00
A2C_25000_bzip2__instcount_plainmodel,12000,13851,1.1636,2.07,0.083527,[.00
A2C_25000_bzip2__instcount_plainmodel,12000,13846,1.1640,2.07,0.082978,[.00
A2C_25000_bzip2__instcount_plainmodel,12000,16739,0.9380,1.71,0.046535,[.00
A2C_25000_bzip2__instcount_plainmodel,12000,16402,0.9643,1.75,0.044372,[.00
A2C_25000_bzip2__instcount_plainmodel,12000,16421,0.9628,1.75,0.047138,[.00
A2C_25000_bzip2__instcount_plainmodel,12000,14335,1.1258,2.00,0.086243,[.00
A2C_25000_bzip2__instcount_plainmodel,12000,14311,1.1277,2.00,0.085515,[.00
A2C_25000_bzip2__instcount_plainmodel,12000,13856,1.1632,2.07,0.084873,[.00
A2C_25000_bzip2__instcount_plainmodel,12000,13858,1.1630,2.07,0.084434,[.00
A2C_25000_bzip2__instcount_plainmodel,12000,13846,1.1640,2.07,0.083446,[.00
A2C_25000_bzip2__instcount_plainmodel,12000,13739,1.1723,2.09,0.081022,[.00
A2C_25000_bzip2__instcount_plainmodel,12000,16778,0.9350,1.71,0.05069,[.00
A2C_25000_bzip2__instcount_plainmodel,12000,13710,1.1746,2.09,0.086604,[.00
A2C_25000_bzip2__instcount_plainmodel,12000,13855,1.1633,2.07,0.0881,[.00
A2C_25000_bzip2__instcount_plainmodel,12000,16779,0.9349,1.71,0.044757,[.00
A2C_25000_bzip2__instcount_plainmodel,12000,16832,0.9307,1.70,0.047166,[.00
A2C_25000_bzip2__instcount_plainmodel,12000,13866,1.1624,2.07,0.082417,[.00
A2C_25000_bzip2__instcount_plainmodel,12000,13909,1.1591,2.06,0.088555,[.00
A2C_25000_bzip2__instcount_plainmodel,12000,13712,1.1745,2.09,0.086745,[.00
A2C_25000_bzip2__instcount_plainmodel,12000,16828,0.9311,1.70,0.045914,[.00
A2C_25000_bzip2__instcount_plainmodel,12000,16376,0.9664,1.75,0.04589,[.00
A2C_25000_bzip2__instcount_plainmodel,12000,13924,1.1579,2.06,0.084792,[.00
A2C_25000_bzip2__instcount_plainmodel,12000,13737,1.1725,2.09,0.08641,[.00
A2C_25000_bzip2__instcount_plainmodel,12000,14771,1.0917,1.94,0.084485,[.00
A2C_25000_bzip2__instcount_plainmodel,12000,16798,0.9334,1.71,0.044767,[.00
A2C_25000_bzip2__instcount_plainmodel,12000,14343,1.1252,2.00,0.081805,[.00
A2C_25000_bzip2__instcount_plainmodel,12000,13860,1.1629,2.07,0.084155,[.00
A2C_25000_bzip2__instcount_plainmodel,12000,13927,1.1577,2.06,0.083624,[.00
A2C_25000_bzip2__instcount_plainmodel,12000,16798,0.9334,1.71,0.04743,[.00
A2C_25000_bzip2__instcount_plainmodel,12000,16739,0.9380,1.71,0.045953,[.00
A2C_25000_bzip2__instcount_plainmodel,12000,16428,0.9623,1.74,0.044632,[.00
A2C_25000_bzip2__instcount_plainmodel,12000,16353,0.9682,1.75,0.047677,[.00
A2C_25000_bzip2__instcount_plainmodel,12000,13945,1.1563,2.06,0.085231,[.00
A2C_25000_bzip2__instcount_plainmodel,12000,16468,0.9592,1.74,0.047093,[.00
A2C_25000_bzip2__instcount_plainmodel,12000,14633,1.1025,1.96,0.073128,[.00
A2C_25000_bzip2__instcount_plainmodel,12000,13860,1.1629,2.07,0.083045,[.00
A2C_25000_bzip2__instcount_plainmodel,12000,16422,0.9628,1.75,0.044901,[.00
A2C_25000_bzip2__instcount_plainmodel,12000,13797,1.1678,2.08,0.091223,[.00
A2C_25000_bzip2__instcount_plainmodel,12000,13789,1.1684,2.08,0.081014,[.00
A2C_25000_bzip2__instcount_plainmodel,12000,13712,1.1745,2.09,0.081795,[.00
A2C_25000_bzip2__instcount_plainmodel,12000,16656,0.9445,1.72,0.045737,[.00
A2C_25000_bzip2__instcount_plainmodel,12000,13861,1.1628,2.07,0.082229,[.00
A2C_25000_bzip2__instcount_plainmodel,12000,13728,1.1732,2.09,0.08195,[.00
A2C_25000_bzip2__instcount_plainmodel,12000,13744,1.1720,2.09,0.084941,[.00
A2C_25000_bzip2__instcount_plainmodel,12000,16371,0.9668,1.75,0.048362,[.00
A2C_25000_bzip2__instcount_plainmodel,12000,13852,1.1635,2.07,0.085723,[.00
A2C_25000_bzip2__instcount_plainmodel,12000,16833,0.9307,1.70,0.045653,[.00
A2C_25000_bzip2__instcount_plainmodel,12000,13846,1.1640,2.07,0.083478,[.00
A2C_25000_bzip2__instcount_plainmodel,12000,16925,0.9235,1.69,0.046958,[.00
A2C_25000_bzip2__instcount_plainmodel,12000,13863,1.1627,2.07,0.085317,[.00
A2C_25000_bzip2__instcount_plainmodel,12000,16739,0.9380,1.71,0.046824,[.00
A2C_25000_bzip2__instcount_plainmodel,12000,16428,0.9623,1.74,0.044925,[.00
A2C_25000_bzip2__instcount_plainmodel,12000,16515,0.9555,1.74,0.045595,[.00
A2C_25000_bzip2__instcount_plainmodel,12000,14704,1.0970,1.95,0.085882,[.00
A2C_25000_bzip2__instcount_plainmodel,12000,13789,1.1684,2.08,0.08261,[.00
A2C_25000_bzip2__instcount_plainmodel,12000,14265,1.1313,2.01,0.086515,[.00
A2C_25000_bzip2__instcount_plainmodel,12000,16780,0.9348,1.71,0.045294,[.00
A2C_25000_bzip2__instcount_plainmodel,12000,13824,1.1657,2.07,0.087092,[.00
A2C_25000_bzip2__instcount_plainmodel,12000,13878,1.1615,2.07,0.084375,[.00
A2C_25000_bzip2__instcount_plainmodel,12000,13850,1.1637,2.07,0.083889,[.00
A2C_25000_bzip2__instcount_plainmodel,12000,14778,1.0912,1.94,0.079326,[.00
A2C_25000_bzip2__instcount_plainmodel,12000,16702,0.9409,1.72,0.046443,[.00
A2C_25000_bzip2__instcount_plainmodel,12000,13858,1.1630,2.07,0.083414,[.00
A2C_25000_bzip2__instcount_plainmodel,12000,13809,1.1669,2.08,0.092194,[.00
A2C_25000_bzip2__instcount_plainmodel,12000,24522,0.3301,1.17,0.04771,[.00
A2C_25000_bzip2__instcount_plainmodel,12000,13860,1.1629,2.07,0.085204,[.00
A2C_25000_bzip2__instcount_plainmodel,12000,13861,1.1628,2.07,0.085316,[.00
A2C_25000_bzip2__instcount_plainmodel,12000,13860,1.1629,2.07,0.087959,[.00
A2C_25000_bzip2__instcount_plainmodel,12000,16299,0.9724,1.76,0.045963,[.00
A2C_25000_bzip2__instcount_plainmodel,12000,13858,1.1630,2.07,0.081378,[.00
A2C_25000_bzip2__instcount_plainmodel,12000,16459,0.9599,1.74,0.047786,[.00
A2C_25000_bzip2__instcount_plainmodel,12000,13797,1.1678,2.08,0.083831,[.00
A2C_25000_bzip2__instcount_plainmodel,12000,13859,1.1630,2.07,0.085503,[.00
A2C_25000_bzip2__instcount_plainmodel,12000,13779,1.1692,2.08,0.084911,[.00
A2C_25000_bzip2__instcount_plainmodel,13000,13741,1.1722,2.09,0.084926,[.00
A2C_25000_bzip2__instcount_plainmodel,13000,13735,1.1727,2.09,0.089575,[.00
A2C_25000_bzip2__instcount_plainmodel,13000,13802,1.1674,2.08,0.080315,[.00
A2C_25000_bzip2__instcount_plainmodel,13000,13791,1.1683,2.08,0.082149,[.00
A2C_25000_bzip2__instcount_plainmodel,13000,13725,1.1734,2.09,0.083908,[.00
A2C_25000_bzip2__instcount_plainmodel,13000,13684,1.1766,2.10,0.084326,[.00
A2C_25000_bzip2__instcount_plainmodel,13000,13682,1.1768,2.10,0.083764,[.00
A2C_25000_bzip2__instcount_plainmodel,13000,14374,1.1227,2.00,0.089178,[.00
A2C_25000_bzip2__instcount_plainmodel,13000,13679,1.1770,2.10,0.091745,[.00
A2C_25000_bzip2__instcount_plainmodel,13000,13705,1.1750,2.09,0.080867,[.00
A2C_25000_bzip2__instcount_plainmodel,13000,13685,1.1766,2.10,0.080193,[.00
A2C_25000_bzip2__instcount_plainmodel,13000,13800,1.1676,2.08,0.098177,[.00
A2C_25000_bzip2__instcount_plainmodel,13000,13886,1.1609,2.07,0.08448,[.00
A2C_25000_bzip2__instcount_plainmodel,13000,13611,1.1823,2.11,0.078782,[.00
A2C_25000_bzip2__instcount_plainmodel,13000,13739,1.1723,2.09,0.080935,[.00
A2C_25000_bzip2__instcount_plainmodel,13000,13797,1.1678,2.08,0.083668,[.00
A2C_25000_bzip2__instcount_plainmodel,13000,30505,-0.1372,0.94,0.084163,[.00
A2C_25000_bzip2__instcount_plainmodel,13000,13743,1.1720,2.09,0.085697,[.00
A2C_25000_bzip2__instcount_plainmodel,13000,13736,1.1726,2.09,0.082425,[.00
A2C_25000_bzip2__instcount_plainmodel,13000,13836,1.1648,2.07,0.085602,[.00
A2C_25000_bzip2__instcount_plainmodel,13000,13855,1.1633,2.07,0.083633,[.00
A2C_25000_bzip2__instcount_plainmodel,13000,13862,1.1627,2.07,0.087928,[.00
A2C_25000_bzip2__instcount_plainmodel,13000,13680,1.1770,2.10,0.082928,[.00
A2C_25000_bzip2__instcount_plainmodel,13000,13789,1.1684,2.08,0.083541,[.00
A2C_25000_bzip2__instcount_plainmodel,13000,13688,1.1763,2.10,0.084036,[.00
A2C_25000_bzip2__instcount_plainmodel,13000,13710,1.1746,2.09,0.083004,[.00
A2C_25000_bzip2__instcount_plainmodel,13000,13847,1.1639,2.07,0.08793,[.00
A2C_25000_bzip2__instcount_plainmodel,13000,13759,1.1708,2.08,0.08126,[.00
A2C_25000_bzip2__instcount_plainmodel,13000,13689,1.1763,2.10,0.079399,[.00
A2C_25000_bzip2__instcount_plainmodel,13000,13779,1.1692,2.08,0.084073,[.00
A2C_25000_bzip2__instcount_plainmodel,13000,13758,1.1709,2.08,0.080877,[.00
A2C_25000_bzip2__instcount_plainmodel,13000,13699,1.1755,2.09,0.077857,[.00
A2C_25000_bzip2__instcount_plainmodel,13000,13739,1.1723,2.09,0.087405,[.00
A2C_25000_bzip2__instcount_plainmodel,13000,13661,1.1784,2.10,0.082097,[.00
A2C_25000_bzip2__instcount_plainmodel,13000,13762,1.1705,2.08,0.082879,[.00
A2C_25000_bzip2__instcount_plainmodel,13000,13797,1.1678,2.08,0.082837,[.00
A2C_25000_bzip2__instcount_plainmodel,13000,13739,1.1723,2.09,0.083085,[.00
A2C_25000_bzip2__instcount_plainmodel,13000,13860,1.1629,2.07,0.086676,[.00
A2C_25000_bzip2__instcount_plainmodel,13000,13757,1.1709,2.08,0.085327,[.00
A2C_25000_bzip2__instcount_plainmodel,13000,13853,1.1634,2.07,0.085162,[.00
A2C_25000_bzip2__instcount_plainmodel,13000,13734,1.1727,2.09,0.085199,[.00
A2C_25000_bzip2__instcount_plainmodel,13000,13849,1.1638,2.07,0.085748,[.00
A2C_25000_bzip2__instcount_plainmodel,13000,13760,1.1707,2.08,0.088089,[.00
A2C_25000_bzip2__instcount_plainmodel,13000,13749,1.1716,2.09,0.087627,[.00
A2C_25000_bzip2__instcount_plainmodel,13000,17052,0.9136,1.68,0.084935,[.00
A2C_25000_bzip2__instcount_plainmodel,13000,13680,1.1770,2.10,0.085203,[.00
A2C_25000_bzip2__instcount_plainmodel,13000,13795,1.1680,2.08,0.085335,[.00
A2C_25000_bzip2__instcount_plainmodel,13000,13732,1.1729,2.09,0.085499,[.00
A2C_25000_bzip2__instcount_plainmodel,13000,13827,1.1655,2.07,0.082539,[.00
A2C_25000_bzip2__instcount_plainmodel,13000,13853,1.1634,2.07,0.086677,[.00
A2C_25000_bzip2__instcount_plainmodel,13000,13689,1.1763,2.10,0.081467,[.00
A2C_25000_bzip2__instcount_plainmodel,13000,13738,1.1724,2.09,0.080836,[.00
A2C_25000_bzip2__instcount_plainmodel,13000,13729,1.1731,2.09,0.081277,[.00
A2C_25000_bzip2__instcount_plainmodel,13000,13722,1.1737,2.09,0.082107,[.00
A2C_25000_bzip2__instcount_plainmodel,13000,13628,1.1810,2.10,0.07995,[.00
A2C_25000_bzip2__instcount_plainmodel,13000,13735,1.1727,2.09,0.085878,[.00
A2C_25000_bzip2__instcount_plainmodel,13000,13855,1.1633,2.07,0.085257,[.00
A2C_25000_bzip2__instcount_plainmodel,13000,13684,1.1766,2.10,0.081797,[.00
A2C_25000_bzip2__instcount_plainmodel,13000,13794,1.1680,2.08,0.081688,[.00
A2C_25000_bzip2__instcount_plainmodel,13000,13862,1.1627,2.07,0.078938,[.00
A2C_25000_bzip2__instcount_plainmodel,13000,13782,1.1690,2.08,0.081297,[.00
A2C_25000_bzip2__instcount_plainmodel,13000,13695,1.1758,2.09,0.078648,[.00
A2C_25000_bzip2__instcount_plainmodel,13000,13750,1.1715,2.09,0.080424,[.00
A2C_25000_bzip2__instcount_plainmodel,13000,13793,1.1681,2.08,0.083458,[.00
A2C_25000_bzip2__instcount_plainmodel,13000,13741,1.1722,2.09,0.082421,[.00
A2C_25000_bzip2__instcount_plainmodel,13000,13853,1.1634,2.07,0.083696,[.00
A2C_25000_bzip2__instcount_plainmodel,13000,13852,1.1635,2.07,0.083238,[.00
A2C_25000_bzip2__instcount_plainmodel,13000,14139,1.1411,2.03,0.083611,[.00
A2C_25000_bzip2__instcount_plainmodel,13000,13848,1.1638,2.07,0.083683,[.00
A2C_25000_bzip2__instcount_plainmodel,13000,13606,1.1827,2.11,0.0815,[.00
A2C_25000_bzip2__instcount_plainmodel,13000,13632,1.1807,2.10,0.078575,[.00
A2C_25000_bzip2__instcount_plainmodel,13000,13848,1.1638,2.07,0.083289,[.00
A2C_25000_bzip2__instcount_plainmodel,13000,13789,1.1684,2.08,0.07998,[.00
A2C_25000_bzip2__instcount_plainmodel,13000,13852,1.1635,2.07,0.084824,[.00
A2C_25000_bzip2__instcount_plainmodel,13000,13700,1.1754,2.09,0.084761,[.00
A2C_25000_bzip2__instcount_plainmodel,13000,13782,1.1690,2.08,0.089228,[.00
A2C_25000_bzip2__instcount_plainmodel,13000,13758,1.1709,2.08,0.083417,[.00
A2C_25000_bzip2__instcount_plainmodel,13000,13811,1.1667,2.08,0.079818,[.00
A2C_25000_bzip2__instcount_plainmodel,13000,13862,1.1627,2.07,0.082708,[.00
A2C_25000_bzip2__instcount_plainmodel,13000,13797,1.1678,2.08,0.087346,[.00
A2C_25000_bzip2__instcount_plainmodel,13000,13618,1.1818,2.11,0.087991,[.00
A2C_25000_bzip2__instcount_plainmodel,13000,13713,1.1744,2.09,0.096629,[.00
A2C_25000_bzip2__instcount_plainmodel,13000,13710,1.1746,2.09,0.084353,[.00
A2C_25000_bzip2__instcount_plainmodel,13000,13849,1.1638,2.07,0.084867,[.00
A2C_25000_bzip2__instcount_plainmodel,13000,13758,1.1709,2.08,0.080157,[.00
A2C_25000_bzip2__instcount_plainmodel,13000,13759,1.1708,2.08,0.08508,[.00
A2C_25000_bzip2__instcount_plainmodel,13000,13737,1.1725,2.09,0.083032,[.00
A2C_25000_bzip2__instcount_plainmodel,13000,13732,1.1729,2.09,0.084948,[.00
A2C_25000_bzip2__instcount_plainmodel,13000,13699,1.1755,2.09,0.082142,[.00
A2C_25000_bzip2__instcount_plainmodel,13000,13765,1.1703,2.08,0.085981,[.00
A2C_25000_bzip2__instcount_plainmodel,13000,13798,1.1677,2.08,0.089151,[.00
A2C_25000_bzip2__instcount_plainmodel,13000,13758,1.1709,2.08,0.085122,[.00
A2C_25000_bzip2__instcount_plainmodel,13000,13738,1.1724,2.09,0.084026,[.00
A2C_25000_bzip2__instcount_plainmodel,13000,13723,1.1736,2.09,0.082757,[.00
A2C_25000_bzip2__instcount_plainmodel,13000,13656,1.1788,2.10,0.080571,[.00
A2C_25000_bzip2__instcount_plainmodel,13000,13695,1.1758,2.09,0.083591,[.00
A2C_25000_bzip2__instcount_plainmodel,13000,13834,1.1649,2.07,0.081915,[.00
A2C_25000_bzip2__instcount_plainmodel,13000,13757,1.1709,2.08,0.079432,[.00
A2C_25000_bzip2__instcount_plainmodel,13000,13631,1.1808,2.10,0.079816,[.00
A2C_25000_bzip2__instcount_plainmodel,13000,13716,1.1741,2.09,0.08401,[.00
A2C_25000_bzip2__instcount_plainmodel,14000,13797,1.1678,2.08,0.086693,[.00
A2C_25000_bzip2__instcount_plainmodel,14000,14400,1.1207,1.99,0.071794,[.00
A2C_25000_bzip2__instcount_plainmodel,14000,13855,1.1633,2.07,0.08324,[.00
A2C_25000_bzip2__instcount_plainmodel,14000,16625,0.9469,1.72,0.046735,[.00
A2C_25000_bzip2__instcount_plainmodel,14000,13741,1.1722,2.09,0.080514,[.00
A2C_25000_bzip2__instcount_plainmodel,14000,13846,1.1640,2.07,0.082035,[.00
A2C_25000_bzip2__instcount_plainmodel,14000,13877,1.1616,2.07,0.083307,[.00
A2C_25000_bzip2__instcount_plainmodel,14000,16415,0.9633,1.75,0.044608,[.00
A2C_25000_bzip2__instcount_plainmodel,14000,16760,0.9364,1.71,0.047619,[.00
A2C_25000_bzip2__instcount_plainmodel,14000,16307,0.9718,1.76,0.049008,[.00
A2C_25000_bzip2__instcount_plainmodel,14000,16739,0.9380,1.71,0.047068,[.00
A2C_25000_bzip2__instcount_plainmodel,14000,16565,0.9516,1.73,0.04658,[.00
A2C_25000_bzip2__instcount_plainmodel,14000,13853,1.1634,2.07,0.082836,[.00
A2C_25000_bzip2__instcount_plainmodel,14000,13788,1.1685,2.08,0.079766,[.00
A2C_25000_bzip2__instcount_plainmodel,14000,13846,1.1640,2.07,0.088775,[.00
A2C_25000_bzip2__instcount_plainmodel,14000,13857,1.1631,2.07,0.082402,[.00
A2C_25000_bzip2__instcount_plainmodel,14000,13733,1.1728,2.09,0.082023,[.00
A2C_25000_bzip2__instcount_plainmodel,14000,13791,1.1683,2.08,0.088717,[.00
A2C_25000_bzip2__instcount_plainmodel,14000,13790,1.1684,2.08,0.085568,[.00
A2C_25000_bzip2__instcount_plainmodel,14000,16428,0.9623,1.74,0.044862,[.00
A2C_25000_bzip2__instcount_plainmodel,14000,13634,1.1805,2.10,0.086366,[.00
A2C_25000_bzip2__instcount_plainmodel,14000,13852,1.1635,2.07,0.084876,[.00
A2C_25000_bzip2__instcount_plainmodel,14000,13757,1.1709,2.08,0.079478,[.00
A2C_25000_bzip2__instcount_plainmodel,14000,13840,1.1645,2.07,0.085994,[.00
A2C_25000_bzip2__instcount_plainmodel,14000,13699,1.1755,2.09,0.079114,[.00
A2C_25000_bzip2__instcount_plainmodel,14000,13797,1.1678,2.08,0.087547,[.00
A2C_25000_bzip2__instcount_plainmodel,14000,13756,1.1710,2.08,0.07945,[.00
A2C_25000_bzip2__instcount_plainmodel,14000,13687,1.1764,2.10,0.080949,[.00
A2C_25000_bzip2__instcount_plainmodel,14000,13776,1.1695,2.08,0.085817,[.00
A2C_25000_bzip2__instcount_plainmodel,14000,13707,1.1748,2.09,0.083861,[.00
A2C_25000_bzip2__instcount_plainmodel,14000,13800,1.1676,2.08,0.079261,[.00
A2C_25000_bzip2__instcount_plainmodel,14000,16739,0.9380,1.71,0.045282,[.00
A2C_25000_bzip2__instcount_plainmodel,14000,13766,1.1702,2.08,0.09102,[.00
A2C_25000_bzip2__instcount_plainmodel,14000,13759,1.1708,2.08,0.090276,[.00
A2C_25000_bzip2__instcount_plainmodel,14000,13756,1.1710,2.08,0.08007,[.00
A2C_25000_bzip2__instcount_plainmodel,14000,13853,1.1634,2.07,0.087793,[.00
A2C_25000_bzip2__instcount_plainmodel,14000,14315,1.1274,2.00,0.086583,[.00
A2C_25000_bzip2__instcount_plainmodel,14000,13841,1.1644,2.07,0.083429,[.00
A2C_25000_bzip2__instcount_plainmodel,14000,16653,0.9447,1.72,0.047452,[.00
A2C_25000_bzip2__instcount_plainmodel,14000,13786,1.1687,2.08,0.091175,[.00
A2C_25000_bzip2__instcount_plainmodel,14000,13797,1.1678,2.08,0.086157,[.00
A2C_25000_bzip2__instcount_plainmodel,14000,16739,0.9380,1.71,0.047811,[.00
A2C_25000_bzip2__instcount_plainmodel,14000,13853,1.1634,2.07,0.088107,[.00
A2C_25000_bzip2__instcount_plainmodel,14000,13850,1.1637,2.07,0.085014,[.00
A2C_25000_bzip2__instcount_plainmodel,14000,13791,1.1683,2.08,0.079945,[.00
A2C_25000_bzip2__instcount_plainmodel,14000,13868,1.1623,2.07,0.092233,[.00
A2C_25000_bzip2__instcount_plainmodel,14000,13859,1.1630,2.07,0.085894,[.00
A2C_25000_bzip2__instcount_plainmodel,14000,13861,1.1628,2.07,0.081162,[.00
A2C_25000_bzip2__instcount_plainmodel,14000,13672,1.1776,2.10,0.089514,[.00
A2C_25000_bzip2__instcount_plainmodel,14000,13807,1.1670,2.08,0.080551,[.00
A2C_25000_bzip2__instcount_plainmodel,14000,16705,0.9407,1.72,0.048064,[.00
A2C_25000_bzip2__instcount_plainmodel,14000,16428,0.9623,1.74,0.044342,[.00
A2C_25000_bzip2__instcount_plainmodel,14000,13793,1.1681,2.08,0.097133,[.00
A2C_25000_bzip2__instcount_plainmodel,14000,13710,1.1746,2.09,0.083589,[.00
A2C_25000_bzip2__instcount_plainmodel,14000,13795,1.1680,2.08,0.087038,[.00
A2C_25000_bzip2__instcount_plainmodel,14000,13855,1.1633,2.07,0.083795,[.00
A2C_25000_bzip2__instcount_plainmodel,14000,14220,1.1348,2.02,0.084749,[.00
A2C_25000_bzip2__instcount_plainmodel,14000,13746,1.1718,2.09,0.081468,[.00
A2C_25000_bzip2__instcount_plainmodel,14000,16422,0.9628,1.75,0.046745,[.00
A2C_25000_bzip2__instcount_plainmodel,14000,13852,1.1635,2.07,0.085141,[.00
A2C_25000_bzip2__instcount_plainmodel,14000,14381,1.1222,1.99,0.082012,[.00
A2C_25000_bzip2__instcount_plainmodel,14000,13802,1.1674,2.08,0.089063,[.00
A2C_25000_bzip2__instcount_plainmodel,14000,13846,1.1640,2.07,0.083399,[.00
A2C_25000_bzip2__instcount_plainmodel,14000,13741,1.1722,2.09,0.089076,[.00
A2C_25000_bzip2__instcount_plainmodel,14000,16656,0.9445,1.72,0.047858,[.00
A2C_25000_bzip2__instcount_plainmodel,14000,13787,1.1686,2.08,0.081539,[.00
A2C_25000_bzip2__instcount_plainmodel,14000,13759,1.1708,2.08,0.082681,[.00
A2C_25000_bzip2__instcount_plainmodel,14000,16653,0.9447,1.72,0.055491,[.00
A2C_25000_bzip2__instcount_plainmodel,14000,13737,1.1725,2.09,0.080131,[.00
A2C_25000_bzip2__instcount_plainmodel,14000,13846,1.1640,2.07,0.083822,[.00
A2C_25000_bzip2__instcount_plainmodel,14000,13850,1.1637,2.07,0.085969,[.00
A2C_25000_bzip2__instcount_plainmodel,14000,13744,1.1720,2.09,0.07844,[.00
A2C_25000_bzip2__instcount_plainmodel,14000,13688,1.1763,2.10,0.082426,[.00
A2C_25000_bzip2__instcount_plainmodel,14000,13796,1.1679,2.08,0.080122,[.00
A2C_25000_bzip2__instcount_plainmodel,14000,16656,0.9445,1.72,0.049089,[.00
A2C_25000_bzip2__instcount_plainmodel,14000,13685,1.1766,2.10,0.080962,[.00
A2C_25000_bzip2__instcount_plainmodel,14000,13847,1.1639,2.07,0.081951,[.00
A2C_25000_bzip2__instcount_plainmodel,14000,13848,1.1638,2.07,0.082722,[.00
A2C_25000_bzip2__instcount_plainmodel,14000,13852,1.1635,2.07,0.082942,[.00
A2C_25000_bzip2__instcount_plainmodel,14000,16739,0.9380,1.71,0.047196,[.00
A2C_25000_bzip2__instcount_plainmodel,14000,13791,1.1683,2.08,0.083626,[.00
A2C_25000_bzip2__instcount_plainmodel,14000,16739,0.9380,1.71,0.044892,[.00
A2C_25000_bzip2__instcount_plainmodel,14000,16341,0.9691,1.75,0.0466,[.00
A2C_25000_bzip2__instcount_plainmodel,14000,13866,1.1624,2.07,0.083942,[.00
A2C_25000_bzip2__instcount_plainmodel,14000,13740,1.1723,2.09,0.079172,[.00
A2C_25000_bzip2__instcount_plainmodel,14000,13859,1.1630,2.07,0.100858,[.00
A2C_25000_bzip2__instcount_plainmodel,14000,13925,1.1578,2.06,0.085238,[.00
A2C_25000_bzip2__instcount_plainmodel,14000,13852,1.1635,2.07,0.081911,[.00
A2C_25000_bzip2__instcount_plainmodel,14000,13698,1.1755,2.09,0.080922,[.00
A2C_25000_bzip2__instcount_plainmodel,14000,13725,1.1734,2.09,0.0791,[.00
A2C_25000_bzip2__instcount_plainmodel,14000,13748,1.1716,2.09,0.080684,[.00
A2C_25000_bzip2__instcount_plainmodel,14000,13790,1.1684,2.08,0.100954,[.00
A2C_25000_bzip2__instcount_plainmodel,14000,13855,1.1633,2.07,0.106022,[.00
A2C_25000_bzip2__instcount_plainmodel,14000,13842,1.1643,2.07,0.086579,[.00
A2C_25000_bzip2__instcount_plainmodel,14000,13787,1.1686,2.08,0.082109,[.00
A2C_25000_bzip2__instcount_plainmodel,14000,13846,1.1640,2.07,0.084644,[.00
A2C_25000_bzip2__instcount_plainmodel,14000,16707,0.9405,1.72,0.047264,[.00
A2C_25000_bzip2__instcount_plainmodel,14000,13797,1.1678,2.08,0.088347,[.00
A2C_25000_bzip2__instcount_plainmodel,14000,13797,1.1678,2.08,0.079559,[.00
A2C_25000_bzip2__instcount_plainmodel,14000,16656,0.9445,1.72,0.045193,[.00
A2C_25000_bzip2__instcount_plainmodel,15000,13734,1.1727,2.09,0.092588,[.00
A2C_25000_bzip2__instcount_plainmodel,15000,13757,1.1709,2.08,0.091213,[.00
A2C_25000_bzip2__instcount_plainmodel,15000,13710,1.1746,2.09,0.086646,[.00
A2C_25000_bzip2__instcount_plainmodel,15000,13684,1.1766,2.10,0.082191,[.00
A2C_25000_bzip2__instcount_plainmodel,15000,13852,1.1635,2.07,0.091925,[.00
A2C_25000_bzip2__instcount_plainmodel,15000,13776,1.1695,2.08,0.084255,[.00
A2C_25000_bzip2__instcount_plainmodel,15000,13759,1.1708,2.08,0.082514,[.00
A2C_25000_bzip2__instcount_plainmodel,15000,13682,1.1768,2.10,0.080984,[.00
A2C_25000_bzip2__instcount_plainmodel,15000,13734,1.1727,2.09,0.09868,[.00
A2C_25000_bzip2__instcount_plainmodel,15000,13729,1.1731,2.09,0.091993,[.00
A2C_25000_bzip2__instcount_plainmodel,15000,13713,1.1744,2.09,0.085449,[.00
A2C_25000_bzip2__instcount_plainmodel,15000,13710,1.1746,2.09,0.081112,[.00
A2C_25000_bzip2__instcount_plainmodel,15000,13858,1.1630,2.07,0.08249,[.00
A2C_25000_bzip2__instcount_plainmodel,15000,13851,1.1636,2.07,0.088345,[.00
A2C_25000_bzip2__instcount_plainmodel,15000,13688,1.1763,2.10,0.081874,[.00
A2C_25000_bzip2__instcount_plainmodel,15000,13735,1.1727,2.09,0.080756,[.00
A2C_25000_bzip2__instcount_plainmodel,15000,13684,1.1766,2.10,0.081916,[.00
A2C_25000_bzip2__instcount_plainmodel,15000,13687,1.1764,2.10,0.084232,[.00
A2C_25000_bzip2__instcount_plainmodel,15000,13729,1.1731,2.09,0.082948,[.00
A2C_25000_bzip2__instcount_plainmodel,15000,13861,1.1628,2.07,0.087212,[.00
A2C_25000_bzip2__instcount_plainmodel,15000,13684,1.1766,2.10,0.082139,[.00
A2C_25000_bzip2__instcount_plainmodel,15000,14113,1.1431,2.03,0.082964,[.00
A2C_25000_bzip2__instcount_plainmodel,15000,13713,1.1744,2.09,0.09114,[.00
A2C_25000_bzip2__instcount_plainmodel,15000,13729,1.1731,2.09,0.08296,[.00
A2C_25000_bzip2__instcount_plainmodel,15000,13622,1.1815,2.11,0.081224,[.00
A2C_25000_bzip2__instcount_plainmodel,15000,13713,1.1744,2.09,0.0895,[.00
A2C_25000_bzip2__instcount_plainmodel,15000,13684,1.1766,2.10,0.082923,[.00
A2C_25000_bzip2__instcount_plainmodel,15000,13776,1.1695,2.08,0.083212,[.00
A2C_25000_bzip2__instcount_plainmodel,15000,13710,1.1746,2.09,0.083065,[.00
A2C_25000_bzip2__instcount_plainmodel,15000,13710,1.1746,2.09,0.087387,[.00
A2C_25000_bzip2__instcount_plainmodel,15000,13700,1.1754,2.09,0.08387,[.00
A2C_25000_bzip2__instcount_plainmodel,15000,14596,1.1054,1.96,0.079777,[.00
A2C_25000_bzip2__instcount_plainmodel,15000,13777,1.1694,2.08,0.081485,[.00
A2C_25000_bzip2__instcount_plainmodel,15000,13710,1.1746,2.09,0.087547,[.00
A2C_25000_bzip2__instcount_plainmodel,15000,13758,1.1709,2.08,0.088039,[.00
A2C_25000_bzip2__instcount_plainmodel,15000,13740,1.1723,2.09,0.081714,[.00
A2C_25000_bzip2__instcount_plainmodel,15000,13858,1.1630,2.07,0.082822,[.00
A2C_25000_bzip2__instcount_plainmodel,15000,16363,0.9674,1.75,0.084096,[.00
A2C_25000_bzip2__instcount_plainmodel,15000,13758,1.1709,2.08,0.084074,[.00
A2C_25000_bzip2__instcount_plainmodel,15000,13735,1.1727,2.09,0.081337,[.00
A2C_25000_bzip2__instcount_plainmodel,15000,13684,1.1766,2.10,0.082057,[.00
A2C_25000_bzip2__instcount_plainmodel,15000,13692,1.1760,2.09,0.081025,[.00
A2C_25000_bzip2__instcount_plainmodel,15000,13699,1.1755,2.09,0.087345,[.00
A2C_25000_bzip2__instcount_plainmodel,15000,13737,1.1725,2.09,0.085673,[.00
A2C_25000_bzip2__instcount_plainmodel,15000,13759,1.1708,2.08,0.083189,[.00
A2C_25000_bzip2__instcount_plainmodel,15000,13776,1.1695,2.08,0.083103,[.00
A2C_25000_bzip2__instcount_plainmodel,15000,13758,1.1709,2.08,0.083879,[.00
A2C_25000_bzip2__instcount_plainmodel,15000,13867,1.1623,2.07,0.084582,[.00
A2C_25000_bzip2__instcount_plainmodel,15000,13759,1.1708,2.08,0.08278,[.00
A2C_25000_bzip2__instcount_plainmodel,15000,13750,1.1715,2.09,0.082958,[.00
A2C_25000_bzip2__instcount_plainmodel,15000,13866,1.1624,2.07,0.082847,[.00
A2C_25000_bzip2__instcount_plainmodel,15000,13860,1.1629,2.07,0.082376,[.00
A2C_25000_bzip2__instcount_plainmodel,15000,13710,1.1746,2.09,0.088852,[.00
A2C_25000_bzip2__instcount_plainmodel,15000,13712,1.1745,2.09,0.087793,[.00
A2C_25000_bzip2__instcount_plainmodel,15000,13707,1.1748,2.09,0.08185,[.00
A2C_25000_bzip2__instcount_plainmodel,15000,13713,1.1744,2.09,0.086695,[.00
A2C_25000_bzip2__instcount_plainmodel,15000,13699,1.1755,2.09,0.084121,[.00
A2C_25000_bzip2__instcount_plainmodel,15000,13724,1.1735,2.09,0.082954,[.00
A2C_25000_bzip2__instcount_plainmodel,15000,13707,1.1748,2.09,0.080799,[.00
A2C_25000_bzip2__instcount_plainmodel,15000,13785,1.1688,2.08,0.080636,[.00
A2C_25000_bzip2__instcount_plainmodel,15000,13758,1.1709,2.08,0.087278,[.00
A2C_25000_bzip2__instcount_plainmodel,15000,13855,1.1633,2.07,0.08138,[.00
A2C_25000_bzip2__instcount_plainmodel,15000,13732,1.1729,2.09,0.083007,[.00
A2C_25000_bzip2__instcount_plainmodel,15000,13717,1.1741,2.09,0.079489,[.00
A2C_25000_bzip2__instcount_plainmodel,15000,13737,1.1725,2.09,0.087968,[.00
A2C_25000_bzip2__instcount_plainmodel,15000,13683,1.1767,2.10,0.084037,[.00
A2C_25000_bzip2__instcount_plainmodel,15000,13710,1.1746,2.09,0.0834,[.00
A2C_25000_bzip2__instcount_plainmodel,15000,16759,0.9364,1.71,0.084891,[.00
A2C_25000_bzip2__instcount_plainmodel,15000,13699,1.1755,2.09,0.085783,[.00
A2C_25000_bzip2__instcount_plainmodel,15000,13790,1.1684,2.08,0.086912,[.00
A2C_25000_bzip2__instcount_plainmodel,15000,13729,1.1731,2.09,0.081763,[.00
A2C_25000_bzip2__instcount_plainmodel,15000,13758,1.1709,2.08,0.085011,[.00
A2C_25000_bzip2__instcount_plainmodel,15000,13758,1.1709,2.08,0.083235,[.00
A2C_25000_bzip2__instcount_plainmodel,15000,13707,1.1748,2.09,0.082498,[.00
A2C_25000_bzip2__instcount_plainmodel,15000,13684,1.1766,2.10,0.081493,[.00
A2C_25000_bzip2__instcount_plainmodel,15000,13699,1.1755,2.09,0.08582,[.00
A2C_25000_bzip2__instcount_plainmodel,15000,13684,1.1766,2.10,0.08228,[.00
A2C_25000_bzip2__instcount_plainmodel,15000,13710,1.1746,2.09,0.087379,[.00
A2C_25000_bzip2__instcount_plainmodel,15000,13867,1.1623,2.07,0.082702,[.00
A2C_25000_bzip2__instcount_plainmodel,15000,13710,1.1746,2.09,0.085001,[.00
A2C_25000_bzip2__instcount_plainmodel,15000,13674,1.1774,2.10,0.083603,[.00
A2C_25000_bzip2__instcount_plainmodel,15000,13844,1.1641,2.07,0.087604,[.00
A2C_25000_bzip2__instcount_plainmodel,15000,13686,1.1765,2.10,0.084085,[.00
A2C_25000_bzip2__instcount_plainmodel,15000,13717,1.1741,2.09,0.092147,[.00
A2C_25000_bzip2__instcount_plainmodel,15000,13427,1.1967,2.14,0.085468,[.00
A2C_25000_bzip2__instcount_plainmodel,15000,13712,1.1745,2.09,0.084202,[.00
A2C_25000_bzip2__instcount_plainmodel,15000,13732,1.1729,2.09,0.090164,[.00
A2C_25000_bzip2__instcount_plainmodel,15000,13691,1.1761,2.09,0.083708,[.00
A2C_25000_bzip2__instcount_plainmodel,15000,16764,0.9361,1.71,0.084666,[.00
A2C_25000_bzip2__instcount_plainmodel,15000,13713,1.1744,2.09,0.078892,[.00
A2C_25000_bzip2__instcount_plainmodel,15000,13707,1.1748,2.09,0.086433,[.00
A2C_25000_bzip2__instcount_plainmodel,15000,13758,1.1709,2.08,0.089811,[.00
A2C_25000_bzip2__instcount_plainmodel,15000,13770,1.1699,2.08,0.094906,[.00
A2C_25000_bzip2__instcount_plainmodel,15000,13607,1.1827,2.11,0.084497,[.00
A2C_25000_bzip2__instcount_plainmodel,15000,13684,1.1766,2.10,0.083637,[.00
A2C_25000_bzip2__instcount_plainmodel,15000,13729,1.1731,2.09,0.078043,[.00
A2C_25000_bzip2__instcount_plainmodel,15000,13759,1.1708,2.08,0.082766,[.00
A2C_25000_bzip2__instcount_plainmodel,15000,13712,1.1745,2.09,0.085555,[.00
A2C_25000_bzip2__instcount_plainmodel,15000,13868,1.1623,2.07,0.079065,[.00
A2C_25000_bzip2__instcount_plainmodel,15000,13867,1.1623,2.07,0.085638,[.00
A2C_25000_bzip2__instcount_plainmodel,16000,13687,1.1764,2.10,0.083247,[.00
A2C_25000_bzip2__instcount_plainmodel,16000,13751,1.1714,2.09,0.089844,[.00
A2C_25000_bzip2__instcount_plainmodel,16000,13696,1.1757,2.09,0.084328,[.00
A2C_25000_bzip2__instcount_plainmodel,16000,13735,1.1727,2.09,0.082741,[.00
A2C_25000_bzip2__instcount_plainmodel,16000,13729,1.1731,2.09,0.081974,[.00
A2C_25000_bzip2__instcount_plainmodel,16000,13738,1.1724,2.09,0.081877,[.00
A2C_25000_bzip2__instcount_plainmodel,16000,14335,1.1258,2.00,0.082719,[.00
A2C_25000_bzip2__instcount_plainmodel,16000,13734,1.1727,2.09,0.082025,[.00
A2C_25000_bzip2__instcount_plainmodel,16000,13738,1.1724,2.09,0.081254,[.00
A2C_25000_bzip2__instcount_plainmodel,16000,13732,1.1729,2.09,0.082811,[.00
A2C_25000_bzip2__instcount_plainmodel,16000,13732,1.1729,2.09,0.083591,[.00
A2C_25000_bzip2__instcount_plainmodel,16000,13710,1.1746,2.09,0.084099,[.00
A2C_25000_bzip2__instcount_plainmodel,16000,13682,1.1768,2.10,0.082218,[.00
A2C_25000_bzip2__instcount_plainmodel,16000,13732,1.1729,2.09,0.085025,[.00
A2C_25000_bzip2__instcount_plainmodel,16000,13710,1.1746,2.09,0.083059,[.00
A2C_25000_bzip2__instcount_plainmodel,16000,13682,1.1768,2.10,0.080544,[.00
A2C_25000_bzip2__instcount_plainmodel,16000,13738,1.1724,2.09,0.079637,[.00
A2C_25000_bzip2__instcount_plainmodel,16000,13931,1.1573,2.06,0.085933,[.00
A2C_25000_bzip2__instcount_plainmodel,16000,13682,1.1768,2.10,0.07932,[.00
A2C_25000_bzip2__instcount_plainmodel,16000,13698,1.1755,2.09,0.08223,[.00
A2C_25000_bzip2__instcount_plainmodel,16000,13729,1.1731,2.09,0.082023,[.00
A2C_25000_bzip2__instcount_plainmodel,16000,13851,1.1636,2.07,0.084117,[.00
A2C_25000_bzip2__instcount_plainmodel,16000,13735,1.1727,2.09,0.083886,[.00
A2C_25000_bzip2__instcount_plainmodel,16000,13783,1.1689,2.08,0.090057,[.00
A2C_25000_bzip2__instcount_plainmodel,16000,13734,1.1727,2.09,0.08165,[.00
A2C_25000_bzip2__instcount_plainmodel,16000,13736,1.1726,2.09,0.079883,[.00
A2C_25000_bzip2__instcount_plainmodel,16000,13741,1.1722,2.09,0.082356,[.00
A2C_25000_bzip2__instcount_plainmodel,16000,13712,1.1745,2.09,0.081464,[.00
A2C_25000_bzip2__instcount_plainmodel,16000,13830,1.1652,2.07,0.089559,[.00
A2C_25000_bzip2__instcount_plainmodel,16000,13710,1.1746,2.09,0.081722,[.00
A2C_25000_bzip2__instcount_plainmodel,16000,13682,1.1768,2.10,0.082672,[.00
A2C_25000_bzip2__instcount_plainmodel,16000,13757,1.1709,2.08,0.086133,[.00
A2C_25000_bzip2__instcount_plainmodel,16000,13710,1.1746,2.09,0.086199,[.00
A2C_25000_bzip2__instcount_plainmodel,16000,13696,1.1757,2.09,0.084708,[.00
A2C_25000_bzip2__instcount_plainmodel,16000,13735,1.1727,2.09,0.082657,[.00
A2C_25000_bzip2__instcount_plainmodel,16000,13758,1.1709,2.08,0.08413,[.00
A2C_25000_bzip2__instcount_plainmodel,16000,13859,1.1630,2.07,0.083129,[.00
A2C_25000_bzip2__instcount_plainmodel,16000,13738,1.1724,2.09,0.082624,[.00
A2C_25000_bzip2__instcount_plainmodel,16000,13864,1.1626,2.07,0.082543,[.00
A2C_25000_bzip2__instcount_plainmodel,16000,13698,1.1755,2.09,0.084048,[.00
A2C_25000_bzip2__instcount_plainmodel,16000,13729,1.1731,2.09,0.080782,[.00
A2C_25000_bzip2__instcount_plainmodel,16000,13858,1.1630,2.07,0.084363,[.00
A2C_25000_bzip2__instcount_plainmodel,16000,13853,1.1634,2.07,0.082974,[.00
A2C_25000_bzip2__instcount_plainmodel,16000,13682,1.1768,2.10,0.081794,[.00
A2C_25000_bzip2__instcount_plainmodel,16000,13798,1.1677,2.08,0.080002,[.00
A2C_25000_bzip2__instcount_plainmodel,16000,13719,1.1739,2.09,0.083653,[.00
A2C_25000_bzip2__instcount_plainmodel,16000,13718,1.1740,2.09,0.087875,[.00
A2C_25000_bzip2__instcount_plainmodel,16000,13763,1.1705,2.08,0.087353,[.00
A2C_25000_bzip2__instcount_plainmodel,16000,13858,1.1630,2.07,0.085006,[.00
A2C_25000_bzip2__instcount_plainmodel,16000,13685,1.1766,2.10,0.081433,[.00
A2C_25000_bzip2__instcount_plainmodel,16000,13710,1.1746,2.09,0.082076,[.00
A2C_25000_bzip2__instcount_plainmodel,16000,13949,1.1559,2.06,0.084364,[.00
A2C_25000_bzip2__instcount_plainmodel,16000,13803,1.1673,2.08,0.0843,[.00
A2C_25000_bzip2__instcount_plainmodel,16000,13710,1.1746,2.09,0.085424,[.00
A2C_25000_bzip2__instcount_plainmodel,16000,13710,1.1746,2.09,0.085389,[.00
A2C_25000_bzip2__instcount_plainmodel,16000,13734,1.1727,2.09,0.081296,[.00
A2C_25000_bzip2__instcount_plainmodel,16000,13684,1.1766,2.10,0.078522,[.00
A2C_25000_bzip2__instcount_plainmodel,16000,13710,1.1746,2.09,0.084641,[.00
A2C_25000_bzip2__instcount_plainmodel,16000,13690,1.1762,2.09,0.084376,[.00
A2C_25000_bzip2__instcount_plainmodel,16000,13875,1.1617,2.07,0.084735,[.00
A2C_25000_bzip2__instcount_plainmodel,16000,13707,1.1748,2.09,0.078922,[.00
A2C_25000_bzip2__instcount_plainmodel,16000,13689,1.1763,2.10,0.08194,[.00
A2C_25000_bzip2__instcount_plainmodel,16000,13737,1.1725,2.09,0.085484,[.00
A2C_25000_bzip2__instcount_plainmodel,16000,13684,1.1766,2.10,0.080469,[.00
A2C_25000_bzip2__instcount_plainmodel,16000,13690,1.1762,2.09,0.082791,[.00
A2C_25000_bzip2__instcount_plainmodel,16000,13734,1.1727,2.09,0.082055,[.00
A2C_25000_bzip2__instcount_plainmodel,16000,13707,1.1748,2.09,0.077899,[.00
A2C_25000_bzip2__instcount_plainmodel,16000,13844,1.1641,2.07,0.091863,[.00
A2C_25000_bzip2__instcount_plainmodel,16000,13870,1.1621,2.07,0.08474,[.00
A2C_25000_bzip2__instcount_plainmodel,16000,13707,1.1748,2.09,0.078172,[.00
A2C_25000_bzip2__instcount_plainmodel,16000,13858,1.1630,2.07,0.090338,[.00
A2C_25000_bzip2__instcount_plainmodel,16000,13684,1.1766,2.10,0.084765,[.00
A2C_25000_bzip2__instcount_plainmodel,16000,13790,1.1684,2.08,0.081921,[.00
A2C_25000_bzip2__instcount_plainmodel,16000,13732,1.1729,2.09,0.079007,[.00
A2C_25000_bzip2__instcount_plainmodel,16000,13710,1.1746,2.09,0.081809,[.00
A2C_25000_bzip2__instcount_plainmodel,16000,13738,1.1724,2.09,0.081123,[.00
A2C_25000_bzip2__instcount_plainmodel,16000,13710,1.1746,2.09,0.09271,[.00
A2C_25000_bzip2__instcount_plainmodel,16000,13737,1.1725,2.09,0.081716,[.00
A2C_25000_bzip2__instcount_plainmodel,16000,13874,1.1618,2.07,0.087794,[.00
A2C_25000_bzip2__instcount_plainmodel,16000,13767,1.1702,2.08,0.082909,[.00
A2C_25000_bzip2__instcount_plainmodel,16000,13793,1.1681,2.08,0.085095,[.00
A2C_25000_bzip2__instcount_plainmodel,16000,13895,1.1602,2.06,0.085807,[.00
A2C_25000_bzip2__instcount_plainmodel,16000,13696,1.1757,2.09,0.083679,[.00
A2C_25000_bzip2__instcount_plainmodel,16000,13758,1.1709,2.08,0.083811,[.00
A2C_25000_bzip2__instcount_plainmodel,16000,13684,1.1766,2.10,0.081163,[.00
A2C_25000_bzip2__instcount_plainmodel,16000,13858,1.1630,2.07,0.081803,[.00
A2C_25000_bzip2__instcount_plainmodel,16000,13710,1.1746,2.09,0.081101,[.00
A2C_25000_bzip2__instcount_plainmodel,16000,13735,1.1727,2.09,0.079551,[.00
A2C_25000_bzip2__instcount_plainmodel,16000,13741,1.1722,2.09,0.080343,[.00
A2C_25000_bzip2__instcount_plainmodel,16000,13848,1.1638,2.07,0.083287,[.00
A2C_25000_bzip2__instcount_plainmodel,16000,13707,1.1748,2.09,0.078967,[.00
A2C_25000_bzip2__instcount_plainmodel,16000,13682,1.1768,2.10,0.086685,[.00
A2C_25000_bzip2__instcount_plainmodel,16000,13879,1.1614,2.07,0.089265,[.00
A2C_25000_bzip2__instcount_plainmodel,16000,13707,1.1748,2.09,0.078738,[.00
A2C_25000_bzip2__instcount_plainmodel,16000,13711,1.1745,2.09,0.078134,[.00
A2C_25000_bzip2__instcount_plainmodel,16000,13741,1.1722,2.09,0.080258,[.00
A2C_25000_bzip2__instcount_plainmodel,16000,13859,1.1630,2.07,0.081799,[.00
A2C_25000_bzip2__instcount_plainmodel,16000,13859,1.1630,2.07,0.086489,[.00
A2C_25000_bzip2__instcount_plainmodel,16000,13707,1.1748,2.09,0.080878,[.00
A2C_25000_bzip2__instcount_plainmodel,16000,13682,1.1768,2.10,0.086697,[.00
A2C_25000_bzip2__instcount_plainmodel,17000,13682,1.1768,2.10,0.087184,[.00
A2C_25000_bzip2__instcount_plainmodel,17000,13861,1.1628,2.07,0.088615,[.00
A2C_25000_bzip2__instcount_plainmodel,17000,13940,1.1566,2.06,0.082221,[.00
A2C_25000_bzip2__instcount_plainmodel,17000,13745,1.1719,2.09,0.087901,[.00
A2C_25000_bzip2__instcount_plainmodel,17000,13734,1.1727,2.09,0.081203,[.00
A2C_25000_bzip2__instcount_plainmodel,17000,13738,1.1724,2.09,0.083869,[.00
A2C_25000_bzip2__instcount_plainmodel,17000,13738,1.1724,2.09,0.079968,[.00
A2C_25000_bzip2__instcount_plainmodel,17000,13836,1.1648,2.07,0.083612,[.00
A2C_25000_bzip2__instcount_plainmodel,17000,13852,1.1635,2.07,0.08798,[.00
A2C_25000_bzip2__instcount_plainmodel,17000,13856,1.1632,2.07,0.083707,[.00
A2C_25000_bzip2__instcount_plainmodel,17000,13749,1.1716,2.09,0.078921,[.00
A2C_25000_bzip2__instcount_plainmodel,17000,13743,1.1720,2.09,0.082884,[.00
A2C_25000_bzip2__instcount_plainmodel,17000,13855,1.1633,2.07,0.08798,[.00
A2C_25000_bzip2__instcount_plainmodel,17000,13860,1.1629,2.07,0.086997,[.00
A2C_25000_bzip2__instcount_plainmodel,17000,13857,1.1631,2.07,0.083613,[.00
A2C_25000_bzip2__instcount_plainmodel,17000,13732,1.1729,2.09,0.082132,[.00
A2C_25000_bzip2__instcount_plainmodel,17000,13852,1.1635,2.07,0.08674,[.00
A2C_25000_bzip2__instcount_plainmodel,17000,13896,1.1601,2.06,0.08816,[.00
A2C_25000_bzip2__instcount_plainmodel,17000,13814,1.1665,2.08,0.08786,[.00
A2C_25000_bzip2__instcount_plainmodel,17000,13853,1.1634,2.07,0.084629,[.00
A2C_25000_bzip2__instcount_plainmodel,17000,13790,1.1684,2.08,0.085558,[.00
A2C_25000_bzip2__instcount_plainmodel,17000,13867,1.1623,2.07,0.086048,[.00
A2C_25000_bzip2__instcount_plainmodel,17000,13859,1.1630,2.07,0.086946,[.00
A2C_25000_bzip2__instcount_plainmodel,17000,13699,1.1755,2.09,0.082277,[.00
A2C_25000_bzip2__instcount_plainmodel,17000,13828,1.1654,2.07,0.084081,[.00
A2C_25000_bzip2__instcount_plainmodel,17000,13953,1.1556,2.06,0.085569,[.00
A2C_25000_bzip2__instcount_plainmodel,17000,13732,1.1729,2.09,0.07917,[.00
A2C_25000_bzip2__instcount_plainmodel,17000,14321,1.1269,2.00,0.084065,[.00
A2C_25000_bzip2__instcount_plainmodel,17000,13758,1.1709,2.08,0.083688,[.00
A2C_25000_bzip2__instcount_plainmodel,17000,13820,1.1660,2.08,0.090497,[.00
A2C_25000_bzip2__instcount_plainmodel,17000,13782,1.1690,2.08,0.085428,[.00
A2C_25000_bzip2__instcount_plainmodel,17000,13847,1.1639,2.07,0.090515,[.00
A2C_25000_bzip2__instcount_plainmodel,17000,13710,1.1746,2.09,0.089475,[.00
A2C_25000_bzip2__instcount_plainmodel,17000,14195,1.1367,2.02,0.08686,[.00
A2C_25000_bzip2__instcount_plainmodel,17000,13859,1.1630,2.07,0.088168,[.00
A2C_25000_bzip2__instcount_plainmodel,17000,13732,1.1729,2.09,0.08104,[.00
A2C_25000_bzip2__instcount_plainmodel,17000,13676,1.1773,2.10,0.086265,[.00
A2C_25000_bzip2__instcount_plainmodel,17000,13682,1.1768,2.10,0.083695,[.00
A2C_25000_bzip2__instcount_plainmodel,17000,13798,1.1677,2.08,0.0876,[.00
A2C_25000_bzip2__instcount_plainmodel,17000,13856,1.1632,2.07,0.084743,[.00
A2C_25000_bzip2__instcount_plainmodel,17000,13829,1.1653,2.07,0.087292,[.00
A2C_25000_bzip2__instcount_plainmodel,17000,13934,1.1571,2.06,0.085566,[.00
A2C_25000_bzip2__instcount_plainmodel,17000,13734,1.1727,2.09,0.082649,[.00
A2C_25000_bzip2__instcount_plainmodel,17000,13853,1.1634,2.07,0.087885,[.00
A2C_25000_bzip2__instcount_plainmodel,17000,13740,1.1723,2.09,0.092631,[.00
A2C_25000_bzip2__instcount_plainmodel,17000,13836,1.1648,2.07,0.083345,[.00
A2C_25000_bzip2__instcount_plainmodel,17000,13744,1.1720,2.09,0.0794,[.00
A2C_25000_bzip2__instcount_plainmodel,17000,13732,1.1729,2.09,0.078321,[.00
A2C_25000_bzip2__instcount_plainmodel,17000,13862,1.1627,2.07,0.09662,[.00
A2C_25000_bzip2__instcount_plainmodel,17000,13729,1.1731,2.09,0.081537,[.00
A2C_25000_bzip2__instcount_plainmodel,17000,13757,1.1709,2.08,0.08523,[.00
A2C_25000_bzip2__instcount_plainmodel,17000,13709,1.1747,2.09,0.08372,[.00
A2C_25000_bzip2__instcount_plainmodel,17000,13737,1.1725,2.09,0.082153,[.00
A2C_25000_bzip2__instcount_plainmodel,17000,13758,1.1709,2.08,0.084786,[.00
A2C_25000_bzip2__instcount_plainmodel,17000,13732,1.1729,2.09,0.082449,[.00
A2C_25000_bzip2__instcount_plainmodel,17000,13800,1.1676,2.08,0.081866,[.00
A2C_25000_bzip2__instcount_plainmodel,17000,13732,1.1729,2.09,0.080962,[.00
A2C_25000_bzip2__instcount_plainmodel,17000,13904,1.1595,2.06,0.086311,[.00
A2C_25000_bzip2__instcount_plainmodel,17000,13857,1.1631,2.07,0.086487,[.00
A2C_25000_bzip2__instcount_plainmodel,17000,13717,1.1741,2.09,0.082651,[.00
A2C_25000_bzip2__instcount_plainmodel,17000,13710,1.1746,2.09,0.084345,[.00
A2C_25000_bzip2__instcount_plainmodel,17000,13804,1.1673,2.08,0.085501,[.00
A2C_25000_bzip2__instcount_plainmodel,17000,13758,1.1709,2.08,0.083107,[.00
A2C_25000_bzip2__instcount_plainmodel,17000,13732,1.1729,2.09,0.082748,[.00
A2C_25000_bzip2__instcount_plainmodel,17000,13858,1.1630,2.07,0.08718,[.00
A2C_25000_bzip2__instcount_plainmodel,17000,13856,1.1632,2.07,0.08201,[.00
A2C_25000_bzip2__instcount_plainmodel,17000,13783,1.1689,2.08,0.080021,[.00
A2C_25000_bzip2__instcount_plainmodel,17000,13682,1.1768,2.10,0.084036,[.00
A2C_25000_bzip2__instcount_plainmodel,17000,13728,1.1732,2.09,0.082591,[.00
A2C_25000_bzip2__instcount_plainmodel,17000,13744,1.1720,2.09,0.07971,[.00
A2C_25000_bzip2__instcount_plainmodel,17000,13791,1.1683,2.08,0.085053,[.00
A2C_25000_bzip2__instcount_plainmodel,17000,13852,1.1635,2.07,0.083541,[.00
A2C_25000_bzip2__instcount_plainmodel,17000,13859,1.1630,2.07,0.086906,[.00
A2C_25000_bzip2__instcount_plainmodel,17000,13860,1.1629,2.07,0.0832,[.00
A2C_25000_bzip2__instcount_plainmodel,17000,13850,1.1637,2.07,0.087379,[.00
A2C_25000_bzip2__instcount_plainmodel,17000,13685,1.1766,2.10,0.079326,[.00
A2C_25000_bzip2__instcount_plainmodel,17000,13653,1.1791,2.10,0.081545,[.00
A2C_25000_bzip2__instcount_plainmodel,17000,13758,1.1709,2.08,0.08289,[.00
A2C_25000_bzip2__instcount_plainmodel,17000,13798,1.1677,2.08,0.081691,[.00
A2C_25000_bzip2__instcount_plainmodel,17000,13733,1.1728,2.09,0.080745,[.00
A2C_25000_bzip2__instcount_plainmodel,17000,13787,1.1686,2.08,0.087914,[.00
A2C_25000_bzip2__instcount_plainmodel,17000,13710,1.1746,2.09,0.084404,[.00
A2C_25000_bzip2__instcount_plainmodel,17000,13712,1.1745,2.09,0.081689,[.00
A2C_25000_bzip2__instcount_plainmodel,17000,13858,1.1630,2.07,0.083567,[.00
A2C_25000_bzip2__instcount_plainmodel,17000,13901,1.1597,2.06,0.084791,[.00
A2C_25000_bzip2__instcount_plainmodel,17000,13733,1.1728,2.09,0.092934,[.00
A2C_25000_bzip2__instcount_plainmodel,17000,13740,1.1723,2.09,0.079581,[.00
A2C_25000_bzip2__instcount_plainmodel,17000,13757,1.1709,2.08,0.081868,[.00
A2C_25000_bzip2__instcount_plainmodel,17000,13828,1.1654,2.07,0.084711,[.00
A2C_25000_bzip2__instcount_plainmodel,17000,13738,1.1724,2.09,0.08327,[.00
A2C_25000_bzip2__instcount_plainmodel,17000,13757,1.1709,2.08,0.083819,[.00
A2C_25000_bzip2__instcount_plainmodel,17000,13847,1.1639,2.07,0.086251,[.00
A2C_25000_bzip2__instcount_plainmodel,17000,13732,1.1729,2.09,0.08071,[.00
A2C_25000_bzip2__instcount_plainmodel,17000,13712,1.1745,2.09,0.08612,[.00
A2C_25000_bzip2__instcount_plainmodel,17000,13700,1.1754,2.09,0.082227,[.00
A2C_25000_bzip2__instcount_plainmodel,17000,13771,1.1698,2.08,0.079322,[.00
A2C_25000_bzip2__instcount_plainmodel,17000,13738,1.1724,2.09,0.081314,[.00
A2C_25000_bzip2__instcount_plainmodel,17000,13760,1.1707,2.08,0.083574,[.00
A2C_25000_bzip2__instcount_plainmodel,17000,13712,1.1745,2.09,0.083011,[.00
A2C_25000_bzip2__instcount_plainmodel,17000,13729,1.1731,2.09,0.079732,[.00
A2C_25000_bzip2__instcount_plainmodel,18000,13791,1.1683,2.08,0.085241,[.00
A2C_25000_bzip2__instcount_plainmodel,18000,13890,1.1605,2.06,0.085123,[.00
A2C_25000_bzip2__instcount_plainmodel,18000,13764,1.1704,2.08,0.084419,[.00
A2C_25000_bzip2__instcount_plainmodel,18000,13710,1.1746,2.09,0.079431,[.00
A2C_25000_bzip2__instcount_plainmodel,18000,13695,1.1758,2.09,0.079893,[.00
A2C_25000_bzip2__instcount_plainmodel,18000,13677,1.1772,2.10,0.080956,[.00
A2C_25000_bzip2__instcount_plainmodel,18000,13689,1.1763,2.10,0.082253,[.00
A2C_25000_bzip2__instcount_plainmodel,18000,13805,1.1672,2.08,0.08426,[.00
A2C_25000_bzip2__instcount_plainmodel,18000,13735,1.1727,2.09,0.080144,[.00
A2C_25000_bzip2__instcount_plainmodel,18000,13735,1.1727,2.09,0.088458,[.00
A2C_25000_bzip2__instcount_plainmodel,18000,13739,1.1723,2.09,0.081517,[.00
A2C_25000_bzip2__instcount_plainmodel,18000,13737,1.1725,2.09,0.08404,[.00
A2C_25000_bzip2__instcount_plainmodel,18000,13735,1.1727,2.09,0.083421,[.00
A2C_25000_bzip2__instcount_plainmodel,18000,13731,1.1730,2.09,0.079825,[.00
A2C_25000_bzip2__instcount_plainmodel,18000,13764,1.1704,2.08,0.078798,[.00
A2C_25000_bzip2__instcount_plainmodel,18000,13721,1.1738,2.09,0.082921,[.00
A2C_25000_bzip2__instcount_plainmodel,18000,13738,1.1724,2.09,0.083213,[.00
A2C_25000_bzip2__instcount_plainmodel,18000,13781,1.1691,2.08,0.080017,[.00
A2C_25000_bzip2__instcount_plainmodel,18000,13792,1.1682,2.08,0.083725,[.00
A2C_25000_bzip2__instcount_plainmodel,18000,13714,1.1743,2.09,0.0785,[.00
A2C_25000_bzip2__instcount_plainmodel,18000,13730,1.1730,2.09,0.08357,[.00
A2C_25000_bzip2__instcount_plainmodel,18000,13736,1.1726,2.09,0.079846,[.00
A2C_25000_bzip2__instcount_plainmodel,18000,13702,1.1752,2.09,0.082049,[.00
A2C_25000_bzip2__instcount_plainmodel,18000,14304,1.1282,2.00,0.079806,[.00
A2C_25000_bzip2__instcount_plainmodel,18000,13742,1.1721,2.09,0.080364,[.00
A2C_25000_bzip2__instcount_plainmodel,18000,14323,1.1267,2.00,0.084228,[.00
A2C_25000_bzip2__instcount_plainmodel,18000,13741,1.1722,2.09,0.078767,[.00
A2C_25000_bzip2__instcount_plainmodel,18000,14327,1.1264,2.00,0.084451,[.00
A2C_25000_bzip2__instcount_plainmodel,18000,13804,1.1673,2.08,0.083748,[.00
A2C_25000_bzip2__instcount_plainmodel,18000,13710,1.1746,2.09,0.085606,[.00
A2C_25000_bzip2__instcount_plainmodel,18000,13733,1.1728,2.09,0.08939,[.00
A2C_25000_bzip2__instcount_plainmodel,18000,13876,1.1616,2.07,0.082578,[.00
A2C_25000_bzip2__instcount_plainmodel,18000,13684,1.1766,2.10,0.080747,[.00
A2C_25000_bzip2__instcount_plainmodel,18000,14304,1.1282,2.00,0.079649,[.00
A2C_25000_bzip2__instcount_plainmodel,18000,13767,1.1702,2.08,0.08337,[.00
A2C_25000_bzip2__instcount_plainmodel,18000,14304,1.1282,2.00,0.080912,[.00
A2C_25000_bzip2__instcount_plainmodel,18000,13777,1.1694,2.08,0.082829,[.00
A2C_25000_bzip2__instcount_plainmodel,18000,14325,1.1266,2.00,0.080621,[.00
A2C_25000_bzip2__instcount_plainmodel,18000,13754,1.1712,2.09,0.081946,[.00
A2C_25000_bzip2__instcount_plainmodel,18000,13762,1.1705,2.08,0.080424,[.00
A2C_25000_bzip2__instcount_plainmodel,18000,14331,1.1261,2.00,0.082482,[.00
A2C_25000_bzip2__instcount_plainmodel,18000,13731,1.1730,2.09,0.08005,[.00
A2C_25000_bzip2__instcount_plainmodel,18000,13728,1.1732,2.09,0.079044,[.00
A2C_25000_bzip2__instcount_plainmodel,18000,13711,1.1745,2.09,0.084592,[.00
A2C_25000_bzip2__instcount_plainmodel,18000,13736,1.1726,2.09,0.08222,[.00
A2C_25000_bzip2__instcount_plainmodel,18000,13727,1.1733,2.09,0.079618,[.00
A2C_25000_bzip2__instcount_plainmodel,18000,13736,1.1726,2.09,0.07959,[.00
A2C_25000_bzip2__instcount_plainmodel,18000,13719,1.1739,2.09,0.083093,[.00
A2C_25000_bzip2__instcount_plainmodel,18000,13736,1.1726,2.09,0.080603,[.00
A2C_25000_bzip2__instcount_plainmodel,18000,13732,1.1729,2.09,0.078957,[.00
A2C_25000_bzip2__instcount_plainmodel,18000,13738,1.1724,2.09,0.083446,[.00
A2C_25000_bzip2__instcount_plainmodel,18000,13768,1.1701,2.08,0.081018,[.00
A2C_25000_bzip2__instcount_plainmodel,18000,13739,1.1723,2.09,0.079437,[.00
A2C_25000_bzip2__instcount_plainmodel,18000,13740,1.1723,2.09,0.081201,[.00
A2C_25000_bzip2__instcount_plainmodel,18000,16364,0.9673,1.75,0.04727,[.00
A2C_25000_bzip2__instcount_plainmodel,18000,13747,1.1717,2.09,0.088226,[.00
A2C_25000_bzip2__instcount_plainmodel,18000,13736,1.1726,2.09,0.078845,[.00
A2C_25000_bzip2__instcount_plainmodel,18000,13710,1.1746,2.09,0.081551,[.00
A2C_25000_bzip2__instcount_plainmodel,18000,13687,1.1764,2.10,0.09132,[.00
A2C_25000_bzip2__instcount_plainmodel,18000,13777,1.1694,2.08,0.083008,[.00
A2C_25000_bzip2__instcount_plainmodel,18000,13706,1.1749,2.09,0.079846,[.00
A2C_25000_bzip2__instcount_plainmodel,18000,13849,1.1638,2.07,0.086944,[.00
A2C_25000_bzip2__instcount_plainmodel,18000,14323,1.1267,2.00,0.079799,[.00
A2C_25000_bzip2__instcount_plainmodel,18000,13753,1.1713,2.09,0.083425,[.00
A2C_25000_bzip2__instcount_plainmodel,18000,13703,1.1752,2.09,0.077986,[.00
A2C_25000_bzip2__instcount_plainmodel,18000,13739,1.1723,2.09,0.079744,[.00
A2C_25000_bzip2__instcount_plainmodel,18000,13783,1.1689,2.08,0.078537,[.00
A2C_25000_bzip2__instcount_plainmodel,18000,13685,1.1766,2.10,0.079892,[.00
A2C_25000_bzip2__instcount_plainmodel,18000,13728,1.1732,2.09,0.083345,[.00
A2C_25000_bzip2__instcount_plainmodel,18000,13793,1.1681,2.08,0.08498,[.00
A2C_25000_bzip2__instcount_plainmodel,18000,13672,1.1776,2.10,0.095912,[.00
A2C_25000_bzip2__instcount_plainmodel,18000,14324,1.1266,2.00,0.085035,[.00
A2C_25000_bzip2__instcount_plainmodel,18000,13707,1.1748,2.09,0.081784,[.00
A2C_25000_bzip2__instcount_plainmodel,18000,13786,1.1687,2.08,0.084719,[.00
A2C_25000_bzip2__instcount_plainmodel,18000,13700,1.1754,2.09,0.085481,[.00
A2C_25000_bzip2__instcount_plainmodel,18000,13744,1.1720,2.09,0.080167,[.00
A2C_25000_bzip2__instcount_plainmodel,18000,13910,1.1590,2.06,0.08585,[.00
A2C_25000_bzip2__instcount_plainmodel,18000,13789,1.1684,2.08,0.078903,[.00
A2C_25000_bzip2__instcount_plainmodel,18000,13734,1.1727,2.09,0.097643,[.00
A2C_25000_bzip2__instcount_plainmodel,18000,14328,1.1263,2.00,0.090708,[.00
A2C_25000_bzip2__instcount_plainmodel,18000,13731,1.1730,2.09,0.083033,[.00
A2C_25000_bzip2__instcount_plainmodel,18000,14678,1.0990,1.95,0.067855,[.00
A2C_25000_bzip2__instcount_plainmodel,18000,13731,1.1730,2.09,0.079602,[.00
A2C_25000_bzip2__instcount_plainmodel,18000,13707,1.1748,2.09,0.081457,[.00
A2C_25000_bzip2__instcount_plainmodel,18000,13731,1.1730,2.09,0.080956,[.00
A2C_25000_bzip2__instcount_plainmodel,18000,13712,1.1745,2.09,0.078399,[.00
A2C_25000_bzip2__instcount_plainmodel,18000,13742,1.1721,2.09,0.083663,[.00
A2C_25000_bzip2__instcount_plainmodel,18000,13785,1.1688,2.08,0.080128,[.00
A2C_25000_bzip2__instcount_plainmodel,18000,13745,1.1719,2.09,0.083462,[.00
A2C_25000_bzip2__instcount_plainmodel,18000,13706,1.1749,2.09,0.084617,[.00
A2C_25000_bzip2__instcount_plainmodel,18000,13774,1.1696,2.08,0.079685,[.00
A2C_25000_bzip2__instcount_plainmodel,18000,14095,1.1445,2.03,0.070361,[.00
A2C_25000_bzip2__instcount_plainmodel,18000,13731,1.1730,2.09,0.081638,[.00
A2C_25000_bzip2__instcount_plainmodel,18000,13707,1.1748,2.09,0.08128,[.00
A2C_25000_bzip2__instcount_plainmodel,18000,14311,1.1277,2.00,0.079814,[.00
A2C_25000_bzip2__instcount_plainmodel,18000,13737,1.1725,2.09,0.078129,[.00
A2C_25000_bzip2__instcount_plainmodel,18000,13707,1.1748,2.09,0.082533,[.00
A2C_25000_bzip2__instcount_plainmodel,18000,13707,1.1748,2.09,0.080639,[.00
A2C_25000_bzip2__instcount_plainmodel,18000,13785,1.1688,2.08,0.082445,[.00
A2C_25000_bzip2__instcount_plainmodel,18000,14328,1.1263,2.00,0.085666,[.00
A2C_25000_bzip2__instcount_plainmodel,19000,13745,1.1719,2.09,0.092267,[.00
A2C_25000_bzip2__instcount_plainmodel,19000,13792,1.1682,2.08,0.082513,[.00
A2C_25000_bzip2__instcount_plainmodel,19000,13738,1.1724,2.09,0.084787,[.00
A2C_25000_bzip2__instcount_plainmodel,19000,13782,1.1690,2.08,0.085163,[.00
A2C_25000_bzip2__instcount_plainmodel,19000,13684,1.1766,2.10,0.084319,[.00
A2C_25000_bzip2__instcount_plainmodel,19000,13754,1.1712,2.09,0.078209,[.00
A2C_25000_bzip2__instcount_plainmodel,19000,13677,1.1772,2.10,0.08056,[.00
A2C_25000_bzip2__instcount_plainmodel,19000,13793,1.1681,2.08,0.080073,[.00
A2C_25000_bzip2__instcount_plainmodel,19000,13738,1.1724,2.09,0.08874,[.00
A2C_25000_bzip2__instcount_plainmodel,19000,13799,1.1677,2.08,0.083257,[.00
A2C_25000_bzip2__instcount_plainmodel,19000,13698,1.1755,2.09,0.083441,[.00
A2C_25000_bzip2__instcount_plainmodel,19000,13738,1.1724,2.09,0.080575,[.00
A2C_25000_bzip2__instcount_plainmodel,19000,13738,1.1724,2.09,0.084618,[.00
A2C_25000_bzip2__instcount_plainmodel,19000,13865,1.1625,2.07,0.084279,[.00
A2C_25000_bzip2__instcount_plainmodel,19000,13852,1.1635,2.07,0.085146,[.00
A2C_25000_bzip2__instcount_plainmodel,19000,13707,1.1748,2.09,0.078195,[.00
A2C_25000_bzip2__instcount_plainmodel,19000,13860,1.1629,2.07,0.086662,[.00
A2C_25000_bzip2__instcount_plainmodel,19000,13804,1.1673,2.08,0.085591,[.00
A2C_25000_bzip2__instcount_plainmodel,19000,13698,1.1755,2.09,0.079144,[.00
A2C_25000_bzip2__instcount_plainmodel,19000,13804,1.1673,2.08,0.099513,[.00
A2C_25000_bzip2__instcount_plainmodel,19000,13783,1.1689,2.08,0.083165,[.00
A2C_25000_bzip2__instcount_plainmodel,19000,13696,1.1757,2.09,0.08487,[.00
A2C_25000_bzip2__instcount_plainmodel,19000,13851,1.1636,2.07,0.082555,[.00
A2C_25000_bzip2__instcount_plainmodel,19000,13716,1.1741,2.09,0.081985,[.00
A2C_25000_bzip2__instcount_plainmodel,19000,13787,1.1686,2.08,0.086772,[.00
A2C_25000_bzip2__instcount_plainmodel,19000,13699,1.1755,2.09,0.080175,[.00
A2C_25000_bzip2__instcount_plainmodel,19000,13733,1.1728,2.09,0.0791,[.00
A2C_25000_bzip2__instcount_plainmodel,19000,13739,1.1723,2.09,0.087927,[.00
A2C_25000_bzip2__instcount_plainmodel,19000,13796,1.1679,2.08,0.085839,[.00
A2C_25000_bzip2__instcount_plainmodel,19000,13795,1.1680,2.08,0.087484,[.00
A2C_25000_bzip2__instcount_plainmodel,19000,13682,1.1768,2.10,0.089237,[.00
A2C_25000_bzip2__instcount_plainmodel,19000,13710,1.1746,2.09,0.084187,[.00
A2C_25000_bzip2__instcount_plainmodel,19000,13737,1.1725,2.09,0.080994,[.00
A2C_25000_bzip2__instcount_plainmodel,19000,13853,1.1634,2.07,0.0836,[.00
A2C_25000_bzip2__instcount_plainmodel,19000,13739,1.1723,2.09,0.079496,[.00
A2C_25000_bzip2__instcount_plainmodel,19000,13757,1.1709,2.08,0.079474,[.00
A2C_25000_bzip2__instcount_plainmodel,19000,13699,1.1755,2.09,0.079356,[.00
A2C_25000_bzip2__instcount_plainmodel,19000,13782,1.1690,2.08,0.080489,[.00
A2C_25000_bzip2__instcount_plainmodel,19000,13707,1.1748,2.09,0.079536,[.00
A2C_25000_bzip2__instcount_plainmodel,19000,13714,1.1743,2.09,0.081665,[.00
A2C_25000_bzip2__instcount_plainmodel,19000,13779,1.1692,2.08,0.082815,[.00
A2C_25000_bzip2__instcount_plainmodel,19000,13733,1.1728,2.09,0.079432,[.00
A2C_25000_bzip2__instcount_plainmodel,19000,13705,1.1750,2.09,0.079062,[.00
A2C_25000_bzip2__instcount_plainmodel,19000,13745,1.1719,2.09,0.084948,[.00
A2C_25000_bzip2__instcount_plainmodel,19000,13733,1.1728,2.09,0.079105,[.00
A2C_25000_bzip2__instcount_plainmodel,19000,13859,1.1630,2.07,0.085893,[.00
A2C_25000_bzip2__instcount_plainmodel,19000,13716,1.1741,2.09,0.078612,[.00
A2C_25000_bzip2__instcount_plainmodel,19000,13708,1.1748,2.09,0.093664,[.00
A2C_25000_bzip2__instcount_plainmodel,19000,13700,1.1754,2.09,0.079234,[.00
A2C_25000_bzip2__instcount_plainmodel,19000,13736,1.1726,2.09,0.082726,[.00
A2C_25000_bzip2__instcount_plainmodel,19000,13784,1.1688,2.08,0.079716,[.00
A2C_25000_bzip2__instcount_plainmodel,19000,13808,1.1670,2.08,0.08316,[.00
A2C_25000_bzip2__instcount_plainmodel,19000,13739,1.1723,2.09,0.079081,[.00
A2C_25000_bzip2__instcount_plainmodel,19000,13682,1.1768,2.10,0.082786,[.00
A2C_25000_bzip2__instcount_plainmodel,19000,14215,1.1352,2.02,0.068004,[.00
A2C_25000_bzip2__instcount_plainmodel,19000,13798,1.1677,2.08,0.082903,[.00
A2C_25000_bzip2__instcount_plainmodel,19000,13848,1.1638,2.07,0.085674,[.00
A2C_25000_bzip2__instcount_plainmodel,19000,13707,1.1748,2.09,0.079976,[.00
A2C_25000_bzip2__instcount_plainmodel,19000,13800,1.1676,2.08,0.079161,[.00
A2C_25000_bzip2__instcount_plainmodel,19000,13757,1.1709,2.08,0.081038,[.00
A2C_25000_bzip2__instcount_plainmodel,19000,13831,1.1652,2.07,0.08228,[.00
A2C_25000_bzip2__instcount_plainmodel,19000,13684,1.1766,2.10,0.086918,[.00
A2C_25000_bzip2__instcount_plainmodel,19000,13848,1.1638,2.07,0.0921,[.00
A2C_25000_bzip2__instcount_plainmodel,19000,13854,1.1634,2.07,0.084583,[.00
A2C_25000_bzip2__instcount_plainmodel,19000,13738,1.1724,2.09,0.081147,[.00
A2C_25000_bzip2__instcount_plainmodel,19000,13791,1.1683,2.08,0.099297,[.00
A2C_25000_bzip2__instcount_plainmodel,19000,13745,1.1719,2.09,0.083015,[.00
A2C_25000_bzip2__instcount_plainmodel,19000,13830,1.1652,2.07,0.083923,[.00
A2C_25000_bzip2__instcount_plainmodel,19000,13776,1.1695,2.08,0.082024,[.00
A2C_25000_bzip2__instcount_plainmodel,19000,13739,1.1723,2.09,0.080381,[.00
A2C_25000_bzip2__instcount_plainmodel,19000,13739,1.1723,2.09,0.079458,[.00
A2C_25000_bzip2__instcount_plainmodel,19000,13797,1.1678,2.08,0.079461,[.00
A2C_25000_bzip2__instcount_plainmodel,19000,13853,1.1634,2.07,0.090769,[.00
A2C_25000_bzip2__instcount_plainmodel,19000,13709,1.1747,2.09,0.081022,[.00
A2C_25000_bzip2__instcount_plainmodel,19000,13867,1.1623,2.07,0.084671,[.00
A2C_25000_bzip2__instcount_plainmodel,19000,13700,1.1754,2.09,0.078893,[.00
A2C_25000_bzip2__instcount_plainmodel,19000,13684,1.1766,2.10,0.08553,[.00
A2C_25000_bzip2__instcount_plainmodel,19000,13759,1.1708,2.08,0.082679,[.00
A2C_25000_bzip2__instcount_plainmodel,19000,13748,1.1716,2.09,0.08428,[.00
A2C_25000_bzip2__instcount_plainmodel,19000,13804,1.1673,2.08,0.079387,[.00
A2C_25000_bzip2__instcount_plainmodel,19000,13782,1.1690,2.08,0.081215,[.00
A2C_25000_bzip2__instcount_plainmodel,19000,13755,1.1711,2.09,0.081326,[.00
A2C_25000_bzip2__instcount_plainmodel,19000,13699,1.1755,2.09,0.082888,[.00
A2C_25000_bzip2__instcount_plainmodel,19000,13687,1.1764,2.10,0.083989,[.00
A2C_25000_bzip2__instcount_plainmodel,19000,13707,1.1748,2.09,0.082442,[.00
A2C_25000_bzip2__instcount_plainmodel,19000,13699,1.1755,2.09,0.080949,[.00
A2C_25000_bzip2__instcount_plainmodel,19000,13708,1.1748,2.09,0.079315,[.00
A2C_25000_bzip2__instcount_plainmodel,19000,13728,1.1732,2.09,0.08547,[.00
A2C_25000_bzip2__instcount_plainmodel,19000,13749,1.1716,2.09,0.081605,[.00
A2C_25000_bzip2__instcount_plainmodel,19000,13731,1.1730,2.09,0.081859,[.00
A2C_25000_bzip2__instcount_plainmodel,19000,13776,1.1695,2.08,0.080632,[.00
A2C_25000_bzip2__instcount_plainmodel,19000,13794,1.1680,2.08,0.085862,[.00
A2C_25000_bzip2__instcount_plainmodel,19000,13738,1.1724,2.09,0.082081,[.00
A2C_25000_bzip2__instcount_plainmodel,19000,13723,1.1736,2.09,0.081344,[.00
A2C_25000_bzip2__instcount_plainmodel,19000,13710,1.1746,2.09,0.078531,[.00
A2C_25000_bzip2__instcount_plainmodel,19000,13678,1.1771,2.10,0.08684,[.00
A2C_25000_bzip2__instcount_plainmodel,19000,13740,1.1723,2.09,0.079579,[.00
A2C_25000_bzip2__instcount_plainmodel,19000,13779,1.1692,2.08,0.089978,[.00
A2C_25000_bzip2__instcount_plainmodel,19000,13729,1.1731,2.09,0.083024,[.00
A2C_25000_bzip2__instcount_plainmodel,19000,13848,1.1638,2.07,0.084994,[.00
A2C_25000_bzip2__instcount_plainmodel,20000,13818,1.1662,2.08,0.09053,[.00
A2C_25000_bzip2__instcount_plainmodel,20000,13786,1.1687,2.08,0.086214,[.00
A2C_25000_bzip2__instcount_plainmodel,20000,13732,1.1729,2.09,0.083588,[.00
A2C_25000_bzip2__instcount_plainmodel,20000,13858,1.1630,2.07,0.085775,[.00
A2C_25000_bzip2__instcount_plainmodel,20000,13710,1.1746,2.09,0.083888,[.00
A2C_25000_bzip2__instcount_plainmodel,20000,13794,1.1680,2.08,0.08447,[.00
A2C_25000_bzip2__instcount_plainmodel,20000,13707,1.1748,2.09,0.081769,[.00
A2C_25000_bzip2__instcount_plainmodel,20000,13991,1.1527,2.05,0.084634,[.00
A2C_25000_bzip2__instcount_plainmodel,20000,13780,1.1691,2.08,0.078165,[.00
A2C_25000_bzip2__instcount_plainmodel,20000,13729,1.1731,2.09,0.082145,[.00
A2C_25000_bzip2__instcount_plainmodel,20000,13650,1.1793,2.10,0.080833,[.00
A2C_25000_bzip2__instcount_plainmodel,20000,13699,1.1755,2.09,0.081299,[.00
A2C_25000_bzip2__instcount_plainmodel,20000,13794,1.1680,2.08,0.084185,[.00
A2C_25000_bzip2__instcount_plainmodel,20000,13684,1.1766,2.10,0.079306,[.00
A2C_25000_bzip2__instcount_plainmodel,20000,13732,1.1729,2.09,0.080173,[.00
A2C_25000_bzip2__instcount_plainmodel,20000,13858,1.1630,2.07,0.08582,[.00
A2C_25000_bzip2__instcount_plainmodel,20000,13705,1.1750,2.09,0.082065,[.00
A2C_25000_bzip2__instcount_plainmodel,20000,13741,1.1722,2.09,0.079167,[.00
A2C_25000_bzip2__instcount_plainmodel,20000,13699,1.1755,2.09,0.086326,[.00
A2C_25000_bzip2__instcount_plainmodel,20000,13682,1.1768,2.10,0.090791,[.00
A2C_25000_bzip2__instcount_plainmodel,20000,13731,1.1730,2.09,0.079901,[.00
A2C_25000_bzip2__instcount_plainmodel,20000,13737,1.1725,2.09,0.085919,[.00
A2C_25000_bzip2__instcount_plainmodel,20000,13795,1.1680,2.08,0.086556,[.00
A2C_25000_bzip2__instcount_plainmodel,20000,13796,1.1679,2.08,0.079771,[.00
A2C_25000_bzip2__instcount_plainmodel,20000,13707,1.1748,2.09,0.079803,[.00
A2C_25000_bzip2__instcount_plainmodel,20000,13707,1.1748,2.09,0.080073,[.00
A2C_25000_bzip2__instcount_plainmodel,20000,14024,1.1501,2.04,0.087409,[.00
A2C_25000_bzip2__instcount_plainmodel,20000,13728,1.1732,2.09,0.079533,[.00
A2C_25000_bzip2__instcount_plainmodel,20000,13741,1.1722,2.09,0.080932,[.00
A2C_25000_bzip2__instcount_plainmodel,20000,13689,1.1763,2.10,0.086428,[.00
A2C_25000_bzip2__instcount_plainmodel,20000,14304,1.1282,2.00,0.082164,[.00
A2C_25000_bzip2__instcount_plainmodel,20000,13737,1.1725,2.09,0.085887,[.00
A2C_25000_bzip2__instcount_plainmodel,20000,13942,1.1565,2.06,0.085164,[.00
A2C_25000_bzip2__instcount_plainmodel,20000,13848,1.1638,2.07,0.082894,[.00
A2C_25000_bzip2__instcount_plainmodel,20000,13734,1.1727,2.09,0.086676,[.00
A2C_25000_bzip2__instcount_plainmodel,20000,13732,1.1729,2.09,0.082057,[.00
A2C_25000_bzip2__instcount_plainmodel,20000,13732,1.1729,2.09,0.079945,[.00
A2C_25000_bzip2__instcount_plainmodel,20000,13684,1.1766,2.10,0.082014,[.00
A2C_25000_bzip2__instcount_plainmodel,20000,13767,1.1702,2.08,0.079839,[.00
A2C_25000_bzip2__instcount_plainmodel,20000,13707,1.1748,2.09,0.078877,[.00
A2C_25000_bzip2__instcount_plainmodel,20000,13682,1.1768,2.10,0.079484,[.00
A2C_25000_bzip2__instcount_plainmodel,20000,13687,1.1764,2.10,0.079785,[.00
A2C_25000_bzip2__instcount_plainmodel,20000,13790,1.1684,2.08,0.080967,[.00
A2C_25000_bzip2__instcount_plainmodel,20000,13757,1.1709,2.08,0.084748,[.00
A2C_25000_bzip2__instcount_plainmodel,20000,13706,1.1749,2.09,0.089324,[.00
A2C_25000_bzip2__instcount_plainmodel,20000,13707,1.1748,2.09,0.080042,[.00
A2C_25000_bzip2__instcount_plainmodel,20000,13682,1.1768,2.10,0.079117,[.00
A2C_25000_bzip2__instcount_plainmodel,20000,13740,1.1723,2.09,0.08421,[.00
A2C_25000_bzip2__instcount_plainmodel,20000,13741,1.1722,2.09,0.082123,[.00
A2C_25000_bzip2__instcount_plainmodel,20000,13853,1.1634,2.07,0.085242,[.00
A2C_25000_bzip2__instcount_plainmodel,20000,13729,1.1731,2.09,0.083631,[.00
A2C_25000_bzip2__instcount_plainmodel,20000,13787,1.1686,2.08,0.08321,[.00
A2C_25000_bzip2__instcount_plainmodel,20000,13749,1.1716,2.09,0.081915,[.00
A2C_25000_bzip2__instcount_plainmodel,20000,13849,1.1638,2.07,0.085619,[.00
A2C_25000_bzip2__instcount_plainmodel,20000,13729,1.1731,2.09,0.080253,[.00
A2C_25000_bzip2__instcount_plainmodel,20000,13858,1.1630,2.07,0.088376,[.00
A2C_25000_bzip2__instcount_plainmodel,20000,13734,1.1727,2.09,0.080534,[.00
A2C_25000_bzip2__instcount_plainmodel,20000,13739,1.1723,2.09,0.082739,[.00
A2C_25000_bzip2__instcount_plainmodel,20000,13690,1.1762,2.09,0.080817,[.00
A2C_25000_bzip2__instcount_plainmodel,20000,13685,1.1766,2.10,0.081144,[.00
A2C_25000_bzip2__instcount_plainmodel,20000,13735,1.1727,2.09,0.080944,[.00
A2C_25000_bzip2__instcount_plainmodel,20000,13796,1.1679,2.08,0.081523,[.00
A2C_25000_bzip2__instcount_plainmodel,20000,13783,1.1689,2.08,0.082831,[.00
A2C_25000_bzip2__instcount_plainmodel,20000,13700,1.1754,2.09,0.08772,[.00
A2C_25000_bzip2__instcount_plainmodel,20000,13684,1.1766,2.10,0.081356,[.00
A2C_25000_bzip2__instcount_plainmodel,20000,13682,1.1768,2.10,0.079211,[.00
A2C_25000_bzip2__instcount_plainmodel,20000,13850,1.1637,2.07,0.087238,[.00
A2C_25000_bzip2__instcount_plainmodel,20000,13700,1.1754,2.09,0.083462,[.00
A2C_25000_bzip2__instcount_plainmodel,20000,13701,1.1753,2.09,0.086467,[.00
A2C_25000_bzip2__instcount_plainmodel,20000,13804,1.1673,2.08,0.079886,[.00
A2C_25000_bzip2__instcount_plainmodel,20000,13798,1.1677,2.08,0.082287,[.00
A2C_25000_bzip2__instcount_plainmodel,20000,13734,1.1727,2.09,0.083827,[.00
A2C_25000_bzip2__instcount_plainmodel,20000,13685,1.1766,2.10,0.079566,[.00
A2C_25000_bzip2__instcount_plainmodel,20000,13710,1.1746,2.09,0.082971,[.00
A2C_25000_bzip2__instcount_plainmodel,20000,13844,1.1641,2.07,0.082915,[.00
A2C_25000_bzip2__instcount_plainmodel,20000,13867,1.1623,2.07,0.099612,[.00
A2C_25000_bzip2__instcount_plainmodel,20000,13684,1.1766,2.10,0.086422,[.00
A2C_25000_bzip2__instcount_plainmodel,20000,13700,1.1754,2.09,0.078514,[.00
A2C_25000_bzip2__instcount_plainmodel,20000,13699,1.1755,2.09,0.081114,[.00
A2C_25000_bzip2__instcount_plainmodel,20000,13757,1.1709,2.08,0.080283,[.00
A2C_25000_bzip2__instcount_plainmodel,20000,13732,1.1729,2.09,0.082397,[.00
A2C_25000_bzip2__instcount_plainmodel,20000,13685,1.1766,2.10,0.080209,[.00
A2C_25000_bzip2__instcount_plainmodel,20000,13682,1.1768,2.10,0.081018,[.00
A2C_25000_bzip2__instcount_plainmodel,20000,13805,1.1672,2.08,0.086659,[.00
A2C_25000_bzip2__instcount_plainmodel,20000,13712,1.1745,2.09,0.083434,[.00
A2C_25000_bzip2__instcount_plainmodel,20000,13799,1.1677,2.08,0.086363,[.00
A2C_25000_bzip2__instcount_plainmodel,20000,13707,1.1748,2.09,0.078586,[.00
A2C_25000_bzip2__instcount_plainmodel,20000,13716,1.1741,2.09,0.08173,[.00
A2C_25000_bzip2__instcount_plainmodel,20000,13738,1.1724,2.09,0.083012,[.00
A2C_25000_bzip2__instcount_plainmodel,20000,13790,1.1684,2.08,0.085047,[.00
A2C_25000_bzip2__instcount_plainmodel,20000,13737,1.1725,2.09,0.082021,[.00
A2C_25000_bzip2__instcount_plainmodel,20000,13685,1.1766,2.10,0.08006,[.00
A2C_25000_bzip2__instcount_plainmodel,20000,13684,1.1766,2.10,0.082168,[.00
A2C_25000_bzip2__instcount_plainmodel,20000,13783,1.1689,2.08,0.08464,[.00
A2C_25000_bzip2__instcount_plainmodel,20000,13706,1.1749,2.09,0.080664,[.00
A2C_25000_bzip2__instcount_plainmodel,20000,13682,1.1768,2.10,0.083506,[.00
A2C_25000_bzip2__instcount_plainmodel,20000,13653,1.1791,2.10,0.085943,[.00
A2C_25000_bzip2__instcount_plainmodel,20000,13737,1.1725,2.09,0.081655,[.00
A2C_25000_bzip2__instcount_plainmodel,20000,13699,1.1755,2.09,0.077193,[.00
A2C_25000_bzip2__instcount_plainmodel,20000,13794,1.1680,2.08,0.081253,[.00
A2C_25000_bzip2__instcount_plainmodel,21000,13684,1.1766,2.10,0.087931,[.00
A2C_25000_bzip2__instcount_plainmodel,21000,13791,1.1683,2.08,0.088479,[.00
A2C_25000_bzip2__instcount_plainmodel,21000,13950,1.1559,2.06,0.085589,[.00
A2C_25000_bzip2__instcount_plainmodel,21000,13656,1.1788,2.10,0.079932,[.00
A2C_25000_bzip2__instcount_plainmodel,21000,13707,1.1748,2.09,0.084163,[.00
A2C_25000_bzip2__instcount_plainmodel,21000,14433,1.1181,1.99,0.073434,[.00
A2C_25000_bzip2__instcount_plainmodel,21000,14050,1.1481,2.04,0.070759,[.00
A2C_25000_bzip2__instcount_plainmodel,21000,16367,0.9671,1.75,0.046756,[.00
A2C_25000_bzip2__instcount_plainmodel,21000,13739,1.1723,2.09,0.07979,[.00
A2C_25000_bzip2__instcount_plainmodel,21000,13716,1.1741,2.09,0.079084,[.00
A2C_25000_bzip2__instcount_plainmodel,21000,13884,1.1610,2.07,0.081714,[.00
A2C_25000_bzip2__instcount_plainmodel,21000,13783,1.1689,2.08,0.082278,[.00
A2C_25000_bzip2__instcount_plainmodel,21000,16360,0.9676,1.75,0.044825,[.00
A2C_25000_bzip2__instcount_plainmodel,21000,13797,1.1678,2.08,0.08576,[.00
A2C_25000_bzip2__instcount_plainmodel,21000,13866,1.1624,2.07,0.082301,[.00
A2C_25000_bzip2__instcount_plainmodel,21000,13784,1.1688,2.08,0.080213,[.00
A2C_25000_bzip2__instcount_plainmodel,21000,16330,0.9700,1.76,0.045987,[.00
A2C_25000_bzip2__instcount_plainmodel,21000,16315,0.9711,1.76,0.044719,[.00
A2C_25000_bzip2__instcount_plainmodel,21000,13707,1.1748,2.09,0.079388,[.00
A2C_25000_bzip2__instcount_plainmodel,21000,13852,1.1635,2.07,0.082732,[.00
A2C_25000_bzip2__instcount_plainmodel,21000,16416,0.9632,1.75,0.046058,[.00
A2C_25000_bzip2__instcount_plainmodel,21000,13740,1.1723,2.09,0.081074,[.00
A2C_25000_bzip2__instcount_plainmodel,21000,16364,0.9673,1.75,0.044657,[.00
A2C_25000_bzip2__instcount_plainmodel,21000,16300,0.9723,1.76,0.055884,[.00
A2C_25000_bzip2__instcount_plainmodel,21000,13737,1.1725,2.09,0.104851,[.00
A2C_25000_bzip2__instcount_plainmodel,21000,13771,1.1698,2.08,0.078058,[.00
A2C_25000_bzip2__instcount_plainmodel,21000,13708,1.1748,2.09,0.08931,[.00
A2C_25000_bzip2__instcount_plainmodel,21000,13734,1.1727,2.09,0.083519,[.00
A2C_25000_bzip2__instcount_plainmodel,21000,13733,1.1728,2.09,0.078643,[.00
A2C_25000_bzip2__instcount_plainmodel,21000,13839,1.1645,2.07,0.082394,[.00
A2C_25000_bzip2__instcount_plainmodel,21000,16356,0.9679,1.75,0.044113,[.00
A2C_25000_bzip2__instcount_plainmodel,21000,16323,0.9705,1.76,0.046417,[.00
A2C_25000_bzip2__instcount_plainmodel,21000,13739,1.1723,2.09,0.089535,[.00
A2C_25000_bzip2__instcount_plainmodel,21000,13738,1.1724,2.09,0.080236,[.00
A2C_25000_bzip2__instcount_plainmodel,21000,16356,0.9679,1.75,0.044785,[.00
A2C_25000_bzip2__instcount_plainmodel,21000,13727,1.1733,2.09,0.079941,[.00
A2C_25000_bzip2__instcount_plainmodel,21000,13737,1.1725,2.09,0.079585,[.00
A2C_25000_bzip2__instcount_plainmodel,21000,13738,1.1724,2.09,0.078356,[.00
A2C_25000_bzip2__instcount_plainmodel,21000,16300,0.9723,1.76,0.046036,[.00
A2C_25000_bzip2__instcount_plainmodel,21000,13710,1.1746,2.09,0.079252,[.00
A2C_25000_bzip2__instcount_plainmodel,21000,13682,1.1768,2.10,0.082311,[.00
A2C_25000_bzip2__instcount_plainmodel,21000,13875,1.1617,2.07,0.081872,[.00
A2C_25000_bzip2__instcount_plainmodel,21000,13738,1.1724,2.09,0.080394,[.00
A2C_25000_bzip2__instcount_plainmodel,21000,13880,1.1613,2.07,0.083854,[.00
A2C_25000_bzip2__instcount_plainmodel,21000,13790,1.1684,2.08,0.082024,[.00
A2C_25000_bzip2__instcount_plainmodel,21000,16632,0.9464,1.72,0.046499,[.00
A2C_25000_bzip2__instcount_plainmodel,21000,13727,1.1733,2.09,0.082025,[.00
A2C_25000_bzip2__instcount_plainmodel,21000,13707,1.1748,2.09,0.083007,[.00
A2C_25000_bzip2__instcount_plainmodel,21000,13747,1.1717,2.09,0.08258,[.00
A2C_25000_bzip2__instcount_plainmodel,21000,13853,1.1634,2.07,0.08315,[.00
A2C_25000_bzip2__instcount_plainmodel,21000,13819,1.1661,2.08,0.085601,[.00
A2C_25000_bzip2__instcount_plainmodel,21000,16328,0.9701,1.76,0.04608,[.00
A2C_25000_bzip2__instcount_plainmodel,21000,13798,1.1677,2.08,0.082904,[.00
A2C_25000_bzip2__instcount_plainmodel,21000,13781,1.1691,2.08,0.092359,[.00
A2C_25000_bzip2__instcount_plainmodel,21000,13733,1.1728,2.09,0.082809,[.00
A2C_25000_bzip2__instcount_plainmodel,21000,13804,1.1673,2.08,0.088859,[.00
A2C_25000_bzip2__instcount_plainmodel,21000,13739,1.1723,2.09,0.082626,[.00
A2C_25000_bzip2__instcount_plainmodel,21000,13780,1.1691,2.08,0.083215,[.00
A2C_25000_bzip2__instcount_plainmodel,21000,13733,1.1728,2.09,0.079277,[.00
A2C_25000_bzip2__instcount_plainmodel,21000,13852,1.1635,2.07,0.083571,[.00
A2C_25000_bzip2__instcount_plainmodel,21000,16321,0.9707,1.76,0.048813,[.00
A2C_25000_bzip2__instcount_plainmodel,21000,13734,1.1727,2.09,0.083655,[.00
A2C_25000_bzip2__instcount_plainmodel,21000,13733,1.1728,2.09,0.082028,[.00
A2C_25000_bzip2__instcount_plainmodel,21000,13733,1.1728,2.09,0.083324,[.00
A2C_25000_bzip2__instcount_plainmodel,21000,13891,1.1605,2.06,0.08171,[.00
A2C_25000_bzip2__instcount_plainmodel,21000,13937,1.1569,2.06,0.089145,[.00
A2C_25000_bzip2__instcount_plainmodel,21000,13685,1.1766,2.10,0.080053,[.00
A2C_25000_bzip2__instcount_plainmodel,21000,13746,1.1718,2.09,0.07994,[.00
A2C_25000_bzip2__instcount_plainmodel,21000,13757,1.1709,2.08,0.084793,[.00
A2C_25000_bzip2__instcount_plainmodel,21000,13742,1.1721,2.09,0.085415,[.00
A2C_25000_bzip2__instcount_plainmodel,21000,16635,0.9461,1.72,0.045206,[.00
A2C_25000_bzip2__instcount_plainmodel,21000,16360,0.9676,1.75,0.046159,[.00
A2C_25000_bzip2__instcount_plainmodel,21000,13727,1.1733,2.09,0.079871,[.00
A2C_25000_bzip2__instcount_plainmodel,21000,16359,0.9677,1.75,0.044381,[.00
A2C_25000_bzip2__instcount_plainmodel,21000,14493,1.1134,1.98,0.101304,[.00
A2C_25000_bzip2__instcount_plainmodel,21000,16351,0.9683,1.75,0.051206,[.00
A2C_25000_bzip2__instcount_plainmodel,21000,13735,1.1727,2.09,0.082571,[.00
A2C_25000_bzip2__instcount_plainmodel,21000,13744,1.1720,2.09,0.081502,[.00
A2C_25000_bzip2__instcount_plainmodel,21000,13728,1.1732,2.09,0.080646,[.00
A2C_25000_bzip2__instcount_plainmodel,21000,13787,1.1686,2.08,0.083135,[.00
A2C_25000_bzip2__instcount_plainmodel,21000,16632,0.9464,1.72,0.04762,[.00
A2C_25000_bzip2__instcount_plainmodel,21000,16360,0.9676,1.75,0.044446,[.00
A2C_25000_bzip2__instcount_plainmodel,21000,13780,1.1691,2.08,0.083194,[.00
A2C_25000_bzip2__instcount_plainmodel,21000,13849,1.1638,2.07,0.080653,[.00
A2C_25000_bzip2__instcount_plainmodel,21000,13874,1.1618,2.07,0.082876,[.00
A2C_25000_bzip2__instcount_plainmodel,21000,13700,1.1754,2.09,0.086377,[.00
A2C_25000_bzip2__instcount_plainmodel,21000,13780,1.1691,2.08,0.088713,[.00
A2C_25000_bzip2__instcount_plainmodel,21000,13712,1.1745,2.09,0.079024,[.00
A2C_25000_bzip2__instcount_plainmodel,21000,13828,1.1654,2.07,0.08256,[.00
A2C_25000_bzip2__instcount_plainmodel,21000,13792,1.1682,2.08,0.0852,[.00
A2C_25000_bzip2__instcount_plainmodel,21000,13776,1.1695,2.08,0.078155,[.00
A2C_25000_bzip2__instcount_plainmodel,21000,13796,1.1679,2.08,0.079884,[.00
A2C_25000_bzip2__instcount_plainmodel,21000,13836,1.1648,2.07,0.090556,[.00
A2C_25000_bzip2__instcount_plainmodel,21000,13705,1.1750,2.09,0.082335,[.00
A2C_25000_bzip2__instcount_plainmodel,21000,13737,1.1725,2.09,0.082547,[.00
A2C_25000_bzip2__instcount_plainmodel,21000,13738,1.1724,2.09,0.08228,[.00
A2C_25000_bzip2__instcount_plainmodel,21000,16635,0.9461,1.72,0.046981,[.00
A2C_25000_bzip2__instcount_plainmodel,21000,13784,1.1688,2.08,0.082915,[.00
A2C_25000_bzip2__instcount_plainmodel,21000,14019,1.1505,2.05,0.083737,[.00
A2C_25000_bzip2__instcount_plainmodel,21000,16300,0.9723,1.76,0.045628,[.00
A2C_25000_bzip2__instcount_plainmodel,22000,17556,0.8742,1.63,0.051111,[.00
A2C_25000_bzip2__instcount_plainmodel,22000,14768,1.0920,1.94,0.090099,[.00
A2C_25000_bzip2__instcount_plainmodel,22000,13990,1.1527,2.05,0.089321,[.00
A2C_25000_bzip2__instcount_plainmodel,22000,13918,1.1584,2.06,0.08908,[.00
A2C_25000_bzip2__instcount_plainmodel,22000,17636,0.8679,1.63,0.051226,[.00
A2C_25000_bzip2__instcount_plainmodel,22000,24522,0.3301,1.17,0.047599,[.00
A2C_25000_bzip2__instcount_plainmodel,22000,17542,0.8753,1.63,0.050074,[.00
A2C_25000_bzip2__instcount_plainmodel,22000,16780,0.9348,1.71,0.047288,[.00
A2C_25000_bzip2__instcount_plainmodel,22000,13853,1.1634,2.07,0.083826,[.00
A2C_25000_bzip2__instcount_plainmodel,22000,16758,0.9365,1.71,0.084456,[.00
A2C_25000_bzip2__instcount_plainmodel,22000,13862,1.1627,2.07,0.08912,[.00
A2C_25000_bzip2__instcount_plainmodel,22000,14348,1.1248,2.00,0.085119,[.00
A2C_25000_bzip2__instcount_plainmodel,22000,14761,1.0925,1.94,0.086133,[.00
A2C_25000_bzip2__instcount_plainmodel,22000,16782,0.9346,1.71,0.053571,[.00
A2C_25000_bzip2__instcount_plainmodel,22000,17588,0.8717,1.63,0.047394,[.00
A2C_25000_bzip2__instcount_plainmodel,22000,17558,0.8740,1.63,0.045993,[.00
A2C_25000_bzip2__instcount_plainmodel,22000,16458,0.9600,1.74,0.047882,[.00
A2C_25000_bzip2__instcount_plainmodel,22000,16811,0.9324,1.71,0.047804,[.00
A2C_25000_bzip2__instcount_plainmodel,22000,17588,0.8717,1.63,0.046651,[.00
A2C_25000_bzip2__instcount_plainmodel,22000,16751,0.9371,1.71,0.080886,[.00
A2C_25000_bzip2__instcount_plainmodel,22000,14760,1.0926,1.94,0.092201,[.00
A2C_25000_bzip2__instcount_plainmodel,22000,16751,0.9371,1.71,0.088791,[.00
A2C_25000_bzip2__instcount_plainmodel,22000,13856,1.1632,2.07,0.090652,[.00
A2C_25000_bzip2__instcount_plainmodel,22000,24522,0.3301,1.17,0.054182,[.00
A2C_25000_bzip2__instcount_plainmodel,22000,17600,0.8708,1.63,0.047855,[.00
A2C_25000_bzip2__instcount_plainmodel,22000,14329,1.1263,2.00,0.085212,[.00
A2C_25000_bzip2__instcount_plainmodel,22000,13869,1.1622,2.07,0.084449,[.00
A2C_25000_bzip2__instcount_plainmodel,22000,13846,1.1640,2.07,0.084155,[.00
A2C_25000_bzip2__instcount_plainmodel,22000,14329,1.1263,2.00,0.087127,[.00
A2C_25000_bzip2__instcount_plainmodel,22000,24522,0.3301,1.17,0.046979,[.00
A2C_25000_bzip2__instcount_plainmodel,22000,16752,0.9370,1.71,0.084001,[.00
A2C_25000_bzip2__instcount_plainmodel,22000,24522,0.3301,1.17,0.045976,[.00
A2C_25000_bzip2__instcount_plainmodel,22000,16758,0.9365,1.71,0.084172,[.00
A2C_25000_bzip2__instcount_plainmodel,22000,16381,0.9660,1.75,0.084936,[.00
A2C_25000_bzip2__instcount_plainmodel,22000,13932,1.1573,2.06,0.085074,[.00
A2C_25000_bzip2__instcount_plainmodel,22000,13983,1.1533,2.05,0.092409,[.00
A2C_25000_bzip2__instcount_plainmodel,22000,24474,0.3338,1.17,0.047259,[.00
A2C_25000_bzip2__instcount_plainmodel,22000,16758,0.9365,1.71,0.083341,[.00
A2C_25000_bzip2__instcount_plainmodel,22000,14191,1.1370,2.02,0.067421,[.00
A2C_25000_bzip2__instcount_plainmodel,22000,16780,0.9348,1.71,0.052578,[.00
A2C_25000_bzip2__instcount_plainmodel,22000,17588,0.8717,1.63,0.045782,[.00
A2C_25000_bzip2__instcount_plainmodel,22000,16765,0.9360,1.71,0.085487,[.00
A2C_25000_bzip2__instcount_plainmodel,22000,16780,0.9348,1.71,0.046455,[.00
A2C_25000_bzip2__instcount_plainmodel,22000,17588,0.8717,1.63,0.048128,[.00
A2C_25000_bzip2__instcount_plainmodel,22000,14336,1.1257,2.00,0.092802,[.00
A2C_25000_bzip2__instcount_plainmodel,22000,14760,1.0926,1.94,0.085602,[.00
A2C_25000_bzip2__instcount_plainmodel,22000,24474,0.3338,1.17,0.049645,[.00
A2C_25000_bzip2__instcount_plainmodel,22000,13930,1.1574,2.06,0.085695,[.00
A2C_25000_bzip2__instcount_plainmodel,22000,13997,1.1522,2.05,0.085731,[.00
A2C_25000_bzip2__instcount_plainmodel,22000,16752,0.9370,1.71,0.08884,[.00
A2C_25000_bzip2__instcount_plainmodel,22000,13918,1.1584,2.06,0.081895,[.00
A2C_25000_bzip2__instcount_plainmodel,22000,16711,0.9402,1.72,0.082328,[.00
A2C_25000_bzip2__instcount_plainmodel,22000,17588,0.8717,1.63,0.047363,[.00
A2C_25000_bzip2__instcount_plainmodel,22000,17588,0.8717,1.63,0.044408,[.00
A2C_25000_bzip2__instcount_plainmodel,22000,13911,1.1589,2.06,0.082294,[.00
A2C_25000_bzip2__instcount_plainmodel,22000,14761,1.0925,1.94,0.083027,[.00
A2C_25000_bzip2__instcount_plainmodel,22000,14758,1.0927,1.94,0.087722,[.00
A2C_25000_bzip2__instcount_plainmodel,22000,15169,1.0606,1.89,0.070225,[.00
A2C_25000_bzip2__instcount_plainmodel,22000,14758,1.0927,1.94,0.084863,[.00
A2C_25000_bzip2__instcount_plainmodel,22000,16752,0.9370,1.71,0.081417,[.00
A2C_25000_bzip2__instcount_plainmodel,22000,17542,0.8753,1.63,0.04467,[.00
A2C_25000_bzip2__instcount_plainmodel,22000,16811,0.9324,1.71,0.047538,[.00
A2C_25000_bzip2__instcount_plainmodel,22000,13716,1.1741,2.09,0.082043,[.00
A2C_25000_bzip2__instcount_plainmodel,22000,17604,0.8704,1.63,0.045256,[.00
A2C_25000_bzip2__instcount_plainmodel,22000,14337,1.1256,2.00,0.089563,[.00
A2C_25000_bzip2__instcount_plainmodel,22000,24522,0.3301,1.17,0.049359,[.00
A2C_25000_bzip2__instcount_plainmodel,22000,16736,0.9382,1.71,0.045144,[.00
A2C_25000_bzip2__instcount_plainmodel,22000,16754,0.9368,1.71,0.083154,[.00
A2C_25000_bzip2__instcount_plainmodel,22000,17542,0.8753,1.63,0.047575,[.00
A2C_25000_bzip2__instcount_plainmodel,22000,17452,0.8823,1.64,0.044357,[.00
A2C_25000_bzip2__instcount_plainmodel,22000,13728,1.1732,2.09,0.084259,[.00
A2C_25000_bzip2__instcount_plainmodel,22000,16764,0.9361,1.71,0.081932,[.00
A2C_25000_bzip2__instcount_plainmodel,22000,14803,1.0892,1.94,0.088172,[.00
A2C_25000_bzip2__instcount_plainmodel,22000,16758,0.9365,1.71,0.08169,[.00
A2C_25000_bzip2__instcount_plainmodel,22000,13930,1.1574,2.06,0.088925,[.00
A2C_25000_bzip2__instcount_plainmodel,22000,17542,0.8753,1.63,0.048122,[.00
A2C_25000_bzip2__instcount_plainmodel,22000,13851,1.1636,2.07,0.084976,[.00
A2C_25000_bzip2__instcount_plainmodel,22000,16824,0.9314,1.70,0.090607,[.00
A2C_25000_bzip2__instcount_plainmodel,22000,13983,1.1533,2.05,0.082031,[.00
A2C_25000_bzip2__instcount_plainmodel,22000,16745,0.9375,1.71,0.08454,[.00
A2C_25000_bzip2__instcount_plainmodel,22000,16684,0.9423,1.72,0.046344,[.00
A2C_25000_bzip2__instcount_plainmodel,22000,14767,1.0920,1.94,0.082771,[.00
A2C_25000_bzip2__instcount_plainmodel,22000,13741,1.1722,2.09,0.085357,[.00
A2C_25000_bzip2__instcount_plainmodel,22000,16752,0.9370,1.71,0.083274,[.00
A2C_25000_bzip2__instcount_plainmodel,22000,15032,1.0713,1.91,0.071144,[.00
A2C_25000_bzip2__instcount_plainmodel,22000,24474,0.3338,1.17,0.05301,[.00
A2C_25000_bzip2__instcount_plainmodel,22000,13930,1.1574,2.06,0.085894,[.00
A2C_25000_bzip2__instcount_plainmodel,22000,17542,0.8753,1.63,0.047729,[.00
A2C_25000_bzip2__instcount_plainmodel,22000,16780,0.9348,1.71,0.049089,[.00
A2C_25000_bzip2__instcount_plainmodel,22000,13857,1.1631,2.07,0.08266,[.00
A2C_25000_bzip2__instcount_plainmodel,22000,14329,1.1263,2.00,0.085143,[.00
A2C_25000_bzip2__instcount_plainmodel,22000,13990,1.1527,2.05,0.083773,[.00
A2C_25000_bzip2__instcount_plainmodel,22000,17550,0.8747,1.63,0.046983,[.00
A2C_25000_bzip2__instcount_plainmodel,22000,13800,1.1676,2.08,0.085224,[.00
A2C_25000_bzip2__instcount_plainmodel,22000,16363,0.9674,1.75,0.084751,[.00
A2C_25000_bzip2__instcount_plainmodel,22000,24474,0.3338,1.17,0.05027,[.00
A2C_25000_bzip2__instcount_plainmodel,22000,16751,0.9371,1.71,0.081749,[.00
A2C_25000_bzip2__instcount_plainmodel,22000,16939,0.9224,1.69,0.046373,[.00
A2C_25000_bzip2__instcount_plainmodel,22000,24474,0.3338,1.17,0.048731,[.00
A2C_25000_bzip2__instcount_plainmodel,22000,14604,1.1048,1.96,0.072387,[.00
A2C_25000_bzip2__instcount_plainmodel,23000,13699,1.1755,2.09,0.088653,[.00
A2C_25000_bzip2__instcount_plainmodel,23000,16323,0.9705,1.76,0.044352,[.00
A2C_25000_bzip2__instcount_plainmodel,23000,13863,1.1627,2.07,0.084401,[.00
A2C_25000_bzip2__instcount_plainmodel,23000,13777,1.1694,2.08,0.084709,[.00
A2C_25000_bzip2__instcount_plainmodel,23000,13791,1.1683,2.08,0.092559,[.00
A2C_25000_bzip2__instcount_plainmodel,23000,13747,1.1717,2.09,0.083079,[.00
A2C_25000_bzip2__instcount_plainmodel,23000,13852,1.1635,2.07,0.08462,[.00
A2C_25000_bzip2__instcount_plainmodel,23000,13852,1.1635,2.07,0.08345,[.00
A2C_25000_bzip2__instcount_plainmodel,23000,13745,1.1719,2.09,0.090788,[.00
A2C_25000_bzip2__instcount_plainmodel,23000,13795,1.1680,2.08,0.088077,[.00
A2C_25000_bzip2__instcount_plainmodel,23000,13851,1.1636,2.07,0.082715,[.00
A2C_25000_bzip2__instcount_plainmodel,23000,13754,1.1712,2.09,0.08314,[.00
A2C_25000_bzip2__instcount_plainmodel,23000,13766,1.1702,2.08,0.080014,[.00
A2C_25000_bzip2__instcount_plainmodel,23000,13755,1.1711,2.09,0.080392,[.00
A2C_25000_bzip2__instcount_plainmodel,23000,13798,1.1677,2.08,0.08464,[.00
A2C_25000_bzip2__instcount_plainmodel,23000,16635,0.9461,1.72,0.046687,[.00
A2C_25000_bzip2__instcount_plainmodel,23000,13776,1.1695,2.08,0.085714,[.00
A2C_25000_bzip2__instcount_plainmodel,23000,13791,1.1683,2.08,0.082945,[.00
A2C_25000_bzip2__instcount_plainmodel,23000,16366,0.9671,1.75,0.04697,[.00
A2C_25000_bzip2__instcount_plainmodel,23000,13733,1.1728,2.09,0.08078,[.00
A2C_25000_bzip2__instcount_plainmodel,23000,13804,1.1673,2.08,0.082536,[.00
A2C_25000_bzip2__instcount_plainmodel,23000,13792,1.1682,2.08,0.086849,[.00
A2C_25000_bzip2__instcount_plainmodel,23000,13735,1.1727,2.09,0.079472,[.00
A2C_25000_bzip2__instcount_plainmodel,23000,13787,1.1686,2.08,0.082952,[.00
A2C_25000_bzip2__instcount_plainmodel,23000,13799,1.1677,2.08,0.087764,[.00
A2C_25000_bzip2__instcount_plainmodel,23000,13785,1.1688,2.08,0.078845,[.00
A2C_25000_bzip2__instcount_plainmodel,23000,13830,1.1652,2.07,0.08647,[.00
A2C_25000_bzip2__instcount_plainmodel,23000,16338,0.9693,1.75,0.044618,[.00
A2C_25000_bzip2__instcount_plainmodel,23000,13803,1.1673,2.08,0.088717,[.00
A2C_25000_bzip2__instcount_plainmodel,23000,13714,1.1743,2.09,0.082562,[.00
A2C_25000_bzip2__instcount_plainmodel,23000,13780,1.1691,2.08,0.084385,[.00
A2C_25000_bzip2__instcount_plainmodel,23000,13749,1.1716,2.09,0.078955,[.00
A2C_25000_bzip2__instcount_plainmodel,23000,13739,1.1723,2.09,0.080723,[.00
A2C_25000_bzip2__instcount_plainmodel,23000,13735,1.1727,2.09,0.083215,[.00
A2C_25000_bzip2__instcount_plainmodel,23000,13824,1.1657,2.07,0.082134,[.00
A2C_25000_bzip2__instcount_plainmodel,23000,13857,1.1631,2.07,0.094242,[.00
A2C_25000_bzip2__instcount_plainmodel,23000,13743,1.1720,2.09,0.082643,[.00
A2C_25000_bzip2__instcount_plainmodel,23000,13784,1.1688,2.08,0.096548,[.00
A2C_25000_bzip2__instcount_plainmodel,23000,13866,1.1624,2.07,0.087298,[.00
A2C_25000_bzip2__instcount_plainmodel,23000,13741,1.1722,2.09,0.090431,[.00
A2C_25000_bzip2__instcount_plainmodel,23000,16356,0.9679,1.75,0.043805,[.00
A2C_25000_bzip2__instcount_plainmodel,23000,16371,0.9668,1.75,0.043501,[.00
A2C_25000_bzip2__instcount_plainmodel,23000,13784,1.1688,2.08,0.086156,[.00
A2C_25000_bzip2__instcount_plainmodel,23000,13739,1.1723,2.09,0.081336,[.00
A2C_25000_bzip2__instcount_plainmodel,23000,13784,1.1688,2.08,0.086143,[.00
A2C_25000_bzip2__instcount_plainmodel,23000,16330,0.9700,1.76,0.043894,[.00
A2C_25000_bzip2__instcount_plainmodel,23000,13792,1.1682,2.08,0.082687,[.00
A2C_25000_bzip2__instcount_plainmodel,23000,13782,1.1690,2.08,0.084499,[.00
A2C_25000_bzip2__instcount_plainmodel,23000,13794,1.1680,2.08,0.086402,[.00
A2C_25000_bzip2__instcount_plainmodel,23000,13858,1.1630,2.07,0.082512,[.00
A2C_25000_bzip2__instcount_plainmodel,23000,16684,0.9423,1.72,0.046743,[.00
A2C_25000_bzip2__instcount_plainmodel,23000,16635,0.9461,1.72,0.044802,[.00
A2C_25000_bzip2__instcount_plainmodel,23000,13786,1.1687,2.08,0.083166,[.00
A2C_25000_bzip2__instcount_plainmodel,23000,13707,1.1748,2.09,0.08281,[.00
A2C_25000_bzip2__instcount_plainmodel,23000,13865,1.1625,2.07,0.086525,[.00
A2C_25000_bzip2__instcount_plainmodel,23000,13792,1.1682,2.08,0.08416,[.00
A2C_25000_bzip2__instcount_plainmodel,23000,16709,0.9403,1.72,0.045399,[.00
A2C_25000_bzip2__instcount_plainmodel,23000,13699,1.1755,2.09,0.085997,[.00
A2C_25000_bzip2__instcount_plainmodel,23000,13779,1.1692,2.08,0.084096,[.00
A2C_25000_bzip2__instcount_plainmodel,23000,13804,1.1673,2.08,0.082599,[.00
A2C_25000_bzip2__instcount_plainmodel,23000,13733,1.1728,2.09,0.080669,[.00
A2C_25000_bzip2__instcount_plainmodel,23000,13854,1.1634,2.07,0.081164,[.00
A2C_25000_bzip2__instcount_plainmodel,23000,13737,1.1725,2.09,0.086941,[.00
A2C_25000_bzip2__instcount_plainmodel,23000,13756,1.1710,2.08,0.08257,[.00
A2C_25000_bzip2__instcount_plainmodel,23000,16656,0.9445,1.72,0.045015,[.00
A2C_25000_bzip2__instcount_plainmodel,23000,13858,1.1630,2.07,0.088705,[.00
A2C_25000_bzip2__instcount_plainmodel,23000,13699,1.1755,2.09,0.083337,[.00
A2C_25000_bzip2__instcount_plainmodel,23000,13820,1.1660,2.08,0.084986,[.00
A2C_25000_bzip2__instcount_plainmodel,23000,13795,1.1680,2.08,0.084476,[.00
A2C_25000_bzip2__instcount_plainmodel,23000,13736,1.1726,2.09,0.082645,[.00
A2C_25000_bzip2__instcount_plainmodel,23000,13734,1.1727,2.09,0.079025,[.00
A2C_25000_bzip2__instcount_plainmodel,23000,13788,1.1685,2.08,0.082649,[.00
A2C_25000_bzip2__instcount_plainmodel,23000,13756,1.1710,2.08,0.080202,[.00
A2C_25000_bzip2__instcount_plainmodel,23000,13867,1.1623,2.07,0.082279,[.00
A2C_25000_bzip2__instcount_plainmodel,23000,13738,1.1724,2.09,0.078327,[.00
A2C_25000_bzip2__instcount_plainmodel,23000,16323,0.9705,1.76,0.046017,[.00
A2C_25000_bzip2__instcount_plainmodel,23000,13796,1.1679,2.08,0.085514,[.00
A2C_25000_bzip2__instcount_plainmodel,23000,13854,1.1634,2.07,0.086486,[.00
A2C_25000_bzip2__instcount_plainmodel,23000,13699,1.1755,2.09,0.08454,[.00
A2C_25000_bzip2__instcount_plainmodel,23000,13787,1.1686,2.08,0.085522,[.00
A2C_25000_bzip2__instcount_plainmodel,23000,13799,1.1677,2.08,0.083246,[.00
A2C_25000_bzip2__instcount_plainmodel,23000,13740,1.1723,2.09,0.081391,[.00
A2C_25000_bzip2__instcount_plainmodel,23000,13793,1.1681,2.08,0.085148,[.00
A2C_25000_bzip2__instcount_plainmodel,23000,13707,1.1748,2.09,0.085977,[.00
A2C_25000_bzip2__instcount_plainmodel,23000,13822,1.1659,2.07,0.093896,[.00
A2C_25000_bzip2__instcount_plainmodel,23000,13796,1.1679,2.08,0.082666,[.00
A2C_25000_bzip2__instcount_plainmodel,23000,14093,1.1447,2.03,0.071992,[.00
A2C_25000_bzip2__instcount_plainmodel,23000,13786,1.1687,2.08,0.085181,[.00
A2C_25000_bzip2__instcount_plainmodel,23000,14489,1.1138,1.98,0.072867,[.00
A2C_25000_bzip2__instcount_plainmodel,23000,13730,1.1730,2.09,0.083568,[.00
A2C_25000_bzip2__instcount_plainmodel,23000,14477,1.1147,1.98,0.069895,[.00
A2C_25000_bzip2__instcount_plainmodel,23000,13700,1.1754,2.09,0.07781,[.00
A2C_25000_bzip2__instcount_plainmodel,23000,16363,0.9674,1.75,0.050343,[.00
A2C_25000_bzip2__instcount_plainmodel,23000,16684,0.9423,1.72,0.046723,[.00
A2C_25000_bzip2__instcount_plainmodel,23000,16656,0.9445,1.72,0.047913,[.00
A2C_25000_bzip2__instcount_plainmodel,23000,16347,0.9686,1.75,0.045448,[.00
A2C_25000_bzip2__instcount_plainmodel,23000,13848,1.1638,2.07,0.085797,[.00
A2C_25000_bzip2__instcount_plainmodel,23000,16635,0.9461,1.72,0.047395,[.00
A2C_25000_bzip2__instcount_plainmodel,23000,16632,0.9464,1.72,0.046414,[.00
A2C_25000_bzip2__instcount_plainmodel,23000,13787,1.1686,2.08,0.081418,[.00
A2C_25000_bzip2__instcount_plainmodel,24000,13789,1.1684,2.08,0.087076,[.00
A2C_25000_bzip2__instcount_plainmodel,24000,13723,1.1736,2.09,0.083204,[.00
A2C_25000_bzip2__instcount_plainmodel,24000,13699,1.1755,2.09,0.077874,[.00
A2C_25000_bzip2__instcount_plainmodel,24000,13710,1.1746,2.09,0.083298,[.00
A2C_25000_bzip2__instcount_plainmodel,24000,13763,1.1705,2.08,0.080036,[.00
A2C_25000_bzip2__instcount_plainmodel,24000,13821,1.1659,2.08,0.087828,[.00
A2C_25000_bzip2__instcount_plainmodel,24000,13792,1.1682,2.08,0.085264,[.00
A2C_25000_bzip2__instcount_plainmodel,24000,14065,1.1469,2.04,0.067049,[.00
A2C_25000_bzip2__instcount_plainmodel,24000,13708,1.1748,2.09,0.080831,[.00
A2C_25000_bzip2__instcount_plainmodel,24000,13719,1.1739,2.09,0.078873,[.00
A2C_25000_bzip2__instcount_plainmodel,24000,13717,1.1741,2.09,0.087574,[.00
A2C_25000_bzip2__instcount_plainmodel,24000,13733,1.1728,2.09,0.082575,[.00
A2C_25000_bzip2__instcount_plainmodel,24000,13822,1.1659,2.07,0.08207,[.00
A2C_25000_bzip2__instcount_plainmodel,24000,13781,1.1691,2.08,0.079908,[.00
A2C_25000_bzip2__instcount_plainmodel,24000,13738,1.1724,2.09,0.079199,[.00
A2C_25000_bzip2__instcount_plainmodel,24000,13734,1.1727,2.09,0.082985,[.00
A2C_25000_bzip2__instcount_plainmodel,24000,13687,1.1764,2.10,0.0849,[.00
A2C_25000_bzip2__instcount_plainmodel,24000,13722,1.1737,2.09,0.080225,[.00
A2C_25000_bzip2__instcount_plainmodel,24000,13795,1.1680,2.08,0.083899,[.00
A2C_25000_bzip2__instcount_plainmodel,24000,13782,1.1690,2.08,0.083332,[.00
A2C_25000_bzip2__instcount_plainmodel,24000,13734,1.1727,2.09,0.080088,[.00
A2C_25000_bzip2__instcount_plainmodel,24000,13708,1.1748,2.09,0.087857,[.00
A2C_25000_bzip2__instcount_plainmodel,24000,13699,1.1755,2.09,0.081079,[.00
A2C_25000_bzip2__instcount_plainmodel,24000,13734,1.1727,2.09,0.082828,[.00
A2C_25000_bzip2__instcount_plainmodel,24000,13734,1.1727,2.09,0.079404,[.00
A2C_25000_bzip2__instcount_plainmodel,24000,13714,1.1743,2.09,0.083494,[.00
A2C_25000_bzip2__instcount_plainmodel,24000,13786,1.1687,2.08,0.079784,[.00
A2C_25000_bzip2__instcount_plainmodel,24000,13699,1.1755,2.09,0.081346,[.00
A2C_25000_bzip2__instcount_plainmodel,24000,13707,1.1748,2.09,0.083913,[.00
A2C_25000_bzip2__instcount_plainmodel,24000,13809,1.1669,2.08,0.081021,[.00
A2C_25000_bzip2__instcount_plainmodel,24000,13776,1.1695,2.08,0.089379,[.00
A2C_25000_bzip2__instcount_plainmodel,24000,13788,1.1685,2.08,0.091688,[.00
A2C_25000_bzip2__instcount_plainmodel,24000,13802,1.1674,2.08,0.086594,[.00
A2C_25000_bzip2__instcount_plainmodel,24000,13698,1.1755,2.09,0.083436,[.00
A2C_25000_bzip2__instcount_plainmodel,24000,13738,1.1724,2.09,0.083603,[.00
A2C_25000_bzip2__instcount_plainmodel,24000,13733,1.1728,2.09,0.081331,[.00
A2C_25000_bzip2__instcount_plainmodel,24000,13728,1.1732,2.09,0.085278,[.00
A2C_25000_bzip2__instcount_plainmodel,24000,13777,1.1694,2.08,0.08155,[.00
A2C_25000_bzip2__instcount_plainmodel,24000,13786,1.1687,2.08,0.082197,[.00
A2C_25000_bzip2__instcount_plainmodel,24000,13685,1.1766,2.10,0.084626,[.00
A2C_25000_bzip2__instcount_plainmodel,24000,13783,1.1689,2.08,0.083236,[.00
A2C_25000_bzip2__instcount_plainmodel,24000,13782,1.1690,2.08,0.087627,[.00
A2C_25000_bzip2__instcount_plainmodel,24000,13707,1.1748,2.09,0.093601,[.00
A2C_25000_bzip2__instcount_plainmodel,24000,13760,1.1707,2.08,0.088334,[.00
A2C_25000_bzip2__instcount_plainmodel,24000,13760,1.1707,2.08,0.084325,[.00
A2C_25000_bzip2__instcount_plainmodel,24000,13707,1.1748,2.09,0.081117,[.00
A2C_25000_bzip2__instcount_plainmodel,24000,13705,1.1750,2.09,0.079993,[.00
A2C_25000_bzip2__instcount_plainmodel,24000,14030,1.1496,2.04,0.071393,[.00
A2C_25000_bzip2__instcount_plainmodel,24000,13773,1.1697,2.08,0.078464,[.00
A2C_25000_bzip2__instcount_plainmodel,24000,13799,1.1677,2.08,0.083511,[.00
A2C_25000_bzip2__instcount_plainmodel,24000,13753,1.1713,2.09,0.081524,[.00
A2C_25000_bzip2__instcount_plainmodel,24000,13731,1.1730,2.09,0.077999,[.00
A2C_25000_bzip2__instcount_plainmodel,24000,13737,1.1725,2.09,0.080932,[.00
A2C_25000_bzip2__instcount_plainmodel,24000,13764,1.1704,2.08,0.090828,[.00
A2C_25000_bzip2__instcount_plainmodel,24000,13723,1.1736,2.09,0.084133,[.00
A2C_25000_bzip2__instcount_plainmodel,24000,13787,1.1686,2.08,0.08127,[.00
A2C_25000_bzip2__instcount_plainmodel,24000,13850,1.1637,2.07,0.083402,[.00
A2C_25000_bzip2__instcount_plainmodel,24000,13735,1.1727,2.09,0.082084,[.00
A2C_25000_bzip2__instcount_plainmodel,24000,13849,1.1638,2.07,0.08298,[.00
A2C_25000_bzip2__instcount_plainmodel,24000,13778,1.1693,2.08,0.082258,[.00
A2C_25000_bzip2__instcount_plainmodel,24000,13690,1.1762,2.09,0.081899,[.00
A2C_25000_bzip2__instcount_plainmodel,24000,13738,1.1724,2.09,0.09303,[.00
A2C_25000_bzip2__instcount_plainmodel,24000,13999,1.1520,2.05,0.083277,[.00
A2C_25000_bzip2__instcount_plainmodel,24000,13851,1.1636,2.07,0.090661,[.00
A2C_25000_bzip2__instcount_plainmodel,24000,13706,1.1749,2.09,0.085343,[.00
A2C_25000_bzip2__instcount_plainmodel,24000,13804,1.1673,2.08,0.088369,[.00
A2C_25000_bzip2__instcount_plainmodel,24000,13707,1.1748,2.09,0.078063,[.00
A2C_25000_bzip2__instcount_plainmodel,24000,13735,1.1727,2.09,0.083438,[.00
A2C_25000_bzip2__instcount_plainmodel,24000,13785,1.1688,2.08,0.086232,[.00
A2C_25000_bzip2__instcount_plainmodel,24000,13705,1.1750,2.09,0.079836,[.00
A2C_25000_bzip2__instcount_plainmodel,24000,13722,1.1737,2.09,0.084007,[.00
A2C_25000_bzip2__instcount_plainmodel,24000,13790,1.1684,2.08,0.087438,[.00
A2C_25000_bzip2__instcount_plainmodel,24000,13662,1.1784,2.10,0.081739,[.00
A2C_25000_bzip2__instcount_plainmodel,24000,13677,1.1772,2.10,0.078726,[.00
A2C_25000_bzip2__instcount_plainmodel,24000,13848,1.1638,2.07,0.089118,[.00
A2C_25000_bzip2__instcount_plainmodel,24000,13752,1.1713,2.09,0.079791,[.00
A2C_25000_bzip2__instcount_plainmodel,24000,13739,1.1723,2.09,0.079465,[.00
A2C_25000_bzip2__instcount_plainmodel,24000,13858,1.1630,2.07,0.084159,[.00
A2C_25000_bzip2__instcount_plainmodel,24000,14011,1.1511,2.05,0.081495,[.00
A2C_25000_bzip2__instcount_plainmodel,24000,13748,1.1716,2.09,0.080813,[.00
A2C_25000_bzip2__instcount_plainmodel,24000,13687,1.1764,2.10,0.078873,[.00
A2C_25000_bzip2__instcount_plainmodel,24000,13684,1.1766,2.10,0.082287,[.00
A2C_25000_bzip2__instcount_plainmodel,24000,13741,1.1722,2.09,0.082899,[.00
A2C_25000_bzip2__instcount_plainmodel,24000,13757,1.1709,2.08,0.081546,[.00
A2C_25000_bzip2__instcount_plainmodel,24000,13769,1.1700,2.08,0.080509,[.00
A2C_25000_bzip2__instcount_plainmodel,24000,13732,1.1729,2.09,0.078724,[.00
A2C_25000_bzip2__instcount_plainmodel,24000,13791,1.1683,2.08,0.082143,[.00
A2C_25000_bzip2__instcount_plainmodel,24000,15156,1.0617,1.89,0.080791,[.00
A2C_25000_bzip2__instcount_plainmodel,24000,14155,1.1399,2.03,0.072033,[.00
A2C_25000_bzip2__instcount_plainmodel,24000,13707,1.1748,2.09,0.081163,[.00
A2C_25000_bzip2__instcount_plainmodel,24000,13681,1.1769,2.10,0.081596,[.00
A2C_25000_bzip2__instcount_plainmodel,24000,13704,1.1751,2.09,0.080031,[.00
A2C_25000_bzip2__instcount_plainmodel,24000,13812,1.1666,2.08,0.083954,[.00
A2C_25000_bzip2__instcount_plainmodel,24000,13796,1.1679,2.08,0.084854,[.00
A2C_25000_bzip2__instcount_plainmodel,24000,13700,1.1754,2.09,0.081606,[.00
A2C_25000_bzip2__instcount_plainmodel,24000,13800,1.1676,2.08,0.088079,[.00
A2C_25000_bzip2__instcount_plainmodel,24000,13852,1.1635,2.07,0.084412,[.00
A2C_25000_bzip2__instcount_plainmodel,24000,13709,1.1747,2.09,0.09547,[.00
A2C_25000_bzip2__instcount_plainmodel,24000,13872,1.1620,2.07,0.083754,[.00
A2C_25000_bzip2__instcount_plainmodel,24000,13793,1.1681,2.08,0.083436,[.00
A2C_25000_bzip2__instcount_plainmodel,25000,13781,1.1691,2.08,0.086488,[.00
A2C_25000_bzip2__instcount_plainmodel,25000,14323,1.1267,2.00,0.081975,[.00
A2C_25000_bzip2__instcount_plainmodel,25000,13750,1.1715,2.09,0.082773,[.00
A2C_25000_bzip2__instcount_plainmodel,25000,13727,1.1733,2.09,0.078849,[.00
A2C_25000_bzip2__instcount_plainmodel,25000,13779,1.1692,2.08,0.081295,[.00
A2C_25000_bzip2__instcount_plainmodel,25000,13837,1.1647,2.07,0.082966,[.00
A2C_25000_bzip2__instcount_plainmodel,25000,13889,1.1606,2.06,0.07935,[.00
A2C_25000_bzip2__instcount_plainmodel,25000,13722,1.1737,2.09,0.0838,[.00
A2C_25000_bzip2__instcount_plainmodel,25000,13910,1.1590,2.06,0.083739,[.00
A2C_25000_bzip2__instcount_plainmodel,25000,13733,1.1728,2.09,0.078902,[.00
A2C_25000_bzip2__instcount_plainmodel,25000,13890,1.1605,2.06,0.083266,[.00
A2C_25000_bzip2__instcount_plainmodel,25000,13795,1.1680,2.08,0.085212,[.00
A2C_25000_bzip2__instcount_plainmodel,25000,13792,1.1682,2.08,0.079687,[.00
A2C_25000_bzip2__instcount_plainmodel,25000,14191,1.1370,2.02,0.067797,[.00
A2C_25000_bzip2__instcount_plainmodel,25000,13728,1.1732,2.09,0.08067,[.00
A2C_25000_bzip2__instcount_plainmodel,25000,14324,1.1266,2.00,0.079207,[.00
A2C_25000_bzip2__instcount_plainmodel,25000,16451,0.9605,1.74,0.04604,[.00
A2C_25000_bzip2__instcount_plainmodel,25000,13900,1.1598,2.06,0.079307,[.00
A2C_25000_bzip2__instcount_plainmodel,25000,13822,1.1659,2.07,0.08213,[.00
A2C_25000_bzip2__instcount_plainmodel,25000,13753,1.1713,2.09,0.083764,[.00
A2C_25000_bzip2__instcount_plainmodel,25000,14140,1.1410,2.03,0.071996,[.00
A2C_25000_bzip2__instcount_plainmodel,25000,13794,1.1680,2.08,0.084571,[.00
A2C_25000_bzip2__instcount_plainmodel,25000,13754,1.1712,2.09,0.078903,[.00
A2C_25000_bzip2__instcount_plainmodel,25000,14328,1.1263,2.00,0.081204,[.00
A2C_25000_bzip2__instcount_plainmodel,25000,13794,1.1680,2.08,0.081474,[.00
A2C_25000_bzip2__instcount_plainmodel,25000,13804,1.1673,2.08,0.087234,[.00
A2C_25000_bzip2__instcount_plainmodel,25000,13699,1.1755,2.09,0.080089,[.00
A2C_25000_bzip2__instcount_plainmodel,25000,14276,1.1304,2.01,0.069756,[.00
A2C_25000_bzip2__instcount_plainmodel,25000,13723,1.1736,2.09,0.081466,[.00
A2C_25000_bzip2__instcount_plainmodel,25000,16319,0.9708,1.76,0.044996,[.00
A2C_25000_bzip2__instcount_plainmodel,25000,13699,1.1755,2.09,0.082526,[.00
A2C_25000_bzip2__instcount_plainmodel,25000,13764,1.1704,2.08,0.080563,[.00
A2C_25000_bzip2__instcount_plainmodel,25000,13718,1.1740,2.09,0.081677,[.00
A2C_25000_bzip2__instcount_plainmodel,25000,13774,1.1696,2.08,0.079295,[.00
A2C_25000_bzip2__instcount_plainmodel,25000,13788,1.1685,2.08,0.07864,[.00
A2C_25000_bzip2__instcount_plainmodel,25000,13800,1.1676,2.08,0.08505,[.00
A2C_25000_bzip2__instcount_plainmodel,25000,13797,1.1678,2.08,0.0868,[.00
A2C_25000_bzip2__instcount_plainmodel,25000,14045,1.1484,2.04,0.073488,[.00
A2C_25000_bzip2__instcount_plainmodel,25000,14311,1.1277,2.00,0.084389,[.00
A2C_25000_bzip2__instcount_plainmodel,25000,13705,1.1750,2.09,0.083355,[.00
A2C_25000_bzip2__instcount_plainmodel,25000,13785,1.1688,2.08,0.08454,[.00
A2C_25000_bzip2__instcount_plainmodel,25000,13788,1.1685,2.08,0.082977,[.00
A2C_25000_bzip2__instcount_plainmodel,25000,14326,1.1265,2.00,0.082425,[.00
A2C_25000_bzip2__instcount_plainmodel,25000,13722,1.1737,2.09,0.078777,[.00
A2C_25000_bzip2__instcount_plainmodel,25000,14997,1.0741,1.91,0.070112,[.00
A2C_25000_bzip2__instcount_plainmodel,25000,13787,1.1686,2.08,0.084825,[.00
A2C_25000_bzip2__instcount_plainmodel,25000,13707,1.1748,2.09,0.078861,[.00
A2C_25000_bzip2__instcount_plainmodel,25000,14996,1.0742,1.91,0.072246,[.00
A2C_25000_bzip2__instcount_plainmodel,25000,13750,1.1715,2.09,0.078155,[.00
A2C_25000_bzip2__instcount_plainmodel,25000,14996,1.0742,1.91,0.071172,[.00
A2C_25000_bzip2__instcount_plainmodel,25000,13736,1.1726,2.09,0.080913,[.00
A2C_25000_bzip2__instcount_plainmodel,25000,14338,1.1256,2.00,0.082396,[.00
A2C_25000_bzip2__instcount_plainmodel,25000,15148,1.0623,1.89,0.070333,[.00
A2C_25000_bzip2__instcount_plainmodel,25000,13810,1.1668,2.08,0.081683,[.00
A2C_25000_bzip2__instcount_plainmodel,25000,13730,1.1730,2.09,0.081636,[.00
A2C_25000_bzip2__instcount_plainmodel,25000,15530,1.0324,1.85,0.067909,[.00
A2C_25000_bzip2__instcount_plainmodel,25000,15089,1.0669,1.90,0.076437,[.00
A2C_25000_bzip2__instcount_plainmodel,25000,14187,1.1374,2.02,0.068895,[.00
A2C_25000_bzip2__instcount_plainmodel,25000,13684,1.1766,2.10,0.081102,[.00
A2C_25000_bzip2__instcount_plainmodel,25000,14036,1.1491,2.04,0.070711,[.00
A2C_25000_bzip2__instcount_plainmodel,25000,13736,1.1726,2.09,0.098741,[.00
A2C_25000_bzip2__instcount_plainmodel,25000,13933,1.1572,2.06,0.084079,[.00
A2C_25000_bzip2__instcount_plainmodel,25000,13722,1.1737,2.09,0.082246,[.00
A2C_25000_bzip2__instcount_plainmodel,25000,13900,1.1598,2.06,0.079909,[.00
A2C_25000_bzip2__instcount_plainmodel,25000,13741,1.1722,2.09,0.099757,[.00
A2C_25000_bzip2__instcount_plainmodel,25000,16478,0.9584,1.74,0.046481,[.00
A2C_25000_bzip2__instcount_plainmodel,25000,13793,1.1681,2.08,0.081437,[.00
A2C_25000_bzip2__instcount_plainmodel,25000,13736,1.1726,2.09,0.086499,[.00
A2C_25000_bzip2__instcount_plainmodel,25000,13779,1.1692,2.08,0.079054,[.00
A2C_25000_bzip2__instcount_plainmodel,25000,13741,1.1722,2.09,0.079972,[.00
A2C_25000_bzip2__instcount_plainmodel,25000,13711,1.1745,2.09,0.081807,[.00
A2C_25000_bzip2__instcount_plainmodel,25000,13742,1.1721,2.09,0.080286,[.00
A2C_25000_bzip2__instcount_plainmodel,25000,13731,1.1730,2.09,0.081897,[.00
A2C_25000_bzip2__instcount_plainmodel,25000,13781,1.1691,2.08,0.080918,[.00
A2C_25000_bzip2__instcount_plainmodel,25000,13779,1.1692,2.08,0.085605,[.00
A2C_25000_bzip2__instcount_plainmodel,25000,13911,1.1589,2.06,0.084729,[.00
A2C_25000_bzip2__instcount_plainmodel,25000,13803,1.1673,2.08,0.079642,[.00
A2C_25000_bzip2__instcount_plainmodel,25000,14997,1.0741,1.91,0.068176,[.00
A2C_25000_bzip2__instcount_plainmodel,25000,14997,1.0741,1.91,0.066743,[.00
A2C_25000_bzip2__instcount_plainmodel,25000,13751,1.1714,2.09,0.083792,[.00
A2C_25000_bzip2__instcount_plainmodel,25000,13703,1.1752,2.09,0.079645,[.00
A2C_25000_bzip2__instcount_plainmodel,25000,13803,1.1673,2.08,0.084901,[.00
A2C_25000_bzip2__instcount_plainmodel,25000,13736,1.1726,2.09,0.07911,[.00
A2C_25000_bzip2__instcount_plainmodel,25000,13731,1.1730,2.09,0.079624,[.00
A2C_25000_bzip2__instcount_plainmodel,25000,16689,0.9419,1.72,0.048087,[.00
A2C_25000_bzip2__instcount_plainmodel,25000,13802,1.1674,2.08,0.081615,[.00
A2C_25000_bzip2__instcount_plainmodel,25000,13739,1.1723,2.09,0.079677,[.00
A2C_25000_bzip2__instcount_plainmodel,25000,13890,1.1605,2.06,0.07959,[.00
A2C_25000_bzip2__instcount_plainmodel,25000,14984,1.0751,1.91,0.071328,[.00
A2C_25000_bzip2__instcount_plainmodel,25000,13712,1.1745,2.09,0.079031,[.00
A2C_25000_bzip2__instcount_plainmodel,25000,13739,1.1723,2.09,0.081384,[.00
A2C_25000_bzip2__instcount_plainmodel,25000,13753,1.1713,2.09,0.082732,[.00
A2C_25000_bzip2__instcount_plainmodel,25000,13707,1.1748,2.09,0.079268,[.00
A2C_25000_bzip2__instcount_plainmodel,25000,16496,0.9570,1.74,0.0468,[.00
A2C_25000_bzip2__instcount_plainmodel,25000,14326,1.1265,2.00,0.080905,[.00
A2C_25000_bzip2__instcount_plainmodel,25000,13799,1.1677,2.08,0.084872,[.00
A2C_25000_bzip2__instcount_plainmodel,25000,13753,1.1713,2.09,0.079733,[.00
A2C_25000_bzip2__instcount_plainmodel,25000,14996,1.0742,1.91,0.070473,[.00
A2C_25000_bzip2__instcount_plainmodel,25000,14997,1.0741,1.91,0.070134,[.00
A2C_25000_bzip2__instcount_plainmodel,25000,13791,1.1683,2.08,0.081118,[.00
